rec_id,Year,period_code,period_label,Title,DOI,Link,publisher,doi_prefix,n_affiliation_strings,n_affil_countries,international_collab,case_primary,case_hemisphere,domestic_research,extractive_pattern,n_methods,pbsam_score,D1_method_specification,D2_uncertainty,D3_validation,D4_data_transparency,D5_reproducibility,has_case_geography,abstract_len,methods,method_classes,domains,data_sources,software,spatial_scale,temporal_scale,uncertainty,validation,reproducibility,ethics,affil_iso3,affil_hemisphere,case_iso3,case_supranational,case_evidence,institutions
R00001,2026,P3,2021-2027,A Scalable Bayesian Spatiotemporal Model for Water Level Predictions Using a Nearest Neighbor Gaussian Process Approach,10.1002/env.70107,https://www.scopus.com/pages/publications/105042327840?origin=resultslist,Wiley,10.1002,3,1,0,,,,,2,3,2,1,0,0,0,0,2008,Bayesian hierarchical spatial models|Gaussian processes / NNGP,GEOSTATISTICAL|INFERENTIAL,Disaster risk & hazards,,,,Daily to monthly,Statistical uncertainty reported,,,,IRL,Global North,,,,
R00003,2026,P3,2021-2027,Robust variable selection for spatial point processes observed with noise,10.1016/j.spasta.2026.101005,https://www.scopus.com/pages/publications/105041332421?origin=resultslist,Elsevier,10.1016,5,1,0,,,,,1,3,1,0,1,1,0,0,1358,Quadrat / intensity analysis,CLASSICAL,"Ecology & biodiversity|Energy & infrastructure|Geodesy, remote sensing & earth observation",Remote sensing & earth observation,,,,,Model comparison / selection,,,DEU,Global North,,,,Center for Systems Biology Dresden|Center for Scalable Data Analytics and Artificial Intelligence ScaDS.AI
R00017,2026,P3,2021-2027,"Spatiotemporal forecasting and clustering of vehicle ownership in India: Mapping the future of personal, shared, and freight mobility (2001–2050)",10.1016/j.jtrangeo.2026.104641,https://www.scopus.com/pages/publications/105033482443?origin=resultslist,Elsevier,10.1016,1,1,0,IND,Global South,1,0,2,3,2,0,0,1,0,1,2097,Spatial clustering algorithms|Classical machine learning,INFERENTIAL|LEARNING,Transportation & mobility|Urban studies & planning|Environmental monitoring & pollution|Retail & economic geography,Mobile phone & GPS trajectory data,,Regional / sub-national|National,Daily to monthly|Annual to decadal,,,,,IND,Global South,IND,,disambiguated,
R00035,2026,P3,2021-2027,"Assessment of lake water quality status based on Sentinel-2 images, location information, and machine learning algorithms",10.1007/s10661-026-15237-w,https://www.scopus.com/pages/publications/105034371684?origin=resultslist,Springer Nature (Springer),10.1007,3,1,0,,,,,2,4,2,0,1,1,0,0,1696,Classical machine learning|Explainable AI / interpretable ML,LEARNING,"Public health & epidemiology|Environmental monitoring & pollution|Ecology & biodiversity|Geodesy, remote sensing & earth observation",Remote sensing & earth observation,,,,,Accuracy metrics reported,,,CHN,Global South,,,,College of Geomatics|Shaanxi Union Research Center of University and Enterprise for River and Lake Ecosystems Protection and Restoration
R00060,2026,P3,2021-2027,Digital-driven spatial organization of special forces tourism: A multi-dimensional coupling analysis,10.1016/j.apgeog.2025.103857,https://www.scopus.com/pages/publications/105024122412?origin=resultslist,Elsevier,10.1016,3,3,1,CHN,Global South,0,0,1,3,1,0,0,2,0,1,1827,Spatial clustering algorithms,INFERENTIAL,Transportation & mobility|Urban studies & planning|Tourism & recreation|Social media & digital society,Social-media & geosocial data|POI & commercial geodatabases,,,,,,,,MYS|ITA|GBR,Global North|Global South,CHN,,city_region,School of Architecture|School of Architecture Urban Planning Construction Engineering|The School of Engineering
R00065,2026,P3,2021-2027,Adaptive boosting on linear networks,10.1016/j.spasta.2026.101017,https://www.scopus.com/pages/publications/105043431689?origin=resultslist,Elsevier,10.1016,3,1,0,,,,,1,1,1,0,0,0,0,0,1084,Classical machine learning,LEARNING,Ecology & biodiversity,,,,,,,,,KOR,Global North,,,,
R00076,2025,P3,2021-2027,Distribution characteristics of top SOC in different forest types of Genhe in the Greater Khingan Range of Inner Mongolia,10.1038/s41598-025-88170-6,https://www.scopus.com/pages/publications/85219202024?origin=resultslist,Springer Nature (Nature Portfolio),10.1038,3,1,0,MNG,Global South,0,0,1,1,1,0,0,0,0,1,1325,Kriging and variogram geostatistics,GEOSTATISTICAL,Urban studies & planning|Environmental monitoring & pollution|Ecology & biodiversity,,,,,,,,,CHN,Global South,MNG|CHN,,city_region|country_name,College of Energy and Transportation Engineering|School of Transportation and Logistics Engineering|College of Forestry
R00079,2026,P3,2021-2027,Vector fields as a framework for modelling the mobility of commodities,10.1371/journal.pone.0340109,https://www.scopus.com/pages/publications/105033012221?origin=resultslist,PLOS,10.1371,5,4,1,BRA,Global South,1,0,0,1,0,0,0,1,0,1,2428,,,Public health & epidemiology|Transportation & mobility|Ecology & biodiversity,Mobile phone & GPS trajectory data,,,,,,,Privacy / confidentiality,GBR|BRA|USA|DEU,Global North|Global South,BRA,Global / worldwide,city_region|country_name,Khoury College of Computer Sciences|School of Computer Science and Engineering
R00082,2026,P3,2021-2027,Integrating UAV Deep Learning and Spatial Analysis to Support Sustainable Monitoring of Coastal Plastic Pollution in the Caspian Sea,10.3390/su18073405,https://www.scopus.com/pages/publications/105035602086?origin=resultslist,MDPI,10.3390,6,2,1,,,,,4,3,2,0,0,1,0,0,1721,Kernel density estimation|Ripley's K / second-order PPA|Nearest-neighbour analysis|Deep learning,CLASSICAL|LEARNING,"Transportation & mobility|Environmental monitoring & pollution|Ecology & biodiversity|Geodesy, remote sensing & earth observation",Remote sensing & earth observation,,,,,,,,KAZ|AZE,Global South,,,,School of Mining and Geosciences|Ministry of Science and Education of the Republic of Azerbaijan|School of Agricultural and Food Sciences
R00085,2026,P3,2021-2027,A Comprehensive Evaluation Method for Dam Operation Safety Behavior with Spatiotemporal Coupling of Multiple Monitoring Points,10.3390/app16136712,https://www.scopus.com/pages/publications/105044511923?origin=resultslist,MDPI,10.3390,2,1,0,,,,,1,1,1,0,0,0,0,0,1483,Real-time and streaming spatial analytics,REALTIME,,,,,Sub-daily / real-time,,,,,CHN,Global South,,,,
R00088,2026,P3,2021-2027,Addressing duplicated data in spatial point patterns: A modified minimum contrast approach using K-functions,10.1016/j.spasta.2026.100964,https://www.scopus.com/pages/publications/105030860737?origin=resultslist,Elsevier,10.1016,2,1,0,AFG,Global South,0,1,1,1,1,0,0,0,0,1,1287,Point process models (Poisson/Cox/Hawkes),INFERENTIAL,,,,,,,,,,USA,Global North,AFG,,country_name,
R00091,2026,P3,2021-2027,"A Data-Centric Approach to Water Quality Prediction: Sample Size, Augmentation, and Model Performance with a Focus on Ammonium in a Tropical Wetland",10.3390/w18091043,https://www.scopus.com/pages/publications/105038423259?origin=resultslist,MDPI,10.3390,1,1,0,COL,Global South,1,0,3,4,2,0,1,1,0,1,2187,Kriging and variogram geostatistics|Classical machine learning|Deep learning,GEOSTATISTICAL|LEARNING,Environmental monitoring & pollution|Ecology & biodiversity,Simulated / synthetic data,,,,,Independent / ground-truth validation,,,COL,Global South,COL,,country_name,
R00096,2026,P3,2021-2027,A feature extraction method for distributed optical fiber strain monitoring data of tunnel structures based on an LDSA-TCN,10.1016/j.engstruct.2026.122204,https://www.scopus.com/pages/publications/105034256327?origin=resultslist,Elsevier,10.1016,2,1,0,,,,,2,2,2,0,0,0,0,0,1584,Spatial autocorrelation statistics|Deep learning,INFERENTIAL|LEARNING,,,,,Annual to decadal,,,,,CHN,Global South,,,,School of Transportation Science and Engineering
R00109,2025,P3,2021-2027,Hydraulic conductivity estimation by NMR data in unconsolidated geological materials: insights from SDR model calibrations,10.1016/j.jhydrol.2025.134060,https://www.scopus.com/pages/publications/105013236931?origin=resultslist,Elsevier,10.1016,7,3,1,DEU,Global North,1,0,0,1,0,0,1,0,0,1,1789,,,Environmental monitoring & pollution,,,,,,Monte Carlo / simulation envelope,,,DNK|USA|DEU,Global North,DEU|DNK,,country_name,Research and Development Centre for Post-Mining Areas (FEZB)
R00116,2026,P3,2021-2027,Urban flood information extraction and spatial-temporal analysis of “7.20” Zhengzhou flood risk from social media perspective,10.1007/s11069-026-08027-7,https://www.scopus.com/pages/publications/105031402049?origin=resultslist,Springer Nature (Springer),10.1007,4,1,0,CHN,Global South,1,0,1,2,1,0,0,1,0,1,2133,Deep learning,LEARNING,Urban studies & planning|Disaster risk & hazards|Social media & digital society,Social-media & geosocial data,,,Sub-daily / real-time,,,,,CHN,Global South,CHN,,city_region,School of Civil Engineering and Transportation|Guangdong Engineering Technology Research Center of Safety and Greenization for Water Conservancy Project
R00123,2025,P3,2021-2027,Discovering microscale spatial scenes of crime with accounting for urban environmental heterogeneity,10.1016/j.cities.2025.106393,https://www.scopus.com/pages/publications/105013751396?origin=resultslist,Elsevier,10.1016,5,2,1,USA,Global North,0,0,0,1,0,0,0,1,0,1,1272,,,Crime & security|Urban studies & planning|Energy & infrastructure,POI & commercial geodatabases,,Micro / plot / building|City / metropolitan,,,,,,CHN|GBR,Global North|Global South,USA,,city_region,School of Computer Science|Engineering Research Center of Natural Resource Information Management and Digital Twin Engineering Software|Urban Big Data Centre
R00135,2025,P3,2021-2027,Path planning for large ships in inland waterways considering risk assessment of AIS data,10.1016/j.oceaneng.2025.122792,https://www.scopus.com/pages/publications/105017959381?origin=resultslist,Elsevier,10.1016,3,1,0,,,,,1,1,1,0,0,0,0,1,1213,Spatial clustering algorithms,INFERENTIAL,Transportation & mobility|Urban studies & planning|Disaster risk & hazards,,,,,,,,,CHN,Global South,,Global / worldwide,,College of Automation|College of Shipbuilding Engineering
R00138,2026,P3,2021-2027,Tree Geo-Positioning in Coniferous Forest Plots: A Comparison of Ground Survey and Laser Scanning Methods,10.3390/f17020272,https://www.scopus.com/pages/publications/105031443175?origin=resultslist,MDPI,10.3390,3,1,0,LTU,Global North,1,0,1,4,1,1,0,2,0,1,2108,Spatial autocorrelation statistics,INFERENTIAL,"Ecology & biodiversity|Tourism & recreation|Geodesy, remote sensing & earth observation",Remote sensing & earth observation|LiDAR & 3D point clouds,,,,Positional / geocoding uncertainty,,,,LTU,Global North,LTU,,country_name,Agriculture Academy|Lithuanian Research Centre for Agriculture and Forestry
R00144,2026,P3,2021-2027,A novel maritime traffic complexity model based on ship trajectory prediction,10.1016/j.oceaneng.2026.125519,https://www.scopus.com/pages/publications/105035487595?origin=resultslist,Elsevier,10.1016,5,2,1,,,,,1,2,1,0,0,1,0,1,1849,Explainable AI / interpretable ML,LEARNING,Transportation & mobility,Mobile phone & GPS trajectory data,,Regional / sub-national,,,,,,CHN|GBR,Global North|Global South,,Global / worldwide,,Navigation College
R00146,2026,P3,2021-2027,Leveraging Machine Learning to Explore the Spatial Function Service Value Through Human Perceptual Experience,10.3390/buildings16040862,https://www.scopus.com/pages/publications/105031426934?origin=resultslist,MDPI,10.3390,1,1,0,CHN,Global South,1,0,2,3,2,0,0,1,0,1,1872,Classical machine learning|Explainable AI / interpretable ML,LEARNING,Urban studies & planning|Agriculture & food systems|Retail & economic geography,POI & commercial geodatabases,,,,,,,,CHN,Global South,CHN,Global / worldwide,city_region,School of Architecture and Urban Planning
R00151,2026,P3,2021-2027,Analytical expression for cross-spectrum of ambient-noise surface waves in distributed acoustic sensing with multiple or winding cables,10.1093/gji/ggag071,https://www.scopus.com/pages/publications/105032735119?origin=resultslist,Oxford University Press,10.1093,3,1,0,,,,,1,1,1,0,0,0,0,0,1504,Spatial autocorrelation statistics,INFERENTIAL,Public health & epidemiology|Disaster risk & hazards,,,,,,,,,JPN,Global North,,,,Research Center for Prediction of Earthquakes and Volcanic Eruptions
R00159,2026,P3,2021-2027,Point pattern analysis on spatially aggregated data,10.1007/s10109-026-00489-4,https://www.scopus.com/pages/publications/105030605948?origin=resultslist,Springer Nature (Springer),10.1007,2,1,0,,,,,0,0,0,0,0,0,0,0,995,,,,,,,,,,,Privacy / confidentiality,JPN,Global North,,,,Center for Spatial Information Science
R00160,2026,P3,2021-2027,From Analytical Detection to Spatial Prediction: LC–MS and Machine Learning Approaches for Glyphosate Monitoring in Interconnected Land–Soil–Water Systems,10.3390/land15020303,https://www.scopus.com/pages/publications/105031455487?origin=resultslist,MDPI,10.3390,2,1,0,ITA,Global North,1,0,1,1,1,0,0,0,0,1,2359,Classical machine learning,LEARNING,Transportation & mobility|Urban studies & planning|Environmental monitoring & pollution|Ecology & biodiversity|Agriculture & food systems,,,Regional / sub-national|Continental / global,,,,,,ITA,Global North,ITA,Global / worldwide,country_name,
R00170,2026,P3,2021-2027,Investigating the Heterogeneous Influence of Urban Environmental Characteristics on Street Crimes Through Explainable Machine Learning,10.1111/tgis.70320,https://www.scopus.com/pages/publications/105041817178?origin=resultslist,Wiley,10.1111,2,1,0,,,,,2,3,2,0,0,1,0,0,1314,Classical machine learning|Explainable AI / interpretable ML,LEARNING,Crime & security|Urban studies & planning,POI & commercial geodatabases,,,,,,,,CHN,Global South,,,,School of Computer Science|Engineering Research Center of Natural Resource Information Management and Digital Twin Engineering Software
R00177,2026,P3,2021-2027,High-resolution mapping and analysing urban building carbon emissions in the whole life cycle: The case of Guangzhou,10.1016/j.scs.2026.107641,https://www.scopus.com/pages/publications/105043583586?origin=resultslist,Elsevier,10.1016,2,2,1,CHN,Global South,1,0,0,0,0,0,0,0,0,1,1770,,,Urban studies & planning|Environmental monitoring & pollution|Retail & economic geography|Energy & infrastructure,,,City / metropolitan,,,,,,CHN|ITA,Global North|Global South,CHN,,city_region,School of Architecture and Urban Planning
R00187,2026,P3,2021-2027,Multi-point joint prediction of zone-wise arch dam displacements based on spatial partition and deep ensemble selective regression chain,10.1016/j.engstruct.2026.122173,https://www.scopus.com/pages/publications/105029010927?origin=resultslist,Elsevier,10.1016,3,1,0,,,,,1,1,1,0,0,0,0,0,2089,Deep learning,LEARNING,,,,,Annual to decadal,,,,,CHN,Global South,,,,National Engineering Research Center of Water Resources Efficient Utilization and Engineering Safety
R00199,2026,P3,2021-2027,Spatiotemporal Deformation Monitoring and Failure-Runout Process Prediction of the Xieliupo Landslide,10.1109/JSTARS.2026.3697588,https://www.scopus.com/pages/publications/105040257022?origin=resultslist,IEEE,10.1109,4,2,1,,,,,0,2,0,0,1,1,0,0,1920,,,"Disaster risk & hazards|Geodesy, remote sensing & earth observation",Remote sensing & earth observation,,Regional / sub-national,,,Cross-validation / holdout,,,CHN|NLD,Global North|Global South,,,,Ministry of Emergency Management|China Aero Geophysical Survey and Remote Sensing Center for Land and Resources
R00210,2026,P3,2021-2027,A Mobile signaling data based sigmoid-K-means framework for spatiotemporal activity recognition in urban travel behavior analysis,10.1016/j.jtrangeo.2026.104762,https://www.scopus.com/pages/publications/105044118894?origin=resultslist,Elsevier,10.1016,2,1,0,CHN,Global South,1,0,1,2,1,0,0,1,0,1,2001,Spatial clustering algorithms,INFERENTIAL,Transportation & mobility|Urban studies & planning|Retail & economic geography|Tourism & recreation,POI & commercial geodatabases,,Micro / plot / building|Regional / sub-national,,,,,,CHN,Global South,CHN,,city_region|disambiguated,School of Civil and Transportation Engineering|College of Automation & College of Artificial Intelligence
R00224,2026,P3,2021-2027,Inversion of Soil Arsenic Concentration in Sanlisha’an Mining Area Based on ZY-02E Hyperspectral Satellite Images,10.3390/rs18050822,https://www.scopus.com/pages/publications/105032647958?origin=resultslist,MDPI,10.3390,3,1,0,CHN,Global South,1,0,2,3,2,0,0,1,0,1,3803,Deterministic interpolation|Classical machine learning,GEOSTATISTICAL|LEARNING,"Environmental monitoring & pollution|Ecology & biodiversity|Energy & infrastructure|Geodesy, remote sensing & earth observation",Remote sensing & earth observation,,,,,,,,CHN,Global South,CHN,,city_region,College of Resources
R00225,2025,P3,2021-2027,Radioactive geophysical processing and spatial anomalies analysis based on adaptive weighting fusion and multifractal SVM,10.1038/s41598-025-07676-1,https://www.scopus.com/pages/publications/105009612253?origin=resultslist,Springer Nature (Nature Portfolio),10.1038,3,1,0,,,,,1,1,1,0,0,0,0,0,1230,Classical machine learning,LEARNING,,,,,,,,,,CHN,Global South,,,,School of Geophysics and Measurement-control Technology
R00227,2026,P3,2021-2027,Accounting for Preferential Sampling in Geostatistical Inference,10.1002/env.70081,https://www.scopus.com/pages/publications/105030300405?origin=resultslist,Wiley,10.1002,2,1,0,USA,Global North,1,0,4,2,2,0,0,0,0,1,1139,Point process models (Poisson/Cox/Hawkes)|Bayesian hierarchical spatial models|Kriging and variogram geostatistics|Gaussian processes / NNGP,GEOSTATISTICAL|INFERENTIAL,,,,,Annual to decadal,,,,,USA,Global North,USA,Global / worldwide,country_name,Hunter College
R00229,2026,P3,2021-2027,Microseismic Event Identification and Localization in Vertical Wells Using Distributed Acoustic Sensing,10.3390/app16052234,https://www.scopus.com/pages/publications/105032783428?origin=resultslist,MDPI,10.3390,2,1,0,,,,,1,1,1,0,0,0,0,0,1374,Spatial clustering algorithms,INFERENTIAL,Disaster risk & hazards|Energy & infrastructure,,,,,,,,,CHN,Global South,,,,School of Electrical Engineering and Information
R00234,2026,P3,2021-2027,Scalable hot spot analysis over graph networks using big mobility data,10.1007/s10707-026-00572-4,https://www.scopus.com/pages/publications/105035047354?origin=resultslist,Springer Nature (Springer),10.1007,1,1,0,LVA,Global North,0,0,2,3,2,0,0,1,0,1,1263,Getis-Ord hotspot statistics|Distributed / high-performance geocomputation,INFERENTIAL|REALTIME,Transportation & mobility|Urban studies & planning,Mobile phone & GPS trajectory data,,City / metropolitan,,,,,,GRC,Global North,LVA,,city_region,
R00240,2026,P3,2021-2027,Downscaling the spatial resolution of satellite imagery based on morphometric parameters to estimate the Topographic Wetness Index using GIS tools,10.1038/s41598-026-42557-1,https://www.scopus.com/pages/publications/105033515265?origin=resultslist,Springer Nature (Nature Portfolio),10.1038,7,5,1,,,,,2,5,2,0,1,2,0,1,2525,Kriging and variogram geostatistics|Deep learning,GEOSTATISTICAL|LEARNING,"Geodesy, remote sensing & earth observation",Field survey & in-situ sampling|Remote sensing & earth observation,,Regional / sub-national,,,Accuracy metrics reported,,,PAK|CHN|SVK|JOR|SAU,Global North|Global South,,Global / worldwide,,Bahria School of Engineering and Applied Sciences|Center for Geographical Information System|Applied Science Research Center|School of Business
R00251,2026,P3,2021-2027,Application of UAV photogrammetry technology in identifying discontinuities in slopes in the Pulang copper mine,10.1038/s41598-026-43520-w,https://www.scopus.com/pages/publications/105037652013?origin=resultslist,Springer Nature (Nature Portfolio),10.1038,3,1,0,,,,,1,3,1,0,0,2,0,0,1414,Spatial clustering algorithms,INFERENTIAL,"Transportation & mobility|Geodesy, remote sensing & earth observation",Remote sensing & earth observation|LiDAR & 3D point clouds,,,,,,,,CHN,Global South,,,,School of Geosciences and Info-physics
R00266,2026,P3,2021-2027,MEP3D: Improved clustering-based 3D point cloud method for comprehensive maize ear phenotypic trait extraction,10.1016/j.compag.2025.111235,https://www.scopus.com/pages/publications/105022488840?origin=resultslist,Elsevier,10.1016,2,1,0,,,,,1,3,1,0,1,1,0,0,1848,Spatial clustering algorithms,INFERENTIAL,"Agriculture & food systems|Geodesy, remote sensing & earth observation",LiDAR & 3D point clouds,,,,,Accuracy metrics reported,,,CHN,Global South,,,,College of Biosystems Engineering and Food Science|Ministry of Agriculture and Rural Affairs
R00269,2026,P3,2021-2027,Local summary statistics for spatial point process intensity estimation,10.1016/j.spasta.2026.100986,https://www.scopus.com/pages/publications/105041192838?origin=resultslist,Elsevier,10.1016,3,3,1,,,,,2,2,2,0,0,0,0,0,1428,Quadrat / intensity analysis|Point process models (Poisson/Cox/Hawkes),CLASSICAL|INFERENTIAL,,,,,,,,,,ITA|ESP|SWE,Global North,,,,
R00273,2026,P3,2021-2027,Geological uncertainty assessment for rock tunnelling using spatial stochastic modeling,10.1007/s12145-026-02166-y,https://www.scopus.com/pages/publications/105042239537?origin=resultslist,Springer Nature (Springer),10.1007,3,1,0,CHN,Global South,1,0,1,2,1,1,0,0,0,1,2241,Kriging and variogram geostatistics,GEOSTATISTICAL,,,,,,Statistical uncertainty reported,,,,CHN,Global South,CHN,,disambiguated,College of Civil Engineering and Architecture|College of Environmental Science and Engineering
R00274,2026,P3,2021-2027,"Modelling street crime in Almada, Portugal, using point processes",10.1016/j.spasta.2026.101019,https://www.scopus.com/pages/publications/105044107293?origin=resultslist,Elsevier,10.1016,4,1,0,PRT,Global North,1,0,2,2,2,0,0,0,0,1,1051,Point process models (Poisson/Cox/Hawkes)|Bayesian hierarchical spatial models,INFERENTIAL,Crime & security|Urban studies & planning,,INLA / R-INLA,City / metropolitan,,,,,,PRT,Global North,PRT,,country_name,NOVA School of Science and Technology|Center for Mathematics and Applications (NOVA MATH)|Military Academy Research Center|Polytechnic Institute of Lisbon
R00286,2026,P3,2021-2027,Spatiotemporal Trends and Abrupt Changes in Annual Potential Evapotranspiration and Water Balance over Saudi Arabia,10.3390/w18060725,https://www.scopus.com/pages/publications/105034100121?origin=resultslist,MDPI,10.3390,1,1,0,SAU,Global South,1,0,0,0,0,0,0,0,0,1,2121,,,Urban studies & planning|Energy & infrastructure,,,,Annual to decadal,,,,,SAU,Global South,SAU,,country_name|demonym,College of Engineering
R00295,2026,P3,2021-2027,"The Spatial–Temporal Evolution Analysis of Urban Green Space Exposure Equity: A Case Study of Hangzhou, China",10.3390/su18021131,https://www.scopus.com/pages/publications/105028787262?origin=resultslist,MDPI,10.3390,2,1,0,CHN,Global South,1,0,1,3,1,0,0,2,0,1,2567,Deep learning,LEARNING,"Urban studies & planning|Geodesy, remote sensing & earth observation",Remote sensing & earth observation|Mobile phone & GPS trajectory data,,City / metropolitan,Daily to monthly,,,,,CHN,Global South,CHN,,city_region|disambiguated,College of Horticulture and Gardening|School of Architecture and Urban Planning
R00297,2026,P3,2021-2027,Fine-scale population spatialization with accumulable features from street view imagery and points of interest,10.1016/j.jag.2026.105202,https://www.scopus.com/pages/publications/105030999372?origin=resultslist,Elsevier,10.1016,3,1,0,,,,,1,4,1,0,1,2,0,0,1344,Classical machine learning,LEARNING,Urban studies & planning|Ecology & biodiversity|Tourism & recreation,Remote sensing & earth observation|POI & commercial geodatabases,,,,,Accuracy metrics reported,,,CHN,Global South,,,,School of Geography and Information Engineering
R00303,2025,P3,2021-2027,Evaluation of comprehensive vitality of Shanghai’s commercial centers using multi-dimensional geospatial big data,10.1038/s41598-025-95594-7,https://www.scopus.com/pages/publications/105009612184?origin=resultslist,Springer Nature (Nature Portfolio),10.1038,2,1,0,CHN,Global South,1,0,1,2,1,0,0,1,0,1,1334,Spatial clustering algorithms,INFERENTIAL,Transportation & mobility|Urban studies & planning|Retail & economic geography,POI & commercial geodatabases,,City / metropolitan,,,,,,CHN,Global South,CHN,,city_region,Shanghai Business School|School of Business Administration
R00309,2026,P3,2021-2027,Slip-Surface Depth Inversion and Influencing Factor Analysis Based on the Integration of InSAR and GeoDetector: A Case Study of Typical Creep Landslide Groups in Li County,10.3390/rs18020377,https://www.scopus.com/pages/publications/105028709882?origin=resultslist,MDPI,10.3390,7,1,0,CHN,Global South,1,0,0,2,0,0,1,1,0,1,3444,,,"Transportation & mobility|Urban studies & planning|Ecology & biodiversity|Disaster risk & hazards|Geodesy, remote sensing & earth observation",Remote sensing & earth observation,,,,,Accuracy metrics reported,,,CHN,Global South,CHN,,city_region,School of Geophysics and Geomatics|Key Laboratory of Geological Survey and Evaluation of Ministry of Education|College of Earth and Planetary Sciences|School of Economics and Management
R00316,2026,P3,2021-2027,"Driving Mechanisms of Blue–Green Infrastructure in Enhancing Urban Sustainability: A Spatial–Temporal Assessment from Zhenjiang, China",10.3390/land15020233,https://www.scopus.com/pages/publications/105031420574?origin=resultslist,MDPI,10.3390,4,1,0,CHN,Global South,1,0,1,3,1,0,0,2,0,1,2079,Getis-Ord hotspot statistics,INFERENTIAL,"Urban studies & planning|Ecology & biodiversity|Geodesy, remote sensing & earth observation",Remote sensing & earth observation|Mobile phone & GPS trajectory data|POI & commercial geodatabases,,,,,,,,CHN,Global South,CHN,Global / worldwide,disambiguated,School of Architecture and Urban Planning|School of Civil Engineering and Architecture|School of Architecture
R00318,2026,P3,2021-2027,Applying the maximum entropy principle to neural networks enhances multi-species distribution models,10.1111/2041-210x.70262,https://www.scopus.com/pages/publications/105033008981?origin=resultslist,Wiley,10.1111,5,1,0,,,,,2,5,2,0,1,2,0,1,2225,Classical machine learning|Deep learning,LEARNING,"Ecology & biodiversity|Geodesy, remote sensing & earth observation",Remote sensing & earth observation|Volunteered geographic information,,,,,Accuracy metrics reported,,,FRA,Global North,,Europe (multi-country),,Institut Agro|CNRS
R00324,2026,P3,2021-2027,Data-driven urban mobility planning: A GIS-based spatial modeling approach for shared mobility hub placement,10.1016/j.scs.2026.107261,https://www.scopus.com/pages/publications/105030920656?origin=resultslist,Elsevier,10.1016,2,1,0,TUR,Global South,1,0,0,0,0,0,0,0,0,1,2100,,,Transportation & mobility|Urban studies & planning,,,,,,,,,TUR,Global South,TUR,,city_region,
R00325,2026,P3,2021-2027,Measurement of urban vitality and the influence mechanism of the built environment on it based on multi-source data: A case study of Yantai City,10.1371/journal.pone.0343003,https://www.scopus.com/pages/publications/105031776337?origin=resultslist,PLOS,10.1371,5,1,0,,,,,3,3,2,0,0,1,0,0,1865,Spatial autocorrelation statistics|Classical machine learning|Deep learning,INFERENTIAL|LEARNING,Urban studies & planning|Ecology & biodiversity|Retail & economic geography,POI & commercial geodatabases,,City / metropolitan,,,,,,CHN,Global South,,,,School of Resources and Environmental Engineering|College of Architecture and Urban Planning|Utilisation Centre|School of Hydraulic and Civil Engineering|Limnology of Chinese Academy of Sciences
R00328,2026,P3,2021-2027,"Quantifying Vitality and Structure: A Multi-Source Spatiotemporal Data Analysis of Beiyuanmen Lane, Xi’an, as a Historic Cultural District",10.3390/su18062755,https://www.scopus.com/pages/publications/105034021499?origin=resultslist,MDPI,10.3390,1,1,0,CHN,Global South,1,0,0,1,0,0,0,1,0,1,1975,,,Urban studies & planning|Retail & economic geography|Tourism & recreation,POI & commercial geodatabases,,,Daily to monthly,,,,,CHN,Global South,CHN,,disambiguated,Chinese Academy of Sciences
R00333,2026,P3,2021-2027,Spatiotemporal prediction of thermal comfort in open-plan offices: A data-efficient framework integrating machine learning and modified PMVst model,10.1016/j.buildenv.2025.114167,https://www.scopus.com/pages/publications/105029755023?origin=resultslist,Elsevier,10.1016,1,1,0,CHN,Global South,1,0,2,2,2,0,0,0,0,1,1961,Deterministic interpolation|Classical machine learning,GEOSTATISTICAL|LEARNING,Ecology & biodiversity|Energy & infrastructure,,,Micro / plot / building,,,,,,CHN,Global South,CHN,,city_region,School of Urban Design
R00337,2026,P3,2021-2027,"Uncovering urban functional areas differences through POI-based spatial metrics: evidence from Jianghan district, Wuhan",10.1080/17538947.2025.2605842,https://www.scopus.com/pages/publications/105026248263?origin=resultslist,Taylor & Francis,10.1080,6,2,1,CHN,Global South,1,0,0,1,0,0,0,1,0,1,1442,,,Transportation & mobility|Urban studies & planning|Retail & economic geography,POI & commercial geodatabases,,,,,,,,CHN|USA,Global North|Global South,CHN,,city_region,School of Public Administration|Ministry of Natural Resources|Land Reserve and Renovation Center of Jiangjin District|Chinese academy of sciences
R00340,2025,P3,2021-2027,Mapping the Spatiotemporal Urban Footprint of Residents and Tourists: A Data-Driven Approach Based on User-Generated Reviews,10.3390/ijgi14120456,https://www.scopus.com/pages/publications/105025902891?origin=resultslist,MDPI,10.3390,1,1,0,,,,,2,4,2,0,0,1,1,0,1931,Getis-Ord hotspot statistics|Kriging and variogram geostatistics,GEOSTATISTICAL|INFERENTIAL,Public health & epidemiology|Urban studies & planning|Tourism & recreation,POI & commercial geodatabases,,City / metropolitan,,,,Workflow / protocol formalised,,ESP,Global North,,,,
R00347,2026,P3,2021-2027,A study on a seepage detection method for Concrete Face Rockfill Dams coupling data-driven screening with multiphysics-field validation,10.1016/j.jhydrol.2026.135726,https://www.scopus.com/pages/publications/105039787373?origin=resultslist,Elsevier,10.1016,2,1,0,,,,,1,3,1,0,1,1,0,0,2042,Spatial clustering algorithms,INFERENTIAL,,Mobile phone & GPS trajectory data,,,,,Independent / ground-truth validation,,,CHN,Global South,,,,
R00359,2026,P3,2021-2027,Mechanism and Quantitative Evaluation of Land Surface Temperature Differential Response Based on Multisource Data Fusion,10.1109/JSTARS.2026.3679029,https://www.scopus.com/pages/publications/105034985884?origin=resultslist,IEEE,10.1109,4,1,0,CHN,Global South,1,0,0,1,0,0,0,1,0,1,1703,,,Urban studies & planning|Environmental monitoring & pollution|Retail & economic geography,Volunteered geographic information,,,,,,,,CHN,Global South,CHN,,disambiguated,School of Geographical Sciences|College of Computer and Information Engineering|College of Computer Science and Technology|College of Geographic Information and Tourism
R00365,2026,P3,2021-2027,Time-Series Monitoring and Mechanism Analysis of Surface Subsidence in Changchun City Using E-PS-InSAR,10.3390/rs18030530,https://www.scopus.com/pages/publications/105030177771?origin=resultslist,MDPI,10.3390,3,2,1,,,,,0,1,0,0,0,1,0,0,2615,,,"Urban studies & planning|Geodesy, remote sensing & earth observation",Remote sensing & earth observation,,City / metropolitan,Daily to monthly|Annual to decadal,,,,,CHN|MAC,Global North|Global South,,,,College of Geoexploration Science and Technology
R00366,2025,P3,2021-2027,Spatiotemporal Analysis of Water Quality in the Upper Watershed of Guanting Reservoir Based on Multivariate Statistical Analysis,10.3390/w17233437,https://www.scopus.com/pages/publications/105024558284?origin=resultslist,MDPI,10.3390,4,1,0,,,,,0,0,0,0,0,0,0,0,1925,,,Environmental monitoring & pollution|Agriculture & food systems,,,Regional / sub-national,Daily to monthly,,,,Surveillance / algorithmic bias,CHN,Global South,,,,Beijing Academy of Agriculture and Forestry Sciences|College of Artificial Intelligence|Beijing Water Ecological Protection and Soil and Water Conservation Center|Hebei Zhangjiakou Hydrological Survey and Research Center
R00380,2026,P3,2021-2027,Emergent social landscapes: Behavior-driven networks unveiling latent interaction structures among urban POI clusters,10.1016/j.cities.2026.107188,https://www.scopus.com/pages/publications/105039241131?origin=resultslist,Elsevier,10.1016,2,1,0,CHN,Global South,1,0,0,3,0,0,0,2,1,1,1837,,,Transportation & mobility|Urban studies & planning|Retail & economic geography|Energy & infrastructure,Mobile phone & GPS trajectory data|POI & commercial geodatabases,,,,,,Workflow / protocol formalised,Privacy / confidentiality,CHN,Global South,CHN,,city_region|disambiguated,College of Design and Innovation
R00387,2026,P3,2021-2027,Automating coastal bioindicator acquisition with deep learning: crab community monitoring for enhanced wetland management,10.1016/j.ecolind.2025.114577,https://www.scopus.com/pages/publications/105026441177?origin=resultslist,Elsevier,10.1016,4,2,1,CHN,Global South,1,0,1,2,1,0,0,1,0,1,1905,Deep learning,LEARNING,Ecology & biodiversity,Field survey & in-situ sampling,,Neighbourhood / local,,,,,,CHN|PRT,Global North|Global South,CHN,,disambiguated,Key Laboratory of the Ministry of Education for Coastal and Wetland Ecosystems
R00398,2026,P3,2021-2027,Structure-Aware Unsupervised Transmission Corridor Structure Extraction From 3DEP Lidar Using Graph Attention Embeddings and Reinforcement-Learned DBSCAN,10.1111/tgis.70340,https://www.scopus.com/pages/publications/105044152048?origin=resultslist,Wiley,10.1111,2,1,0,USA,Global North,1,0,1,4,1,0,0,2,1,1,1919,Spatial clustering algorithms,INFERENTIAL,"Social media & digital society|Geodesy, remote sensing & earth observation",LiDAR & 3D point clouds|Volunteered geographic information,,National,,,,Workflow / protocol formalised,,USA,Global North,USA,,city_region,College Station|Center of Excellence for Geospatial Information Science (CEGIS)
R00401,2026,P3,2021-2027,"Predicting the spatial distribution of epigaeic arthropods in agricultural landscapes: A model comparison and driver analysis — A case study from Changtu County, China",10.1016/j.ecolind.2026.115011,https://www.scopus.com/pages/publications/105040629742?origin=resultslist,Elsevier,10.1016,2,1,0,CHN,Global South,1,0,3,4,2,0,2,0,0,1,1562,Spatial regression / GWR|Kriging and variogram geostatistics|Classical machine learning,GEOSTATISTICAL|INFERENTIAL|LEARNING,Ecology & biodiversity|Agriculture & food systems,,,Regional / sub-national,,,Accuracy metrics reported|Model comparison / selection,,,CHN,Global South,CHN,,city_region|disambiguated,College of Land and Environment
R00414,2026,P3,2021-2027,A Study on the Nonlinear Influence of Urban Environment on Outdoor Jogging: Based on an Interpretable GW-RF Hybrid Model,10.3390/ijgi15050202,https://www.scopus.com/pages/publications/105040018495?origin=resultslist,MDPI,10.3390,3,1,0,CHN,Global South,1,0,3,4,2,0,1,1,0,1,1917,Spatial regression / GWR|Classical machine learning|Explainable AI / interpretable ML,INFERENTIAL|LEARNING,Public health & epidemiology|Urban studies & planning|Ecology & biodiversity,Mobile phone & GPS trajectory data,,,Daily to monthly|Annual to decadal,,Accuracy metrics reported,,,CHN,Global South,CHN,Global / worldwide,city_region,School of Geomatics and Urban Spatial Informatics|School of Emergency Technology and Management
R00419,2026,P3,2021-2027,Location Prediction of Urban Fire Station Based on GMM Clustering and Machine Learning,10.3390/ijgi15020076,https://www.scopus.com/pages/publications/105031301009?origin=resultslist,MDPI,10.3390,4,1,0,CHN,Global South,1,0,3,4,2,0,1,1,0,1,2019,Deterministic interpolation|Classical machine learning|Explainable AI / interpretable ML,GEOSTATISTICAL|LEARNING,Urban studies & planning|Ecology & biodiversity,POI & commercial geodatabases,,,,,Accuracy metrics reported,,,CHN,Global South,CHN,,city_region,National-Local Joint Engineering Research Center of Technologies and Applications for National Geographic State Monitoring|Gansu Earthquake Agency
R00420,2026,P3,2021-2027,YangMPS: a new multiple-point statistics simulation method for non-stationary spatial processes,10.1016/j.cageo.2026.106221,https://www.scopus.com/pages/publications/105042308001?origin=resultslist,Elsevier,10.1016,2,1,0,,,,,1,3,1,0,1,1,0,0,1760,Kernel density estimation,CLASSICAL,,Simulated / synthetic data,,,,,Monte Carlo / simulation envelope,,,CHN,Global South,,,,The Hong Kong Polytechnic University
R00421,2025,P3,2021-2027,Analysis of karst groundwater runoff conditions based on statistics and reverse hydrogeochemical modeling methods,10.1038/s41598-025-08129-5,https://www.scopus.com/pages/publications/105023912880?origin=resultslist,Springer Nature (Nature Portfolio),10.1038,1,1,0,CHN,Global South,1,0,1,1,1,0,0,0,0,1,1424,Kriging and variogram geostatistics,GEOSTATISTICAL,Environmental monitoring & pollution|Agriculture & food systems|Energy & infrastructure,,ArcGIS / ArcMap / ArcGIS Pro,,,,,,,CHN,Global South,CHN,,disambiguated,
R00435,2026,P3,2021-2027,A visual method for identifying local over-densities in spatial data,10.1016/j.spasta.2025.100942,https://www.scopus.com/pages/publications/105022212470?origin=resultslist,Elsevier,10.1016,2,1,0,,,,,1,2,1,0,0,1,0,0,1325,Kriging and variogram geostatistics,GEOSTATISTICAL,,Simulated / synthetic data,,,,,,,,CHN,Global South,,,,Ministry of Emergency Management of China
R00440,2026,P3,2021-2027,Comparative Analysis of Urban Functional Zone Identification Methods Based on POI Data: Improvements Using Network Constraints and Cell Declustering,10.1111/tgis.70209,https://www.scopus.com/pages/publications/105030479852?origin=resultslist,Wiley,10.1111,2,1,0,CHN,Global South,1,0,2,5,2,0,1,2,0,1,1518,Kernel density estimation|Network-constrained point analysis,CLASSICAL|NETWORK,"Urban studies & planning|Energy & infrastructure|Geodesy, remote sensing & earth observation",Remote sensing & earth observation|POI & commercial geodatabases,,City / metropolitan,,,Accuracy metrics reported,,,CHN,Global South,CHN,,city_region,
R00457,2026,P3,2021-2027,A geometric-driven framework for trace line identification and roughness analysis in rock tunnel faces using 3D point clouds,10.1088/1361-6501/ae5551,https://www.scopus.com/pages/publications/105035258091?origin=resultslist,IOP Publishing,10.1088,3,1,0,,,,,1,3,1,1,0,1,0,0,1774,Spatial clustering algorithms,INFERENTIAL,"Ecology & biodiversity|Geodesy, remote sensing & earth observation",LiDAR & 3D point clouds,,,,MAUP / scale effects,,,,CHN,Global South,,,,Ministry of Education|School of Mining Engineering
R00459,2026,P3,2021-2027,Enhanced Markov-type Categorical Prediction with geophysical soft constraints for hydrostratigraphic modeling,10.5194/hess-30-1421-2026,https://www.scopus.com/pages/publications/105033229100?origin=resultslist,Copernicus (EGU),10.5194,4,3,1,DNK,Global North,1,0,1,2,1,1,0,0,0,1,2422,Kriging and variogram geostatistics,GEOSTATISTICAL,Transportation & mobility|Environmental monitoring & pollution,,,,,Statistical uncertainty reported,,,,BEL|CAN|DNK,Global North,DNK,,country_name,
R00465,2026,P3,2021-2027,Bayesian strategies for repulsive spatial point processes,10.1016/j.spasta.2026.100962,https://www.scopus.com/pages/publications/105029055463?origin=resultslist,Elsevier,10.1016,2,1,0,,,,,2,2,2,0,0,0,0,0,1188,Point process models (Poisson/Cox/Hawkes)|Bayesian hierarchical spatial models,INFERENTIAL,Agriculture & food systems|Energy & infrastructure,,,,,,,,,IRL,Global North,,,,University College Dublin
R00474,2026,P3,2021-2027,An Analysis of the Impact of High-Quality Urban Development on Non-Point Source Pollution in the Chenghai Lake Drainage Basin Based on Multi-Source Big Data,10.3390/land15040660,https://www.scopus.com/pages/publications/105036873710?origin=resultslist,MDPI,10.3390,2,1,0,,,,,3,4,2,0,0,2,0,0,3041,Spatial autocorrelation statistics|Spatial regression / GWR|Deep learning,INFERENTIAL|LEARNING,"Urban studies & planning|Environmental monitoring & pollution|Ecology & biodiversity|Geodesy, remote sensing & earth observation",Remote sensing & earth observation|POI & commercial geodatabases,,City / metropolitan|Regional / sub-national,,,,,,CHN,Global South,,,,School of Geography and Planning
R00481,2026,P3,2021-2027,Geospatial and multilevel analysis of lifetime HIV testing uptake among high-risk adults in Mozambique: evidence from the 2022–2023 DHS,10.1186/s12942-026-00462-w,https://www.scopus.com/pages/publications/105037754645?origin=resultslist,BMC / Springer Nature,10.1186,10,1,0,MOZ,Global South,0,0,3,3,2,1,0,0,0,1,2372,Getis-Ord hotspot statistics|Space-time scan statistics|Kriging and variogram geostatistics,GEOSTATISTICAL|INFERENTIAL,Public health & epidemiology|Urban studies & planning,,SaTScan,Neighbourhood / local|Regional / sub-national,Cross-sectional / static,Statistical uncertainty reported,,,,ETH,Global South,MOZ,,city_region|country_name,Amhara Region Emergency Operation Center|School of Nursing|School of Medicine|College of Health Sciences|College of Medicine and Health Science|College of Medicine and Health Sciences
R00486,2026,P3,2021-2027,Refined Carbon Emission Monitoring in Data-Scarce Regions: Insights from Nighttime Light Remote Sensing in the Yangtze River Delta,10.3390/app16052575,https://www.scopus.com/pages/publications/105032651438?origin=resultslist,MDPI,10.3390,3,1,0,CHN,Global South,1,0,1,2,1,0,0,1,0,1,1563,Spatial autocorrelation statistics,INFERENTIAL,"Urban studies & planning|Environmental monitoring & pollution|Energy & infrastructure|Geodesy, remote sensing & earth observation",Remote sensing & earth observation,,Regional / sub-national,,,,,,CHN,Global South,CHN,Global / worldwide,city_region|disambiguated,School of Resources|Chinese Academy of Sciences|University of Chinese Academy of Sciences
R00496,2026,P3,2021-2027,GaussianFusion_AI: Urban 3-D Reconstruction and Label-Efficient Segmentation With Gaussian-Based Splatting,10.1109/LGRS.2026.3696540,https://www.scopus.com/pages/publications/105040166091?origin=resultslist,IEEE,10.1109,2,1,0,BRA,Global South,1,0,1,3,1,0,0,1,1,1,1431,Spatial clustering algorithms,INFERENTIAL,"Transportation & mobility|Urban studies & planning|Energy & infrastructure|Geodesy, remote sensing & earth observation",LiDAR & 3D point clouds,,City / metropolitan,,,,Workflow / protocol formalised,,BRA,Global South,BRA,,city_region,
R00503,2025,P3,2021-2027,Shifting frontiers of nitrogen pollution: A multi-scale assessment of long-term anthropogenic nitrogen inputs across the Yellow River basin,10.1016/j.ecolind.2025.114066,https://www.scopus.com/pages/publications/105013740414?origin=resultslist,Elsevier,10.1016,6,2,1,CHN,Global South,1,0,0,1,0,0,0,1,0,1,1795,,,Urban studies & planning|Environmental monitoring & pollution|Ecology & biodiversity|Agriculture & food systems,Mobile phone & GPS trajectory data,,Regional / sub-national,,,,,,CHN|AUT,Global North|Global South,CHN,,city_region,Chinese Academy of Environmental Planning|Yellow River Ecology and Environment Protection Center
R00508,2025,P3,2021-2027,An updated landslide susceptibility model and a log-Gaussian Cox process extension for Scotland,10.1007/s10346-024-02368-9,https://www.scopus.com/pages/publications/85204731487?origin=resultslist,Springer Nature (Springer),10.1007,3,2,1,GBR,Global North,1,0,1,2,1,1,0,0,0,1,1776,Point process models (Poisson/Cox/Hawkes),INFERENTIAL,Disaster risk & hazards,,,National,,Statistical uncertainty reported,,,,GBR|NLD,Global North,GBR,,country_name|demonym,
R00509,2025,P3,2021-2027,Stability Assessment of Hazardous Rock Masses and Rockfall Trajectory Prediction Using LiDAR Point Clouds,10.3390/app15126709,https://www.scopus.com/pages/publications/105008973656?origin=resultslist,MDPI,10.3390,3,1,0,CHN,Global South,1,0,0,3,0,0,0,2,1,1,2612,,,"Disaster risk & hazards|Energy & infrastructure|Geodesy, remote sensing & earth observation",LiDAR & 3D point clouds|Mobile phone & GPS trajectory data,,Regional / sub-national,,,,Workflow / protocol formalised,,CHN,Global South,CHN,,city_region,School of Land and Resources Engineering|City College
R00511,2025,P3,2021-2027,Enhanced characterization of hydraulic conductivity via standard penetration test for sandy soils and weathered rocks,10.1038/s41598-025-08300-y,https://www.scopus.com/pages/publications/105009984196?origin=resultslist,Springer Nature (Nature Portfolio),10.1038,2,1,0,KOR,Global North,1,0,1,1,1,0,0,0,0,1,1472,Kriging and variogram geostatistics,GEOSTATISTICAL,Environmental monitoring & pollution,,,,,,,,,KOR,Global North,KOR,,country_name,School of Civil and Environmental Engineering
R00512,2025,P3,2021-2027,The Characteristics and Source Contribution Analysis of Nutrients in Water Bodies of Small Watersheds in the Pearl River Delta,10.3390/w17121739,https://www.scopus.com/pages/publications/105009132820?origin=resultslist,MDPI,10.3390,2,1,0,CHN,Global South,1,0,0,0,0,0,0,0,0,1,2311,,,Urban studies & planning|Environmental monitoring & pollution|Ecology & biodiversity|Agriculture & food systems,,,Regional / sub-national,,,,,,CHN,Global South,CHN,,city_region|disambiguated,School of Water Resources and Hydropower Engineering|Guangdong Academy of Sciences
R00520,2025,P3,2021-2027,Geo-computation techniques for identifying spatio-temporal patterns of reported oil spills along crude oil pipeline networks,10.1080/17538947.2024.2448218,https://www.scopus.com/pages/publications/85214890100?origin=resultslist,Taylor & Francis,10.1080,1,1,0,NGA,Global South,0,1,2,3,2,0,0,0,1,1,1196,Kernel density estimation|Network-constrained point analysis,CLASSICAL|NETWORK,Environmental monitoring & pollution|Energy & infrastructure,,R (base/tidyverse),,,,,Workflow / protocol formalised,,GBR,Global North,NGA,,country_name,School of Geographical and Earth Sciences
R00521,2025,P3,2021-2027,POISSON CLUSTER PROCESS MODELS FOR DETECTING ULTRA-DIFFUSE GALAXIES,10.1214/24-AOAS1958,https://www.scopus.com/pages/publications/105002990327?origin=resultslist,Institute of Mathematical Statistics,10.1214,3,1,0,,,,,2,3,2,0,1,0,0,0,1617,Point process models (Poisson/Cox/Hawkes)|Bayesian hierarchical spatial models,INFERENTIAL,,,,,,,Independent / ground-truth validation,,,CAN,Global North,,,,
R00522,2025,P3,2021-2027,Spatial prediction of forest fires in India: a machine learning approach for improved risk assessment and early warning systems,10.1007/s11356-025-35982-8,https://www.scopus.com/pages/publications/85217162851?origin=resultslist,Springer Nature (Springer),10.1007,4,1,0,IND,Global South,1,0,1,2,1,0,0,1,0,1,2177,Classical machine learning,LEARNING,"Urban studies & planning|Ecology & biodiversity|Disaster risk & hazards|Geodesy, remote sensing & earth observation",Remote sensing & earth observation,,Continental / global,,,,,,IND,Global South,IND,,disambiguated,Centre for Ecological Sciences|School of Applied Sciences|School of Environmental Sciences|Special Centre for Disaster Research
R00525,2025,P3,2021-2027,"Integrated assessment of urban air pollution in South Tangerang, Indonesia: synergizing ground monitoring, Sentinel-5P retrievals, and HYSPLIT trajectory analysis",10.1007/s10661-025-14570-w,https://www.scopus.com/pages/publications/105019490060?origin=resultslist,Springer Nature (Springer),10.1007,3,2,1,IDN,Global South,1,0,0,2,0,0,0,2,0,1,1674,,,"Transportation & mobility|Urban studies & planning|Environmental monitoring & pollution|Retail & economic geography|Energy & infrastructure|Geodesy, remote sensing & earth observation",Remote sensing & earth observation|Mobile phone & GPS trajectory data,,,Daily to monthly,,,,,IDN|JPN,Global North|Global South,IDN,,city_region|country_name,School of Environmental Science
R00536,2025,P3,2021-2027,Anisotropic Spatial Structure Kriging Interpolation Method Based on Statistical Characteristic Parameters of Random Media,10.1109/TGRS.2025.3578443,https://www.scopus.com/pages/publications/105007921779?origin=resultslist,IEEE,10.1109,3,1,0,,,,,1,1,1,0,0,0,0,1,1744,Kriging and variogram geostatistics,GEOSTATISTICAL,Disaster risk & hazards,,,,,,,,,CHN,Global South,,Global / worldwide,,School of Earth Sciences and Technology
R00539,2025,P3,2021-2027,"Spatial-temporal heterogeneity of yield, protein concentration, and leaf area index in grassland agroforestry systems can be modeled from UAV-borne imagery",10.1016/j.compag.2025.110575,https://www.scopus.com/pages/publications/105005517071?origin=resultslist,Elsevier,10.1016,2,1,0,DEU,Global North,1,0,0,2,0,0,0,2,0,1,1812,,,"Transportation & mobility|Ecology & biodiversity|Agriculture & food systems|Geodesy, remote sensing & earth observation",Remote sensing & earth observation|LiDAR & 3D point clouds,,,,,,,,DEU,Global North,DEU,,country_name,
R00542,2025,P3,2021-2027,Accounting for spatiotemporal patterns of long-term recursion in estimating local-scale step selection,10.1111/2041-210X.14499,https://www.scopus.com/pages/publications/85215689339?origin=resultslist,Wiley,10.1111,3,1,0,,,,,1,3,1,0,0,2,0,0,2190,Kernel density estimation,CLASSICAL,Ecology & biodiversity,Mobile phone & GPS trajectory data|Sensor networks & IoT,,Neighbourhood / local,,,,,,USA,Global North,,,,School of Biological Sciences
R00549,2025,P3,2021-2027,Multi-scale vessel trajectory clustering: An adaptive DBSCAN method for maritime areas of diverse extents,10.1016/j.oceaneng.2025.121461,https://www.scopus.com/pages/publications/105005313124?origin=resultslist,Elsevier,10.1016,4,1,0,,,,,1,2,1,0,0,1,0,1,1519,Spatial clustering algorithms,INFERENTIAL,Transportation & mobility|Urban studies & planning,Mobile phone & GPS trajectory data,,,,,,,,CHN,Global South,,Global / worldwide,,College of Oceanography and Space Informatics|National Satellite Meteorological Center (National Centre for Space Weather)|Technology Innovation Center for Maritime Silk Road Marine Resources and Environment Networked Observation
R00558,2025,P3,2021-2027,Revealing Spatiotemporal Urban Activity Patterns: A Machine Learning Study Using Google Popular Times,10.3390/ijgi14060221,https://www.scopus.com/pages/publications/105009048235?origin=resultslist,MDPI,10.3390,1,1,0,,,,,1,2,1,0,0,1,0,0,1498,Classical machine learning,LEARNING,Urban studies & planning|Energy & infrastructure,POI & commercial geodatabases,,,Sub-daily / real-time,,,,,ESP,Global North,,,,
R00561,2025,P3,2021-2027,POI Data–Driven Identification and Representation of Production–Living–Ecological Spaces at the Urban and Peri–Urban Scale: A Case Study of the Hohhot–Baotou–Ordos–Yulin Urban Agglomeration,10.3390/su17052235,https://www.scopus.com/pages/publications/86000563036?origin=resultslist,MDPI,10.3390,1,1,0,CHN,Global South,1,0,3,3,2,0,0,1,0,1,2333,Kernel density estimation|Nearest-neighbour analysis|Spatial autocorrelation statistics,CLASSICAL|INFERENTIAL,Urban studies & planning|Ecology & biodiversity,POI & commercial geodatabases,,City / metropolitan,,,,,,CHN,Global South,CHN,Global / worldwide,disambiguated,College of Geographical Science
R00564,2025,P3,2021-2027,All-Weather Precipitable Water Vapor Retrieval over Land Using Integrated Near-Infrared and Microwave Satellite Observations,10.3390/rs17152730,https://www.scopus.com/pages/publications/105013323378?origin=resultslist,MDPI,10.3390,3,1,0,CHN,Global South,1,0,0,2,0,0,1,1,0,1,1765,,,"Geodesy, remote sensing & earth observation",Remote sensing & earth observation,,,Daily to monthly,,Accuracy metrics reported,,,CHN,Global South,CHN,,disambiguated,Chinese Academy of Sciences|University of the Chinese Academy of Sciences
R00571,2025,P3,2021-2027,Exploring the Spatial Association Between Spatial Categorical Data Using a Fuzzy Geographically Weighted Colocation Quotient Method,10.3390/ijgi14080296,https://www.scopus.com/pages/publications/105014400596?origin=resultslist,MDPI,10.3390,4,1,0,CHN,Global South,1,0,2,4,2,1,0,1,0,1,1670,Spatial regression / GWR|Spatial clustering algorithms,INFERENTIAL,Transportation & mobility|Urban studies & planning|Tourism & recreation|Energy & infrastructure,POI & commercial geodatabases,MATLAB,City / metropolitan,,MAUP / scale effects,,,,CHN,Global South,CHN,Global / worldwide,city_region,School of Natural Resources and Surveying|Joint Centre for Urban Health and Security|School of Mathematics and Statistics
R00574,2025,P3,2021-2027,Analysis of Spatial and Environmental Factors Beyond Speed Limits Affecting Drivers’ Speed Choice,10.3390/su17209097,https://www.scopus.com/pages/publications/105020163704?origin=resultslist,MDPI,10.3390,2,1,0,KOR,Global North,1,0,1,2,1,1,0,0,0,1,1240,Spatial regression / GWR,INFERENTIAL,Transportation & mobility|Urban studies & planning,,,,,Positional / geocoding uncertainty,,,,KOR,Global North,KOR,,country_name,
R00581,2025,P3,2021-2027,Detecting Changes in Space-Varying Parameters of Local Poisson Point Processes,10.1002/env.70022,https://www.scopus.com/pages/publications/105009299677?origin=resultslist,Wiley,10.1002,1,1,0,GRC,Global North,0,0,1,1,1,0,0,0,0,1,1503,Spatial regression / GWR,INFERENTIAL,Disaster risk & hazards,,,,,,,,,ITA,Global North,GRC,,country_name,
R00585,2025,P3,2021-2027,Analyzing the typology and livability of 15-minute travel at metro stations in high-density cities: A case study of Singapore,10.1016/j.cities.2025.105727,https://www.scopus.com/pages/publications/85215207403?origin=resultslist,Elsevier,10.1016,7,3,1,SGP,Global North,1,0,0,2,0,0,0,2,0,1,1537,,,Transportation & mobility|Urban studies & planning|Retail & economic geography,Remote sensing & earth observation|Volunteered geographic information|POI & commercial geodatabases,,,,,,,,CHN|SGP|MAC,Global North|Global South,SGP,,city_region|country_name,College of Civil Engineering and Architecture|School of Architecture|Singapore-ETH Centre|Center for Balance Architecture of Zhejiang University
R00586,2025,P3,2021-2027,"Spatial differentiation of productive services and its influencing factors: A case study of Kunming, China",10.1371/journal.pone.0326845,https://www.scopus.com/pages/publications/105011484085?origin=resultslist,PLOS,10.1371,1,1,0,CHN,Global South,1,0,2,4,2,0,0,2,0,1,1587,Kernel density estimation|Spatial autocorrelation statistics,CLASSICAL|INFERENTIAL,Transportation & mobility|Urban studies & planning|Social media & digital society,Volunteered geographic information|POI & commercial geodatabases,,City / metropolitan,Annual to decadal,,,,,CHN,Global South,CHN,Global / worldwide,city_region|disambiguated,
R00589,2025,P3,2021-2027,"Assessing Fire Station Accessibility in Guiyang, a Mountainous City, with Nighttime Light and POI Data: An Application of the Enhanced 2SFCA Approach",10.3390/ijgi14100393,https://www.scopus.com/pages/publications/105020203119?origin=resultslist,MDPI,10.3390,3,1,0,CHN,Global South,1,0,2,3,2,0,0,1,0,1,1238,Kernel density estimation|Spatial autocorrelation statistics,CLASSICAL|INFERENTIAL,Urban studies & planning|Disaster risk & hazards|Agriculture & food systems,POI & commercial geodatabases,,Regional / sub-national,,,,,,CHN,Global South,CHN,,city_region,College of Geography and Planning|Research Center for Human Geography of Tibetan Plateau and Its Eastern Slope (Chengdu University of Technology)|College of Architecture and Civil Engineering
R00601,2025,P3,2021-2027,Marginalising Time in Habitat Selection and Species Distribution Models Improves Inference,10.1111/ddi.70028,https://www.scopus.com/pages/publications/105004684178?origin=resultslist,Wiley,10.1111,2,1,0,USA,Global North,1,0,0,1,0,0,0,1,0,1,1962,,,Ecology & biodiversity,Sensor networks & IoT,,,Daily to monthly,,,,,USA,Global North,USA,,city_region,Alaska Science Center
R00603,2025,P3,2021-2027,Meshlets based data model for real-time interaction and analysis with hyper-spectral vegetation data,10.1016/j.compag.2025.110102,https://www.scopus.com/pages/publications/85217927300?origin=resultslist,Elsevier,10.1016,1,1,0,,,,,1,3,1,0,0,2,0,0,1431,Real-time and streaming spatial analytics,REALTIME,Ecology & biodiversity|Agriculture & food systems,Remote sensing & earth observation|LiDAR & 3D point clouds,,,Sub-daily / real-time,,,,,ESP,Global North,,,,
R00607,2025,P3,2021-2027,"Comparative Analysis of Carbon Density Simulation Methods in Grassland Ecosystems: A Case Study from Gansu Province, China",10.3390/rs17010172,https://www.scopus.com/pages/publications/85214455536?origin=resultslist,MDPI,10.3390,4,1,0,CHN,Global South,1,0,2,3,2,0,0,1,0,1,2939,Spatial regression / GWR|Classical machine learning,INFERENTIAL|LEARNING,"Environmental monitoring & pollution|Ecology & biodiversity|Geodesy, remote sensing & earth observation",Remote sensing & earth observation,,Regional / sub-national,,,,,,CHN,Global South,CHN,,city_region|disambiguated,Chinese Research Academy of Environmental Sciences|College of Forestry|College of Ecology
R00612,2025,P3,2021-2027,POI-Based Assessment of Sustainable Commercial Development: Spatial Distribution Characteristics and Influencing Factors of Commercial Facilities Around Urumqi Metro Line 1 Stations,10.3390/su17125270,https://www.scopus.com/pages/publications/105008961532?origin=resultslist,MDPI,10.3390,1,1,0,CHN,Global South,1,0,1,2,1,0,0,1,0,1,2615,Kernel density estimation,CLASSICAL,Transportation & mobility|Urban studies & planning|Retail & economic geography,POI & commercial geodatabases,,City / metropolitan,,,,,,CHN,Global South,CHN,,city_region,School of Architecture and Engineering
R00616,2025,P3,2021-2027,"Spatio-temporal CoKriging approach for groundwater level interpolation estimation — a case study of the Datong Basin, Shanxi province",10.1007/s12665-025-12395-x,https://www.scopus.com/pages/publications/105011072158?origin=resultslist,Springer Nature (Springer),10.1007,5,1,0,CHN,Global South,1,0,1,2,1,0,1,0,0,1,2067,Kriging and variogram geostatistics,GEOSTATISTICAL,Urban studies & planning|Environmental monitoring & pollution,,,Regional / sub-national,,,Cross-validation / holdout,,,CHN,Global South,CHN,,city_region,School of Earth Sciences and Engineering|North Information Control Research Academy Group Co.|National Engineering Research Center for Geomatics|University of Chinese Academy of Sciences
R00622,2025,P3,2021-2027,Decreasing Representativeness Scale of Nighttime Surface Temperature of Meteorological Stations in China From 2001 to 2021,10.1029/2024JD041969,https://www.scopus.com/pages/publications/86000513714?origin=resultslist,AGU (Wiley),10.1029,2,1,0,CHN,Global South,1,0,0,0,0,0,0,0,0,1,1756,,,"Urban studies & planning|Geodesy, remote sensing & earth observation",,,,,,,,,CHN,Global South,CHN,Global / worldwide,disambiguated,College of Global Change and Earth System Science|College of Urban and Environmental Sciences
R00631,2025,P3,2021-2027,Development of a Multidimensional Analysis and Integrated Visualization Method for Maritime Traffic Behaviors Using DBSCAN-Based Dynamic Clustering,10.3390/app15020529,https://www.scopus.com/pages/publications/85215755548?origin=resultslist,MDPI,10.3390,3,1,0,,,,,1,2,1,0,0,1,0,0,1365,Spatial clustering algorithms,INFERENTIAL,Transportation & mobility,Mobile phone & GPS trajectory data,,,,,,,,KOR,Global North,,,,
R00634,2025,P3,2021-2027,Spatial Semantic Expression of Terrain Viewshed: A Data Mining Method,10.3390/ijgi14030113,https://www.scopus.com/pages/publications/105001250089?origin=resultslist,MDPI,10.3390,6,1,0,CHN,Global South,1,0,1,1,1,0,0,0,0,1,3101,Spatial clustering algorithms,INFERENTIAL,Urban studies & planning|Tourism & recreation|Energy & infrastructure,,,,,,,,,CHN,Global South,CHN,,city_region,Digital Construction Center|School of Geography|Ministry of Education|Jiangsu Center for Collaborative Innovation in Geographical Information Resource Development and Application|School of Computer and Electronic Information
R00640,2025,P3,2021-2027,A novel approach for cluster detection in trajectory data with low cluster-to-noise density ratio,10.1080/13658816.2025.2494630,https://www.scopus.com/pages/publications/105004063094?origin=resultslist,Taylor & Francis,10.1080,5,1,0,,,,,1,2,1,0,0,1,0,0,1559,Ripley's K / second-order PPA,CLASSICAL,Transportation & mobility,Mobile phone & GPS trajectory data,,,,,,,,CHN,Global South,,,,Chinese Academy of Sciences|University of Chinese Academy of Sciences|Jiangsu Center for Collaborative Innovation in Geographical Information Resource Development and Application|College of Earth and Environmental Sciences|School of Computer Science
R00641,2025,P3,2021-2027,A semantic-aware measurement-driven autonomous target search framework for UGV in complex unknown environments,10.1088/1361-6501/ade735,https://www.scopus.com/pages/publications/105010314357?origin=resultslist,IOP Publishing,10.1088,1,1,0,,,,,1,2,1,0,0,1,0,1,1687,Spatial clustering algorithms,INFERENTIAL,Transportation & mobility,LiDAR & 3D point clouds,,Continental / global,,,,,,CHN,Global South,,Global / worldwide,,
R00643,2025,P3,2021-2027,Research on the Evolution Characteristics of Building Space in the Central Urban Area of Tianjin Based on Multi-Source Data Collaboration: 2021–2024,10.3390/buildings15071142,https://www.scopus.com/pages/publications/105002291952?origin=resultslist,MDPI,10.3390,3,1,0,CHN,Global South,1,0,1,3,1,0,0,2,0,1,1115,Kernel density estimation,CLASSICAL,"Urban studies & planning|Geodesy, remote sensing & earth observation",Remote sensing & earth observation|POI & commercial geodatabases,,City / metropolitan,,,,,Surveillance / algorithmic bias,CHN,Global South,CHN,,city_region,School of Architecture|College of Architecture and Art
R00650,2025,P3,2021-2027,Hydrological Modelling and Multisite Calibration of the Okavango River Basin: Addressing Catchment Heterogeneity and Climate Variability,10.3390/w17101442,https://www.scopus.com/pages/publications/105006743861?origin=resultslist,MDPI,10.3390,2,2,1,AGO,Global South,0,0,0,1,0,1,0,0,0,1,2734,,,Environmental monitoring & pollution|Agriculture & food systems|Tourism & recreation,,,Regional / sub-national,Annual to decadal,Sensitivity analysis,,,,BWA|USA,Global North|Global South,AGO|BWA|NAM,,country_name,UC Agriculture and Natural Resources/South Coast Research and Extension Center
R00651,2025,P3,2021-2027,"Exploring spatiotemporal dynamic of metro ridership and the influence of built environment factors at the station level: A case study of Nanjing, China",10.1016/j.jtrangeo.2025.104440,https://www.scopus.com/pages/publications/105018867467?origin=resultslist,Elsevier,10.1016,4,2,1,CHN,Global South,1,0,2,3,2,0,0,1,0,1,1911,Spatial regression / GWR|Spatial clustering algorithms,INFERENTIAL,Transportation & mobility|Urban studies & planning|Retail & economic geography,POI & commercial geodatabases,,,Sub-daily / real-time|Daily to monthly,,,,,CHN|USA,Global North|Global South,CHN,,city_region|disambiguated,School of Transportation Engineering
R00657,2025,P3,2021-2027,Soil quality and its determinants in saline-alkali land of northwest China,10.3389/fenvs.2025.1687358,https://www.scopus.com/pages/publications/105023391887?origin=resultslist,Frontiers,10.3389,2,1,0,CHN,Global South,1,0,0,0,0,0,0,0,0,1,2062,,,Urban studies & planning|Environmental monitoring & pollution|Ecology & biodiversity|Agriculture & food systems,,,Regional / sub-national,,,,,,CHN,Global South,CHN,,city_region|disambiguated,Ningxia Agricultural Comprehensive Development Center|Qingtongxia Agricultural Technology and Mechanization Promotion Service Center
R00659,2025,P3,2021-2027,Non-stationary drought patterns in hyper-arid regions: Spatiotemporal and multi-timescale drought analysis,10.1016/j.scitotenv.2025.180401,https://www.scopus.com/pages/publications/105014806936?origin=resultslist,Elsevier,10.1016,2,1,0,,,,,0,1,0,0,1,0,0,0,1913,,,Disaster risk & hazards|Agriculture & food systems,,,,,,Model comparison / selection,,,OMN,Global South,,,,Center for Environmental Studies and Research
R00666,2025,P3,2021-2027,Shallow Sea Bathymetric Inversion of Active–Passive Satellite Remote Sensing Data Based on Virtual Control Point Inverse Distance Weighting,10.3390/rs17213621,https://www.scopus.com/pages/publications/105021456296?origin=resultslist,MDPI,10.3390,4,1,0,,,,,1,4,1,0,1,2,0,0,2405,Deterministic interpolation,GEOSTATISTICAL,"Geodesy, remote sensing & earth observation",Remote sensing & earth observation|LiDAR & 3D point clouds|Mobile phone & GPS trajectory data,,,,,Accuracy metrics reported,,,CHN,Global South,,,,Ministry of Natural Resources|School of Geography and Ocean Science|College of Geodesy and Geomatics
R00675,2025,P3,2021-2027,Identification and Analysis of Production–Living–Ecological Space Based on Multi-Source Geospatial Data: A Case Study of Xuzhou City,10.3390/su17030886,https://www.scopus.com/pages/publications/85217641972?origin=resultslist,MDPI,10.3390,2,1,0,CHN,Global South,1,0,0,1,0,0,0,1,0,1,1337,,,Urban studies & planning|Ecology & biodiversity,POI & commercial geodatabases,,,,,,,,CHN,Global South,CHN,,disambiguated,School of Environment and Spatial Informatics|Chinese Academy of Sciences
R00678,2025,P3,2021-2027,Negative sample selection for landslide susceptibility prediction: a hybrid optimization approach using an AHP-KDE multi-ring sampling strategy,10.1016/j.ecolind.2025.114304,https://www.scopus.com/pages/publications/105022207550?origin=resultslist,Elsevier,10.1016,3,1,0,CHN,Global South,1,0,2,2,2,0,0,0,0,1,1587,Kernel density estimation|Classical machine learning,CLASSICAL|LEARNING,Disaster risk & hazards,,,,,,,,,CHN,Global South,CHN,,disambiguated,Ocean College
R00682,2025,P3,2021-2027,Automatic Ghost Noise Labeling for 4D mmWave Radar Data in Underground Mine Environments Using LiDAR as Reference,10.3390/rs17223732,https://www.scopus.com/pages/publications/105023078970?origin=resultslist,MDPI,10.3390,3,2,1,,,,,1,4,1,0,1,1,1,0,2754,Spatial clustering algorithms,INFERENTIAL,"Energy & infrastructure|Geodesy, remote sensing & earth observation",LiDAR & 3D point clouds,,,,,Accuracy metrics reported,Workflow / protocol formalised,,CHN|DEU,Global North|Global South,,,,School of Environment and Spatial Informatics
R00683,2025,P3,2021-2027,Efficient vegetation filtering method using K-means clustering algorithm: case study of high steep rock slope,10.3389/feart.2025.1680510,https://www.scopus.com/pages/publications/105020915176?origin=resultslist,Frontiers,10.3389,3,1,0,CHN,Global South,1,0,1,2,1,0,0,1,0,1,1691,Spatial clustering algorithms,INFERENTIAL,Ecology & biodiversity,LiDAR & 3D point clouds,,,,,,,,CHN,Global South,CHN,,city_region|disambiguated,
R00691,2025,P3,2021-2027,SARE: A Structure-Aware Region Embedding Framework Capturing Interior Spatial Heterogeneity,10.1111/tgis.70097,https://www.scopus.com/pages/publications/105012371403?origin=resultslist,Wiley,10.1111,3,1,0,,,,,0,1,0,0,0,1,0,0,1318,,,"Urban studies & planning|Geodesy, remote sensing & earth observation",Remote sensing & earth observation,,,,,,,,CHN,Global South,,,,School of Computer Science
R00694,2025,P3,2021-2027,Investigating the Spatiotemporal Response of Urban Functions to Fine-Grained Resident Activities with a Novel Analytical Framework and Baidu Heatmap,10.3390/land14112235,https://www.scopus.com/pages/publications/105022879551?origin=resultslist,MDPI,10.3390,1,1,0,CHN,Global South,1,0,1,2,1,0,0,1,0,1,1837,Classical machine learning,LEARNING,Transportation & mobility|Urban studies & planning|Ecology & biodiversity|Disaster risk & hazards|Retail & economic geography,POI & commercial geodatabases,,,,,,,,CHN,Global South,CHN,,city_region,College of Geoscience and Surveying Engineering
R00710,2025,P3,2021-2027,Analysing local spatial density of human activity with quick density clustering (QDC) algorithm,10.1016/j.compenvurbsys.2025.102289,https://www.scopus.com/pages/publications/105001933749?origin=resultslist,Elsevier,10.1016,1,1,0,,,,,1,1,1,0,0,0,0,1,1370,Spatial clustering algorithms,INFERENTIAL,Urban studies & planning|Retail & economic geography,,,,,,,,,POL,Global North,,Global / worldwide,,
R00720,2025,P3,2021-2027,Objective Parameterization of InVEST Habitat Quality Model Using Integrated PCA-SEM-Spatial Analysis: A Biotope Map-Based Framework,10.3390/land14102050,https://www.scopus.com/pages/publications/105020192560?origin=resultslist,MDPI,10.3390,1,1,0,KOR,Global North,1,0,1,2,1,0,1,0,0,1,1975,Kriging and variogram geostatistics,GEOSTATISTICAL,Urban studies & planning|Ecology & biodiversity,,,Continental / global,,,Accuracy metrics reported,,,KOR,Global North,KOR,Global / worldwide,country_name,
R00724,2025,P3,2021-2027,Interpretation of soil property profiles from limited CPT data using Yang-Chizhong filtering and estimation method,10.1016/j.enggeo.2025.108378,https://www.scopus.com/pages/publications/105018583294?origin=resultslist,Elsevier,10.1016,3,1,0,NZL,Global North,0,0,0,0,0,0,0,0,0,1,1706,,,Environmental monitoring & pollution,,,,,,,,,CHN,Global South,NZL|AUS,,country_name|demonym,Ministry of Education|School of Geosciences and Info-Physics
R00727,2025,P3,2021-2027,Understanding defoliation of Pinus plantations in the Mediterranean mountains using tree segmentation and ALS time series,10.1016/j.jenvman.2025.127837,https://www.scopus.com/pages/publications/105020377377?origin=resultslist,Elsevier,10.1016,2,2,1,ESP,Global North,1,0,2,4,2,0,0,2,0,1,1632,Kernel density estimation|Classical machine learning,CLASSICAL|LEARNING,"Public health & epidemiology|Ecology & biodiversity|Disaster risk & hazards|Agriculture & food systems|Geodesy, remote sensing & earth observation",Remote sensing & earth observation|LiDAR & 3D point clouds,,,Annual to decadal,,,,,ESP|CHL,Global North|Global South,ESP,,country_name,
R00756,2025,P3,2021-2027,Study on Spatial Interpolation Methods for High Precision 3D Geological Modeling of Coal Mining Faces,10.3390/app15062959,https://www.scopus.com/pages/publications/105000876907?origin=resultslist,MDPI,10.3390,2,1,0,,,,,2,4,2,0,2,0,0,0,1949,Kriging and variogram geostatistics|Deterministic interpolation,GEOSTATISTICAL,Disaster risk & hazards|Energy & infrastructure,,,,,,Cross-validation / holdout|Accuracy metrics reported,,,CHN,Global South,,,,College of Geology and Environment
R00758,2025,P3,2021-2027,Heterogeneity Analysis of Resident Demands and Public Service Facilities in Megacities of China from the Perspective of Urban Health Examination,10.3390/ijgi14050188,https://www.scopus.com/pages/publications/105006621046?origin=resultslist,MDPI,10.3390,5,1,0,CHN,Global South,1,0,0,1,0,0,0,1,0,1,1757,,,Transportation & mobility|Urban studies & planning,POI & commercial geodatabases,,,,,,,Surveillance / algorithmic bias,CHN,Global South,CHN,,disambiguated,China Academy of Urban Planning & Design|Chinese Academy of Sciences|School of Information Engineering
R00776,2025,P3,2021-2027,"Evaluation on the Rationality of Spatial Layout of Social Facilities in Inland Coastal Cross-River Cities Based on POI Data: A Case Study of Nanjing, China",10.3390/su17177847,https://www.scopus.com/pages/publications/105016218112?origin=resultslist,MDPI,10.3390,3,1,0,CHN,Global South,1,0,1,3,1,1,0,1,0,1,1755,Kernel density estimation,CLASSICAL,Transportation & mobility|Urban studies & planning|Retail & economic geography,POI & commercial geodatabases,,City / metropolitan,,Statistical uncertainty reported,,,,CHN,Global South,CHN,,city_region|disambiguated,School of Remote Sensing and Geomatics Engineering|National Geomatics Center of China
R00777,2025,P3,2021-2027,A hybrid framework for landslide prediction integrating machine learning and sample enhanced by spatial autocorrelation,10.1007/s00477-025-03079-w,https://www.scopus.com/pages/publications/105015584420?origin=resultslist,Springer Nature (Springer),10.1007,2,1,0,CHN,Global South,1,0,3,3,2,0,1,0,0,1,2050,Spatial autocorrelation statistics|Classical machine learning|Deep learning,INFERENTIAL|LEARNING,Ecology & biodiversity|Disaster risk & hazards,,,Regional / sub-national,,,Accuracy metrics reported,,,CHN,Global South,CHN,,city_region|disambiguated,Ministry of Emergency Management of the People’s Republic of China|Key Laboratory of Emergency Satellite Engineering and Application Ministry of Emergency Management
R00779,2025,P3,2021-2027,Flow Yang Chizhong Filtering for Correcting Global Spatial Autocorrelation in Flow Hotspot Detection,10.1111/tgis.13278,https://www.scopus.com/pages/publications/85210008833?origin=resultslist,Wiley,10.1111,1,1,0,CHN,Global South,1,0,1,1,1,0,0,0,0,1,1378,Spatial autocorrelation statistics,INFERENTIAL,Transportation & mobility,,,,,,,,,CHN,Global South,CHN,Global / worldwide,city_region,
R00780,2025,P3,2021-2027,Spatiotemporal Analysis of Urban Vitality and Its Drivers from a Human Mobility Perspective,10.3390/ijgi14040167,https://www.scopus.com/pages/publications/105003576779?origin=resultslist,MDPI,10.3390,1,1,0,CHN,Global South,1,0,2,4,2,0,0,2,0,1,1407,Spatial regression / GWR|Explainable AI / interpretable ML,INFERENTIAL|LEARNING,Transportation & mobility|Urban studies & planning,Official / administrative records|Mobile phone & GPS trajectory data,,,,,,,,CHN,Global South,CHN,,city_region,College of Big Data and Internet
R00784,2025,P3,2021-2027,Non-parametric 3D conditional DFN modeling for probabilistic stability analysis of rock wedges in open pit mine,10.1016/j.enggeo.2025.108318,https://www.scopus.com/pages/publications/105014608031?origin=resultslist,Elsevier,10.1016,6,2,1,IRN,Global South,1,0,1,2,1,0,1,0,0,1,1814,Point process models (Poisson/Cox/Hawkes),INFERENTIAL,"Transportation & mobility|Geodesy, remote sensing & earth observation",,,,,,Monte Carlo / simulation envelope,,,IRN|CHL,Global South,IRN,,country_name,School of Mining Engineering|School of Surveying and Geospatial Engineering
R00790,2025,P3,2021-2027,Water resource assessment in data-scarce hydrological regions based on limited underwater survey points,10.1007/s10661-025-14600-7,https://www.scopus.com/pages/publications/105017184821?origin=resultslist,Springer Nature (Springer),10.1007,2,1,0,CHN,Global South,1,0,1,2,1,0,0,1,0,1,1833,Classical machine learning,LEARNING,"Geodesy, remote sensing & earth observation",Remote sensing & earth observation,,,Annual to decadal,,,,,CHN,Global South,CHN,,city_region,School of Water Conservancy and Environment
R00793,2025,P3,2021-2027,Hospitality and tourism trends drive spatial shifts in urban service accessibility,10.1016/j.scs.2025.106616,https://www.scopus.com/pages/publications/105010023730?origin=resultslist,Elsevier,10.1016,2,1,0,CHN,Global South,1,0,0,2,0,0,0,1,1,1,1988,,,Public health & epidemiology|Urban studies & planning|Retail & economic geography|Tourism & recreation,POI & commercial geodatabases,,Continental / global,,,,Workflow / protocol formalised,,CHN,Global South,CHN,Global / worldwide,disambiguated,School of Tourism Ecology and Environment|Guangxi Cultural Tourism and Wellness Integrated Development Center
R00794,2025,P3,2021-2027,Application of Three-Dimensional Hierarchical Density-Based Spatial Clustering of Applications with Noise in Ship Automatic Identification System Trajectory-Cluster Analysis,10.3390/app15052621,https://www.scopus.com/pages/publications/86000643524?origin=resultslist,MDPI,10.3390,2,1,0,TWN,Global North,1,0,2,3,2,0,0,1,0,1,2045,Spatial clustering algorithms|Classical machine learning,INFERENTIAL|LEARNING,Transportation & mobility|Energy & infrastructure,Mobile phone & GPS trajectory data,,,Multi-decadal / historical,,,,,TWN,Global North,TWN,,city_region|country_name,
R00796,2025,P3,2021-2027,"LiDAR-Based Road Cracking Detection: Machine Learning Comparison, Intensity Normalization, and Open-Source WebGIS for Infrastructure Maintenance",10.3390/rs17091543,https://www.scopus.com/pages/publications/105004911375?origin=resultslist,MDPI,10.3390,2,2,1,USA,Global North,1,0,3,6,2,0,2,1,1,1,2103,Spatial clustering algorithms|Classical machine learning|Deep learning,INFERENTIAL|LEARNING,"Transportation & mobility|Urban studies & planning|Ecology & biodiversity|Geodesy, remote sensing & earth observation",LiDAR & 3D point clouds,QGIS,,,,Accuracy metrics reported|Model comparison / selection,Workflow / protocol formalised,,ITA|USA,Global North,USA,,city_region,Lyles School of Civil Engineering
R00801,2025,P3,2021-2027,"Utilizing Multi-source Data Fusion to Identify the Layout Patterns of the Catering Industry and Urban Spatial Structure in Shanghai, China",10.1007/s11769-025-1515-4,https://www.scopus.com/pages/publications/105008906005?origin=resultslist,Springer Nature (Springer),10.1007,1,1,0,CHN,Global South,1,0,0,0,0,0,0,0,0,1,1729,,,Urban studies & planning|Retail & economic geography,,,,,,,,,CHN,Global South,CHN,,city_region|disambiguated,School of Maritime Economics and Management
R00811,2025,P3,2021-2027,Developing the Urban Diversity Index (UDI): A Global Comparison of Urban Qualitative Aspect and Its Implications for Sustainable Urban Planning Using POI Data,10.3390/su17167286,https://www.scopus.com/pages/publications/105014454726?origin=resultslist,MDPI,10.3390,4,1,0,GBR,Global North,0,0,0,1,0,0,0,1,0,1,1625,,,Urban studies & planning|Energy & infrastructure,POI & commercial geodatabases,,Continental / global,,,,,,JPN,Global North,GBR|TUR,Global / worldwide,city_region,Graduate School of Integrative Science and Engineering
R00817,2025,P3,2021-2027,A spatiotemporal autoregressive neural network interpolation method for discrete environmental factors,10.1016/j.envsoft.2024.106289,https://www.scopus.com/pages/publications/85211194789?origin=resultslist,Elsevier,10.1016,6,1,0,,,,,1,2,1,0,1,0,0,0,1176,Deep learning,LEARNING,Environmental monitoring & pollution,,,,,,Cross-validation / holdout,,,CHN,Global South,,,,School of Earth Sciences|Marine Academy of Zhejiang Province|College of Information and Management Science|College of Engineering|Ministry of Natural Resources of the People's Republic of China
R00822,2025,P3,2021-2027,An urban building use identification framework based on integrated remote sensing and social sensing data with spatial constraints,10.1080/10095020.2024.2387918,https://www.scopus.com/pages/publications/85201059137?origin=resultslist,Taylor & Francis,10.1080,6,1,0,CHN,Global South,1,0,1,4,1,0,1,2,0,1,2026,Kernel density estimation,CLASSICAL,"Transportation & mobility|Urban studies & planning|Retail & economic geography|Geodesy, remote sensing & earth observation",Remote sensing & earth observation|POI & commercial geodatabases,,Micro / plot / building,,,Accuracy metrics reported,,,CHN,Global South,CHN,,city_region,Key Laboratory of Virtual Geographic Environment (Ministry of Education of PRC)|School of Transportation and Geomatics Engineering|Jiangsu Center for Collaborative Innovation in Geographical Information Resource Development and Application|School of Environment|School of Surveying and Mapping Engineering
R00825,2025,P3,2021-2027,Spatial-temporal quantification of Yangtze River traffic flow using AIS data,10.1016/j.oceaneng.2024.120144,https://www.scopus.com/pages/publications/85212819672?origin=resultslist,Elsevier,10.1016,2,1,0,CHN,Global South,1,0,0,0,0,0,0,0,0,1,1374,,,Transportation & mobility,,,Regional / sub-national,Daily to monthly|Annual to decadal,,,,,CHN,Global South,CHN,,city_region,School of Earth Sciences and Engineering
R00835,2025,P3,2021-2027,Combining InSAR and Time-Series Clustering to Reveal Deformation Patterns of the Heifangtai Loess Terrace,10.3390/rs17030429,https://www.scopus.com/pages/publications/85217867871?origin=resultslist,MDPI,10.3390,3,1,0,CHN,Global South,1,0,0,1,0,0,0,1,0,1,2269,,,"Environmental monitoring & pollution|Disaster risk & hazards|Geodesy, remote sensing & earth observation",Remote sensing & earth observation,,,Annual to decadal,,,,,CHN,Global South,CHN,,disambiguated,School of Geological Engineering and Geomatics|Ministry of Education|Second Monitoring and Application Center
R00838,2025,P3,2021-2027,Spatial distribution and service equity of sports venues in central China,10.3389/feart.2025.1627827,https://www.scopus.com/pages/publications/105013172121?origin=resultslist,Frontiers,10.3389,3,1,0,CHN,Global South,1,0,2,4,2,0,0,2,0,1,1831,Kernel density estimation|Nearest-neighbour analysis,CLASSICAL,Urban studies & planning|Tourism & recreation,Official / administrative records|POI & commercial geodatabases,,Regional / sub-national,,,,,,CHN,Global South,CHN,,disambiguated,School of Physical Education and Health Engineering|Research Center for Socialism with Chinese Characteristics|School of Geography and Ocean Science
R00843,2025,P3,2021-2027,Urban air pollutant mapping and tracing using multi-points in situ measurements combined with clustering and trajectory analysis,10.1007/s10661-025-13927-5,https://www.scopus.com/pages/publications/105000881347?origin=resultslist,Springer Nature (Springer),10.1007,4,1,0,,,,,0,1,0,0,0,1,0,1,1456,,,Transportation & mobility|Urban studies & planning|Environmental monitoring & pollution,Mobile phone & GPS trajectory data,,,,,,,,IDN,Global South,,Global / worldwide,,Research Centre for Testing Technology and Standards|Research Centre for Chemistry|Institut Teknologi Sepuluh Nopember
R00847,2025,P3,2021-2027,Spatiotemporal Analysis of Vineyard Dynamics: UAS-Based Monitoring at the Individual Vine Scale,10.3390/rs17193354,https://www.scopus.com/pages/publications/105018907328?origin=resultslist,MDPI,10.3390,2,1,0,,,,,1,4,1,0,0,2,1,0,3288,Spatial autocorrelation statistics,INFERENTIAL,Urban studies & planning|Ecology & biodiversity|Agriculture & food systems,Remote sensing & earth observation|LiDAR & 3D point clouds,,,,,,Workflow / protocol formalised,,AUT,Global North,,,,
R00854,2025,P3,2021-2027,Combining Simulation Uncertainty and Small-Sample Measurement Through Weighted Gaussian Process Regression for Pulsed E-Field Antenna Calibration,10.1109/TIM.2025.3628423,https://www.scopus.com/pages/publications/105025720657?origin=resultslist,IEEE,10.1109,1,1,0,,,,,1,2,1,0,0,1,0,0,1552,Gaussian processes / NNGP,GEOSTATISTICAL,,Simulated / synthetic data,,,,,,,,CHN,Global South,,,,School of Electrical Engineering
R00855,2025,P3,2021-2027,Association between multidimensional poverty and urban spatial network design: Comparison between theory-driven and data-driven lenses,10.1016/j.apgeog.2025.103578,https://www.scopus.com/pages/publications/86000584427?origin=resultslist,Elsevier,10.1016,2,2,1,KEN,Global South,1,0,1,3,1,0,1,1,0,1,2293,Classical machine learning,LEARNING,Urban studies & planning,Field survey & in-situ sampling,ArcGIS / ArcMap / ArcGIS Pro,,,,Accuracy metrics reported,,,HKG|KEN,Global North|Global South,KEN,,country_name,
R00857,2025,P3,2021-2027,Spatiotemporal Evolution of Anthropogenic Emissions and Their Impact on Air Pollution in Guangdong Province from 2006 to 2020,10.3390/su17114844,https://www.scopus.com/pages/publications/105007698868?origin=resultslist,MDPI,10.3390,2,1,0,CHN,Global South,1,0,3,3,2,0,0,1,0,1,1972,Kernel density estimation|Nearest-neighbour analysis|Standard deviational ellipse / centrography,CLASSICAL,Transportation & mobility|Urban studies & planning|Environmental monitoring & pollution,POI & commercial geodatabases,,Regional / sub-national,Annual to decadal,,,,,CHN,Global South,CHN,,city_region,College of Environment and Climate
R00859,2025,P3,2021-2027,Spatial-Relation-Guided Intelligent Understanding of Complex Railway Tunnel Structures Using Mobile Laser Scanning Data,10.1111/tgis.70038,https://www.scopus.com/pages/publications/105002054786?origin=resultslist,Wiley,10.1111,3,1,0,,,,,0,1,0,0,0,1,0,1,1499,,,"Urban studies & planning|Energy & infrastructure|Geodesy, remote sensing & earth observation",LiDAR & 3D point clouds,,,,,,,,CHN,Global South,,Global / worldwide,,College of Surveying and Geo-Informatics|College of Resource Environment and Tourism
R00873,2025,P3,2021-2027,Study on Spatially Nonstationary Impact on Catering Distribution: A Multiscale Geographically Weighted Regression Analysis Using POI Data,10.3390/ijgi14030119,https://www.scopus.com/pages/publications/105000866072?origin=resultslist,MDPI,10.3390,2,1,0,CHN,Global South,1,0,1,2,1,0,0,1,0,1,1584,Spatial regression / GWR,INFERENTIAL,Transportation & mobility|Urban studies & planning|Retail & economic geography|Tourism & recreation,POI & commercial geodatabases,,,,,,,,CHN,Global South,CHN,,city_region|disambiguated,College of Forestry and Grassland|College of Earth and Environmental Sciences
R00877,2025,P3,2021-2027,Machine Well Screening Method Based on POI Data and DBSCAN Clustering Algorithm,10.1109/LGRS.2025.3546778,https://www.scopus.com/pages/publications/105001653913?origin=resultslist,IEEE,10.1109,5,1,0,CHN,Global South,1,0,1,2,1,0,0,1,0,1,1575,Spatial clustering algorithms,INFERENTIAL,Urban studies & planning|Environmental monitoring & pollution,POI & commercial geodatabases,ArcGIS / ArcMap / ArcGIS Pro,,,,,,,CHN,Global South,CHN,,city_region,College of Agricultural Science and Engineering|Beijing Engineering Research Center for Unconventional Water Resources Development and Utilization|College of Water Resources and Civil Engineering
R00884,2025,P3,2021-2027,Interpretable Machine Learning for Population Spatialization and Optimal Grid Scale Selection in Shanghai,10.3390/app15094755,https://www.scopus.com/pages/publications/105005027896?origin=resultslist,MDPI,10.3390,1,1,0,CHN,Global South,1,0,2,3,2,0,0,1,0,1,1862,Classical machine learning|Explainable AI / interpretable ML,LEARNING,Urban studies & planning|Ecology & biodiversity,POI & commercial geodatabases,,,,,,,,CHN,Global South,CHN,,city_region,School of Mining and Geomatics Engineering
R00889,2025,P3,2021-2027,"A Fully Integrated System: Sentinel-2, Electromagnetic Induction and Laboratory Analyses for Mapping Mediterranean Topsoil Variability",10.3390/app152111796,https://www.scopus.com/pages/publications/105021457606?origin=resultslist,MDPI,10.3390,2,1,0,,,,,1,2,1,0,0,1,0,0,1400,Kriging and variogram geostatistics,GEOSTATISTICAL,"Ecology & biodiversity|Agriculture & food systems|Geodesy, remote sensing & earth observation",Remote sensing & earth observation,,,,,,,,ITA,Global North,,,,PhD School in Agricultural
R00890,2025,P3,2021-2027,Mapping High-Resolution Carbon Emission Spatial Distribution Combined with Carbon Satellite and Muti-Source Data,10.3390/rs17173125,https://www.scopus.com/pages/publications/105015679737?origin=resultslist,MDPI,10.3390,4,2,1,CHN,Global South,1,0,1,3,1,0,0,2,0,1,1802,Spatial clustering algorithms,INFERENTIAL,"Urban studies & planning|Environmental monitoring & pollution|Retail & economic geography|Geodesy, remote sensing & earth observation",Remote sensing & earth observation|POI & commercial geodatabases,,Continental / global,Daily to monthly,,,,,CHN|DEU,Global North|Global South,CHN,,city_region,School of Resources and Geosciences|Key Laboratory of Coalbed Methane Resources and Reservoir Formation Process of the Ministry of Education
R00899,2025,P3,2021-2027,An Ensemble Learning Model Considering Multiple Spatial Proximities and Its Application in the Study of Dust Storm Source Area Susceptibility on the Mongolian Plateau,10.1109/JSTARS.2025.3602836,https://www.scopus.com/pages/publications/105014548058?origin=resultslist,IEEE,10.1109,5,2,1,MNG,Global South,1,0,2,3,2,0,1,0,0,1,1991,Spatial regression / GWR|Classical machine learning,INFERENTIAL|LEARNING,Ecology & biodiversity|Disaster risk & hazards,,,Continental / global,Sub-daily / real-time,,Accuracy metrics reported,,,CHN|MNG,Global South,MNG,Asia (multi-country)|Global / worldwide,demonym,Science College|Chinese Academy of Agricultural Sciences|College of Geographic Science|Mongolian Academy of Sciences
R00906,2025,P3,2021-2027,"Temporal and Spatial Analysis of Deformation and Instability, and Trend Analysis of Step Deformation Landslide",10.3390/w17111684,https://www.scopus.com/pages/publications/105007698174?origin=resultslist,MDPI,10.3390,1,1,0,,,,,1,2,1,0,0,1,0,0,1394,Deep learning,LEARNING,"Disaster risk & hazards|Geodesy, remote sensing & earth observation",Remote sensing & earth observation,,,,,,,,CHN,Global South,,,,
R00916,2025,P3,2021-2027,Unveiling the hidden vitality of block-structured neighborhoods through a multimodal urban perception and ensemble learning framework,10.1080/17538947.2025.2545581,https://www.scopus.com/pages/publications/105013203424?origin=resultslist,Taylor & Francis,10.1080,3,1,0,,,,,0,1,0,0,0,1,0,0,1447,,,Urban studies & planning|Retail & economic geography,POI & commercial geodatabases,,Regional / sub-national,,,,,,CHN,Global South,,,,School of Geographical Science and Remote Sensing|Huangpu Research School of Guangzhou University
R00918,2025,P3,2021-2027,Exploration-Based Statistical Learning for Selecting Kernel Density Estimates of Spatial Point Patterns,10.1111/tgis.70051,https://www.scopus.com/pages/publications/105003719912?origin=resultslist,Wiley,10.1111,3,3,1,LTU,Global North,1,0,2,3,2,0,1,0,0,1,961,Kernel density estimation|Classical machine learning,CLASSICAL|LEARNING,Crime & security,,,,,,Cross-validation / holdout,,,CAN|LTU|USA,Global North,LTU,,country_name,
R00928,2025,P3,2021-2027,Monitoring Policy-Driven Urban Restructuring and Logistics Agglomeration in Zhengzhou Through Multi-Source Remote Sensing: An NTL-POI Integrated Spatiotemporal Analysis,10.3390/rs17173107,https://www.scopus.com/pages/publications/105015789365?origin=resultslist,MDPI,10.3390,2,1,0,CHN,Global South,1,0,3,5,2,0,0,2,1,1,1420,Kernel density estimation|Spatial autocorrelation statistics|Getis-Ord hotspot statistics,CLASSICAL|INFERENTIAL,"Urban studies & planning|Geodesy, remote sensing & earth observation",Remote sensing & earth observation|Mobile phone & GPS trajectory data|POI & commercial geodatabases,,City / metropolitan,,,,Workflow / protocol formalised,,CHN,Global South,CHN,,city_region|disambiguated,School of Geography and Planning|National Ecological Science Data Center Guangdong Branch
R00932,2025,P3,2021-2027,Classification and Analysis of Rock Discontinuities via a 3-D Gaussian Mixture Model Based on 3-D Point Clouds,10.1109/TGRS.2025.3625577,https://www.scopus.com/pages/publications/105020422624?origin=resultslist,IEEE,10.1109,2,1,0,,,,,1,2,1,0,0,1,0,1,1522,Spatial clustering algorithms,INFERENTIAL,Energy & infrastructure,LiDAR & 3D point clouds,,,,,,,,CHN,Global South,,Global / worldwide,,School of Resources and Civil Engineering|School of Geoscience and InfoPhysics
R00934,2025,P3,2021-2027,A hybrid machine learning approach to analyzing the impacts of urban development on land surface temperature and the urban heat island effect in Isfahan,10.1007/s00704-025-05691-w,https://www.scopus.com/pages/publications/105016698359?origin=resultslist,Springer Nature (Springer),10.1007,1,1,0,IRN,Global South,1,0,2,3,2,0,0,1,0,1,1687,Getis-Ord hotspot statistics|Classical machine learning,INFERENTIAL|LEARNING,"Urban studies & planning|Ecology & biodiversity|Agriculture & food systems|Geodesy, remote sensing & earth observation",Remote sensing & earth observation,,,Daily to monthly|Annual to decadal,,,,,IRN,Global South,IRN,,city_region,College of Social Science
R00940,2025,P3,2021-2027,Spatial Analysis of Urban Expansion and Energy Consumption Using Nighttime Light Data: A Comparative Study of Google Earth Engine and Traditional Methods for Improved Living Spaces,10.3390/ijgi14040178,https://www.scopus.com/pages/publications/105003554815?origin=resultslist,MDPI,10.3390,3,1,0,THA,Global South,1,0,1,4,1,0,2,1,0,1,1978,Spatial clustering algorithms,INFERENTIAL,"Urban studies & planning|Energy & infrastructure|Geodesy, remote sensing & earth observation",Remote sensing & earth observation,Google Earth Engine,City / metropolitan|Regional / sub-national,,,Accuracy metrics reported|Independent / ground-truth validation,,,THA,Global South,THA,,city_region,School of Information and Communication Technology
R00950,2025,P3,2021-2027,Spatial Distribution and Elements of Industrial Agglomeration of Construction and Demolition Waste Disposal Facility: A Case Study of 12 Cities in China,10.3390/buildings15040617,https://www.scopus.com/pages/publications/85218642426?origin=resultslist,MDPI,10.3390,2,1,0,CHN,Global South,1,0,2,3,2,0,0,1,0,1,3102,Spatial regression / GWR|Real-time and streaming spatial analytics,INFERENTIAL|REALTIME,Transportation & mobility|Urban studies & planning|Environmental monitoring & pollution,POI & commercial geodatabases,ArcGIS / ArcMap / ArcGIS Pro,City / metropolitan,,,,,,CHN,Global South,CHN,Global / worldwide,city_region|disambiguated,School of Civil Engineering and Transportation
R00952,2025,P3,2021-2027,Exploring the main and interactive effects of urban morphology on land surface temperature across different functional zones: A local geoshapley analysis based on XAI,10.1016/j.scs.2025.106913,https://www.scopus.com/pages/publications/105020376506?origin=resultslist,Elsevier,10.1016,1,1,0,CHN,Global South,1,0,2,4,2,0,0,2,0,1,2490,Classical machine learning|Explainable AI / interpretable ML,LEARNING,Urban studies & planning|Ecology & biodiversity,Remote sensing & earth observation|POI & commercial geodatabases,,City / metropolitan,Daily to monthly,,,,,CHN,Global South,CHN,,city_region,College of Architecture and Urban Planning
R00959,2025,P3,2021-2027,An efficient semi-automated characterization of rock mass discontinuities from 3D point clouds based on Nutcracker Optimization Algorithm-improved probabilistic neural network,10.1007/s10064-025-04227-w,https://www.scopus.com/pages/publications/105001595018?origin=resultslist,Springer Nature (Springer),10.1007,1,1,0,,,,,2,3,2,0,0,1,0,0,1787,Spatial clustering algorithms|Deep learning,INFERENTIAL|LEARNING,,LiDAR & 3D point clouds,,,,,,,,CHN,Global South,,,,
R00963,2025,P3,2021-2027,A deep learning method for 3D geological modeling using ET4DD with offset-attention mechanism,10.1016/j.cageo.2025.105929,https://www.scopus.com/pages/publications/105000679596?origin=resultslist,Elsevier,10.1016,4,1,0,CHN,Global South,1,0,2,4,2,0,2,0,0,1,1695,Classical machine learning|Deep learning,LEARNING,,,,Regional / sub-national,,,Cross-validation / holdout|Accuracy metrics reported,,,CHN,Global South,CHN,,city_region|disambiguated,School of Geography and Information Engineering|School of Computer Science|National Engineering Research Center for Geographic Information System
R00964,2025,P3,2021-2027,Enhanced scan statistic with tightened window for detecting irregularly shaped hotspots,10.1080/13658816.2024.2399144,https://www.scopus.com/pages/publications/85203044627?origin=resultslist,Taylor & Francis,10.1080,4,1,0,,,,,1,2,1,0,0,1,0,0,1364,Space-time scan statistics,INFERENTIAL,Transportation & mobility|Retail & economic geography,Simulated / synthetic data,,,,,,,,CHN,Global South,,,,Chinese Academy of Sciences|University of Chinese Academy of Sciences|Jiangsu Center for Collaborative Innovation in Geographical Information Resource Development and Application|College of Earth and Environmental Sciences
R00965,2025,P3,2021-2027,A Big Data Approach for the Regional-Scale Spatial Pattern Analysis of Amazonian Palm Locations,10.3390/rs17050784,https://www.scopus.com/pages/publications/86000756102?origin=resultslist,MDPI,10.3390,2,1,0,GUY,Global South,0,1,2,4,2,0,1,1,0,1,1530,Ripley's K / second-order PPA|Spatial clustering algorithms,CLASSICAL|INFERENTIAL,Ecology & biodiversity,Remote sensing & earth observation,,Micro / plot / building|Regional / sub-national,,,Cross-validation / holdout,,,USA,Global North,GUY|BRA,Latin America (multi-country),city_region|country_name,School of Economic
R00971,2025,P3,2021-2027,Geospatial digital mapping of soil organic carbon using machine learning and geostatistical methods in different land uses,10.1038/s41598-025-88062-9,https://www.scopus.com/pages/publications/85218227801?origin=resultslist,Springer Nature (Nature Portfolio),10.1038,2,1,0,IRN,Global South,1,0,2,4,2,0,1,1,0,1,2175,Kriging and variogram geostatistics|Classical machine learning,GEOSTATISTICAL|LEARNING,Urban studies & planning|Environmental monitoring & pollution|Ecology & biodiversity,Field survey & in-situ sampling,,Regional / sub-national,,,Accuracy metrics reported,,,IRN,Global South,IRN,,city_region|country_name,Agriculture and Natural Resource Research and Education Research Center of Kermanshah
R00980,2025,P3,2021-2027,Machine Learning-Enhanced 3D GIS Urban Noise Mapping with Multi-Modal Factors,10.3390/ijgi14060223,https://www.scopus.com/pages/publications/105009071320?origin=resultslist,MDPI,10.3390,4,1,0,,,,,1,1,1,0,0,0,0,0,1765,Classical machine learning,LEARNING,Transportation & mobility|Urban studies & planning|Environmental monitoring & pollution,,,,,,,,,CHN,Global South,,,,School of Smart City|Technology Innovation Center for Spatio-Temporal Information and Equipment of Intelligent City|School of Architecture and Urban Planning|China Academy of Urban Planning and Design
R00985,2025,P3,2021-2027,Spatial Distribution and Influencing Factors of Leisure Agriculture Resources in Southern Jiangsu Region Based on Multi-Source Data,10.3390/land14091879,https://www.scopus.com/pages/publications/105017248811?origin=resultslist,MDPI,10.3390,2,2,1,CHN,Global South,1,0,2,3,2,0,0,1,0,1,1523,Kernel density estimation|Nearest-neighbour analysis,CLASSICAL,Transportation & mobility|Urban studies & planning|Agriculture & food systems,POI & commercial geodatabases,,City / metropolitan|Regional / sub-national,,,,,,CHN|USA,Global North|Global South,CHN,,city_region|disambiguated,College of Horticulture and Landscape Architecture
R00986,2025,P3,2021-2027,Toward satisfactory public accessibility: A crowdsourcing approach through online reviews to inclusive urban design,10.1016/j.compenvurbsys.2025.102329,https://www.scopus.com/pages/publications/105014001395?origin=resultslist,Elsevier,10.1016,7,1,0,USA,Global North,1,0,2,3,2,0,0,1,0,1,1628,Spatial regression / GWR|Geospatial foundation / LLM models,INFERENTIAL|LEARNING,Urban studies & planning|Retail & economic geography|Tourism & recreation|Social media & digital society,Volunteered geographic information,,,,,,,,USA,Global North,USA,,country_name,College Park|College Station
R00988,2025,P3,2021-2027,Crime risk assessment through Cox and self-exciting spatio-temporal point processes,10.1007/s00477-024-02857-2,https://www.scopus.com/pages/publications/85208994868?origin=resultslist,Springer Nature (Springer),10.1007,4,3,1,ECU,Global South,1,0,2,2,2,0,0,0,0,1,1586,Point process models (Poisson/Cox/Hawkes)|Bayesian hierarchical spatial models,INFERENTIAL,Crime & security|Urban studies & planning|Disaster risk & hazards,,,City / metropolitan,Annual to decadal,,,,,ECU|ESP|IDN,Global North|Global South,ECU,,country_name,Institut Teknologi Sepuluh Nopember
R00992,2025,P3,2021-2027,Simulation-Tested Spatial Association Mining of Co-Location Patterns From Multiple Point-Feature Classes,10.1111/tgis.70145,https://www.scopus.com/pages/publications/105021318863?origin=resultslist,Wiley,10.1111,1,1,0,USA,Global North,1,0,1,2,1,0,0,1,0,1,1175,Ripley's K / second-order PPA,CLASSICAL,Urban studies & planning|Energy & infrastructure,POI & commercial geodatabases,,City / metropolitan,,,,,,USA,Global North,USA,,city_region,
R00993,2025,P3,2021-2027,Deformation-Related Data Mining and Movement Patterns of the Huangtupo Landslide in the Three Gorges Reservoir Area of China,10.3390/app15074018,https://www.scopus.com/pages/publications/105002281262?origin=resultslist,MDPI,10.3390,4,1,0,CHN,Global South,1,0,1,1,1,0,0,0,0,1,2463,Spatial clustering algorithms,INFERENTIAL,Disaster risk & hazards|Energy & infrastructure,,,,,,,,,CHN,Global South,CHN,,city_region|disambiguated,Key Laboratory of Geological Survey and Evaluation of Ministry of Education|College of Marine Science and Technology
R01001,2024,P3,2021-2027,"Modelling Salmonella Typhi in high-density urban Blantyre neighbourhood, Malawi, using point pattern methods",10.1038/s41598-024-66436-9,https://www.scopus.com/pages/publications/85199763767?origin=resultslist,Springer Nature (Nature Portfolio),10.1038,16,5,1,MWI,Global South,1,0,1,1,1,0,0,0,0,1,1015,Point process models (Poisson/Cox/Hawkes),INFERENTIAL,Public health & epidemiology|Urban studies & planning,,,,,,,,,GBR|MWI|USA|NPL|BGD,Global North|Global South,MWI,,country_name,The Centre for Health Informatics|School of Global and Public Health|Liverpool School of Tropical Medicine|University College London|Patan Academy of Health Sciences|NIHR Oxford Biomedical Research Centre|International Centre for Diarrhoeal Disease Research|Nepal Family Development Foundation
R01004,2024,P3,2021-2027,Learning the spatial co-occurrence for browsing interests extraction of domain users on public map service platforms,10.1080/10095020.2022.2140078,https://www.scopus.com/pages/publications/85142202134?origin=resultslist,Taylor & Francis,10.1080,6,1,0,,,,,1,1,1,0,0,0,0,0,1455,Nearest-neighbour analysis,CLASSICAL,Urban studies & planning,,,,,,,,,CHN,Global South,,,,Collaborative Innovation Center of Geospatial Technology|National Geomatics Center of China|School of Geomatics and Urban Spatial Information
R01008,2024,P3,2021-2027,Enhancing Detailed Planning from Functional Mix Perspective with Spatial Analysis and Multiscale Geographically Weighted Regression: A Case Study in Shanghai Central Region,10.3390/land13122154,https://www.scopus.com/pages/publications/85213240197?origin=resultslist,MDPI,10.3390,3,1,0,CHN,Global South,1,0,1,2,1,0,0,0,1,1,1795,Spatial regression / GWR,INFERENTIAL,Urban studies & planning,,,City / metropolitan,Sub-daily / real-time,,,Workflow / protocol formalised,,CHN,Global South,CHN,,city_region,College of Architecture and Urban Planning|Ministry of Natural Resources|Ministry of Education
R01012,2024,P3,2021-2027,A nonparametric approach for detecting urban polycentric spatial structure in China using remote sensing nighttime light and point of interest data,10.1080/15481603.2024.2383461,https://www.scopus.com/pages/publications/85199567789?origin=resultslist,Taylor & Francis,10.1080,2,1,0,CHN,Global South,1,0,1,3,1,0,0,2,0,1,1744,Spatial autocorrelation statistics,INFERENTIAL,"Urban studies & planning|Geodesy, remote sensing & earth observation",Remote sensing & earth observation|Mobile phone & GPS trajectory data|POI & commercial geodatabases,,,,,,,,CHN,Global South,CHN,,disambiguated,School of Geography and Tourism
R01022,2024,P3,2021-2027,Monitoring and Cause Analysis of Land Subsidence along the Yangtze River Utilizing Time-Series InSAR,10.3390/ijgi13070230,https://www.scopus.com/pages/publications/85199488658?origin=resultslist,MDPI,10.3390,3,1,0,CHN,Global South,1,0,0,1,0,0,0,1,0,1,1369,,,"Urban studies & planning|Geodesy, remote sensing & earth observation",Remote sensing & earth observation,,,,,,,,CHN,Global South,CHN,,city_region,College of Civil Engineering|Ministry of Education|School of Earth Sciences and Engineering
R01026,2024,P3,2021-2027,Robust minimum divergence estimation in a spatial Poisson point process,10.1016/j.ecoinf.2024.102569,https://www.scopus.com/pages/publications/85189284530?origin=resultslist,Elsevier,10.1016,3,1,0,JPN,Global North,1,0,1,1,1,0,0,0,0,1,819,Point process models (Poisson/Cox/Hawkes),INFERENTIAL,Ecology & biodiversity,,,,,,,,,JPN,Global North,JPN,,country_name,School of medicine
R01029,2024,P3,2021-2027,Dealing with location uncertainty for modeling network-constrained lattice data,10.1016/j.spasta.2023.100807,https://www.scopus.com/pages/publications/85181713008?origin=resultslist,Elsevier,10.1016,1,1,0,ESP,Global North,1,0,1,2,1,0,0,1,0,1,1613,Network-constrained point analysis,NETWORK,Transportation & mobility|Urban studies & planning,Simulated / synthetic data,,Neighbourhood / local|City / metropolitan,,,,,,ESP,Global North,ESP,,city_region|country_name,
R01034,2024,P3,2021-2027,Assessment and mapping of noise pollution in recreation spaces using geostatistic method after COVID-19 lockdown in Turkey,10.1007/s11356-024-33434-3,https://www.scopus.com/pages/publications/85191726509?origin=resultslist,Springer Nature (Springer),10.1007,4,2,1,TUR,Global South,1,0,1,1,1,0,0,0,0,1,1811,Kriging and variogram geostatistics,GEOSTATISTICAL,Public health & epidemiology|Transportation & mobility|Urban studies & planning|Environmental monitoring & pollution|Tourism & recreation,,,,,,,,,TUR|USA,Global North|Global South,TUR,,city_region,Vocational School of Serik G-S. Sural|The Design School
R01037,2024,P3,2021-2027,Integrating street-view imagery and points of interest for refining population spatialization: A case study in Wuhan City,10.1016/j.scs.2024.105883,https://www.scopus.com/pages/publications/85206157565?origin=resultslist,Elsevier,10.1016,5,1,0,CHN,Global South,1,0,1,3,1,0,0,2,0,1,1530,Classical machine learning,LEARNING,"Urban studies & planning|Ecology & biodiversity|Tourism & recreation|Geodesy, remote sensing & earth observation",Remote sensing & earth observation|POI & commercial geodatabases,,Neighbourhood / local,,,,,,CHN,Global South,CHN,,city_region,School of Remote Sensing and Information Engineering|Collaborative Innovation Center of Geospatial Technology|National Engineering Research Center of Geographic Information System
R01045,2024,P3,2021-2027,Identification of Land Use Mix Using Point-Based Geospatial Data in Urban Areas,10.3390/app14166871,https://www.scopus.com/pages/publications/85202056059?origin=resultslist,MDPI,10.3390,2,2,1,TUR,Global South,1,0,2,4,2,0,1,1,0,1,1361,Spatial autocorrelation statistics|Deterministic interpolation,GEOSTATISTICAL|INFERENTIAL,Public health & epidemiology|Urban studies & planning,POI & commercial geodatabases,,,,,Accuracy metrics reported,,,TUR|USA,Global North|Global South,TUR,,city_region,Graduate School of Informatics|Colorado School of Mines
R01047,2024,P3,2021-2027,Urban Complexity and the Dynamic Evolution of Urban Land Functions in Yiwu City: A Micro-Analysis with Multi-Source Big Data,10.3390/land13030312,https://www.scopus.com/pages/publications/85189157892?origin=resultslist,MDPI,10.3390,2,1,0,,,,,1,3,1,0,0,2,0,0,2645,Classical machine learning,LEARNING,"Urban studies & planning|Retail & economic geography|Geodesy, remote sensing & earth observation",Remote sensing & earth observation|POI & commercial geodatabases,,City / metropolitan,,,,,,CHN,Global South,,,,College of Surveying and Geo-Informatics
R01060,2024,P3,2021-2027,"Refined Identification of Urban Functional Zones Integrating Multisource Data Features: A Case Study of Lanzhou, China",10.3390/su16208957,https://www.scopus.com/pages/publications/85207343240?origin=resultslist,MDPI,10.3390,5,1,0,CHN,Global South,1,0,1,3,1,0,1,1,0,1,1480,Kernel density estimation,CLASSICAL,Urban studies & planning,POI & commercial geodatabases,,,,,Accuracy metrics reported,,,CHN,Global South,CHN,,city_region|disambiguated,National-Local Joint Engineering Research Center of Technologies and Applications for National Geographic State Monitoring|School of Architecture and Urban Planning|School of Management
R01064,2024,P3,2021-2027,Detecting common features from point patterns for similarity measurement using matrix decomposition,10.1080/15230406.2022.2125078,https://www.scopus.com/pages/publications/85152457858?origin=resultslist,Taylor & Francis,10.1080,2,1,0,,,,,1,1,1,0,0,0,0,0,1309,Quadrat / intensity analysis,CLASSICAL,Transportation & mobility,,,,,,,,,CHN,Global South,,,,School of Geography and Information Engineering|National Engineering Research Center for Geographic Information System
R01067,2024,P3,2021-2027,Dissecting glial scar formation by spatial point pattern and topological data analysis,10.1038/s41598-024-69426-z,https://www.scopus.com/pages/publications/85201375124?origin=resultslist,Springer Nature (Nature Portfolio),10.1038,3,2,1,,,,,0,1,0,0,0,0,1,0,1240,,,,,R (base/tidyverse),,,,,Workflow / protocol formalised,,CAN|USA,Global North,,,,Research Center of CHU de Québec-Université Laval|Yale School of Medicine
R01068,2024,P3,2021-2027,Multi-attribute diagnosis of urban flood-bearing bodies based on integrated learning with Stacking–GPR–QPSO coupling,10.1016/j.jhydrol.2024.132222,https://www.scopus.com/pages/publications/85206971389?origin=resultslist,Elsevier,10.1016,3,1,0,CHN,Global South,1,0,2,3,2,0,0,1,0,1,1706,Gaussian processes / NNGP|Real-time and streaming spatial analytics,GEOSTATISTICAL|REALTIME,Urban studies & planning|Disaster risk & hazards,POI & commercial geodatabases,,,Sub-daily / real-time|Multi-decadal / historical,,,,,CHN,Global South,CHN,,city_region|disambiguated,Ministry of Water Resources (Under Construction)|School of Water Conservancy and Transportation
R01069,2024,P3,2021-2027,Development of HTC-DBSCAN: A Hierarchical Trajectory Clustering Algorithm with Automated Parameter Tuning,10.3390/app142310995,https://www.scopus.com/pages/publications/85211937732?origin=resultslist,MDPI,10.3390,2,1,0,,,,,1,2,1,0,0,1,0,0,1428,Spatial clustering algorithms,INFERENTIAL,,Mobile phone & GPS trajectory data,,,,,,,,KOR,Global North,,,,Graduate School of Maritime Transportation System
R01071,2024,P3,2021-2027,High-resolution comprehensive regional development mapping using multisource geographic data,10.1016/j.scs.2024.105670,https://www.scopus.com/pages/publications/85199281634?origin=resultslist,Elsevier,10.1016,4,1,0,CHN,Global South,1,0,1,3,1,0,0,2,0,1,1917,Spatial autocorrelation statistics,INFERENTIAL,Urban studies & planning|Social media & digital society,Remote sensing & earth observation|Volunteered geographic information|POI & commercial geodatabases,,Micro / plot / building,,,,,,CHN,Global South,CHN,,disambiguated,School of Remote Sensing and Geomatics Engineering|School of Electronic Information|School of Computer Science
R01076,2024,P3,2021-2027,Optimizing Kernel Density Estimation Bandwidth for Road Traffic Accident Hazard Identification: A Case Study of the City of London,10.3390/su16166969,https://www.scopus.com/pages/publications/85202611400?origin=resultslist,MDPI,10.3390,2,1,0,GBR,Global North,0,0,3,3,2,0,0,0,1,1,1715,Kernel density estimation|Nearest-neighbour analysis|Spatial autocorrelation statistics,CLASSICAL|INFERENTIAL,Transportation & mobility|Urban studies & planning|Disaster risk & hazards,,ArcGIS / ArcMap / ArcGIS Pro,City / metropolitan,,,,Workflow / protocol formalised,,CHN,Global South,GBR,,city_region,School of the Environment and Safety Engineering|School of the Emergency Management
R01078,2024,P3,2021-2027,"High-resolution carbon emission mapping and spatial-temporal analysis based on multi-source geographic data: A case study in Xi'an City, China",10.1016/j.envpol.2024.124879,https://www.scopus.com/pages/publications/85203013173?origin=resultslist,Elsevier,10.1016,2,1,0,CHN,Global South,1,0,1,2,1,0,0,1,0,1,1875,Spatial autocorrelation statistics,INFERENTIAL,Urban studies & planning|Environmental monitoring & pollution,POI & commercial geodatabases,,City / metropolitan,,,,,,CHN,Global South,CHN,Global / worldwide,city_region|disambiguated,School of Land Engineering
R01081,2024,P3,2021-2027,Climate covariate selection influences MaxEnt model predictions and predictive accuracy under current and future climates,10.1016/j.ecolmodel.2024.110872,https://www.scopus.com/pages/publications/85203648216?origin=resultslist,Elsevier,10.1016,1,1,0,,,,,1,1,1,0,0,0,0,0,1706,Classical machine learning,LEARNING,Ecology & biodiversity|Agriculture & food systems,,,,,,,,,ZAF,Global South,,,,Centre for Biological Control
R01090,2024,P3,2021-2027,Urban Fire Risk Dynamics and Mitigation Strategies in Shanghai: Integrating Spatial Analysis and Game Theory,10.3390/land13081125,https://www.scopus.com/pages/publications/85202612869?origin=resultslist,MDPI,10.3390,1,1,0,CHN,Global South,1,0,1,1,1,0,0,0,0,1,1773,Kernel density estimation,CLASSICAL,"Urban studies & planning|Disaster risk & hazards|Geodesy, remote sensing & earth observation",,,City / metropolitan,Daily to monthly|Annual to decadal,,,,,CHN,Global South,CHN,,city_region,College of Architecture and Urban Planning
R01092,2024,P3,2021-2027,"County Town Comprehensive Service Functions in China: Measurement, Spatio-Temporal Divergence Evolution, and Heterogeneity of Influencing Factors",10.3390/su16072869,https://www.scopus.com/pages/publications/85190242863?origin=resultslist,MDPI,10.3390,2,1,0,CHN,Global South,1,0,3,3,2,0,0,1,0,1,2625,Getis-Ord hotspot statistics|Spatial regression / GWR|Classical machine learning,INFERENTIAL|LEARNING,Urban studies & planning|Ecology & biodiversity,POI & commercial geodatabases,,,,,,,,CHN,Global South,CHN,,disambiguated,College of Geographical Sciences
R01094,2024,P3,2021-2027,Integrated species distribution models to account for sampling biases and improve range-wide occurrence predictions,10.1111/geb.13792,https://www.scopus.com/pages/publications/85178221003?origin=resultslist,Wiley,10.1111,4,2,1,,,,,0,1,0,0,1,0,0,1,2113,,,Ecology & biodiversity,,,Neighbourhood / local,,,Cross-validation / holdout,,,USA|FIN,Global North,,Latin America (multi-country),,Center for Biodiversity and Global Change|Research Center for Ecological Change|Eversource Energy Center
R01099,2024,P3,2021-2027,A joint model for the estimation of species distributions and environmental characteristics from point-referenced data,10.1371/journal.pone.0304942,https://www.scopus.com/pages/publications/85196797803?origin=resultslist,PLOS,10.1371,6,2,1,NLD,Global North,1,0,1,2,1,0,1,0,0,1,2125,Bayesian hierarchical spatial models,INFERENTIAL,Ecology & biodiversity,,,,,,Cross-validation / holdout,,,NLD|BEL,Global North,NLD,,country_name|demonym,Centre for Environmental Quality|Naturalis Biodiversity Center|Interfaculty School of Bioengineering
R01109,2024,P3,2021-2027,Identification and Evaluation of Representative Places in Cities Using Multisource Data: Focusing on Human Perception,10.3390/su16198299,https://www.scopus.com/pages/publications/85206593355?origin=resultslist,MDPI,10.3390,1,1,0,CHN,Global South,1,0,1,3,1,0,0,2,0,1,1890,Deep learning,LEARNING,Urban studies & planning|Social media & digital society,Social-media & geosocial data|POI & commercial geodatabases,,,,,,,,CHN,Global South,CHN,,city_region|disambiguated,School of Architecture
R01126,2024,P3,2021-2027,Spatial source apportionment of airborne coarse particulate matter using PMF-Bayesian receptor model,10.1016/j.scitotenv.2024.170235,https://www.scopus.com/pages/publications/85183871041?origin=resultslist,Elsevier,10.1016,4,1,0,CHN,Global South,1,0,0,0,0,0,0,0,0,1,1473,,,Urban studies & planning|Environmental monitoring & pollution,,,,Annual to decadal,,,,,CHN,Global South,CHN,,demonym,College of Environmental Science and Engineering|University of Chinese Academy of Sciences
R01133,2024,P3,2021-2027,Presence-Only for Marked Point Process Under Preferential Sampling,10.1007/s13253-023-00558-x,https://www.scopus.com/pages/publications/85165630866?origin=resultslist,Springer Nature (Springer),10.1007,3,1,0,,,,,2,2,2,0,0,0,0,0,1693,Point process models (Poisson/Cox/Hawkes)|Kriging and variogram geostatistics,GEOSTATISTICAL|INFERENTIAL,Public health & epidemiology|Ecology & biodiversity|Retail & economic geography,,,,,,,,,PRT,Global North,,,,
R01135,2024,P3,2021-2027,Advances in Kth nearest-neighbour clutter removal,10.1007/s10651-023-00588-1,https://www.scopus.com/pages/publications/85182993313?origin=resultslist,Springer Nature (Springer),10.1007,1,1,0,,,,,0,0,0,0,0,0,0,0,1060,,,,,,,,,,,,ITA,Global North,,,,
R01140,2024,P3,2021-2027,Spatial analysis of modern contraceptive use among women who need it in Ethiopia: Using geo-referenced data from performance monitoring for action,10.1371/journal.pone.0297818,https://www.scopus.com/pages/publications/85189293426?origin=resultslist,PLOS,10.1371,5,3,1,ETH,Global South,1,0,1,1,1,0,0,0,0,1,3201,Kriging and variogram geostatistics,GEOSTATISTICAL,Public health & epidemiology|Urban studies & planning,,,,,,,,,ETH|SAU|USA,Global North|Global South,ETH,,city_region|country_name,School of Public Health|Johns Hopkins Bloomberg School of Public Health
R01150,2024,P3,2021-2027,Variable selection methods for Log-Gaussian Cox processes: A case-study on accident data,10.1016/j.spasta.2024.100831,https://www.scopus.com/pages/publications/85191356621?origin=resultslist,Elsevier,10.1016,1,1,0,FRA,Global North,1,0,2,2,2,0,0,0,0,1,1090,Point process models (Poisson/Cox/Hawkes)|Classical machine learning,INFERENTIAL|LEARNING,Transportation & mobility|Urban studies & planning|Ecology & biodiversity,,,,,,,,,FRA,Global North,FRA,Global / worldwide,country_name,
R01151,2024,P3,2021-2027,Evaluating the Spatial Heterogeneity and Driving Factors of Sustainable Development Level in Chengdu with Point of Interest Data and Geographic Detector Model,10.3390/land13071018,https://www.scopus.com/pages/publications/85199774151?origin=resultslist,MDPI,10.3390,5,3,1,CHN,Global South,1,0,2,3,2,0,0,1,0,1,2648,Spatial clustering algorithms|Classical machine learning,INFERENTIAL|LEARNING,Urban studies & planning,POI & commercial geodatabases,,,,,,,,CHN|GBR|HKG,Global North|Global South,CHN,,city_region|disambiguated,School of Economics and Finance|School of Economics and Business Administration|School of English|University College London|School of Graduate Studies
R01153,2024,P3,2021-2027,A Python package for the local multiscale analysis of spatial point processes (LomPy),10.1177/23998083231225990,https://www.scopus.com/pages/publications/85182847910?origin=resultslist,SAGE,10.1177,3,1,0,,,,,0,2,0,0,0,0,2,0,1468,,,Urban studies & planning,,Python (scientific stack),,,,,Code or software shared|Workflow / protocol formalised,,FRA,Global North,,,,
R01166,2024,P3,2021-2027,"Spatial Distribution Characteristics of Leisure Urban Spaces and the Correlation with Population Activity Intensity: A Case Study of Nanjing, China",10.3390/su16167160,https://www.scopus.com/pages/publications/85202595892?origin=resultslist,MDPI,10.3390,1,1,0,CHN,Global South,0,0,2,2,2,0,0,0,0,1,1657,Kernel density estimation|Nearest-neighbour analysis,CLASSICAL,Urban studies & planning,,,City / metropolitan,,,,,,MYS,Global South,CHN,,city_region|disambiguated,
R01181,2025,P3,2021-2027,"Comparison of kriging methods in rainfall estimation based on entropy-copula (case study: Simineh river, lake Urmia Basin, Iran)",10.1007/s12145-024-01537-7,https://www.scopus.com/pages/publications/85212791824?origin=resultslist,Springer Nature (Springer),10.1007,3,1,0,IRN,Global South,1,0,1,2,1,0,1,0,0,1,2291,Kriging and variogram geostatistics,GEOSTATISTICAL,,,MATLAB,Regional / sub-national,Daily to monthly|Annual to decadal,,Accuracy metrics reported,,,IRN,Global South,IRN,Global / worldwide,city_region|country_name,College of Agriculture
R01193,2024,P3,2021-2027,Inhomogeneous log-Gaussian Cox processes with piecewise constant covariates: a case study in modeling of COVID-19 transmission risk in East Java,10.1007/s00477-024-02720-4,https://www.scopus.com/pages/publications/85191045086?origin=resultslist,Springer Nature (Springer),10.1007,2,2,1,IDN,Global South,1,0,2,2,2,0,0,0,0,1,1329,Quadrat / intensity analysis|Point process models (Poisson/Cox/Hawkes),CLASSICAL|INFERENTIAL,Public health & epidemiology,,,,,,,,,IDN|ESP,Global North|Global South,IDN,,city_region|country_name,Institut Teknologi Sepuluh Nopember
R01196,2024,P3,2021-2027,Deciphering cell to cell spatial relationship for pathology images using SpatialQPFs,10.1038/s41598-024-81383-1,https://www.scopus.com/pages/publications/85210580113?origin=resultslist,Springer Nature (Nature Portfolio),10.1038,1,1,0,,,,,1,3,1,0,0,0,2,0,2053,Kriging and variogram geostatistics,GEOSTATISTICAL,,,R (base/tidyverse),,,,,Code or software shared|Workflow / protocol formalised,,USA,Global North,,,,
R01198,2024,P3,2021-2027,A simulation study comparing common methods for analyzing species–habitat associations of plants,10.1111/jvs.13243,https://www.scopus.com/pages/publications/85187903772?origin=resultslist,Wiley,10.1111,3,2,1,,,,,0,1,0,0,0,1,0,0,1619,,,Ecology & biodiversity,Simulated / synthetic data,,,,,,,,DEU|AUT,Global North,,,,Centre of Biodiversity and Sustainable Land Use (CBL)
R01199,2024,P3,2021-2027,"Trip Purpose Inference and Spatio-Temporal Characterization Based on Anonymized Trip Data: Empirical Study from Dockless Shared Bicycle Dataset in Xi’an, China",10.1177/03611981231225654,https://www.scopus.com/pages/publications/85185697253?origin=resultslist,SAGE,10.1177,4,2,1,CHN,Global South,1,0,0,2,0,0,0,2,0,1,1752,,,Transportation & mobility|Urban studies & planning,Mobile phone & GPS trajectory data|Sensor networks & IoT|POI & commercial geodatabases,,City / metropolitan,,,,,Privacy / confidentiality,CHN|USA,Global North|Global South,CHN,,disambiguated,College of Transport Engineering|Engineering Research Center of Highway Infrastructure Digitalization
R01201,2024,P3,2021-2027,Assessing forest fire dynamics and risk zones in Central Indian forests: a comparative study of the Khandwa and North Betul forest divisions of Madhya Pradesh,10.1007/s10661-024-12960-0,https://www.scopus.com/pages/publications/85201254498?origin=resultslist,Springer Nature (Springer),10.1007,3,1,0,IND,Global South,1,0,2,3,2,0,0,1,0,1,2186,Kernel density estimation|Spatial autocorrelation statistics,CLASSICAL|INFERENTIAL,"Ecology & biodiversity|Disaster risk & hazards|Geodesy, remote sensing & earth observation",Remote sensing & earth observation,,,,,,,,IND,Global South,IND,,demonym|disambiguated,School of Humanities and Social Sciences
R01205,2024,P3,2021-2027,An examination and analysis of the clustering of healthcare centers and their spatial accessibility in Tehran metropolis: Insights from Google POI data,10.1016/j.scs.2024.105845,https://www.scopus.com/pages/publications/85208231476?origin=resultslist,Elsevier,10.1016,3,2,1,IRN,Global South,1,0,0,1,0,0,0,1,0,1,1551,,,Urban studies & planning,POI & commercial geodatabases,,,,,,,,IRN|IRL,Global North|Global South,IRN,,city_region,School of History and Geography|Social Determinants of Health Research Center
R01212,2024,P3,2021-2027,Variability of Interpolation Errors and Mutual Enhancement of Different Interpolation Methods,10.3390/app142411493,https://www.scopus.com/pages/publications/85213244501?origin=resultslist,MDPI,10.3390,1,1,0,CHN,Global South,1,0,3,3,2,0,1,0,0,1,2354,Getis-Ord hotspot statistics|Kriging and variogram geostatistics|Deterministic interpolation,GEOSTATISTICAL|INFERENTIAL,Urban studies & planning|Environmental monitoring & pollution,,,Regional / sub-national,,,Accuracy metrics reported,,,CHN,Global South,CHN,,city_region,School of Geographical Sciences
R01221,2024,P3,2021-2027,Point Pattern Analysis (PPA) as a tool for reproducible archaeological site distribution analyses and location processes in early iron age south-west Germany,10.1371/journal.pone.0297931,https://www.scopus.com/pages/publications/85187664012?origin=resultslist,PLOS,10.1371,5,3,1,DEU,Global North,1,0,0,1,0,0,0,0,1,1,1454,,,Ecology & biodiversity,,,Regional / sub-national,,,,Workflow / protocol formalised,,DEU|CHE|FIN,Global North,DEU,,country_name,
R01223,2024,P3,2021-2027,Conditional generative adversarial networks for groundwater contamination characterization and source identification,10.1016/j.jhydrol.2024.130900,https://www.scopus.com/pages/publications/85185405906?origin=resultslist,Elsevier,10.1016,4,2,1,,,,,3,2,2,0,0,0,0,0,1829,Kriging and variogram geostatistics|Deterministic interpolation|Deep learning,GEOSTATISTICAL|LEARNING,Transportation & mobility|Environmental monitoring & pollution,,,,,,,,Surveillance / algorithmic bias,CHN|HKG,Global North|Global South,,,,College of Environmental and Resource Sciences|Zhejiang Ecological Civilization Academy|The Hong Kong Polytechnic University
R01226,2024,P3,2021-2027,Spatial distribution characteristics and influencing factors of tourism resources based on point of interest data,10.1371/journal.pone.0310487,https://www.scopus.com/pages/publications/85204418385?origin=resultslist,PLOS,10.1371,2,1,0,,,,,1,2,1,0,0,1,0,0,1800,Nearest-neighbour analysis,CLASSICAL,Urban studies & planning|Tourism & recreation,POI & commercial geodatabases,,City / metropolitan,,,,,,CHN,Global South,,,,Zhejiang Industry Polytechnic College|Digital Economy and Trade College
R01231,2024,P3,2021-2027,Can the best management practices resist the combined effects of climate and land-use changes on non-point source pollution control?,10.1016/j.scitotenv.2024.174260,https://www.scopus.com/pages/publications/85197347017?origin=resultslist,Elsevier,10.1016,3,1,0,,,,,0,1,0,0,0,1,0,1,2188,,,Urban studies & planning|Environmental monitoring & pollution|Agriculture & food systems,Mobile phone & GPS trajectory data,,Regional / sub-national,,,,,,CHN,Global South,,Global / worldwide,,Ministry of Education|College of Water Resources and Architectural Engineering
R01244,2024,P3,2021-2027,A New Approach for Discontinuity Extraction Based on an Improved Naive Bayes Classifier,10.3390/app14052050,https://www.scopus.com/pages/publications/85192501066?origin=resultslist,MDPI,10.3390,3,1,0,USA,Global North,0,0,1,2,1,0,0,1,0,1,1275,Spatial clustering algorithms,INFERENTIAL,"Geodesy, remote sensing & earth observation",LiDAR & 3D point clouds,,,,,,,,CHN,Global South,USA,,city_region,School of Geosciences and Info-Physics
R01248,2024,P3,2021-2027,Optimization of sampling design for soil total organic carbon assessment in the precision agriculture framework: Impact of different variogram models and potentiality of ground penetrating radar (GPR) covariate information,10.1016/j.compag.2024.109470,https://www.scopus.com/pages/publications/85204991440?origin=resultslist,Elsevier,10.1016,3,1,0,,,,,1,1,1,0,0,0,0,0,2840,Kriging and variogram geostatistics,GEOSTATISTICAL,Environmental monitoring & pollution|Agriculture & food systems,,,,,,,,,ITA,Global North,,,,Council for Agricultural Research and Economics—Research Centre for Agriculture and Environment
R01255,2024,P3,2021-2027,Enhancing Forest Site Classification in Northwest Portugal: A Geostatistical Approach Employing Cokriging,10.3390/su16156423,https://www.scopus.com/pages/publications/85200729253?origin=resultslist,MDPI,10.3390,4,1,0,PRT,Global North,1,0,2,3,2,0,0,1,0,1,1717,Kriging and variogram geostatistics|Deterministic interpolation,GEOSTATISTICAL,"Ecology & biodiversity|Geodesy, remote sensing & earth observation",LiDAR & 3D point clouds,,,,,,,,PRT,Global North,PRT,,country_name,Forest Research Centre
R01268,2024,P3,2021-2027,ARE MADE AND MISSED DIFFERENT? AN ANALYSIS OF FIELD GOAL ATTEMPTS OF PROFESSIONAL BASKETBALL PLAYERS VIA DEPTH BASED TESTING PROCEDURE,10.1214/24-AOAS1899,https://www.scopus.com/pages/publications/85202166370?origin=resultslist,Institute of Mathematical Statistics,10.1214,3,1,0,,,,,0,0,0,0,0,0,0,0,964,,,,,,,,,,,,USA,Global North,,,,University of Texas Health Science Center
R01279,2025,P3,2021-2027,Spatiotemporal Interpolation of Actual Evapotranspiration Across Turkey Using the Australian National University Spline Model: Insights into Its Relationship with Vegetation Cover,10.3390/su17020430,https://www.scopus.com/pages/publications/85216247093?origin=resultslist,MDPI,10.3390,1,1,0,AUS,Global North,0,0,2,3,2,0,1,0,0,1,2103,Kriging and variogram geostatistics|Deterministic interpolation,GEOSTATISTICAL,Urban studies & planning|Ecology & biodiversity|Agriculture & food systems|Energy & infrastructure,,,,Daily to monthly|Annual to decadal,,Accuracy metrics reported,,,TUR,Global South,AUS,,demonym,
R01288,2024,P3,2021-2027,Forecast Zoning of Forest Fire Occurrence: A Case Study in Southern China,10.3390/f15020265,https://www.scopus.com/pages/publications/85185841285?origin=resultslist,MDPI,10.3390,5,2,1,CHN,Global South,1,0,3,3,2,0,1,0,0,1,1529,Kernel density estimation|Spatial autocorrelation statistics|Classical machine learning,CLASSICAL|INFERENTIAL|LEARNING,Public health & epidemiology|Ecology & biodiversity|Disaster risk & hazards,,,,Daily to monthly|Annual to decadal,,Accuracy metrics reported,,,CHN|USA,Global North|Global South,CHN,,city_region|disambiguated,Sichuan College of Architectural Technology|Tianjin Centre of Geological Survey|China Academy of Space Technology|Chinese Academy of Sciences|School of Geography
R01315,2024,P3,2021-2027,"Evaluating spatially enabled machine learning approaches to depth to bedrock mapping, Alberta, Canada",10.1371/journal.pone.0296881,https://www.scopus.com/pages/publications/85189011355?origin=resultslist,PLOS,10.1371,1,1,0,CAN,Global North,1,0,2,3,2,0,0,1,0,1,2205,Kriging and variogram geostatistics|Classical machine learning,GEOSTATISTICAL|LEARNING,"Energy & infrastructure|Geodesy, remote sensing & earth observation",Remote sensing & earth observation,,Regional / sub-national,,,,,,CAN,Global North,CAN,,city_region|country_name,
R01316,2024,P3,2021-2027,A novel surface energy balance-based approach to land surface temperature downscaling,10.1016/j.rse.2024.114087,https://www.scopus.com/pages/publications/85186264501?origin=resultslist,Elsevier,10.1016,4,3,1,USA,Global North,0,0,3,5,2,0,1,2,0,1,3281,Spatial regression / GWR|Kriging and variogram geostatistics|Classical machine learning,GEOSTATISTICAL|INFERENTIAL|LEARNING,"Urban studies & planning|Ecology & biodiversity|Energy & infrastructure|Geodesy, remote sensing & earth observation",Field survey & in-situ sampling|Remote sensing & earth observation,,,Daily to monthly,,Accuracy metrics reported,,,IRN|CHN|GBR,Global North|Global South,USA,Europe (multi-country),country_name,Ministry of Agriculture/Institute of Agricultural Resources and Regional Planning|Lancaster Environment Center
R01317,2024,P3,2021-2027,Spatial Distribution Characteristics and Influencing Factors of the Retail Industry in Ningbo City in Eastern China Based on POI Data,10.3390/su16177525,https://www.scopus.com/pages/publications/85204160099?origin=resultslist,MDPI,10.3390,1,1,0,CHN,Global South,1,0,2,3,2,0,0,1,0,1,1532,Kernel density estimation|Spatial autocorrelation statistics,CLASSICAL|INFERENTIAL,Urban studies & planning|Retail & economic geography,POI & commercial geodatabases,,,,,,,,CHN,Global South,CHN,,city_region|disambiguated,College of Geography and Oceanography
R01325,2024,P3,2021-2027,GACNPs: Fine-Grained Drought Monitoring Using Remote Sensing Data Based on Conditional Neural Processes,10.1109/LGRS.2024.3464629,https://www.scopus.com/pages/publications/85205421038?origin=resultslist,IEEE,10.1109,2,1,0,CHN,Global South,1,0,1,2,1,0,0,1,0,1,1569,Deep learning,LEARNING,"Disaster risk & hazards|Geodesy, remote sensing & earth observation",Remote sensing & earth observation,,Regional / sub-national,,,,,,CHN,Global South,CHN,,city_region,The School of Computer and Artificial Intelligence|The School of Software
R01342,2024,P3,2021-2027,Research on charging demands of commercial electric vehicles based on Voronoi diagram and spatial econometrics model: An empirical study in Chongqing China,10.1016/j.scs.2024.105335,https://www.scopus.com/pages/publications/85188427190?origin=resultslist,Elsevier,10.1016,3,1,0,CHN,Global South,1,0,2,4,2,1,0,1,0,1,1595,Spatial regression / GWR|Deterministic interpolation,GEOSTATISTICAL|INFERENTIAL,Transportation & mobility|Urban studies & planning|Retail & economic geography|Tourism & recreation,POI & commercial geodatabases,,,,Positional / geocoding uncertainty,,,,CHN,Global South,CHN,,city_region|disambiguated,School of Transportation and Logistics
R01367,2024,P3,2021-2027,Estimation of Diameter at Breast Height in Tropical Forests Based on Terrestrial Laser Scanning and Shape Diameter Function,10.3390/su16062275,https://www.scopus.com/pages/publications/85189038105?origin=resultslist,MDPI,10.3390,2,1,0,CMR,Global South,0,0,1,3,1,0,1,1,0,1,1815,Spatial clustering algorithms,INFERENTIAL,"Ecology & biodiversity|Geodesy, remote sensing & earth observation",LiDAR & 3D point clouds,,,,,Accuracy metrics reported,,,CHN,Global South,CMR|GUY|IDN|PER,,country_name,College of Biodiversity Conservation|School of Information and Electronic Engineering
R01368,2024,P3,2021-2027,Revisiting Iran's climate classification: A fresh perspective utilizing the köppen-geiger method,10.1007/s00704-024-05176-2,https://www.scopus.com/pages/publications/85203598605?origin=resultslist,Springer Nature (Springer),10.1007,3,2,1,IRN,Global South,1,0,0,1,0,0,0,1,0,1,2036,,,"Geodesy, remote sensing & earth observation",Remote sensing & earth observation,,National,,,,,,IRN|AUS,Global North|Global South,IRN,,country_name,Centre for Urban Research
R01374,2024,P3,2021-2027,Ship trajectory segmentation by movement states while addressing uncertainty and sparsity,10.1016/j.oceaneng.2024.119218,https://www.scopus.com/pages/publications/85204097393?origin=resultslist,Elsevier,10.1016,5,1,0,,,,,1,2,1,0,0,1,0,0,1696,Spatial clustering algorithms,INFERENTIAL,,Mobile phone & GPS trajectory data,,,,,,,,CHN,Global South,,,,School of Computer and Artificial Intelligence|School of Earth Science and Technology|Engineering Research Center of Intelligent Swarm Systems|National Supercomputing Center in Zhengzhou
R01381,2024,P3,2021-2027,"Identification and Management of Epidemic Hazard Areas for Urban Sustainability: A Case Study of Tongzhou, China",10.3390/su16187945,https://www.scopus.com/pages/publications/85205222157?origin=resultslist,MDPI,10.3390,1,1,0,CHN,Global South,1,0,2,4,2,1,0,1,0,1,1228,Spatial autocorrelation statistics|Spatial regression / GWR,INFERENTIAL,Public health & epidemiology|Urban studies & planning|Disaster risk & hazards,POI & commercial geodatabases,,,,MAUP / scale effects,,,,CHN,Global South,CHN,Global / worldwide,disambiguated,College of Landscape Architecture
R01385,2024,P3,2021-2027,Characterization of Complex Rock Mass Discontinuities from LiDAR Point Clouds,10.3390/rs16173291,https://www.scopus.com/pages/publications/85203860607?origin=resultslist,MDPI,10.3390,1,1,0,,,,,1,2,1,0,0,1,0,0,1745,Spatial clustering algorithms,INFERENTIAL,"Geodesy, remote sensing & earth observation",LiDAR & 3D point clouds,,Regional / sub-national,,,,,,CHN,Global South,,,,School of Geography and Information Engineering
R01390,2024,P3,2021-2027,Integrating Ward’s Clustering Stratification and Spatially Correlated Poisson Disk Sampling to Enhance the Accuracy of Forest Aboveground Carbon Stock Estimation,10.3390/f15122111,https://www.scopus.com/pages/publications/85213080252?origin=resultslist,MDPI,10.3390,5,1,0,CHN,Global South,1,0,1,2,1,0,0,1,0,1,1856,Classical machine learning,LEARNING,"Ecology & biodiversity|Geodesy, remote sensing & earth observation",Remote sensing & earth observation,,,,,,,,CHN,Global South,CHN,,city_region|disambiguated,College of Soil and Water Conservation|Ministry of Education
R01395,2024,P3,2021-2027,Assessing grassland cultural ecosystem services supply and demand for promoting the sustainable realization of grassland cultural values,10.1016/j.scitotenv.2023.169255,https://www.scopus.com/pages/publications/85182169062?origin=resultslist,Elsevier,10.1016,3,1,0,CHN,Global South,1,0,1,4,1,1,0,2,0,1,1903,Getis-Ord hotspot statistics,INFERENTIAL,Urban studies & planning|Social media & digital society,Social-media & geosocial data|POI & commercial geodatabases,,,,Statistical uncertainty reported,,,,CHN,Global South,CHN|MNG,,city_region|country_name|disambiguated,Chinese Academy of Sciences|University of Chinese Academy of Sciences|Satellite Application Center for Ecology and Environment
R01402,2024,P3,2021-2027,Spatiotemporal variability and trends of droughts in the Mediterranean coastal region of Türkiye,10.1002/joc.8370,https://www.scopus.com/pages/publications/85183437289?origin=resultslist,Wiley,10.1002,2,1,0,,,,,0,1,0,1,0,0,0,0,2229,,,Disaster risk & hazards,,,Regional / sub-national,Annual to decadal,Statistical uncertainty reported,,,,TUR,Global South,,,,
R01403,2024,P3,2021-2027,"Exploring the Coordination of Park Green Spaces and Urban Functional Areas through Multi-Source Data: A Spatial Analysis in Fuzhou, China",10.3390/f15101715,https://www.scopus.com/pages/publications/85207628804?origin=resultslist,MDPI,10.3390,2,1,0,CHN,Global South,1,0,2,4,2,0,0,2,0,1,1961,Kernel density estimation|Standard deviational ellipse / centrography,CLASSICAL,Transportation & mobility|Urban studies & planning|Social media & digital society,Volunteered geographic information|POI & commercial geodatabases,,City / metropolitan,,,,,,CHN,Global South,CHN,,city_region|disambiguated,College of Architecture and Urban Planning|College of Landscape Architecture and Art
R01411,2024,P3,2021-2027,Exploring the Spatio-Temporal Evolutionary Characteristics of Paomo Restaurants in Xi’an’s Central Urban Area through POI Data Analysis,10.3390/app14114715,https://www.scopus.com/pages/publications/85195960279?origin=resultslist,MDPI,10.3390,2,1,0,,,,,2,3,2,0,0,1,0,0,1256,Kernel density estimation|Nearest-neighbour analysis,CLASSICAL,Transportation & mobility|Urban studies & planning|Retail & economic geography,POI & commercial geodatabases,,City / metropolitan,,,,,,CHN,Global South,,,,
R01422,2024,P3,2021-2027,Ambiguous landscapes: A framework for assessing robustness and uncertainties in archaeological point pattern analysis,10.1371/journal.pone.0307743,https://www.scopus.com/pages/publications/85204871609?origin=resultslist,PLOS,10.1371,2,2,1,,,,,1,2,1,1,0,0,0,0,1805,Ripley's K / second-order PPA,CLASSICAL,,,,,,Statistical uncertainty reported,,,,DNK|BEL,Global North,,,,Centre for Urban Network Evolutions
R01427,2024,P3,2021-2027,Identifying obesogenic environment through spatial clustering of body mass index among adults,10.1186/s12942-024-00376-5,https://www.scopus.com/pages/publications/85197157109?origin=resultslist,BMC / Springer Nature,10.1186,2,1,0,MYS,Global South,1,0,1,1,1,0,0,0,0,1,2233,Spatial autocorrelation statistics,INFERENTIAL,Public health & epidemiology|Urban studies & planning|Retail & economic geography,,,,,,,,,MYS,Global South,MYS,Global / worldwide,country_name,Centre of Epidemiology and Evidence Based Practice
R01428,2024,P3,2021-2027,Spatial Distribution and Influencing Factors of Daylily Cultivation in the Farming–Pastoral Ecotone of Northern China,10.3390/land13040439,https://www.scopus.com/pages/publications/85191405545?origin=resultslist,MDPI,10.3390,2,1,0,CHN,Global South,1,0,2,4,2,0,1,1,0,1,2282,Spatial autocorrelation statistics|Classical machine learning,INFERENTIAL|LEARNING,"Urban studies & planning|Ecology & biodiversity|Agriculture & food systems|Tourism & recreation|Geodesy, remote sensing & earth observation",Remote sensing & earth observation,,,,,Accuracy metrics reported,,,CHN,Global South,CHN,,disambiguated,College of Resource and Environment
R01431,2025,P3,2021-2027,Beyond the jam: field theory modeling of congestion’s ripple effects on traffic dynamics,10.1080/15481603.2025.2547126,https://www.scopus.com/pages/publications/105015726971?origin=resultslist,Taylor & Francis,10.1080,4,2,1,,,,,1,1,1,0,0,0,0,0,1910,Network-constrained point analysis,NETWORK,Transportation & mobility|Urban studies & planning,,,,Daily to monthly,,,,,CHN|HKG,Global North|Global South,,,,
R01433,2024,P3,2021-2027,"Spatial and temporal ecology of Cerdocyon thous: a mesopredator canid coping with habitat loss, fragmentation, and chronic anthropogenic disturbances",10.1007/s10980-024-01913-0,https://www.scopus.com/pages/publications/85201428541?origin=resultslist,Springer Nature (Springer),10.1007,1,1,0,BRA,Global South,1,0,1,1,1,0,0,0,0,1,1469,Kernel density estimation,CLASSICAL,Ecology & biodiversity,,,,Daily to monthly,,,,,BRA,Global South,BRA,,country_name,
R01437,2024,P3,2021-2027,"Long-Term Ground Deformation Monitoring and Quantitative Interpretation in Shanghai Using Multi-Platform TS-InSAR, PCA, and K-Means Clustering",10.3390/rs16224188,https://www.scopus.com/pages/publications/85210261304?origin=resultslist,MDPI,10.3390,2,1,0,CHN,Global South,1,0,1,2,1,0,0,1,0,1,2521,Spatial clustering algorithms,INFERENTIAL,"Urban studies & planning|Environmental monitoring & pollution|Geodesy, remote sensing & earth observation",Remote sensing & earth observation,,,Annual to decadal,,,,,CHN,Global South,CHN,,city_region|disambiguated,School of Earth and Space Sciences
R01444,2024,P3,2021-2027,Evaluating the performance of Bayesian geostatistical prediction with physical barriers in the Chesapeake Bay,10.1007/s10661-024-12401-y,https://www.scopus.com/pages/publications/85184995385?origin=resultslist,Springer Nature (Springer),10.1007,2,1,0,USA,Global North,1,0,2,3,2,0,1,0,0,1,1785,Bayesian hierarchical spatial models|Kriging and variogram geostatistics,GEOSTATISTICAL|INFERENTIAL,Environmental monitoring & pollution|Ecology & biodiversity,,INLA / R-INLA,,,,Cross-validation / holdout,,,USA,Global North,USA,,country_name,Spatial Science for Public Health Center|Center for Chemical Regulation and Food Safety
R01446,2024,P3,2021-2027,Study on Spatio-Temporal Patterns of Commuting under Adverse Weather Events: Case Study of Typhoon In-Fa,10.3390/ijgi13020050,https://www.scopus.com/pages/publications/85187277626?origin=resultslist,MDPI,10.3390,3,1,0,,,,,0,2,0,0,0,2,0,0,2299,,,"Transportation & mobility|Urban studies & planning|Disaster risk & hazards|Energy & infrastructure|Geodesy, remote sensing & earth observation",Remote sensing & earth observation|Mobile phone & GPS trajectory data|POI & commercial geodatabases,,City / metropolitan,,,,,,CHN,Global South,,,,College of Architectural Science and Engineering|Chinese Academy of Sciences
R01450,2024,P3,2021-2027,Modeling Point Referenced Spatial Count Data: A Poisson Process Approach,10.1080/01621459.2022.2140053,https://www.scopus.com/pages/publications/85143156151?origin=resultslist,Taylor & Francis,10.1080,6,2,1,,,,,2,3,2,0,0,1,0,0,1569,Point process models (Poisson/Cox/Hawkes)|Gaussian processes / NNGP,GEOSTATISTICAL|INFERENTIAL,,Simulated / synthetic data,,,,,,,,CHL|ITA,Global North|Global South,,,,Millennium Nucleus Center for the Discovery of Structures in Complex Data
R01454,2024,P3,2021-2027,Regional spatial organization of urban functional zones in the Yangtze River economic Belt based on co-location patterns mining,10.1016/j.ecolind.2024.111635,https://www.scopus.com/pages/publications/85183325418?origin=resultslist,Elsevier,10.1016,3,1,0,CHN,Global South,1,0,0,1,0,0,0,1,0,1,2123,,,Urban studies & planning|Retail & economic geography|Tourism & recreation|Energy & infrastructure,POI & commercial geodatabases,,,,,,,,CHN,Global South,CHN,,city_region|disambiguated,School of Ethnology and Sociology|School of Economics
R01458,2024,P3,2021-2027,On the use of hydrodynamic modelling and random forest classifiers for the prediction of hypoxia in coastal lagoons,10.1016/j.scitotenv.2024.175424,https://www.scopus.com/pages/publications/85201622197?origin=resultslist,Elsevier,10.1016,1,1,0,ITA,Global North,1,0,1,1,1,0,0,0,0,1,1541,Classical machine learning,LEARNING,Environmental monitoring & pollution|Ecology & biodiversity,,,Continental / global,Sub-daily / real-time,,,,,ITA,Global North,ITA,,country_name,
R01463,2024,P3,2021-2027,Improving Pinus densata Carbon Stock Estimations through Remote Sensing in Shangri-La: A Nonlinear Mixed-Effects Model Integrating Soil Thickness and Topographic Variables,10.3390/f15020394,https://www.scopus.com/pages/publications/85185834148?origin=resultslist,MDPI,10.3390,7,1,0,,,,,1,2,1,0,0,1,0,0,2544,Classical machine learning,LEARNING,"Ecology & biodiversity|Geodesy, remote sensing & earth observation",Remote sensing & earth observation,,,Annual to decadal,,,,,CHN,Global South,,,,Chinese Academy of Forestry|Forestry College|Ministry of Education Key Laboratory for Biodiversity|College of Mechanical and Electronic Engineering|Remote Sensing Center of Yunnan Province
R01465,2024,P3,2021-2027,Evaluating lake water quality with a GIS-based MCDA integrated approach: a case in Konya/Karapınar,10.1007/s11356-024-32184-6,https://www.scopus.com/pages/publications/85185149433?origin=resultslist,Springer Nature (Springer),10.1007,3,1,0,,,,,1,1,1,0,0,0,0,0,1684,Deterministic interpolation,GEOSTATISTICAL,Urban studies & planning|Environmental monitoring & pollution|Ecology & biodiversity,,,,,,,,,TUR,Global South,,,,
R01468,2024,P3,2021-2027,Spatial Coordination Analysis and Development Methods of the Catering Sector in Yongkang City,10.3390/su16219567,https://www.scopus.com/pages/publications/85208599724?origin=resultslist,MDPI,10.3390,1,1,0,CHN,Global South,1,0,1,2,1,0,0,1,0,1,2240,Kernel density estimation,CLASSICAL,Transportation & mobility|Urban studies & planning|Retail & economic geography,Mobile phone & GPS trajectory data,Python (scientific stack),Regional / sub-national,,,,,,CHN,Global South,CHN,,city_region,College of Media Engineering
R01469,2024,P3,2021-2027,"Spatiotemporal Patterns and Coupling Coordination Analysis of Multiscale Social–Economic–Ecological Effects in Ecologically Vulnerable Areas Based on Multi-Source Data: A Case Study of the Tuha Region, Xinjiang Province",10.3390/land13030282,https://www.scopus.com/pages/publications/85189150708?origin=resultslist,MDPI,10.3390,5,1,0,CHN,Global South,1,0,0,2,0,0,0,2,0,1,2124,,,Urban studies & planning|Ecology & biodiversity,Mobile phone & GPS trajectory data|POI & commercial geodatabases,,Regional / sub-national,,,,,,CHN,Global South,CHN,,city_region,College of Earth Sciences|Technology and Engineering Center for Space Utilization|Chinese Academy of Sciences|School of Computer Science and Engineering|School of Surveying and Geoinformation Engineering
R01471,2024,P3,2021-2027,"Evaluating the impact of different point cloud sampling techniques on digital elevation model accuracy – a case study of Kituro, Kenya",10.1007/s12145-024-01440-1,https://www.scopus.com/pages/publications/85201531578?origin=resultslist,Springer Nature (Springer),10.1007,1,1,0,KEN,Global South,0,0,2,3,2,0,0,1,0,1,1704,Kriging and variogram geostatistics|Deterministic interpolation,GEOSTATISTICAL,"Geodesy, remote sensing & earth observation",LiDAR & 3D point clouds,,,,,,,,CHN,Global South,KEN,,country_name,
R01477,2024,P3,2021-2027,Collapse Hotspot Detection in Urban Area Using Sentinel-1 and TerraSAR-X Dataset with SBAS and PSI Techniques,10.3390/land13122237,https://www.scopus.com/pages/publications/85213202252?origin=resultslist,MDPI,10.3390,4,3,1,,,,,0,1,0,0,0,1,0,0,1757,,,"Urban studies & planning|Geodesy, remote sensing & earth observation",Remote sensing & earth observation,,City / metropolitan,Annual to decadal,,,,,IRN|GBR|IRL,Global North|Global South,,,,School of Surveying and Geospatial Engineering|University College Dublin
R01488,2024,P3,2021-2027,A data-driven adaptive geospatial hotspot detection approach in smart cities,10.1111/tgis.13137,https://www.scopus.com/pages/publications/85184230361?origin=resultslist,Wiley,10.1111,1,1,0,CHN,Global South,1,0,1,2,1,0,0,1,0,1,1029,Kernel density estimation,CLASSICAL,Crime & security|Transportation & mobility|Urban studies & planning,Mobile phone & GPS trajectory data,,,,,,,,CHN,Global South,CHN|USA,Global / worldwide,city_region,School of Traffic Science and Engineering
R01491,2024,P3,2021-2027,"Salinity distribution in agricultural land by geophysical, hydrochemical and geostatistical approaches: a pilot area located in Qelabshowah–Belqas, East Nile Delta region, Egypt",10.1007/s12665-024-11570-w,https://www.scopus.com/pages/publications/85191158118?origin=resultslist,Springer Nature (Springer),10.1007,1,1,0,EGY,Global South,1,0,1,1,1,0,0,0,0,1,2239,Kriging and variogram geostatistics,GEOSTATISTICAL,Agriculture & food systems,,,,,,,,,EGY,Global South,EGY,,city_region|country_name,
R01492,2024,P3,2021-2027,Analysis of the Spatio-Temporal Evolution of Urban Sports Service Facilities in the Yangtze River Delta,10.3390/su16198654,https://www.scopus.com/pages/publications/85206562239?origin=resultslist,MDPI,10.3390,3,1,0,CHN,Global South,1,0,3,3,2,0,0,1,0,1,1282,Kernel density estimation|Nearest-neighbour analysis|Spatial autocorrelation statistics,CLASSICAL|INFERENTIAL,Urban studies & planning,POI & commercial geodatabases,,,,,,,,CHN,Global South,CHN,,city_region,College of Architectural Science and Engineering|School of International Relations
R01494,2024,P3,2021-2027,Multi-Source Data-Driven Extraction of Urban Residential Space: A Case Study of the Guangdong–Hong Kong–Macao Greater Bay Area Urban Agglomeration,10.3390/rs16193631,https://www.scopus.com/pages/publications/85206282468?origin=resultslist,MDPI,10.3390,1,1,0,HKG,Global North,0,0,0,2,0,0,0,2,0,1,1899,,,Urban studies & planning,Field survey & in-situ sampling|POI & commercial geodatabases,,City / metropolitan,,,,,,CHN,Global South,HKG|MAC|CHN,,city_region|country_name,School of Geography and Planning
R01501,2023,P3,2021-2027,Identifying Hazardous Crash Locations Using Empirical Bayes and Spatial Autocorrelation,10.3390/ijgi12030085,https://www.scopus.com/pages/publications/85151344126?origin=resultslist,MDPI,10.3390,3,2,1,HUN,Global North,1,0,3,2,2,0,0,0,0,1,1294,Spatial autocorrelation statistics|Getis-Ord hotspot statistics|Spatial clustering algorithms,INFERENTIAL,Transportation & mobility|Urban studies & planning,,,,,,,,,HUN|ETH,Global North|Global South,HUN,,city_region|demonym,School of Civil and Environmental Engineering
R01510,2023,P3,2021-2027,Geo-indistinguishable masking: enhancing privacy protection in spatial point mapping,10.1080/15230406.2023.2267967,https://www.scopus.com/pages/publications/85175255576?origin=resultslist,Taylor & Francis,10.1080,1,1,0,,,,,0,1,0,0,0,1,0,0,1345,,,Urban studies & planning,Simulated / synthetic data,,,,,,,Privacy / confidentiality,USA,Global North,,,,Center for Spatial Data Science
R01513,2023,P3,2021-2027,Addressing the Spatiotemporal Patterns of Heatwaves in Portugal with a Validated ERA5-Land Dataset (1980–2021),10.3390/w15173102,https://www.scopus.com/pages/publications/85170242377?origin=resultslist,MDPI,10.3390,4,2,1,PRT,Global North,1,0,0,0,0,0,0,0,0,1,1935,,,Urban studies & planning,,,City / metropolitan|National,Daily to monthly|Annual to decadal,,,,,PRT|IRL,Global North,PRT,,city_region|country_name|demonym,
R01516,2023,P3,2021-2027,An adaptive threshold fast DBSCAN algorithm with preserved trajectory feature points for vessel trajectory clustering,10.1016/j.oceaneng.2023.114930,https://www.scopus.com/pages/publications/85160603515?origin=resultslist,Elsevier,10.1016,1,1,0,,,,,1,2,1,0,0,1,0,0,1584,Spatial clustering algorithms,INFERENTIAL,Transportation & mobility,Mobile phone & GPS trajectory data,,,,,,,,CHN,Global South,,,,Merchant Marine College
R01522,2023,P3,2021-2027,Combining Daily Sensor Observations and Spatial LiDAR Data for Mapping Snow Water Equivalent in a Sub-Alpine Forest,10.1029/2023WR034460,https://www.scopus.com/pages/publications/85169793465?origin=resultslist,AGU (Wiley),10.1029,3,1,0,CHE,Global North,0,0,1,4,1,0,0,2,1,1,1561,Classical machine learning,LEARNING,"Ecology & biodiversity|Geodesy, remote sensing & earth observation",Remote sensing & earth observation|LiDAR & 3D point clouds|Sensor networks & IoT,,,Daily to monthly|Annual to decadal,,,Workflow / protocol formalised,,DEU,Global North,CHE,,country_name,
R01523,2023,P3,2021-2027,Determination of the impacts of urban-planning of the urban land area using GIS hotspot analysis,10.1016/j.compag.2023.107935,https://www.scopus.com/pages/publications/85160408750?origin=resultslist,Elsevier,10.1016,6,1,0,,,,,2,3,2,0,0,1,0,0,1059,Kernel density estimation|Getis-Ord hotspot statistics,CLASSICAL|INFERENTIAL,Public health & epidemiology|Transportation & mobility|Urban studies & planning,POI & commercial geodatabases,,Regional / sub-national,,,,,,TUR,Global South,,,,
R01527,2023,P3,2021-2027,Robust Extraction of Multiple-Type Support Positioning Devices in the Catenary System of Railway Dataset Based on MLS Point Clouds,10.1109/TGRS.2023.3280208,https://www.scopus.com/pages/publications/85161081539?origin=resultslist,IEEE,10.1109,4,1,0,,,,,0,2,0,0,0,2,0,0,1644,,,"Geodesy, remote sensing & earth observation",LiDAR & 3D point clouds|Mobile phone & GPS trajectory data,,,,,,,,CHN,Global South,,,,School of Geosciences|Ministry of Natural Resources|School of Software
R01529,2023,P3,2021-2027,LOG-GAUSSIAN COX PROCESS MODELING OF LARGE SPATIAL LIGHTNING DATA USING SPECTRAL AND LAPLACE APPROXIMATIONS,10.1214/22-AOAS1708,https://www.scopus.com/pages/publications/85172484985?origin=resultslist,Institute of Mathematical Statistics,10.1214,2,1,0,,,,,1,2,1,0,1,0,0,0,1192,Point process models (Poisson/Cox/Hawkes),INFERENTIAL,,,,,,,Cross-validation / holdout,,,USA,Global North,,,,
R01536,2023,P3,2021-2027,"Spatiotemporal Patterns Evolution of Residential Areas and Transportation Facilities Based on Multi-Source Data: A Case Study of Xi’an, China",10.3390/ijgi12060233,https://www.scopus.com/pages/publications/85163979037?origin=resultslist,MDPI,10.3390,2,1,0,CHN,Global South,1,0,1,3,1,0,0,2,0,1,1769,Spatial autocorrelation statistics,INFERENTIAL,Transportation & mobility|Urban studies & planning|Social media & digital society,Volunteered geographic information|POI & commercial geodatabases,,City / metropolitan,Annual to decadal,,,,,CHN,Global South,CHN,,disambiguated,School of Architecture and Planning|College of Transportation Engineering
R01538,2023,P3,2021-2027,A maritime traffic route extraction method based on density-based spatial clustering of applications with noise for multi-dimensional data,10.1016/j.oceaneng.2022.113036,https://www.scopus.com/pages/publications/85144784185?origin=resultslist,Elsevier,10.1016,2,1,0,CHN,Global South,1,0,1,2,1,0,0,1,0,1,1371,Spatial clustering algorithms,INFERENTIAL,Transportation & mobility,Mobile phone & GPS trajectory data,,,,,,,,CHN,Global South,CHN,,disambiguated,Merchant Marine College|College of Transport and Communications
R01543,2023,P3,2021-2027,"Spatiotemporal modeling of traffic risk mapping: A study of urban road networks in Barcelona, Spain",10.1016/j.spasta.2022.100722,https://www.scopus.com/pages/publications/85144858935?origin=resultslist,Elsevier,10.1016,4,1,0,ESP,Global North,1,0,2,2,2,0,0,0,0,1,1175,Bayesian hierarchical spatial models|Gaussian processes / NNGP,GEOSTATISTICAL|INFERENTIAL,Transportation & mobility|Urban studies & planning,,INLA / R-INLA,Continental / global,,,,,,ESP,Global North,ESP,,city_region|country_name,
R01554,2024,P3,2021-2027,"Three-dimensional modeling and geostatistical structural analysis for ore deposit prospecting trend and wisdom mining: a case study in the Jiaoxibei gold field, China",10.3389/feart.2024.1217016,https://www.scopus.com/pages/publications/85184695224?origin=resultslist,Frontiers,10.3389,7,1,0,CHN,Global South,1,0,1,1,1,0,0,0,0,1,1954,Kriging and variogram geostatistics,GEOSTATISTICAL,Energy & infrastructure,,,,,,,,,CHN,Global South,CHN,,disambiguated,School of Earth Sciences and Resources|Frontiers Science Center for Deep-Time Digital Earth|Shandong Engineering Research Center of Application and Development of Big Data for Deep Gold Exploration
R01559,2023,P3,2021-2027,Optimization of spatial prediction and sampling strategy of site contamination based on Thiessen polygon coupling interpolation,10.1007/s11356-023-27943-w,https://www.scopus.com/pages/publications/85161296473?origin=resultslist,Springer Nature (Springer),10.1007,3,2,1,,,,,2,2,2,0,0,0,0,0,1463,Kriging and variogram geostatistics|Deterministic interpolation,GEOSTATISTICAL,Environmental monitoring & pollution|Ecology & biodiversity,,,,,,,,,CHN|MDG,Global South,,,,College of Environment and Resources|Ecological Environment Affairs Center of Hunan Province|Polytechnic School of Antananarivo
R01562,2023,P3,2021-2027,Influence of spatial heterogeneity on landslide susceptibility in the transboundary area of the Himalayas,10.1016/j.geomorph.2023.108723,https://www.scopus.com/pages/publications/85158817612?origin=resultslist,Elsevier,10.1016,3,2,1,,,,,1,2,1,0,0,1,0,0,2528,Classical machine learning,LEARNING,"Ecology & biodiversity|Disaster risk & hazards|Geodesy, remote sensing & earth observation",Remote sensing & earth observation,Google Earth Engine,,,,,,,CHN|ITA,Global North|Global South,,,,School of Environmental and Geographical Sciences
R01571,2023,P3,2021-2027,Visual supervision of large-scope heat source factories based on knowledge graph,10.1111/tgis.13030,https://www.scopus.com/pages/publications/85147557080?origin=resultslist,Wiley,10.1111,2,1,0,CHN,Global South,1,0,0,2,0,0,0,2,0,1,1924,,,"Urban studies & planning|Geodesy, remote sensing & earth observation",Remote sensing & earth observation|POI & commercial geodatabases,,,,,,,,CHN,Global South,CHN,,disambiguated,Sichuan Geomatic Center
R01576,2023,P3,2021-2027,"Integrating Multi-Point Geostatistics, Machine Learning, and Image Correlation for Characterizing Positional Errors in Remote-Sensing Images of High Spatial Resolution",10.3390/rs15194734,https://www.scopus.com/pages/publications/85174168482?origin=resultslist,MDPI,10.3390,4,1,0,CHN,Global South,1,0,2,4,2,1,0,1,0,1,3184,Kriging and variogram geostatistics|Classical machine learning,GEOSTATISTICAL|LEARNING,Urban studies & planning,LiDAR & 3D point clouds,,City / metropolitan,,Positional / geocoding uncertainty,,,,CHN,Global South,CHN,,city_region|disambiguated,College of Geological Engineering and Geomatics|School of Geodesy and Geomatics
R01582,2023,P3,2021-2027,Multi-GPU-Parallel and Tile-Based Kernel Density Estimation for Large-Scale Spatial Point Pattern Analysis,10.3390/ijgi12020031,https://www.scopus.com/pages/publications/85148612701?origin=resultslist,MDPI,10.3390,1,1,0,,,,,2,2,2,0,0,0,0,0,1415,Kernel density estimation|Distributed / high-performance geocomputation,CLASSICAL|REALTIME,,,,,,,,,,USA,Global North,,,,
R01594,2023,P3,2021-2027,Identification of Urban Clusters Based on Multisource Data—An Example of Three Major Urban Agglomerations in China,10.3390/land12051058,https://www.scopus.com/pages/publications/85160348043?origin=resultslist,MDPI,10.3390,2,1,0,CHN,Global South,1,0,1,3,1,0,1,1,0,1,2984,Spatial autocorrelation statistics,INFERENTIAL,"Transportation & mobility|Urban studies & planning|Geodesy, remote sensing & earth observation",Remote sensing & earth observation,,City / metropolitan,,,Accuracy metrics reported,,,CHN,Global South,CHN|HKG|MAC,,city_region|country_name|disambiguated,School of Architecture|School of Civil Engineering and Architecture
R01595,2023,P3,2021-2027,"Stochastic inversion combining seismic data, facies properties, and advanced multiple-point geostatistics",10.1016/j.jappgeo.2023.105026,https://www.scopus.com/pages/publications/85153582121?origin=resultslist,Elsevier,10.1016,1,1,0,,,,,2,2,2,0,0,0,0,0,1653,Kernel density estimation|Kriging and variogram geostatistics,CLASSICAL|GEOSTATISTICAL,Disaster risk & hazards|Energy & infrastructure,,,,,,,,,USA,Global North,,,,
R01598,2023,P3,2021-2027,"Spatial Equality of Urban Care Facilities from the Perspective of Refinement: An Example from Changchun, China",10.3390/land12091676,https://www.scopus.com/pages/publications/85172781355?origin=resultslist,MDPI,10.3390,3,1,0,CHN,Global South,1,0,0,2,0,0,0,2,0,1,2560,,,Urban studies & planning,Mobile phone & GPS trajectory data|POI & commercial geodatabases,,Regional / sub-national,,,,,,CHN,Global South,CHN,,city_region|disambiguated,Northeast Asian College|Northeast Asian Research Center
R01600,2023,P3,2021-2027,"Evaluation of daily average temperature trends in Kerala, India, using MERRA-2 reanalysis data: a climate change perspective",10.1007/s11356-022-23895-9,https://www.scopus.com/pages/publications/85141716316?origin=resultslist,Springer Nature (Springer),10.1007,4,2,1,IND,Global South,1,0,0,0,0,0,0,0,0,1,2552,,,Disaster risk & hazards|Agriculture & food systems,,,,Daily to monthly,,,,,BRA|IND,Global South,IND,,city_region|disambiguated,
R01601,2024,P3,2021-2027,Laboratory investigation of the spatial thermodynamic properties of the bridge approach in the permafrost region,10.3389/feart.2024.1394898,https://www.scopus.com/pages/publications/85195043381?origin=resultslist,Frontiers,10.3389,3,1,0,CHN,Global South,1,0,0,0,0,0,0,0,0,1,1461,,,,,,Micro / plot / building,,,,,,CHN,Global South,CHN,,city_region,School of Architecture and Construction|School of Mechanics and Civil Engineering|Henan Polytechnic University
R01609,2023,P3,2021-2027,"Spatial Identification and Change Analysis of Production-Living-Ecological Space Using Multi-Source Geospatial Data: A Case Study in Jiaodong Peninsula, China",10.3390/land12091748,https://www.scopus.com/pages/publications/85172759919?origin=resultslist,MDPI,10.3390,2,1,0,CHN,Global South,1,0,0,2,0,0,0,2,0,1,1922,,,"Urban studies & planning|Ecology & biodiversity|Agriculture & food systems|Geodesy, remote sensing & earth observation",Remote sensing & earth observation|POI & commercial geodatabases,,,,,,,,CHN,Global South,CHN,,disambiguated,School of Environment and Spatial Informatics|Chinese Academy of Sciences
R01610,2023,P3,2021-2027,Capturing urban recreational hotspots from GPS data: A new framework in the lens of spatial heterogeneity,10.1016/j.compenvurbsys.2023.101972,https://www.scopus.com/pages/publications/85156152893?origin=resultslist,Elsevier,10.1016,4,2,1,CHN,Global South,1,0,2,3,2,0,0,1,0,1,1675,Spatial clustering algorithms|Deterministic interpolation,GEOSTATISTICAL|INFERENTIAL,Urban studies & planning|Tourism & recreation,Mobile phone & GPS trajectory data,,,,,,,,CHN|HKG,Global North|Global South,CHN,,demonym,School of Architecture/State Key Laboratory of Subtropical Building Science|School of Architecture and Urban Planning
R01626,2024,P3,2021-2027,An Adaptive Signal Photon Detection Method Based on DBSCAN for Photon-Counting Laser Altimeter,10.1109/JSTARS.2024.3352023,https://www.scopus.com/pages/publications/85182387039?origin=resultslist,IEEE,10.1109,6,1,0,,,,,1,2,1,0,0,1,0,0,2119,Spatial clustering algorithms,INFERENTIAL,"Urban studies & planning|Ecology & biodiversity|Geodesy, remote sensing & earth observation",LiDAR & 3D point clouds,,,,,,,,CHN,Global South,,,,The College of Information Technology
R01641,2023,P3,2021-2027,3-D multi-aspect mix degree index: A method for measuring land use mix at street block level,10.1016/j.compenvurbsys.2023.102005,https://www.scopus.com/pages/publications/85165081737?origin=resultslist,Elsevier,10.1016,4,1,0,CHN,Global South,1,0,0,1,0,0,0,1,0,1,1477,,,Urban studies & planning,POI & commercial geodatabases,,,,,,,,CHN,Global South,CHN,,city_region,School of Geography and Ocean Science|Collaborative Innovation Center for the South Sea Studies|Collaborative Innovation Center of Novel Software Technology and Industrialization
R01653,2023,P3,2021-2027,Analysis of spatial distribution characteristics of electric vehicle sales and service shops and the corresponding influencing factors,10.1111/tgis.13070,https://www.scopus.com/pages/publications/85162204028?origin=resultslist,Wiley,10.1111,3,1,0,CHN,Global South,1,0,0,1,0,0,0,1,0,1,1409,,,Transportation & mobility|Urban studies & planning|Retail & economic geography,POI & commercial geodatabases,,,,,,,,CHN,Global South,CHN,,disambiguated,School of Civil Engineering and Transportation|School of Geography and Planning
R01658,2023,P3,2021-2027,Ecosystem Service Function Supply–Demand Evaluation of Urban Functional Green Space Based on Multi-Source Data Fusion,10.3390/rs15010118,https://www.scopus.com/pages/publications/85145965464?origin=resultslist,MDPI,10.3390,3,2,1,CHN,Global South,1,0,1,2,1,0,0,1,0,1,1627,Classical machine learning,LEARNING,Urban studies & planning|Ecology & biodiversity,POI & commercial geodatabases,,Regional / sub-national,,,,,,CHN|USA,Global North|Global South,CHN,,city_region|disambiguated,Chinese Academy of Sciences|University of Chinese Academy of Sciences
R01662,2023,P3,2021-2027,Soil property recovery from incomplete in-situ geotechnical test data using a hybrid deep generative framework,10.1016/j.enggeo.2023.107332,https://www.scopus.com/pages/publications/85174447376?origin=resultslist,Elsevier,10.1016,4,2,1,,,,,2,4,2,0,0,2,0,0,1611,Kriging and variogram geostatistics|Deep learning,GEOSTATISTICAL|LEARNING,Environmental monitoring & pollution,Field survey & in-situ sampling|Simulated / synthetic data,,,,,,,,CHN|GBR,Global North|Global South,,,,School of Transportation|School of Civil Engineering
R01666,2024,P3,2021-2027,The Assessment of Industrial Agglomeration in China Based on NPP-VIIRS Nighttime Light Imagery and POI Data,10.3390/rs16020417,https://www.scopus.com/pages/publications/85183331012?origin=resultslist,MDPI,10.3390,2,1,0,CHN,Global South,1,0,2,4,2,0,0,2,0,1,1703,Gaussian processes / NNGP|Classical machine learning,GEOSTATISTICAL|LEARNING,"Transportation & mobility|Urban studies & planning|Ecology & biodiversity|Retail & economic geography|Tourism & recreation|Geodesy, remote sensing & earth observation",Remote sensing & earth observation|POI & commercial geodatabases,,City / metropolitan,,,,,,CHN,Global South,CHN,,disambiguated,Key Laboratory of Spatial Data Mining and Information Sharing of Ministry of Education|The Academy of Digital China
R01669,2023,P3,2021-2027,"Assessment of Influence Mechanisms of Built Environment on Street Vitality Using Multisource Spatial Data: A Case Study in Qingdao, China",10.3390/su15021518,https://www.scopus.com/pages/publications/85156124488?origin=resultslist,MDPI,10.3390,1,1,0,CHN,Global South,1,0,1,2,1,0,0,1,0,1,2102,Spatial regression / GWR,INFERENTIAL,Urban studies & planning|Retail & economic geography,POI & commercial geodatabases,,City / metropolitan,,,,,,CHN,Global South,CHN,,city_region|disambiguated,College of Geography and Environmental Science
R01672,2023,P3,2021-2027,Spatial correlation models of VS30 values: A case study of the Tehran region,10.1016/j.enggeo.2023.107300,https://www.scopus.com/pages/publications/85171451449?origin=resultslist,Elsevier,10.1016,2,1,0,IRN,Global South,1,0,0,0,0,0,0,0,0,1,1591,,,Urban studies & planning|Disaster risk & hazards,,,,,,,,,IRN,Global South,IRN,,city_region,
R01677,2023,P3,2021-2027,Estimation of gridded anthropogenic heat flux at the optimal scale by integrating SDGSAT-1 nighttime lights and geospatial data,10.1016/j.jag.2023.103596,https://www.scopus.com/pages/publications/85179036233?origin=resultslist,Elsevier,10.1016,3,1,0,HKG,Global North,0,0,0,3,0,1,1,1,0,1,1911,,,"Urban studies & planning|Energy & infrastructure|Geodesy, remote sensing & earth observation",POI & commercial geodatabases,,Regional / sub-national,,MAUP / scale effects,Accuracy metrics reported,,,CHN,Global South,HKG|MAC|CHN,,city_region|country_name,College of Resource Environment and Tourism
R01679,2023,P3,2021-2027,Unveiling Air Pollution in Crimean Mountain Rivers: Analysis of Sentinel-5 Satellite Images Using Google Earth Engine (GEE),10.3390/rs15133364,https://www.scopus.com/pages/publications/85165168145?origin=resultslist,MDPI,10.3390,2,1,0,,,,,1,2,1,0,0,1,0,0,2412,Distributed / high-performance geocomputation,REALTIME,"Environmental monitoring & pollution|Ecology & biodiversity|Geodesy, remote sensing & earth observation",Remote sensing & earth observation,ArcGIS / ArcMap / ArcGIS Pro|Google Earth Engine,Regional / sub-national,Daily to monthly|Annual to decadal,,,,,RUS,Global North,,,,
R01680,2024,P3,2021-2027,New Reference Bathymetric Point Cloud Datasets Derived From ICESat-2 Observations: A Case in the Caribbean Sea,10.1109/TGRS.2023.3341796,https://www.scopus.com/pages/publications/85179834622?origin=resultslist,IEEE,10.1109,4,2,1,CHN,Global South,1,0,2,5,2,0,1,2,0,1,1521,Spatial clustering algorithms|Deep learning,INFERENTIAL|LEARNING,"Geodesy, remote sensing & earth observation",Remote sensing & earth observation|LiDAR & 3D point clouds,,,,,Accuracy metrics reported,,,CHN|FRA,Global North|Global South,CHN,,disambiguated,Ministry of Natural Resources
R01681,2023,P3,2021-2027,Identification of Urban Functional Zones Based on POI Density and Marginalized Graph Autoencoder,10.3390/ijgi12080343,https://www.scopus.com/pages/publications/85168887224?origin=resultslist,MDPI,10.3390,2,1,0,,,,,3,4,2,0,1,1,0,0,1344,Kernel density estimation|Spatial clustering algorithms|Deep learning,CLASSICAL|INFERENTIAL|LEARNING,Urban studies & planning,POI & commercial geodatabases,,,,,Accuracy metrics reported,,,CHN,Global South,,,,School of Geography and Ocean Science
R01687,2023,P3,2021-2027,"Evaluation of Living Environment Quality in Urban Residential Areas under the Concept of Urban Renewal—A Case Study of Binjiang District, Hangzhou, China",10.3390/su151914104,https://www.scopus.com/pages/publications/85174216370?origin=resultslist,MDPI,10.3390,5,1,0,CHN,Global South,1,0,1,3,1,0,0,2,0,1,2702,Getis-Ord hotspot statistics,INFERENTIAL,"Transportation & mobility|Urban studies & planning|Retail & economic geography|Geodesy, remote sensing & earth observation",Remote sensing & earth observation|POI & commercial geodatabases,,City / metropolitan|Continental / global,,,,,,CHN,Global South,CHN,,city_region|disambiguated,School of Civil Engineering & Architecture|Center of the Patent Office|School of Geographical Sciences|School of Humanities and Social Science (School of Public Administration)
R01710,2023,P3,2021-2027,An accurate fringe extraction model of small- and medium-sized urban areas using multi-source data,10.3389/fenvs.2023.1118953,https://www.scopus.com/pages/publications/85159952313?origin=resultslist,Frontiers,10.3389,6,1,0,CHN,Global South,1,0,1,3,1,0,0,2,0,1,1502,Kernel density estimation,CLASSICAL,Urban studies & planning,Remote sensing & earth observation|POI & commercial geodatabases,,,,,,,,CHN,Global South,CHN,,disambiguated,Technology Innovation Center for Land Engineering and Human Settlements|Chinese Academy of Sciences|Academy of Mathematics and Systems Science|College of Science
R01726,2023,P3,2021-2027,Study on spatial pattern of tourism landscape resources in county cities of Yangtze River Economic Belt,10.1515/geo-2022-0569,https://www.scopus.com/pages/publications/85179134521?origin=resultslist,De Gruyter,10.1515,2,1,0,CHN,Global South,1,0,1,2,1,0,0,1,0,1,1723,Nearest-neighbour analysis,CLASSICAL,Urban studies & planning|Ecology & biodiversity|Tourism & recreation,Field survey & in-situ sampling,,City / metropolitan|Regional / sub-national,,,,,,CHN,Global South,CHN,,city_region,School of Art & Design|School of Civil Engineering
R01730,2023,P3,2021-2027,Vessel sailing route extraction and analysis from satellite-based AIS data using density clustering and probability algorithms,10.1016/j.oceaneng.2023.114627,https://www.scopus.com/pages/publications/85160538700?origin=resultslist,Elsevier,10.1016,4,1,0,,,,,2,3,2,0,0,1,0,0,1375,Kernel density estimation|Spatial clustering algorithms,CLASSICAL|INFERENTIAL,"Geodesy, remote sensing & earth observation",Mobile phone & GPS trajectory data,,,,,,,Surveillance / algorithmic bias,CHN,Global South,,,,School of Information and Electronic Engineering|College of Computer Science and Electronic Engineering|College of Aerospace Science and Engineering|School of Naval Architecture Ocean and Civil Engineering
R01731,2023,P3,2021-2027,Spatio-temporal modeling of infectious diseases by integrating compartment and point process models,10.1007/s00477-022-02354-4,https://www.scopus.com/pages/publications/85143912775?origin=resultslist,Springer Nature (Springer),10.1007,1,1,0,BRA,Global South,0,0,1,2,1,0,0,1,0,1,1083,Point process models (Poisson/Cox/Hawkes),INFERENTIAL,Public health & epidemiology,Simulated / synthetic data,,,,,,,,SAU,Global South,BRA|COL,,city_region|country_name,
R01747,2023,P3,2021-2027,A hypothesis test for detecting distance-specific clustering and dispersion in areal data,10.1016/j.spasta.2023.100757,https://www.scopus.com/pages/publications/85159927017?origin=resultslist,Elsevier,10.1016,3,1,0,,,,,3,2,2,0,0,0,0,1,1404,Ripley's K / second-order PPA|Spatial autocorrelation statistics|Space-time scan statistics,CLASSICAL|INFERENTIAL,Public health & epidemiology|Crime & security|Ecology & biodiversity,,,,,,,,,USA,Global North,,Global / worldwide,,Arnold School of Public Health|College of Architecture|College of Behavioral
R01757,2024,P3,2021-2027,A study of the coupling between the digital economy and regional economic resilience: Evidence from China,10.1371/journal.pone.0296890,https://www.scopus.com/pages/publications/85182828321?origin=resultslist,PLOS,10.1371,2,1,0,CHN,Global South,1,0,1,2,1,0,0,1,0,1,2543,Spatial autocorrelation statistics,INFERENTIAL,,Mobile phone & GPS trajectory data,,City / metropolitan|Regional / sub-national,Annual to decadal,,,,,CHN,Global South,CHN|HKG|MAC|TWN,Global / worldwide,country_name|demonym|disambiguated,School of Economics and Management|School of Management
R01759,2024,P3,2021-2027,Coarse-to-Fine Separation of Wood and Leaf from MLS Street Tree Point Clouds Using Branch Tilt Prior and Enhanced Shortest Path Tracing,10.1109/TGRS.2024.3488696,https://www.scopus.com/pages/publications/85208370756?origin=resultslist,IEEE,10.1109,4,2,1,,,,,2,4,2,0,0,1,1,0,1769,Spatial clustering algorithms|Classical machine learning,INFERENTIAL|LEARNING,Urban studies & planning|Ecology & biodiversity,LiDAR & 3D point clouds,,,,,,Workflow / protocol formalised,,CHN|NLD,Global North|Global South,,,,School of Earth Sciences and Engineering|College of Civil Engineering
R01760,2023,P3,2021-2027,An Improved Geographically and Temporally Weighted Regression for Surface Ozone Estimation From Satellite-Based Precursor Data,10.1109/JSTARS.2023.3327881,https://www.scopus.com/pages/publications/85178666897?origin=resultslist,IEEE,10.1109,2,2,1,,,,,1,2,1,0,1,0,0,0,1596,Spatial regression / GWR,INFERENTIAL,"Environmental monitoring & pollution|Ecology & biodiversity|Geodesy, remote sensing & earth observation",,,,Daily to monthly,,Cross-validation / holdout,,,CHN|GBR,Global North|Global South,,,,School of Environment and Spatial Informatics|University of Derby College of Science and Engineering
R01764,2023,P3,2021-2027,Analysing Pine Disease Spread Using Random Point Process by Remote Sensing of a Forest Stand,10.3390/rs15163941,https://www.scopus.com/pages/publications/85168783438?origin=resultslist,MDPI,10.3390,5,2,1,,,,,0,1,0,0,0,1,0,0,1101,,,"Public health & epidemiology|Ecology & biodiversity|Geodesy, remote sensing & earth observation",Remote sensing & earth observation,,,,,,,,UKR|POL,Global North,,,,National Academy of Sciences of Ukraine|Lviv Polytechnic National University
R01797,2023,P3,2021-2027,"Exploring intra-urban human mobility and daily activity patterns from the lens of dockless bike-sharing: A case study of Beijing, China",10.1016/j.jag.2023.103442,https://www.scopus.com/pages/publications/85166980695?origin=resultslist,Elsevier,10.1016,4,3,1,CHN,Global South,1,0,0,1,0,0,0,1,0,1,1632,,,Transportation & mobility|Urban studies & planning|Retail & economic geography,POI & commercial geodatabases,,,Daily to monthly,,,,,GBR|DEU|CHN,Global North|Global South,CHN,,city_region|disambiguated,School of Electronic Engineering and Computer Science|School of Life Sciences|School of Earth Sciences and Engineering|College of Engineering
R01800,2023,P3,2021-2027,Walkability Measurement of 15-Minute Community Life Circle in Shanghai,10.3390/land12010153,https://www.scopus.com/pages/publications/85146789024?origin=resultslist,MDPI,10.3390,2,1,0,CHN,Global South,1,0,0,1,0,0,0,1,0,1,1287,,,Urban studies & planning|Retail & economic geography,POI & commercial geodatabases,,,Daily to monthly,,,,,CHN,Global South,CHN,,city_region,School of Architecture and Urban Planning|School of Traffic and Transportation
R01804,2023,P3,2021-2027,"Quantitative Analysis of Spatial Heterogeneity and Driving Forces of the Urban Spatial Structure’s Development Level Based on Multi-Source Big Data: A Case Study of Beijing, China",10.3390/land12061178,https://www.scopus.com/pages/publications/85163825236?origin=resultslist,MDPI,10.3390,1,1,0,CHN,Global South,1,0,0,1,0,0,0,1,0,1,1873,,,Urban studies & planning,POI & commercial geodatabases,,,,,,,,CHN,Global South,CHN,,city_region|disambiguated,School of Information Engineering
R01812,2024,P3,2021-2027,Spatiotemporal Analysis and Prediction of Carbon Emissions from Energy Consumption in China through Nighttime Light Remote Sensing,10.3390/rs16010023,https://www.scopus.com/pages/publications/85181895977?origin=resultslist,MDPI,10.3390,5,1,0,CHN,Global South,1,0,0,2,0,0,0,2,0,1,2596,,,"Environmental monitoring & pollution|Energy & infrastructure|Geodesy, remote sensing & earth observation",Remote sensing & earth observation|Mobile phone & GPS trajectory data,,City / metropolitan|Regional / sub-national|National,Annual to decadal,,,,,CHN,Global South,CHN,Global / worldwide,city_region|disambiguated,School of Environmental Science and Engineering|Marine Ecological Restoration and Smart Ocean Engineering Research Center of Hebei Province|Chinese Academy of Sciences|Navigation College
R01824,2023,P3,2021-2027,Multi-trait point pattern reconstruction of plant ecosystems,10.1111/2041-210X.14206,https://www.scopus.com/pages/publications/85169328366?origin=resultslist,Wiley,10.1111,1,1,0,,,,,1,1,1,0,0,0,0,0,2330,Ripley's K / second-order PPA,CLASSICAL,Public health & epidemiology|Ecology & biodiversity|Energy & infrastructure,,,,,,,,,DEU,Global North,,,,
R01835,2023,P3,2021-2027,HMM-Based Map Matching and Spatiotemporal Analysis for Matching Errors with Taxi Trajectories,10.3390/ijgi12080330,https://www.scopus.com/pages/publications/85169017289?origin=resultslist,MDPI,10.3390,4,1,0,,,,,1,2,1,0,0,1,0,0,1562,Kernel density estimation,CLASSICAL,Transportation & mobility|Urban studies & planning|Retail & economic geography,Mobile phone & GPS trajectory data,,,,,,,,CHN,Global South,,,,School of Transportation and Logistics|School of Computer Science|School of Transportation
R01836,2023,P3,2021-2027,Night-Time Measurement and Skeleton Recognition Using Unmanned Aerial Vehicles Equipped with LiDAR Sensors Based on Deep-Learning Algorithms,10.1109/JSEN.2023.3302524,https://www.scopus.com/pages/publications/85167823144?origin=resultslist,IEEE,10.1109,1,1,0,,,,,1,4,1,0,1,2,0,0,1769,Spatial clustering algorithms,INFERENTIAL,"Transportation & mobility|Disaster risk & hazards|Geodesy, remote sensing & earth observation",Remote sensing & earth observation|LiDAR & 3D point clouds,,,,,Accuracy metrics reported,,,TWN,Global North,,,,
R01841,2023,P3,2021-2027,Probabilistic air quality forecasting using deep learning spatial–temporal neural network,10.1007/s10707-022-00479-w,https://www.scopus.com/pages/publications/85138543973?origin=resultslist,Springer Nature (Springer),10.1007,2,1,0,IND,Global South,1,0,3,3,2,1,0,0,0,1,1934,Bayesian hierarchical spatial models|Gaussian processes / NNGP|Deep learning,GEOSTATISTICAL|INFERENTIAL|LEARNING,Environmental monitoring & pollution,,,,Sub-daily / real-time,Statistical uncertainty reported,,,,IND,Global South,IND,,city_region,School of Computer Science and Engineering|Thiagarajar College of Engineering
R01851,2023,P3,2021-2027,Gaussian process regression-based forest above ground biomass retrieval from simulated L-band NISAR data,10.1016/j.jag.2023.103252,https://www.scopus.com/pages/publications/85149402293?origin=resultslist,Elsevier,10.1016,3,2,1,USA,Global North,1,0,1,3,1,0,1,1,0,1,2067,Gaussian processes / NNGP,GEOSTATISTICAL,"Transportation & mobility|Ecology & biodiversity|Geodesy, remote sensing & earth observation",LiDAR & 3D point clouds,,,,,Accuracy metrics reported,,,IND|USA,Global North|Global South,USA,,city_region,Centre of Studies in Resources Engineering
R01852,2024,P3,2021-2027,Temporal Network Kernel Density Estimation,10.1111/gean.12368,https://www.scopus.com/pages/publications/85162907739?origin=resultslist,Wiley,10.1111,2,1,0,CAN,Global North,1,0,2,4,2,1,1,0,0,1,1153,Kernel density estimation|Network-constrained point analysis,CLASSICAL|NETWORK,Transportation & mobility|Ecology & biodiversity,,,,Annual to decadal,Sensitivity analysis,Cross-validation / holdout,,,CAN,Global North,CAN,,city_region,Institut National de la Recherche Scientifique centre Urbanisation Culture Société
R01857,2023,P3,2021-2027,Effects of Confidentiality-Preserving Geo-Masking on the Estimation of Semivariogram and of the Kriging Variance,10.1111/gean.12344,https://www.scopus.com/pages/publications/85136496365?origin=resultslist,Wiley,10.1111,2,1,0,,,,,1,2,1,1,0,0,0,0,1177,Kriging and variogram geostatistics,GEOSTATISTICAL,Energy & infrastructure,,,,,Positional / geocoding uncertainty,,,Privacy / confidentiality,ITA,Global North,,,,
R01858,2023,P3,2021-2027,The evolution of spatiotemporal patterns and influencing factors of high-level tourist attractions in the Yellow River Basin,10.3389/feart.2023.1206716,https://www.scopus.com/pages/publications/85168006767?origin=resultslist,Frontiers,10.3389,3,1,0,CHN,Global South,1,0,4,2,2,0,0,0,0,1,2355,Kernel density estimation|Nearest-neighbour analysis|Spatial autocorrelation statistics|Deep learning,CLASSICAL|INFERENTIAL|LEARNING,Ecology & biodiversity|Tourism & recreation,,,City / metropolitan|Regional / sub-national,Annual to decadal,,,,,CHN,Global South,CHN,,city_region,School of Geographical Sciences|School of History
R01872,2024,P3,2021-2027,FLEXIBLE MULTIVARIATE SPATIOTEMPORAL HAWKES PROCESS MODELS OF TERRORISM,10.1214/23-AOAS1839,https://www.scopus.com/pages/publications/85191028230?origin=resultslist,Institute of Mathematical Statistics,10.1214,2,1,0,AFG,Global South,0,1,1,1,1,0,0,0,0,1,1298,Point process models (Poisson/Cox/Hawkes),INFERENTIAL,Crime & security|Energy & infrastructure,,,,,,,,,USA,Global North,AFG|NGA,,country_name,College of Natural Sciences and Mathematics|Bush School of Government and Public Service
R01875,2023,P3,2021-2027,A study of the influence of sports venues on the intra-city population layout based on multi-source data-Taking Xi'an city and Zhengzhou city as examples,10.1371/journal.pone.0285600,https://www.scopus.com/pages/publications/85159549963?origin=resultslist,PLOS,10.1371,2,1,0,CHN,Global South,1,0,2,2,2,0,0,0,0,1,1307,Kernel density estimation|Spatial regression / GWR,CLASSICAL|INFERENTIAL,Urban studies & planning,,,,,,,,,CHN,Global South,CHN,Global / worldwide,city_region,Physical Education College of Xinjiang|College of Geography and Environment
R01879,2024,P3,2021-2027,"Exploring Bayesian network model with noise filtering for rainfall-induced landslide susceptibility assessment in Fujian, China",10.3389/feart.2024.1444882,https://www.scopus.com/pages/publications/85203836855?origin=resultslist,Frontiers,10.3389,5,1,0,CHN,Global South,1,0,2,3,2,0,1,0,0,1,1398,Spatial autocorrelation statistics|Classical machine learning,INFERENTIAL|LEARNING,Disaster risk & hazards,,,Regional / sub-national,,,Accuracy metrics reported,,,CHN,Global South,CHN,,city_region|disambiguated,College of Civil Engineering|Key Laboratory of Building Safety and Energy Efficiency of Ministry of Education|Integrated Space-Air-Ground Structural Health Monitoring and Maintenance Center|Ministry of Land and Resources
R01885,2023,P3,2021-2027,Spatiotemporal Flow L-function: a new method for identifying spatiotemporal clusters in geographical flow data,10.1080/13658816.2023.2204345,https://www.scopus.com/pages/publications/85158143749?origin=resultslist,Taylor & Francis,10.1080,3,1,0,,,,,1,2,1,0,0,1,0,1,1424,Ripley's K / second-order PPA,CLASSICAL,Transportation & mobility,Simulated / synthetic data,,,,,,,,CHN,Global South,,Global / worldwide,,Chinese Academy of Sciences|University of Chinese Academy of Sciences|Jiangsu Center for Collaborative Innovation in Geographical Information Resource Development and Application
R01895,2023,P3,2021-2027,Spatial and deep learning analyses of urban recovery from the impacts of COVID-19,10.1038/s41598-023-29189-5,https://www.scopus.com/pages/publications/85147834859?origin=resultslist,Springer Nature (Nature Portfolio),10.1038,3,2,1,,,,,3,4,2,0,0,2,0,0,1369,Spatial autocorrelation statistics|Spatial clustering algorithms|Deep learning,INFERENTIAL|LEARNING,"Public health & epidemiology|Transportation & mobility|Urban studies & planning|Retail & economic geography|Tourism & recreation|Geodesy, remote sensing & earth observation",Remote sensing & earth observation|Mobile phone & GPS trajectory data,,,,,,,,CHN|JPN,Global North|Global South,,,,College of Civil Engineering and Architecture|Graduate School of Advanced Science and Engineering|School of Transportation
R01899,2024,P3,2021-2027,CSR-Net++: Rethinking Context Structure Representation Learning for Feature Matching,10.1109/TGRS.2024.3431008,https://www.scopus.com/pages/publications/85199042687?origin=resultslist,IEEE,10.1109,2,1,0,,,,,0,1,0,0,0,1,0,1,1880,,,"Geodesy, remote sensing & earth observation",Remote sensing & earth observation,,,,,,,,CHN,Global South,,Global / worldwide,,College of Information and Electrical Engineering|College of Computer Science and Technology
R01903,2023,P3,2021-2027,Estimating spatiotemporal aggregation scales by revisiting the spatiotemporal L-function,10.1111/tgis.13034,https://www.scopus.com/pages/publications/85150278947?origin=resultslist,Wiley,10.1111,3,1,0,,,,,1,1,1,0,0,0,0,0,1033,Ripley's K / second-order PPA,CLASSICAL,Public health & epidemiology|Disaster risk & hazards,,,,,,,,,CHN,Global South,,,,Chinese Academy of Sciences|University of Chinese Academy of Sciences|Jiangsu Center for Collaborative Innovation in Geographical Information Resource Development and Application
R01918,2023,P3,2021-2027,"Leverage and Cook distance in regression with geostatistical data: methodology, simulation, and applications related to geographical information",10.1080/13658816.2022.2131790,https://www.scopus.com/pages/publications/85141206387?origin=resultslist,Taylor & Francis,10.1080,3,3,1,,,,,2,2,2,0,0,0,0,0,1395,Spatial regression / GWR|Kriging and variogram geostatistics,GEOSTATISTICAL|INFERENTIAL,,,,,,,,,,COL|CHL|USA,Global North|Global South,,,,School of Industrial Engineering
R01931,2023,P3,2021-2027,Evaluation of the Resilience of the Catering Industry in Hong Kong before and after the COVID-19 Outbreak Based on Point-of-Interest Data,10.3390/ijgi12110443,https://www.scopus.com/pages/publications/85178132819?origin=resultslist,MDPI,10.3390,1,1,0,CHN,Global South,0,1,1,2,1,0,0,1,0,1,1603,Spatial autocorrelation statistics,INFERENTIAL,Public health & epidemiology|Urban studies & planning|Ecology & biodiversity|Retail & economic geography|Social media & digital society,POI & commercial geodatabases,,,,,,,,HKG,Global North,CHN|HKG,,city_region|country_name|disambiguated,The Hong Kong Polytechnic University
R01936,2023,P3,2021-2027,A Vector Field Visualization Method for Trajectory Big Data,10.3390/ijgi12100398,https://www.scopus.com/pages/publications/85175464013?origin=resultslist,MDPI,10.3390,3,1,0,,,,,0,1,0,0,0,1,0,0,1469,,,Transportation & mobility|Urban studies & planning,Mobile phone & GPS trajectory data,,,,,,,,CHN,Global South,,,,School of Geomatics and Urban Spatial Informatics|School of Science|School of Architecture and Urban Planning
R01941,2023,P3,2021-2027,On using Reproducing Kernel Hilbert Spaces for the analysis of Replicated Spatial Point Processes,10.1016/j.spasta.2023.100739,https://www.scopus.com/pages/publications/85150276866?origin=resultslist,Elsevier,10.1016,1,1,0,,,,,0,0,0,0,0,0,0,0,640,,,,,,,,,,,,ESP,Global North,,,,
R01942,2023,P3,2021-2027,Approximating the Length of Vehicle Routing Problem Solutions Using Complementary Spatial Information,10.1111/gean.12322,https://www.scopus.com/pages/publications/85125918699?origin=resultslist,Wiley,10.1111,3,2,1,,,,,2,2,2,0,0,0,0,0,1333,Nearest-neighbour analysis|Point process models (Poisson/Cox/Hawkes),CLASSICAL|INFERENTIAL,Transportation & mobility|Urban studies & planning,,,,,,,,,USA|CAN,Global North,,,,
R01955,2023,P3,2021-2027,Artificial Hotspot Occurrence Inventory (AHOI),10.1111/jbi.14543,https://www.scopus.com/pages/publications/85142810160?origin=resultslist,Wiley,10.1111,4,1,0,BRA,Global South,0,1,0,0,0,0,0,0,0,1,2282,,,Ecology & biodiversity,,,,,,,,,USA,Global North,BRA,Global / worldwide,country_name,Purdue Center for Plant Biology
R01961,2023,P3,2021-2027,LADI: Landslide displacement interpolation through a spatial-temporal Kalman filter,10.1016/j.cageo.2023.105451,https://www.scopus.com/pages/publications/85171756587?origin=resultslist,Elsevier,10.1016,1,1,0,,,,,0,2,0,0,0,2,0,0,1932,,,"Disaster risk & hazards|Geodesy, remote sensing & earth observation",Field survey & in-situ sampling|Remote sensing & earth observation,,,,,,,,USA,Global North,,,,School of Civil and Construction Engineering
R01966,2023,P3,2021-2027,Spatial distribution of urban basic education resources in Shanghai: Accessibility and supply-demand matching evaluation,10.1515/geo-2022-0571,https://www.scopus.com/pages/publications/85180126016?origin=resultslist,De Gruyter,10.1515,3,1,0,CHN,Global South,1,0,1,2,1,0,0,1,0,1,1740,Classical machine learning,LEARNING,Transportation & mobility|Urban studies & planning|Ecology & biodiversity,POI & commercial geodatabases,,Neighbourhood / local|City / metropolitan,,,,,,CHN,Global South,CHN,,city_region,College of Teacher Education|School of Management|Law School
R01976,2023,P3,2021-2027,Quantifying the spatial clustering characteristics of radiographic emphysema explains variability in pulmonary function,10.1038/s41598-023-40950-8,https://www.scopus.com/pages/publications/85168650041?origin=resultslist,Springer Nature (Nature Portfolio),10.1038,3,1,0,,,,,1,1,1,0,0,0,0,0,1870,Point process models (Poisson/Cox/Hawkes),INFERENTIAL,Public health & epidemiology,,,,,,,,,USA,Global North,,,,Center for Genes|Brigham and Women’s Hospital
R01978,2023,P3,2021-2027,Exploring the Spatial Relative Risk of COVID-19 in Berlin-Neukölln,10.3390/ijerph20105830,https://www.scopus.com/pages/publications/85160320319?origin=resultslist,MDPI,10.3390,5,2,1,DEU,Global North,1,0,1,1,1,0,0,0,0,1,1430,Kernel density estimation,CLASSICAL,Public health & epidemiology|Urban studies & planning,,,,,,,,,DEU|GBR,Global North,DEU,,city_region,UK Health Security Agency|School of Environmental Sciences
R01980,2023,P3,2021-2027,Spatial distribution and determinants of newborn care within 2 days of postpartum period among women with at least one antenatal care visit in Ethiopia: Mixed effect multilevel analysis,10.1371/journal.pone.0282012,https://www.scopus.com/pages/publications/85149153012?origin=resultslist,PLOS,10.1371,5,1,0,ETH,Global South,1,0,1,3,1,1,1,0,0,1,2390,Space-time scan statistics,INFERENTIAL,Public health & epidemiology,,SaTScan|SPSS / SAS / Stata,,Cross-sectional / static,Statistical uncertainty reported,Model comparison / selection,,,ETH,Global South,ETH,,country_name|demonym,School of Midwifery|College of Medicine and Health Sciences|School of Medicine
R01985,2023,P3,2021-2027,Exploring the spatial dynamics of cultural facilities based on multi-source data: A case study of Nanjing's art institutions,10.1515/geo-2022-0532,https://www.scopus.com/pages/publications/85173160153?origin=resultslist,De Gruyter,10.1515,1,1,0,CHN,Global South,1,0,1,2,1,0,0,1,0,1,1628,Kriging and variogram geostatistics,GEOSTATISTICAL,Urban studies & planning,POI & commercial geodatabases,,Regional / sub-national,,,,,Surveillance / algorithmic bias,CHN,Global South,CHN,,city_region,Zhejiang College of Security Technology
R02013,2021,P3,2021-2027,Fused spatial point process intensity estimation with varying coefficients on complex constrained domains,10.1016/j.spasta.2021.100547,https://www.scopus.com/pages/publications/85117765510?origin=resultslist,Elsevier,10.1016,2,2,1,AUS,Global North,0,0,2,2,2,0,0,0,0,1,1339,Quadrat / intensity analysis|Point process models (Poisson/Cox/Hawkes),CLASSICAL|INFERENTIAL,Crime & security,,,,,,,,,USA|CHN,Global North|Global South,AUS|CAN,,city_region|country_name,College Station
R02023,2021,P3,2021-2027,sparrpowR: a flexible R package to estimate statistical power to identify spatial clustering of two groups and its application,10.1186/s12942-021-00267-z,https://www.scopus.com/pages/publications/85102807053?origin=resultslist,BMC / Springer Nature,10.1186,4,1,0,,,,,0,2,0,0,0,1,1,0,1585,,,Public health & epidemiology|Environmental monitoring & pollution|Energy & infrastructure,Simulated / synthetic data,R (base/tidyverse),,,,,Code or software shared,,USA,Global North,,,,9609 Medical Center Drive
R02025,2021,P3,2021-2027,ClusterMap for multi-scale clustering analysis of spatial gene expression,10.1038/s41467-021-26044-x,https://www.scopus.com/pages/publications/85116801399?origin=resultslist,Springer Nature (Nature Portfolio),10.1038,7,1,0,,,,,0,0,0,0,0,0,0,0,1135,,,,,,,,,,,,USA,Global North,,,,John A. Paulson School of Engineering and Applied Sciences|Cutaneous Biology Research Center
R02026,2022,P3,2021-2027,Research on cluster system distribution of traditional fort-type settlements in Shaanxi based on K-means clustering algorithm,10.1371/journal.pone.0264238,https://www.scopus.com/pages/publications/85126317172?origin=resultslist,PLOS,10.1371,2,1,0,CHN,Global South,1,0,2,2,2,0,0,0,0,1,1576,Nearest-neighbour analysis|Spatial clustering algorithms,CLASSICAL|INFERENTIAL,Urban studies & planning|Ecology & biodiversity,,,,,,,,,CHN,Global South,CHN,,city_region,School of Architecture
R02028,2022,P3,2021-2027,Spatial distribution and identification of potential risk regions to rice blast disease in different rice ecosystems of Karnataka,10.1038/s41598-022-11453-9,https://www.scopus.com/pages/publications/85129758212?origin=resultslist,Springer Nature (Nature Portfolio),10.1038,9,4,1,IND,Global South,1,0,3,2,2,0,0,0,0,1,1459,Spatial autocorrelation statistics|Kriging and variogram geostatistics|Deterministic interpolation,GEOSTATISTICAL|INFERENTIAL,Public health & epidemiology|Agriculture & food systems,,,Continental / global,,,,,,IND|CAN|EGY|SAU,Global North|Global South,IND,,city_region|disambiguated,Center for Climate Resilient Agriculture|Research Centre|Centre for Biodiversity Genomics|College of Food and Agriculture Sciences|College of Agriculture
R02032,2022,P3,2021-2027,Intelligent Anomaly Identification of Uplift Pressure Monitoring Data and Structural Diagnosis of Concrete Dam,10.3390/app12020612,https://www.scopus.com/pages/publications/85122485335?origin=resultslist,MDPI,10.3390,1,1,0,CHN,Global South,1,0,1,1,1,0,0,0,0,1,1449,Spatial clustering algorithms,INFERENTIAL,,,,,,,,,,CHN,Global South,CHN,,disambiguated,
R02033,2022,P3,2021-2027,Spatial interpolation of highly skewed data of the Junggar Basin phreatic groundwater through the multi-scale cokriging model,10.1007/s12145-022-00835-2,https://www.scopus.com/pages/publications/85132895686?origin=resultslist,Springer Nature (Springer),10.1007,3,1,0,,,,,2,2,2,0,0,0,0,0,1710,Spatial autocorrelation statistics|Kriging and variogram geostatistics,GEOSTATISTICAL|INFERENTIAL,Environmental monitoring & pollution,,,Regional / sub-national,,,,,,CHN,Global South,,,,School of Water Resources and Environment|Command Center of Integrated Survey of Natural Resources
R02036,2022,P3,2021-2027,Detecting Colocation Flow Patterns in the Geographical Interaction Data,10.1111/gean.12274,https://www.scopus.com/pages/publications/85099059898?origin=resultslist,Wiley,10.1111,5,1,0,CHN,Global South,1,0,0,0,0,0,0,0,0,1,1181,,,Urban studies & planning|Tourism & recreation|Energy & infrastructure,,,,,,,,,CHN,Global South,CHN,,disambiguated,School of Geographic Science|Ministry of Education|College of Information Engineering|School of Tourism Sciences
R02044,2022,P3,2021-2027,"Appraising regional anthropogenic heat flux using high spatial resolution NTL and POI data: A case study in the Beijing-Tianjin-Hebei region, China",10.1016/j.envpol.2021.118359,https://www.scopus.com/pages/publications/85116862539?origin=resultslist,Elsevier,10.1016,4,1,0,CHN,Global South,1,0,0,2,0,0,1,1,0,1,1960,,,Transportation & mobility|Urban studies & planning|Environmental monitoring & pollution|Retail & economic geography|Energy & infrastructure,POI & commercial geodatabases,,City / metropolitan,,,Accuracy metrics reported,,,CHN,Global South,CHN,,city_region|disambiguated,College of Resource Environment and Tourism|Ministry of Education
R02050,2022,P3,2021-2027,Imputation of Ammonium Nitrogen Concentration in Groundwater Based on a Machine Learning Method,10.3390/w14101595,https://www.scopus.com/pages/publications/85130733139?origin=resultslist,MDPI,10.3390,2,1,0,,,,,2,2,2,0,0,0,0,0,1713,Classical machine learning|Explainable AI / interpretable ML,LEARNING,Urban studies & planning|Environmental monitoring & pollution,,,,,,,,,CHN,Global South,,,,Ministry of Education|College of New Energy and Environment
R02060,2021,P3,2021-2027,Cetacean distribution models based on visual and passive acoustic data,10.1038/s41598-021-87577-1,https://www.scopus.com/pages/publications/85104431791?origin=resultslist,Springer Nature (Nature Portfolio),10.1038,2,1,0,MEX,Global South,0,1,0,0,0,0,0,0,0,1,1373,,,Ecology & biodiversity,,,,Daily to monthly,,,,,USA,Global North,MEX|USA,,city_region|country_name,NOAA NMFS Southeast Fisheries Science Center
R02069,2022,P3,2021-2027,Estimation of Urban Housing Vacancy Based on Daytime Housing Exterior Images—A Case Study of Guangzhou in China,10.3390/ijgi11060349,https://www.scopus.com/pages/publications/85132547142?origin=resultslist,MDPI,10.3390,3,1,0,CHN,Global South,1,0,3,2,2,0,0,0,0,1,2100,Kernel density estimation|Nearest-neighbour analysis|Spatial autocorrelation statistics,CLASSICAL|INFERENTIAL,Urban studies & planning,,,City / metropolitan,,,,,,CHN,Global South,CHN,,city_region|disambiguated,School of Architecture and Urban Planning|Guangdong Academy of Sciences
R02097,2022,P3,2021-2027,SPATIOTEMPORAL-TEXTUAL POINT PROCESSES FOR CRIME LINKAGE DETECTION,10.1214/21-AOAS1538,https://www.scopus.com/pages/publications/85132714864?origin=resultslist,Institute of Mathematical Statistics,10.1214,1,1,0,,,,,1,1,1,0,0,0,0,0,1065,Point process models (Poisson/Cox/Hawkes),INFERENTIAL,Crime & security,,,,,,,,,USA,Global North,,,,School of Industrial and Systems Engineering
R02114,2022,P3,2021-2027,"ANALYSIS OF PRESENCE-ONLY DATA VIA EXACT BAYES, WITH MODEL AND EFFECTS IDENTIFICATION",10.1214/21-AOAS1569,https://www.scopus.com/pages/publications/85134574802?origin=resultslist,Institute of Mathematical Statistics,10.1214,2,2,1,,,,,3,2,2,0,0,0,0,0,951,Quadrat / intensity analysis|Point process models (Poisson/Cox/Hawkes)|Bayesian hierarchical spatial models,CLASSICAL|INFERENTIAL,Ecology & biodiversity,,,,,,,,,PRT|BRA,Global North|Global South,,,,
R02117,2022,P3,2021-2027,New improved Brazilian daily weather gridded data (1961–2020),10.1002/joc.7731,https://www.scopus.com/pages/publications/85131101914?origin=resultslist,Wiley,10.1002,3,2,1,BRA,Global South,1,0,1,2,1,0,1,0,0,1,1621,Deterministic interpolation,GEOSTATISTICAL,Agriculture & food systems|Energy & infrastructure,,,,Daily to monthly,,Cross-validation / holdout,,,BRA|USA,Global North|Global South,BRA,,country_name|demonym,Jackson School of Geosciences
R02135,2022,P3,2021-2027,How should surface elevation table data be analyzed? A comparison of several commonly used analysis methods and one newly proposed approach,10.1007/s10651-021-00524-1,https://www.scopus.com/pages/publications/85122648438?origin=resultslist,Springer Nature (Springer),10.1007,6,1,0,,,,,0,2,0,1,0,1,0,0,1350,,,,Simulated / synthetic data,,,,Statistical uncertainty reported,,,,USA,Global North,,,,School of Mathematical and Statistical Sciences
R02136,2022,P3,2021-2027,Discovery of statistically significant regional co-location patterns on urban road networks,10.1080/13658816.2021.1981335,https://www.scopus.com/pages/publications/85115394704?origin=resultslist,Taylor & Francis,10.1080,2,2,1,CHN,Global South,1,0,2,5,2,0,1,2,0,1,1295,Nearest-neighbour analysis|Network-constrained point analysis,CLASSICAL|NETWORK,Public health & epidemiology|Urban studies & planning,POI & commercial geodatabases|Simulated / synthetic data,,,,,Monte Carlo / simulation envelope,,,CHN|HKG,Global North|Global South,CHN,,city_region,
R02152,2022,P3,2021-2027,"Lockout, Lockdown and Land Use: Exploring the Spatio-Temporal Evolution Patterns of Licensed Venues in Sydney, Australia between 2012 and 2021 in the Context of NSW Public Policy",10.3390/buildings12010035,https://www.scopus.com/pages/publications/85123307134?origin=resultslist,MDPI,10.3390,2,1,0,AUS,Global North,1,0,1,1,1,0,0,0,0,1,1649,Spatial autocorrelation statistics,INFERENTIAL,Public health & epidemiology|Urban studies & planning,,,,Annual to decadal,,,,,AUS,Global North,AUS,,city_region|country_name,
R02158,2021,P3,2021-2027,A rapid density method for taxi passengers hot spot recognition and visualization based on DBSCAN+,10.1038/s41598-021-88822-3,https://www.scopus.com/pages/publications/85105126859?origin=resultslist,Springer Nature (Nature Portfolio),10.1038,3,1,0,,,,,1,2,1,0,0,1,0,0,1271,Spatial clustering algorithms,INFERENTIAL,Transportation & mobility|Urban studies & planning,Mobile phone & GPS trajectory data,,,,,,,,CHN,Global South,,,,
R02163,2022,P3,2021-2027,Eliminating the influence of measuring point failure in ice load identification of polar ship structures,10.1016/j.oceaneng.2022.112082,https://www.scopus.com/pages/publications/85135702261?origin=resultslist,Elsevier,10.1016,1,1,0,,,,,0,1,0,0,0,1,0,0,1497,,,,Field survey & in-situ sampling,,,,,,,,CHN,Global South,,,,
R02166,2022,P3,2021-2027,Forecasting and Planning Method for Taxi Travel Combining Carbon Emission and Revenue Factors—A Case Study in China,10.3390/ijerph191811490,https://www.scopus.com/pages/publications/85138332834?origin=resultslist,MDPI,10.3390,3,1,0,CHN,Global South,1,0,1,2,1,0,0,1,0,1,1746,Spatial clustering algorithms,INFERENTIAL,Transportation & mobility|Urban studies & planning|Environmental monitoring & pollution,Mobile phone & GPS trajectory data,,,,,,,,CHN,Global South,CHN,,city_region|disambiguated,School of Transportation Engineering|Intelligent Transportation Systems Research Center|Shenzhen Polytechnic
R02176,2021,P3,2021-2027,Business circle identification and spatiotemporal characteristics in the main urban area of yiwu city based on poi and night-time light data,10.3390/rs13245153,https://www.scopus.com/pages/publications/85121344373?origin=resultslist,MDPI,10.3390,1,1,0,,,,,2,4,2,0,0,2,0,0,1650,Kernel density estimation|Spatial clustering algorithms,CLASSICAL|INFERENTIAL,"Public health & epidemiology|Urban studies & planning|Ecology & biodiversity|Retail & economic geography|Geodesy, remote sensing & earth observation",Remote sensing & earth observation|POI & commercial geodatabases,,City / metropolitan,,,,,,CHN,Global South,,,,College of Surveying and Geo-Informatics
R02179,2022,P3,2021-2027,Urban spatial risk prediction and optimization analysis of POI based on deep learning from the perspective of an epidemic,10.1016/j.jag.2022.102942,https://www.scopus.com/pages/publications/85135529656?origin=resultslist,Elsevier,10.1016,3,2,1,CHN,Global South,1,0,3,2,2,0,0,0,0,1,1524,Kriging and variogram geostatistics|Classical machine learning|Deep learning,GEOSTATISTICAL|LEARNING,Public health & epidemiology|Urban studies & planning|Tourism & recreation,,,,,,,,,CHN|USA,Global North|Global South,CHN,,city_region,College of Architecture & Art|School of Mechanical Engineering|Stuart Weitzman School of Design
R02187,2022,P3,2021-2027,"Location intelligence reveals the extent, timing, and spatial variation of hurricane preparedness",10.1038/s41598-022-20571-3,https://www.scopus.com/pages/publications/85138959905?origin=resultslist,Springer Nature (Nature Portfolio),10.1038,1,1,0,USA,Global North,1,0,0,1,0,0,0,1,0,1,2570,,,Urban studies & planning|Disaster risk & hazards,Official / administrative records,,Neighbourhood / local,Daily to monthly,,,,Privacy / confidentiality,USA,Global North,USA,,country_name,College Station
R02197,2021,P3,2021-2027,What travel scenarios are the opportunities of car sharing?,10.1371/journal.pone.0260605,https://www.scopus.com/pages/publications/85121028054?origin=resultslist,PLOS,10.1371,1,1,0,CHN,Global South,1,0,0,0,0,0,0,0,0,1,1429,,,Transportation & mobility|Urban studies & planning|Tourism & recreation|Energy & infrastructure,,,,,,,,,CHN,Global South,CHN,,city_region|disambiguated,Economic and Management School
R02203,2022,P3,2021-2027,Spatial pattern analysis of line-segment data in ecology,10.1002/ecy.3597,https://www.scopus.com/pages/publications/85121639830?origin=resultslist,Wiley,10.1002,1,1,0,AUS,Global North,1,0,0,0,0,0,0,0,0,1,1501,,,Ecology & biodiversity|Agriculture & food systems,,,,,,,,,AUS,Global North,AUS,,demonym,School of Natural Sciences
R02207,2022,P3,2021-2027,Understanding the correlation between destination distribution and urban built environment from taxi GPS data,10.1111/tgis.12908,https://www.scopus.com/pages/publications/85126272877?origin=resultslist,Wiley,10.1111,2,1,0,CHN,Global South,1,0,2,3,2,0,0,1,0,1,1288,Ripley's K / second-order PPA|Point process models (Poisson/Cox/Hawkes),CLASSICAL|INFERENTIAL,Transportation & mobility|Urban studies & planning|Tourism & recreation,Mobile phone & GPS trajectory data,,,,,,,,CHN,Global South,CHN,,city_region|disambiguated,School of Transportation Engineering|School of Traffic and Transportation Engineering
R02216,2022,P3,2021-2027,"Spatial Distribution Analysis of Community Radio Stations as Means for Promoting Climate Change Adaptation Measures in Agriculture under COVID-19 Scenario, Southern Province, Zambia",10.3390/su142215380,https://www.scopus.com/pages/publications/85142732294?origin=resultslist,MDPI,10.3390,2,1,0,ZMB,Global South,1,0,0,0,0,0,0,0,0,1,1425,,,Public health & epidemiology|Agriculture & food systems,,SPSS / SAS / Stata,Regional / sub-national,,,,,,ZMB,Global South,ZMB,,country_name,Ministry of Agriculture
R02221,2022,P3,2021-2027,Analysis of the Characteristics and Spatial Pattern of the Catering Industry in the Four Central Cities of the Yangtze River Delta,10.3390/ijgi11060321,https://www.scopus.com/pages/publications/85131680788?origin=resultslist,MDPI,10.3390,2,1,0,CHN,Global South,1,0,3,3,2,0,0,1,0,1,2830,Kernel density estimation|Spatial autocorrelation statistics|Spatial regression / GWR,CLASSICAL|INFERENTIAL,Urban studies & planning,POI & commercial geodatabases,Python (scientific stack),City / metropolitan,,,,,,CHN,Global South,CHN,,city_region|disambiguated,College of Civil Engineering and Architecture
R02223,2022,P3,2021-2027,Variations in the spatial distribution of crime events in an urban environment during the COVID-19 lockdown,10.1080/15230406.2021.2013945,https://www.scopus.com/pages/publications/85124141054?origin=resultslist,Taylor & Francis,10.1080,3,1,0,POL,Global North,1,0,1,1,1,0,0,0,0,1,1180,Nearest-neighbour analysis,CLASSICAL,Public health & epidemiology|Crime & security|Urban studies & planning,,,,,,,,,POL,Global North,POL,,city_region,
R02227,2022,P3,2021-2027,Combining models for animal tracking: Defining behavioural states to understand space use for conservation,10.1111/jbi.14483,https://www.scopus.com/pages/publications/85138713422?origin=resultslist,Wiley,10.1111,5,3,1,TZA,Global South,1,0,1,1,1,0,0,0,0,1,2064,Point process models (Poisson/Cox/Hawkes),INFERENTIAL,Ecology & biodiversity|Agriculture & food systems,,,,,,,,,GBR|USA|TZA,Global North|Global South,TZA,,country_name|demonym,
R02228,2022,P3,2021-2027,Multi-view density-based field-road classification for agricultural machinery: DBSCAN and object detection,10.1016/j.compag.2022.107263,https://www.scopus.com/pages/publications/85135177895?origin=resultslist,Elsevier,10.1016,4,1,0,,,,,1,2,1,0,0,1,0,1,1364,Spatial clustering algorithms,INFERENTIAL,"Transportation & mobility|Agriculture & food systems|Geodesy, remote sensing & earth observation",Mobile phone & GPS trajectory data,,,,,,,,CHN,Global South,,Global / worldwide,,College of Information and Electrical Engineering|Ministry of Agriculture and Rural Affairs|School of Agricultural Engineering and Food Science|National Center for International Collaboration Research on Precision Agricultural Aviation Pesticides Spraying Technology
R02253,2022,P3,2021-2027,Semiparametric Multinomial Logistic Regression for Multivariate Point Pattern Data,10.1080/01621459.2020.1863812,https://www.scopus.com/pages/publications/85102750880?origin=resultslist,Taylor & Francis,10.1080,2,2,1,,,,,1,1,1,0,0,0,0,0,1407,Quadrat / intensity analysis,CLASSICAL,Crime & security|Urban studies & planning,,,,,,,,,DNK|USA,Global North,,,,
R02262,2022,P3,2021-2027,Investigation of Displacement and Ionospheric Disturbance during an Earthquake Using Single-Frequency PPP,10.3390/rs14174286,https://www.scopus.com/pages/publications/85137909393?origin=resultslist,MDPI,10.3390,1,1,0,,,,,0,1,0,0,0,1,0,1,1717,,,"Disaster risk & hazards|Geodesy, remote sensing & earth observation",Mobile phone & GPS trajectory data,,,,,,,,CHN,Global South,,Global / worldwide,,School of Land Science and Technology
R02266,2022,P3,2021-2027,Patterns and Influencing Factors of Express Outlets in China,10.3390/su14138061,https://www.scopus.com/pages/publications/85135556286?origin=resultslist,MDPI,10.3390,1,1,0,CHN,Global South,1,0,2,3,2,0,0,1,0,1,1300,Kernel density estimation|Nearest-neighbour analysis,CLASSICAL,Urban studies & planning,POI & commercial geodatabases,,City / metropolitan,Annual to decadal,,,,,CHN,Global South,CHN,,disambiguated,College of Geography Science
R02267,2022,P3,2021-2027,Testing biodiversity using inhomogeneous summary statistics and global envelope tests,10.1016/j.spasta.2022.100607,https://www.scopus.com/pages/publications/85123997047?origin=resultslist,Elsevier,10.1016,2,1,0,USA,Global North,0,0,0,0,0,0,0,0,0,1,586,,,Ecology & biodiversity,,,Micro / plot / building,,,,,,NLD,Global North,USA,Global / worldwide,city_region,
R02275,2022,P3,2021-2027,Spatiotemporal relationship between temperature and non-accidental mortality: Assessing effect modification by socioeconomic status,10.1016/j.scitotenv.2022.155497,https://www.scopus.com/pages/publications/85129716378?origin=resultslist,Elsevier,10.1016,4,1,0,HKG,Global North,1,0,0,0,0,0,0,0,0,1,2201,,,Public health & epidemiology|Urban studies & planning|Environmental monitoring & pollution,,,,Daily to monthly|Annual to decadal,,,,,HKG,Global North,HKG,,country_name,Collaborating Centre for Oxford University and CUHK for Disaster and Medical Humanitarian Response (CCOUC)|GX Foundation|Centre for Clinical Research and Biostatistics (CCRB)
R02277,2022,P3,2021-2027,Building a geothermal formation model using microtremor array measurement,10.1190/geo2021-0014.1,https://www.scopus.com/pages/publications/85120322981?origin=resultslist,Society of Exploration Geophysicists,10.1190,5,1,0,CHN,Global South,1,0,1,1,1,0,0,0,0,1,1478,Spatial autocorrelation statistics,INFERENTIAL,Urban studies & planning,,,,,,,,,CHN,Global South,CHN,,disambiguated,Real Estate Assessment Center|Chinese Academy of Sciences
R02278,2022,P3,2021-2027,Testing for Local Spatial Association Based on Geographically Weighted Interpolation of Geostatistical Data with Application to PM2.5 Concentration Analysis,10.3390/su142114646,https://www.scopus.com/pages/publications/85141881321?origin=resultslist,MDPI,10.3390,2,1,0,CHN,Global South,1,0,2,3,2,0,1,0,0,1,1888,Spatial regression / GWR|Kriging and variogram geostatistics,GEOSTATISTICAL|INFERENTIAL,Urban studies & planning|Environmental monitoring & pollution,,,Regional / sub-national,,,Monte Carlo / simulation envelope,,,CHN,Global South,CHN,,city_region|disambiguated,Xi’an Polytechnic University|School of Mathematics and Statistics
R02284,2022,P3,2021-2027,A Higher-Order Singular Value Decomposition Tensor Emulator for Spatiotemporal Simulators,10.1007/s13253-021-00459-x,https://www.scopus.com/pages/publications/85109190840?origin=resultslist,Springer Nature (Springer),10.1007,2,1,0,,,,,3,3,2,0,0,1,0,0,1199,Bayesian hierarchical spatial models|Gaussian processes / NNGP|Classical machine learning,GEOSTATISTICAL|INFERENTIAL|LEARNING,Ecology & biodiversity,Simulated / synthetic data,,,,,,,,USA,Global North,,,,California Polytechnic State University
R02286,2022,P3,2021-2027,Three-dimensional hydrogeological modeling method and application based on TIN-GTP-TEN,10.1007/s12145-021-00727-x,https://www.scopus.com/pages/publications/85122355887?origin=resultslist,Springer Nature (Springer),10.1007,3,1,0,CHN,Global South,1,0,1,1,1,0,0,0,0,1,2033,Deterministic interpolation,GEOSTATISTICAL,Urban studies & planning|Environmental monitoring & pollution,,,,,,,,,CHN,Global South,CHN,,disambiguated,Ministry of Education|Jiangsu Center for Collaborative Innovation in Geographic Information Resource Development and Application
R02290,2021,P3,2021-2027,Heterogeneity pursuit for spatial point pattern with application to tree locations: A Bayesian semiparametric recourse,10.1002/env.2694,https://www.scopus.com/pages/publications/85108282138?origin=resultslist,Wiley,10.1002,2,1,0,CHN,Global South,0,1,3,3,2,0,0,1,0,1,1223,Quadrat / intensity analysis|Point process models (Poisson/Cox/Hawkes)|Bayesian hierarchical spatial models,CLASSICAL|INFERENTIAL,Ecology & biodiversity|Retail & economic geography,Simulated / synthetic data,,,,,,,,USA,Global North,CHN|USA|PAN,,city_region|demonym|disambiguated,
R02294,2022,P3,2021-2027,Stochastic smoothing of point processes for wildlife-vehicle collisions on road networks,10.1007/s00477-021-02072-3,https://www.scopus.com/pages/publications/85114182207?origin=resultslist,Springer Nature (Springer),10.1007,4,3,1,ESP,Global North,1,0,2,3,2,0,0,1,0,1,1071,Kernel density estimation|Quadrat / intensity analysis,CLASSICAL,Transportation & mobility|Ecology & biodiversity,Simulated / synthetic data,,,,,,,,GBR|ESP|ITA,Global North,ESP,,country_name,
R02296,2022,P3,2021-2027,Classification of Industrial Heat Source Objects Based on Active Fire Point Density Segmentation and Spatial Topological Correlation Analysis in the Beijing–Tianjin–Hebei Region,10.3390/su141811228,https://www.scopus.com/pages/publications/85138641141?origin=resultslist,MDPI,10.3390,3,1,0,CHN,Global South,1,0,0,2,0,0,0,2,0,1,2050,,,Urban studies & planning|Environmental monitoring & pollution|Energy & infrastructure,Remote sensing & earth observation|POI & commercial geodatabases,,,,,,,,CHN,Global South,CHN,,city_region|disambiguated,Chinese Academy of Sciences|School of Information|School of Environment and Surveying
R02303,2022,P3,2021-2027,Spatial Pattern and Fairness Measurement of Educational Resources in Primary and Middle Schools: A Case Study of Chengdu–Chongqing Economic Circle,10.3390/ijerph191710840,https://www.scopus.com/pages/publications/85137581689?origin=resultslist,MDPI,10.3390,3,1,0,CHN,Global South,1,0,0,1,0,0,0,1,0,1,1209,,,Urban studies & planning,POI & commercial geodatabases,,City / metropolitan,,,,,Surveillance / algorithmic bias,CHN,Global South,CHN,,city_region|disambiguated,Chongqing Engineering Research Center for Remote Sensing Big Data Application|Ministry of Natural Resources
R02316,2021,P3,2021-2027,Measuring the impact of spatial perturbations on the relationship between data privacy and validity of descriptive statistics,10.1186/s12942-020-00256-8,https://www.scopus.com/pages/publications/85098871236?origin=resultslist,BMC / Springer Nature,10.1186,3,1,0,,,,,2,3,2,0,0,0,1,1,2078,Ripley's K / second-order PPA|Deterministic interpolation,CLASSICAL|GEOSTATISTICAL,Public health & epidemiology,,,,,,,Workflow / protocol formalised,Privacy / confidentiality,USA,Global North,,Global / worldwide,,University of Michigan School of Public Health
R02342,2021,P3,2021-2027,National Empirical Models of Air Pollution Using Microscale Measures of the Urban Environment,10.1021/acs.est.1c04047,https://www.scopus.com/pages/publications/85119082451?origin=resultslist,American Chemical Society,10.1021,7,3,1,USA,Global North,1,0,2,5,2,0,1,2,0,1,1518,Kriging and variogram geostatistics|Classical machine learning,GEOSTATISTICAL|LEARNING,"Urban studies & planning|Environmental monitoring & pollution|Geodesy, remote sensing & earth observation",Remote sensing & earth observation|POI & commercial geodatabases,,Micro / plot / building|Neighbourhood / local|National,,,Cross-validation / holdout,,,USA|KOR|DEU,Global North,USA,,country_name,Edward J. Bloustein School of Planning and Public Policy|College of Public Health and Human Sciences|Graduate School of Cancer Science and Policy|School of Public and International Affairs
R02360,2022,P3,2021-2027,Fundamental problems in fitting spatial cluster process models,10.1016/j.spasta.2022.100709,https://www.scopus.com/pages/publications/85140208149?origin=resultslist,Elsevier,10.1016,5,2,1,,,,,1,1,1,0,0,0,0,0,1253,Point process models (Poisson/Cox/Hawkes),INFERENTIAL,,,,,,,,,,AUS|NZL,Global North,,,,School of Electrical Engineering|School of Population Health|School of Molecular and Life Sciences
R02364,2022,P3,2021-2027,A Method for Obtaining a DEM with Curved Abscissa from MLS Data for Linear Infrastructure Survey Design,10.3390/rs14040889,https://www.scopus.com/pages/publications/85124696845?origin=resultslist,MDPI,10.3390,2,1,0,,,,,0,1,0,0,0,1,0,0,1962,,,"Transportation & mobility|Geodesy, remote sensing & earth observation",LiDAR & 3D point clouds,,,,,,,,ITA,Global North,,,,
R02366,2022,P3,2021-2027,Spatial point patterns generation on remote sensing data using convolutional neural networks with further statistical analysis,10.1038/s41598-022-18599-6,https://www.scopus.com/pages/publications/85136160454?origin=resultslist,Springer Nature (Nature Portfolio),10.1038,3,2,1,,,,,1,2,1,0,0,1,0,0,1245,Deep learning,LEARNING,"Environmental monitoring & pollution|Geodesy, remote sensing & earth observation",Remote sensing & earth observation,,,,,,,,UKR|SVK,Global North,,,,Lviv Polytechnic National University
R02388,2022,P3,2021-2027,Multi-Criterion Spatial Optimization of Future Police Stations Based on Urban Expansion and Criminal Behavior Characteristics,10.3390/ijgi11070384,https://www.scopus.com/pages/publications/85136266853?origin=resultslist,MDPI,10.3390,1,1,0,CHN,Global South,1,0,0,1,0,0,0,1,0,1,2479,,,Crime & security|Transportation & mobility|Urban studies & planning,POI & commercial geodatabases,,City / metropolitan,,,,,,CHN,Global South,CHN,,city_region|disambiguated,School of Environment Science and Spatial Informatics
R02393,2022,P3,2021-2027,Spatially Balanced Sampling for Validation of GlobeLand30 Using Landscape Pattern-Based Inclusion Probability,10.3390/su14052479,https://www.scopus.com/pages/publications/85125345383?origin=resultslist,MDPI,10.3390,3,1,0,CHN,Global South,1,0,0,2,0,0,1,1,0,1,1280,,,"Ecology & biodiversity|Geodesy, remote sensing & earth observation",Remote sensing & earth observation,,,,,Accuracy metrics reported,,,CHN,Global South,CHN,Global / worldwide,city_region|disambiguated,College of Surveying and Geo-Informatics
R02398,2022,P3,2021-2027,Spatial Pattern Analysis of Xinjiang Tourism Resources Based on Electronic Map Points of Interest,10.3390/ijerph19137666,https://www.scopus.com/pages/publications/85132401078?origin=resultslist,MDPI,10.3390,4,1,0,CHN,Global South,1,0,3,3,2,0,0,1,0,1,2227,Kernel density estimation|Nearest-neighbour analysis|Getis-Ord hotspot statistics,CLASSICAL|INFERENTIAL,Urban studies & planning|Retail & economic geography|Tourism & recreation,POI & commercial geodatabases,,,,,,,,CHN,Global South,CHN,,city_region,College of Geography and Remote Sensing Sciences|College of Resources and Environmental Engineering
R02402,2022,P3,2021-2027,Linear hotspot detection for a point pattern in the vicinity of a linear network,10.1016/j.spasta.2022.100693,https://www.scopus.com/pages/publications/85137287416?origin=resultslist,Elsevier,10.1016,3,2,1,ZAF,Global South,1,0,0,0,0,0,0,0,0,1,1285,,,Crime & security,,,,,,,,,ZAF|NLD,Global North|Global South,ZAF,,country_name,
R02412,2022,P3,2021-2027,"Groundwater hydrocarbon contamination spatial pattern in Opuama, Western Niger-Delta, Nigeria",10.1007/s12665-022-10250-x,https://www.scopus.com/pages/publications/85124963066?origin=resultslist,Springer Nature (Springer),10.1007,1,1,0,NGA,Global South,1,0,1,2,1,0,0,1,0,1,2619,Kriging and variogram geostatistics,GEOSTATISTICAL,"Environmental monitoring & pollution|Ecology & biodiversity|Geodesy, remote sensing & earth observation",Remote sensing & earth observation,,,,,,,,NGA,Global South,NGA,,country_name|demonym,
R02414,2022,P3,2021-2027,A multi-model fitting algorithm for extracting a fracture network from microseismic data,10.3389/feart.2022.961277,https://www.scopus.com/pages/publications/85138563112?origin=resultslist,Frontiers,10.3389,1,1,0,,,,,1,3,1,0,0,2,0,0,2095,Spatial clustering algorithms,INFERENTIAL,"Disaster risk & hazards|Energy & infrastructure|Geodesy, remote sensing & earth observation",LiDAR & 3D point clouds|Simulated / synthetic data,,,,,,,,KOR,Global North,,,,
R02440,2021,P3,2021-2027,Research on the method of travel area clustering of urban public transport based on Sage-Husa adaptive filter and improved DBSCAN algorithm,10.1371/journal.pone.0259472,https://www.scopus.com/pages/publications/85122044124?origin=resultslist,PLOS,10.1371,3,2,1,,,,,1,2,1,0,0,1,0,0,1705,Spatial clustering algorithms,INFERENTIAL,Transportation & mobility|Urban studies & planning|Energy & infrastructure,Mobile phone & GPS trajectory data,,,,,,,,CHN|USA,Global North|Global South,,,,College of Engineering|School of Electronic and Information Engineering
R02444,2022,P3,2021-2027,Segmenting Individual Tree from TLS Point Clouds Using Improved DBSCAN,10.3390/f13040566,https://www.scopus.com/pages/publications/85128290947?origin=resultslist,MDPI,10.3390,2,1,0,CHN,Global South,1,0,1,3,1,0,1,1,0,1,1867,Spatial clustering algorithms,INFERENTIAL,Ecology & biodiversity|Agriculture & food systems,LiDAR & 3D point clouds,,,,,Accuracy metrics reported,,,CHN,Global South,CHN|DEU,,demonym,School of Information Science and Technology|Engineering Research Center for Forestry-Oriented Intelligent Information Processing of National Forestry and Grassland Administration
R02448,2021,P3,2021-2027,Classification of Events Using Local Pair Correlation Functions for Spatial Point Patterns,10.1007/s13253-021-00455-1,https://www.scopus.com/pages/publications/85105881914?origin=resultslist,Springer Nature (Springer),10.1007,3,3,1,COL,Global South,1,0,2,2,2,0,0,0,0,1,933,Ripley's K / second-order PPA|Spatial autocorrelation statistics,CLASSICAL|INFERENTIAL,Disaster risk & hazards,,,,,,,,,ESP|COL|ITA,Global North|Global South,COL,,country_name,
R02450,2022,P3,2021-2027,Improved Combined Scatterers Interferometry with Optimized Point Scatterers (ICOPS) for Interferometric Synthetic Aperture Radar (InSAR) Time-Series Analysis,10.1109/TGRS.2021.3138763,https://www.scopus.com/pages/publications/85122288572?origin=resultslist,IEEE,10.1109,2,1,0,,,,,1,5,1,0,2,2,0,0,2213,Classical machine learning,LEARNING,"Geodesy, remote sensing & earth observation",Remote sensing & earth observation|Mobile phone & GPS trajectory data,,,,,Accuracy metrics reported|Model comparison / selection,,,KOR,Global North,,,,
R02451,2022,P3,2021-2027,Analyzing multi-scale spatial point patterns in a pyramid modeling framework,10.1080/15230406.2022.2048419,https://www.scopus.com/pages/publications/85129128740?origin=resultslist,Taylor & Francis,10.1080,2,1,0,,,,,2,3,2,1,0,0,0,0,1342,Kernel density estimation|Spatial autocorrelation statistics,CLASSICAL|INFERENTIAL,Energy & infrastructure,,,Micro / plot / building,,MAUP / scale effects,,,,USA,Global North,,,,School of Geosciences
R02454,2022,P3,2021-2027,Contextual factors and spatial trends of childhood malnutrition in Zambia,10.1371/journal.pone.0277015,https://www.scopus.com/pages/publications/85141482031?origin=resultslist,PLOS,10.1371,6,4,1,ZMB,Global South,1,0,0,0,0,0,0,0,0,1,1808,,,Public health & epidemiology,,,Regional / sub-national,,,,,,ZMB|ZAF|RWA|USA,Global North|Global South,ZMB,Global / worldwide,city_region|country_name,School of Humanities and Social Sciences|Ministry of Mines and Minerals Development
R02464,2021,P3,2021-2027,"Investigation on spatial variability and influencing factors of drinking water iodine in Xinjiang, China",10.1371/journal.pone.0261015,https://www.scopus.com/pages/publications/85122015633?origin=resultslist,PLOS,10.1371,8,1,0,CHN,Global South,1,0,2,2,2,0,0,0,0,1,2307,Spatial regression / GWR|Kriging and variogram geostatistics,GEOSTATISTICAL|INFERENTIAL,,,ArcGIS / ArcMap / ArcGIS Pro,,Annual to decadal,,,,,CHN,Global South,CHN,,city_region|disambiguated,Center for Disease Control and Prevention of Xinjiang Uygur Autonomous Region|College of Public Health|Center for Applied Statistics|College of Medical Engineering and Technology|Karamay Central Hospital of Xinjiang Karamay|Xinjiang Corps Hospital
R02467,2022,P3,2021-2027,Estimating the Spatial Heterogeneity and Seasonal Differences of the Contribution of Tourism Industry Activities to Night Light Index by POI,10.3390/su14020692,https://www.scopus.com/pages/publications/85122445636?origin=resultslist,MDPI,10.3390,4,1,0,CHN,Global South,1,0,1,3,1,0,0,2,0,1,1709,Spatial regression / GWR,INFERENTIAL,"Urban studies & planning|Tourism & recreation|Geodesy, remote sensing & earth observation",Remote sensing & earth observation|POI & commercial geodatabases,,Regional / sub-national,Daily to monthly,,,,,CHN,Global South,CHN,,city_region,College of Forestry|National Forestry and Grassland Administration State Forestry Administration Engineering Research Center for Forest Tourism|College of Marine Culture and Law
R02471,2022,P3,2021-2027,Modeling road traffic safety based on point patterns of wildlife-vehicle collisions,10.1016/j.scitotenv.2022.157237,https://www.scopus.com/pages/publications/85134849623?origin=resultslist,Elsevier,10.1016,1,1,0,ESP,Global North,1,0,0,0,0,0,0,0,0,1,1817,,,Transportation & mobility|Urban studies & planning|Ecology & biodiversity,,,City / metropolitan,,,,,,ESP,Global North,ESP,,city_region|country_name,
R02472,2022,P3,2021-2027,A dominance tree approach to systems of cities,10.1016/j.compenvurbsys.2022.101856,https://www.scopus.com/pages/publications/85134893660?origin=resultslist,Elsevier,10.1016,3,1,0,FRA,Global North,1,0,1,2,1,0,0,1,0,1,1386,Deterministic interpolation,GEOSTATISTICAL,Urban studies & planning|Ecology & biodiversity|Tourism & recreation,Mobile phone & GPS trajectory data,,Regional / sub-national,,,,,,FRA,Global North,FRA,,country_name,CNRS|Institut de Physique Théorique|Centre d'Analyse et de Mathématique Sociales
R02478,2022,P3,2021-2027,Minimization of measuring points for the electric field exposure map generation in indoor environments by means of Kriging interpolation and selective sampling,10.1016/j.envres.2022.113577,https://www.scopus.com/pages/publications/85131417499?origin=resultslist,Elsevier,10.1016,1,1,0,,,,,1,1,1,0,0,0,0,0,1305,Kriging and variogram geostatistics,GEOSTATISTICAL,,,GS\+ / Surfer / other geostat,Micro / plot / building,,,,,,ESP,Global North,,,,
R02482,2022,P3,2021-2027,Spatial point processes and neural networks: A convenient couple,10.1016/j.spasta.2022.100644,https://www.scopus.com/pages/publications/85126744789?origin=resultslist,Elsevier,10.1016,2,2,1,,,,,2,2,2,0,0,0,0,0,955,Point process models (Poisson/Cox/Hawkes)|Deep learning,INFERENTIAL|LEARNING,,,,,,,,,,ESP|IRN,Global North|Global South,,,,
R02492,2022,P3,2021-2027,Dealing with non-equilibrium bias and survey effort in presence-only invasive Species Distribution Models (iSDM); predicting the range of muntjac deer in Britain and Ireland,10.1016/j.ecoinf.2022.101683,https://www.scopus.com/pages/publications/85131057765?origin=resultslist,Elsevier,10.1016,1,1,0,GBR,Global North,1,0,1,1,1,0,0,0,0,1,2064,Classical machine learning,LEARNING,Ecology & biodiversity,,,,,,,,,GBR,Global North,GBR,,country_name,
R02506,2021,P3,2021-2027,Analysing point patterns on networks — A review,10.1016/j.spasta.2020.100435,https://www.scopus.com/pages/publications/85081242559?origin=resultslist,Elsevier,10.1016,5,2,1,,,,,3,3,2,0,0,0,1,0,922,Kernel density estimation|Ripley's K / second-order PPA|Point process models (Poisson/Cox/Hawkes),CLASSICAL|INFERENTIAL,Transportation & mobility,,,,,,,Code or software shared,,AUS|NZL,Global North,,,,School of Electrical Engineering|CSIRO|School of Mathematics and Statistics|School of Molecular and Life Sciences
R02518,2020,P2,2011-2020,3D multiple-point statistics simulations of the Roussillon Continental Pliocene aquifer using DeeSse,10.5194/hess-24-4997-2020,https://www.scopus.com/pages/publications/85095408736?origin=resultslist,Copernicus (EGU),10.5194,4,2,1,FRA,Global North,1,0,1,2,1,0,0,0,1,1,2298,Kriging and variogram geostatistics,GEOSTATISTICAL,,,,,Multi-decadal / historical,,,Workflow / protocol formalised,,CHE|FRA,Global North,FRA,,country_name,Center of Hydrogeology and Geothermics (CHYN)
R02532,2021,P3,2021-2027,Modeling vessel behaviours by clustering ais data using optimized dbscan,10.3390/su13158162,https://www.scopus.com/pages/publications/85111256511?origin=resultslist,MDPI,10.3390,1,1,0,USA,Global North,0,0,1,2,1,0,0,1,0,1,1618,Spatial clustering algorithms,INFERENTIAL,Transportation & mobility|Urban studies & planning,Mobile phone & GPS trajectory data,,,,,,,,CAN,Global North,USA|MEX,,city_region|country_name,Lassonde School of Engineering
R02539,2021,P3,2021-2027,A direct sampling multiple point statistical approach for multivariate imputation of unequally sampled compositional variables and categorical data,10.1016/j.cageo.2021.104911,https://www.scopus.com/pages/publications/85112855998?origin=resultslist,Elsevier,10.1016,2,2,1,USA,Global North,0,0,1,1,1,0,0,0,0,1,2623,Kriging and variogram geostatistics,GEOSTATISTICAL,,,,,,,,,,IRN|CAN,Global North|Global South,USA|IRN,,demonym,University College of Engineering|Centre for Computational Geostatistics (CCG)
R02541,2021,P3,2021-2027,Bayesian nonparametric nonhomogeneous Poisson process with applications to USGS earthquake data,10.1016/j.spasta.2021.100495,https://www.scopus.com/pages/publications/85100639164?origin=resultslist,Elsevier,10.1016,3,1,0,USA,Global North,1,0,3,2,2,0,0,0,0,1,967,Quadrat / intensity analysis|Point process models (Poisson/Cox/Hawkes)|Bayesian hierarchical spatial models,CLASSICAL|INFERENTIAL,Disaster risk & hazards,,,,,,,,,USA,Global North,USA,,country_name,
R02543,2020,P2,2011-2020,Affinity zone identification approach for joint control of PM2.5 pollution over China,10.1016/j.envpol.2020.115086,https://www.scopus.com/pages/publications/85087131017?origin=resultslist,Elsevier,10.1016,6,1,0,CHN,Global South,1,0,0,0,0,0,0,0,0,1,1739,,,Environmental monitoring & pollution,,,City / metropolitan|Regional / sub-national,Annual to decadal,,,,,CHN,Global South,CHN,,city_region|demonym|disambiguated,Chinese Academy of Sciences|China National Environmental Monitoring Centre|University of Chinese Academy of Sciences|Center for Excellence in Regional Atmospheric Environment
R02544,2021,P3,2021-2027,"Basic performance of a spatial autocorrelation method for determining phase velocities of Rayleigh waves from microtremors, with special reference to the zero-crossing method for quick surveys with mobile seismic arrays",10.1093/gji/ggab149,https://www.scopus.com/pages/publications/85111977878?origin=resultslist,Oxford University Press,10.1093,3,1,0,JPN,Global North,1,0,1,1,1,0,0,0,0,1,3119,Spatial autocorrelation statistics,INFERENTIAL,Environmental monitoring & pollution|Disaster risk & hazards,,,,,,,,,JPN,Global North,JPN,,country_name,
R02551,2021,P3,2021-2027,Analysis and optimization of 15-minute community life circle based on supply and demand matching: A case study of Shanghai,10.1371/journal.pone.0256904,https://www.scopus.com/pages/publications/85114288075?origin=resultslist,PLOS,10.1371,1,1,0,CHN,Global South,1,0,1,3,1,0,0,1,1,1,3045,Kernel density estimation,CLASSICAL,Urban studies & planning|Retail & economic geography|Social media & digital society,Volunteered geographic information,,City / metropolitan,,,,Workflow / protocol formalised,,CHN,Global South,CHN,Global / worldwide,city_region,School of Environmental & Geographical Sciences
R02558,2021,P3,2021-2027,"Identification and characterization of production—living—ecological space in a central urban area based on POI Data: A case study for Wuhan, China",10.3390/su13147691,https://www.scopus.com/pages/publications/85111159004?origin=resultslist,MDPI,10.3390,2,1,0,CHN,Global South,1,0,0,2,0,0,1,1,0,1,1956,,,Urban studies & planning|Ecology & biodiversity,POI & commercial geodatabases,,Micro / plot / building|City / metropolitan,,,Accuracy metrics reported,,,CHN,Global South,CHN,,city_region|disambiguated,School of Management|School of Architecture
R02563,2021,P3,2021-2027,Identifying urban building function by integrating remote sensing imagery and POI Data,10.1109/JSTARS.2021.3107543,https://www.scopus.com/pages/publications/85113852839?origin=resultslist,IEEE,10.1109,3,1,0,CHN,Global South,1,0,1,3,1,0,0,2,0,1,1369,Kernel density estimation,CLASSICAL,"Urban studies & planning|Retail & economic geography|Geodesy, remote sensing & earth observation",Remote sensing & earth observation|POI & commercial geodatabases,,City / metropolitan,,,,,,CHN,Global South,CHN,,city_region,College of Urban and Environmental Sciences
R02564,2021,P3,2021-2027,Novel methods to correct for observer and sampling bias in presence-only species distribution models,10.1111/geb.13383,https://www.scopus.com/pages/publications/85113550599?origin=resultslist,Wiley,10.1111,2,2,1,,,,,0,0,0,0,0,0,0,0,2188,,,Ecology & biodiversity,,,,,,,,,CHE|FRA,Global North,,,,CNRS
R02577,2021,P3,2021-2027,"Research on the evolution and driving forces of the manufacturing industry during the ""13th five-year plan"" period in Jiangsu province of China based on natural language processing",10.1371/journal.pone.0256162,https://www.scopus.com/pages/publications/85113786160?origin=resultslist,PLOS,10.1371,2,1,0,CHN,Global South,1,0,0,2,0,0,1,1,0,1,2040,,,Urban studies & planning|Agriculture & food systems,POI & commercial geodatabases,,Regional / sub-national,,,Accuracy metrics reported,,,CHN,Global South,CHN,Global / worldwide,city_region|disambiguated,College of Landscape Architecture
R02583,2021,P3,2021-2027,Research on volume prediction of single tree canopy based on three-dimensional (3D) LiDAR and clustering segmentation,10.1080/01431161.2020.1811917,https://www.scopus.com/pages/publications/85096345530?origin=resultslist,Taylor & Francis,10.1080,1,1,0,,,,,0,1,0,0,0,1,0,0,1409,,,"Ecology & biodiversity|Agriculture & food systems|Geodesy, remote sensing & earth observation",LiDAR & 3D point clouds,,,,,,,,CHN,Global South,,,,College of Engineering
R02587,2020,P2,2011-2020,Association of recent incidence of foliar disease in pine species in the southeastern united states with tree and climate variables,10.3390/f11111155,https://www.scopus.com/pages/publications/85094845242?origin=resultslist,MDPI,10.3390,2,1,0,USA,Global North,1,0,1,1,1,0,0,0,0,1,1843,Classical machine learning,LEARNING,Public health & epidemiology|Ecology & biodiversity|Disaster risk & hazards,,,,,,,,,USA,Global North,USA,Global / worldwide,country_name,School of Forest Resources and Conservation|Warnell School of Forestry and Natural Resources
R02589,2020,P2,2011-2020,Distance-based methods for estimating density of nonrandomly distributed populations,10.1002/ecy.3143,https://www.scopus.com/pages/publications/85090124851?origin=resultslist,Wiley,10.1002,3,2,1,,,,,0,0,0,0,0,0,0,0,1451,,,Ecology & biodiversity,,,Micro / plot / building,,,,,,CHN|CAN,Global North|Global South,,,,School of Ecology and Environmental Science
R02591,2021,P3,2021-2027,Detecting Ground Deformation in the Built Environment Using Sparse Satellite InSAR Data with a Convolutional Neural Network,10.1109/TGRS.2020.3018315,https://www.scopus.com/pages/publications/85103360810?origin=resultslist,IEEE,10.1109,3,1,0,,,,,1,3,1,0,1,1,0,1,1646,Deep learning,LEARNING,"Urban studies & planning|Disaster risk & hazards|Energy & infrastructure|Geodesy, remote sensing & earth observation",Remote sensing & earth observation,,National,,,Independent / ground-truth validation,,,GBR,Global North,,Europe (multi-country),,School of Earth Sciences|School of Earth and Environment
R02592,2020,P2,2011-2020,A dual spatial clustering method in the presence of heterogeneity and noise,10.1111/tgis.12687,https://www.scopus.com/pages/publications/85090564184?origin=resultslist,Wiley,10.1111,3,1,0,,,,,1,1,1,0,0,0,0,0,1190,Deterministic interpolation,GEOSTATISTICAL,,,,,,,,,,CHN,Global South,,,,College of Civil Engineering|Key Laboratory of Virtual Geographic Environment of Ministry of Education
R02602,2020,P2,2011-2020,"Spatial-temporal distribution analysis of industrial heat sources in the us with geocoded, tree-based, large-scale clustering",10.3390/rs12183069,https://www.scopus.com/pages/publications/85094163236?origin=resultslist,MDPI,10.3390,4,1,0,USA,Global North,0,0,1,2,1,0,0,1,0,1,2264,Spatial clustering algorithms,INFERENTIAL,"Environmental monitoring & pollution|Ecology & biodiversity|Energy & infrastructure|Geodesy, remote sensing & earth observation",Remote sensing & earth observation,,,Annual to decadal,,,,,CHN,Global South,USA,Global / worldwide,country_name,Chinese Academy of Sciences|School of Information Engineering|Development Research Center of China Geological Surve
R02613,2021,P3,2021-2027,Spatial variations in water-holding capacity as evidence of the need for precision irrigation,10.3390/w13162208,https://www.scopus.com/pages/publications/85113715912?origin=resultslist,MDPI,10.3390,4,1,0,MYS,Global South,1,0,1,2,1,0,0,1,0,1,1878,Kriging and variogram geostatistics,GEOSTATISTICAL,Disaster risk & hazards|Agriculture & food systems,Field survey & in-situ sampling,,,,,,,,MYS,Global South,MYS,,country_name,SMART Farming Technology Research Center
R02614,2020,P2,2011-2020,Large-scale modelling and forecasting of ambulance calls in northern Sweden using spatio-temporal log-Gaussian Cox processes,10.1016/j.spasta.2020.100471,https://www.scopus.com/pages/publications/85091965093?origin=resultslist,Elsevier,10.1016,2,1,0,SWE,Global North,1,0,4,3,2,1,0,0,0,1,1627,Ripley's K / second-order PPA|Quadrat / intensity analysis|Point process models (Poisson/Cox/Hawkes)|Spatial clustering algorithms,CLASSICAL|INFERENTIAL,,,,,,Sensitivity analysis,,,,SWE,Global North,SWE,,country_name|demonym,School of Public Health and Community Medicine
R02629,2021,P3,2021-2027,The geography of the covid-19 pandemic: A data-driven approach to exploring geographical driving forces,10.3390/ijerph18062803,https://www.scopus.com/pages/publications/85102607448?origin=resultslist,MDPI,10.3390,1,1,0,DNK,Global North,1,0,3,3,2,0,0,1,0,1,2154,Spatial autocorrelation statistics|Spatial regression / GWR|Classical machine learning,INFERENTIAL|LEARNING,Public health & epidemiology|Urban studies & planning|Environmental monitoring & pollution|Ecology & biodiversity,POI & commercial geodatabases,,Regional / sub-national|National|Continental / global,Multi-decadal / historical,,,,,DNK,Global North,DNK,Europe (multi-country),country_name,
R02631,2021,P3,2021-2027,Impact of the mixed degree of urban functions on the taxi travel demand,10.1371/journal.pone.0247431,https://www.scopus.com/pages/publications/85102521344?origin=resultslist,PLOS,10.1371,4,2,1,CHN,Global South,1,0,2,4,2,0,0,2,0,1,1802,Kernel density estimation|Spatial regression / GWR,CLASSICAL|INFERENTIAL,Transportation & mobility|Urban studies & planning,Mobile phone & GPS trajectory data|POI & commercial geodatabases,,City / metropolitan,,,,,,CHN|CAN,Global North|Global South,CHN,,city_region,College of Transportation Engineering|Engineering Research Center of Highway Infrastructure Digitalization
R02634,2021,P3,2021-2027,Analysis on the temporal and spatial features of the coupling and coordination of industrialization and agricultural green development in China during 1990–2019,10.3390/ijerph18168320,https://www.scopus.com/pages/publications/85112485681?origin=resultslist,MDPI,10.3390,2,1,0,CHN,Global South,1,0,1,1,1,0,0,0,0,1,1935,Spatial autocorrelation statistics,INFERENTIAL,Agriculture & food systems,,,City / metropolitan|Regional / sub-national,,,,,,CHN,Global South,CHN,,disambiguated,College of Biological and Agricultural Engineering
R02637,2021,P3,2021-2027,A Two-Phase Clustering Approach for Urban Hotspot Detection with Spatiotemporal and Network Constraints,10.1109/JSTARS.2021.3068308,https://www.scopus.com/pages/publications/85103297108?origin=resultslist,IEEE,10.1109,2,2,1,,,,,2,4,2,0,0,2,0,0,1681,Spatial clustering algorithms|Network-constrained point analysis,INFERENTIAL|NETWORK,"Transportation & mobility|Urban studies & planning|Geodesy, remote sensing & earth observation",Remote sensing & earth observation|Mobile phone & GPS trajectory data|POI & commercial geodatabases,,,,,,,,CHN|HKG,Global North|Global South,,,,School of Environment and Spatial Informatics|The Hong Kong Polytechnic University
R02642,2021,P3,2021-2027,Spatial layout and coupling of urban cultural relics: Analyzing historical sites and commercial facilities in district iii of shaoxing,10.3390/su13126877,https://www.scopus.com/pages/publications/85108708383?origin=resultslist,MDPI,10.3390,3,1,0,,,,,2,3,2,0,0,1,0,0,1621,Kernel density estimation|Deterministic interpolation,CLASSICAL|GEOSTATISTICAL,Urban studies & planning|Retail & economic geography,POI & commercial geodatabases,,,,,,,,CHN,Global South,,,,School of Design|Center for Balance Architecture
R02645,2021,P3,2021-2027,Study of uncertainty of satellite and reanalysis precipitation products and their impact on hydrological simulation,10.1007/s11356-021-14847-w,https://www.scopus.com/pages/publications/85108648532?origin=resultslist,Springer Nature (Springer),10.1007,1,1,0,CHN,Global South,1,0,0,0,0,0,0,0,0,1,2129,,,"Environmental monitoring & pollution|Geodesy, remote sensing & earth observation",,,Regional / sub-national,Daily to monthly|Annual to decadal,,,,,CHN,Global South,CHN,,city_region|disambiguated,School of Environment
R02646,2021,P3,2021-2027,Hydrogeological structure modelling based on an integrated approach using multi-source data,10.1016/j.jhydrol.2021.126435,https://www.scopus.com/pages/publications/85108263583?origin=resultslist,Elsevier,10.1016,5,1,0,CHN,Global South,1,0,2,2,2,0,0,0,0,1,2540,Nearest-neighbour analysis|Deterministic interpolation,CLASSICAL|GEOSTATISTICAL,Environmental monitoring & pollution|Agriculture & food systems,,,Regional / sub-national,,,,,,CHN,Global South,CHN,Global / worldwide,disambiguated,School of Water and Environment|School of Water Resources and Environment
R02649,2021,P3,2021-2027,"Travel Behaviours of Sharing Bicycles in the Central Urban Area Based on Geographically Weighted Regression: The Case of Guangzhou, China",10.1007/s11769-020-1159-3,https://www.scopus.com/pages/publications/85091509808?origin=resultslist,Springer Nature (Springer),10.1007,3,1,0,CHN,Global South,1,0,1,2,1,0,0,1,0,1,1717,Spatial regression / GWR,INFERENTIAL,Transportation & mobility|Urban studies & planning,POI & commercial geodatabases,,City / metropolitan,Daily to monthly,,,,,CHN,Global South,CHN,,city_region|demonym|disambiguated,School of Architecture|School of Architecture and Urban Planning
R02650,2021,P3,2021-2027,Measuring walkability with GIS—methods overview and new approach proposal,10.3390/su13041883,https://www.scopus.com/pages/publications/85100906123?origin=resultslist,MDPI,10.3390,3,1,0,POL,Global North,1,0,1,1,1,0,0,0,0,1,1667,Kernel density estimation,CLASSICAL,Transportation & mobility|Urban studies & planning|Retail & economic geography|Tourism & recreation,,,,,,,,,POL,Global North,POL,Global / worldwide,country_name,
R02656,2021,P3,2021-2027,Using centroids of spatial units in ecological niche modelling: Effects on model performance in the context of environmental data grain size,10.1111/geb.13240,https://www.scopus.com/pages/publications/85099045893?origin=resultslist,Wiley,10.1111,2,1,0,,,,,1,1,1,0,0,0,0,1,1893,Classical machine learning,LEARNING,Ecology & biodiversity,,,,,,,,,DEU,Global North,,Europe (multi-country),,Bayreuth Center for Ecology and Environmental Research
R02657,2021,P3,2021-2027,"New optimization methods for designing rain stations network using new neural network, election, and whale optimization algorithms by combining the Kriging method",10.1007/s10661-020-08726-z,https://www.scopus.com/pages/publications/85097429108?origin=resultslist,Springer Nature (Springer),10.1007,1,1,0,,,,,2,2,2,0,0,0,0,0,1702,Kriging and variogram geostatistics|Deep learning,GEOSTATISTICAL|LEARNING,,,,Regional / sub-national,,,,,,IRN,Global South,,,,
R02659,2021,P3,2021-2027,An Improved Method for InSAR Atmospheric Phase Correction in Mountainous Areas,10.1109/JSTARS.2021.3113619,https://www.scopus.com/pages/publications/85115719734?origin=resultslist,IEEE,10.1109,6,2,1,CHN,Global South,1,0,1,2,1,0,0,1,0,1,1620,Kriging and variogram geostatistics,GEOSTATISTICAL,"Energy & infrastructure|Geodesy, remote sensing & earth observation",Remote sensing & earth observation,,Regional / sub-national,Annual to decadal,,,,Surveillance / algorithmic bias,CHN|ITA,Global North|Global South,CHN,Global / worldwide,city_region,School of Land Science and Technology|Gansu Academy of Sciences
R02661,2021,P3,2021-2027,Using restaurant poi data to explore regional structure of food culture based on cuisine preference,10.3390/ijgi10010038,https://www.scopus.com/pages/publications/85105202824?origin=resultslist,MDPI,10.3390,4,1,0,CHN,Global South,1,0,1,2,1,0,0,1,0,1,1635,Classical machine learning,LEARNING,Urban studies & planning|Retail & economic geography,POI & commercial geodatabases,,Regional / sub-national,,,,,,CHN,Global South,CHN,,demonym|disambiguated,School of Geographic Science|Ministry of Education|Jiangsu Center for Collaborative Innovation in Geographical Information Resource Development and Application|School of Geographic and Biologic Information
R02667,2021,P3,2021-2027,"A machine learning approach to modelling the spatial variations in the daily fine particulate matter (PM2.5) and nitrogen dioxide (NO2) of Shanghai, China",10.1177/2399808320975031,https://www.scopus.com/pages/publications/85099290916?origin=resultslist,SAGE,10.1177,4,2,1,CHN,Global South,1,0,1,2,1,0,0,1,0,1,1966,Classical machine learning,LEARNING,Transportation & mobility|Urban studies & planning|Environmental monitoring & pollution|Ecology & biodiversity,POI & commercial geodatabases,,City / metropolitan|Regional / sub-national,Daily to monthly,,,,,CHN|USA,Global North|Global South,CHN,,city_region|disambiguated,
R02679,2021,P3,2021-2027,Spatial interpolation-based analysis method targeting visualization of the indoor thermal environment,10.1016/j.buildenv.2020.107484,https://www.scopus.com/pages/publications/85096838460?origin=resultslist,Elsevier,10.1016,3,2,1,CHN,Global South,1,0,0,1,0,0,1,0,0,1,1687,,,Urban studies & planning|Energy & infrastructure,,GS\+ / Surfer / other geostat,Micro / plot / building,,,Accuracy metrics reported,,,CHN|SGP,Global North|Global South,CHN,,city_region,College of Architecture and Urban Planning|Ministry of Education Key Laboratory of Ecology and Energy Saving Study of Dense Habitat (Tongji University)|School of Design and Environment
R02689,2020,P2,2011-2020,The construction of stratigraphic structure model in mining area under virtual reality–geographic information system,10.1007/s12517-020-05844-3,https://www.scopus.com/pages/publications/85089802234?origin=resultslist,Springer Nature (Springer),10.1007,1,1,0,,,,,2,2,2,0,0,0,0,0,1706,Kriging and variogram geostatistics|Deterministic interpolation,GEOSTATISTICAL,Energy & infrastructure,,,,,,,,,CHN,Global South,,,,College of Fine Art and Design Shenyang Normal University
R02695,2020,P2,2011-2020,Unfolding spatial-temporal patterns of taxi trip based on an improved network kernel density estimation,10.3390/ijgi9110683,https://www.scopus.com/pages/publications/85112470151?origin=resultslist,MDPI,10.3390,4,3,1,CHN,Global South,1,0,2,2,2,0,0,0,0,1,1451,Kernel density estimation|Network-constrained point analysis,CLASSICAL|NETWORK,Transportation & mobility|Urban studies & planning,,,City / metropolitan,Cross-sectional / static,,,,,CHN|ESP|USA,Global North|Global South,CHN,,city_region|disambiguated,School of Geography and Planning
R02703,2020,P2,2011-2020,Spatial variations of soil phosphorus in bars of a mountainous river,10.1016/j.scitotenv.2020.140478,https://www.scopus.com/pages/publications/85087421532?origin=resultslist,Elsevier,10.1016,2,1,0,,,,,0,1,0,0,0,1,0,0,1401,,,Environmental monitoring & pollution,Field survey & in-situ sampling,,,Cross-sectional / static,,,,,CHN,Global South,,,,College of Agricultural Science and Engineering
R02712,2020,P2,2011-2020,Second order analysis of geometric anisotropic point processes revisited,10.1016/j.spasta.2020.100456,https://www.scopus.com/pages/publications/85087348211?origin=resultslist,Elsevier,10.1016,4,3,1,,,,,1,2,1,0,0,1,0,0,748,Ripley's K / second-order PPA,CLASSICAL,,Simulated / synthetic data,,,,,,,,DEU|SWE|FIN,Global North,,,,Fraunhofer Institut für Techno- und Wirtschaftsmathematik
R02717,2021,P3,2021-2027,Evaluation of polycentric spatial structure in the urban agglomeration of the pearl river delta (Prd) based on multi-source big data fusion,10.3390/rs13183639,https://www.scopus.com/pages/publications/85115006132?origin=resultslist,MDPI,10.3390,2,1,0,CHN,Global South,1,0,1,2,1,0,0,1,0,1,1888,Spatial regression / GWR,INFERENTIAL,Urban studies & planning,POI & commercial geodatabases,,City / metropolitan,,,,,,CHN,Global South,CHN,,city_region,School of Geography and Planning
R02727,2020,P2,2011-2020,Stochastic Simulation of the Spatial Heterogeneity of Deltaic Hydrofacies Accounting for the Uncertainty of Facies Proportions,10.3389/feart.2020.563122,https://www.scopus.com/pages/publications/85096712983?origin=resultslist,Frontiers,10.3389,3,2,1,ESP,Global North,1,0,1,1,1,0,0,0,0,1,2159,Kriging and variogram geostatistics,GEOSTATISTICAL,Transportation & mobility|Environmental monitoring & pollution|Tourism & recreation,,,,,,,,,ESP|AUS,Global North,ESP,,city_region|country_name,
R02731,2021,P3,2021-2027,The influence of spatial grid division on the layout analysis of urban functional areas,10.3390/ijgi10030189,https://www.scopus.com/pages/publications/85106462557?origin=resultslist,MDPI,10.3390,2,1,0,CHN,Global South,1,0,1,2,1,0,0,1,0,1,1203,Kernel density estimation,CLASSICAL,Urban studies & planning|Retail & economic geography,POI & commercial geodatabases,,,,,,,,CHN,Global South,CHN,,city_region,School of Geomatics and Urban Spatial Informatics|Beijing Advanced Innovation Center for Future Urban Design
R02736,2021,P3,2021-2027,Data mining approach for automatic ship-route design for coastal seas using AIS trajectory clustering analysis,10.1016/j.oceaneng.2021.109535,https://www.scopus.com/pages/publications/85110502854?origin=resultslist,Elsevier,10.1016,2,1,0,,,,,2,3,2,0,0,1,0,0,1192,Spatial clustering algorithms|Deep learning,INFERENTIAL|LEARNING,Energy & infrastructure,Mobile phone & GPS trajectory data,,,,,,,,CHN,Global South,,,,Navigation College|School of Navigation and Naval Architecture
R02742,2021,P3,2021-2027,A spatiotemporal study and location-specific trip pattern categorization of shared e-scooter usage,10.3390/su132212527,https://www.scopus.com/pages/publications/85119191889?origin=resultslist,MDPI,10.3390,1,1,0,DEU,Global North,1,0,1,2,1,0,0,1,0,1,1015,Spatial clustering algorithms,INFERENTIAL,Transportation & mobility|Urban studies & planning|Energy & infrastructure,POI & commercial geodatabases,,,,,,,,DEU,Global North,DEU,Europe (multi-country),city_region,
R02745,2021,P3,2021-2027,A Multiscale Nested Sampling Method for Representative Albedo Observations at Various Pixel Scales,10.1109/JSTARS.2021.3105562,https://www.scopus.com/pages/publications/85113259194?origin=resultslist,IEEE,10.1109,3,1,0,,,,,0,0,0,0,0,0,0,0,1687,,,"Geodesy, remote sensing & earth observation",,,,,,,,,CHN,Global South,,,,College of Earth and Environmental Sciences|Chinese Academy of Sciences|College of Geography and Environmental Sciences
R02747,2021,P3,2021-2027,Quantification of groundwater storage heterogeneity in weathered/fractured basement rock aquifers using electrical resistivity tomography: Sensitivity and uncertainty associated with petrophysical modelling,10.1016/j.jhydrol.2020.125637,https://www.scopus.com/pages/publications/85094143357?origin=resultslist,Elsevier,10.1016,3,2,1,,,,,0,0,0,0,0,0,0,0,2964,,,Environmental monitoring & pollution,,,,,,,,,GBR|FRA,Global North,,,,School of Geosciences
R02748,2021,P3,2021-2027,Spatial optimization of mega-city fire stations based on multi-source geospatial data: A case study in beijing,10.3390/ijgi10050282,https://www.scopus.com/pages/publications/85106466178?origin=resultslist,MDPI,10.3390,4,1,0,CHN,Global South,1,0,1,2,1,0,0,1,0,1,2071,Kernel density estimation,CLASSICAL,Transportation & mobility|Urban studies & planning,POI & commercial geodatabases,,,,,,,,CHN,Global South,CHN,,city_region,School of Resource and Environment Science|Chinese Academy of Sciences
R02772,2021,P3,2021-2027,On new families of anisotropic spatial log-Gaussian Cox processes,10.1007/s00477-020-01906-w,https://www.scopus.com/pages/publications/85094827097?origin=resultslist,Springer Nature (Springer),10.1007,2,2,1,,,,,1,2,1,0,0,1,0,1,1493,Point process models (Poisson/Cox/Hawkes),INFERENTIAL,Disaster risk & hazards,Simulated / synthetic data,,,,,,,,IRN|ESP,Global North|Global South,,Europe (multi-country)|Latin America (multi-country),,
R02773,2021,P3,2021-2027,Detecting statistically significant geographical anomalous regions from spatial sampling points by coupling Gaussian function and multidirectional optimization,10.1111/tgis.12725,https://www.scopus.com/pages/publications/85098270704?origin=resultslist,Wiley,10.1111,2,1,0,,,,,1,3,1,0,1,1,0,0,1673,Deterministic interpolation,GEOSTATISTICAL,Urban studies & planning|Energy & infrastructure,Simulated / synthetic data,,,,,Monte Carlo / simulation envelope,,,CHN,Global South,,,,School of Earth and Space Sciences|School of Geosciences and Info-Physics
R02775,2021,P3,2021-2027,Online Spatial Evaluation of Residential Livability Based on POI Data Mining and LMBP Algorithm,10.1007/s12517-021-06777-1,https://www.scopus.com/pages/publications/85102036354?origin=resultslist,Springer Nature (Springer),10.1007,2,1,0,,,,,1,2,1,0,0,1,0,0,1341,Kernel density estimation,CLASSICAL,Transportation & mobility|Urban studies & planning|Ecology & biodiversity|Retail & economic geography|Energy & infrastructure,POI & commercial geodatabases,ArcGIS / ArcMap / ArcGIS Pro,,Sub-daily / real-time,,,,,CHN,Global South,,,,School of Geoscience and Planning|Chinese Academy of Sciences
R02778,2021,P3,2021-2027,Jointly estimating spatial sampling effort and habitat suitability for multiple species from opportunistic presence-only data,10.1111/2041-210X.13565,https://www.scopus.com/pages/publications/85101455122?origin=resultslist,Wiley,10.1111,6,1,0,FRA,Global North,1,0,1,2,1,0,0,1,0,1,2100,Point process models (Poisson/Cox/Hawkes),INFERENTIAL,Ecology & biodiversity,Volunteered geographic information,,,,,,,,FRA,Global North,FRA,,demonym,CNRS
R02797,2021,P3,2021-2027,Condition diagnosis of long-span bridge pile foundations based on the spatial correlation of high-density strain measurement points,10.3390/su132212498,https://www.scopus.com/pages/publications/85119193356?origin=resultslist,MDPI,10.3390,2,1,0,,,,,1,1,1,0,0,0,0,0,986,Spatial regression / GWR,INFERENTIAL,,,,,,,,,,CHN,Global South,,,,School of Transportation Science and Engineering
R02809,2020,P2,2011-2020,"Effects of point cloud density, interpolation method and grid size on derived Digital Terrain Model accuracy at micro topography level",10.1080/01431161.2020.1771788,https://www.scopus.com/pages/publications/85087117766?origin=resultslist,Taylor & Francis,10.1080,2,2,1,,,,,2,5,2,0,1,2,0,0,2176,Kriging and variogram geostatistics|Deterministic interpolation,GEOSTATISTICAL,"Transportation & mobility|Geodesy, remote sensing & earth observation",Remote sensing & earth observation|LiDAR & 3D point clouds,,,,,Accuracy metrics reported,,,ESP|ITA,Global North,,,,Mediterranean Research Center of Economics and Sustainable Development
R02810,2021,P3,2021-2027,A machine learning-driven stochastic simulation of underground sulfide distribution with multiple constraints,10.1515/geo-2020-0274,https://www.scopus.com/pages/publications/85111192551?origin=resultslist,De Gruyter,10.1515,3,2,1,,,,,3,2,2,0,0,0,0,0,1304,Kriging and variogram geostatistics|Classical machine learning|Deep learning,GEOSTATISTICAL|LEARNING,Disaster risk & hazards,,,,,,,,,CHN|USA,Global North|Global South,,,,School of Earth Sciences and Engineering|School of Computer Engineering
R02817,2021,P3,2021-2027,Sentiment mapping: point pattern analysis of sentiment classified Twitter data,10.1080/15230406.2020.1869999,https://www.scopus.com/pages/publications/85100897493?origin=resultslist,Taylor & Francis,10.1080,2,1,0,USA,Global North,1,0,2,3,2,0,0,1,0,1,1476,Space-time scan statistics|Classical machine learning,INFERENTIAL|LEARNING,Social media & digital society,Social-media & geosocial data,,,Sub-daily / real-time,,,,,USA,Global North,USA,,country_name,School of Journalism and AgBioResearch
R02821,2020,P2,2011-2020,"Estimating rural electric power consumption using npp-viirs night-time light, toponym and poi data in ethnic minority areas of China",10.3390/rs12172836,https://www.scopus.com/pages/publications/85095456340?origin=resultslist,MDPI,10.3390,2,1,0,CHN,Global South,1,0,1,2,1,0,0,1,0,1,1437,Kernel density estimation,CLASSICAL,"Urban studies & planning|Geodesy, remote sensing & earth observation",POI & commercial geodatabases,,Regional / sub-national,,,,,,CHN,Global South,CHN,,city_region|disambiguated,School of Earth Sciences|School of Resources and Environmental Science
R02831,2021,P3,2021-2027,Testing for complete spatial randomness on three dimensional bounded convex shapes,10.1016/j.spasta.2020.100489,https://www.scopus.com/pages/publications/85099245078?origin=resultslist,Elsevier,10.1016,2,1,0,,,,,2,2,2,0,0,0,0,0,1546,Ripley's K / second-order PPA|Point process models (Poisson/Cox/Hawkes),CLASSICAL|INFERENTIAL,,,,,,,,,,GBR,Global North,,,,Imperial College London
R02836,2021,P3,2021-2027,Spatial distribution of public housing and urban socio-spatial inequalities: An exploratory analysis of the Valencia case,10.3390/su132011381,https://www.scopus.com/pages/publications/85117711881?origin=resultslist,MDPI,10.3390,1,1,0,ESP,Global North,1,0,0,0,0,0,0,0,0,1,1218,,,Urban studies & planning,,,City / metropolitan,Daily to monthly,,,,,ESP,Global North,ESP,,city_region|country_name,
R02840,2020,P2,2011-2020,Spatio-temporal models for georeferenced unemployment data,10.1016/j.spasta.2019.100363,https://www.scopus.com/pages/publications/85066962599?origin=resultslist,Elsevier,10.1016,3,2,1,PRT,Global North,1,0,1,1,1,0,0,0,0,1,1574,Point process models (Poisson/Cox/Hawkes),INFERENTIAL,,,,National,,,,,,PRT|SAU,Global North|Global South,PRT,,demonym,
R02841,2021,P3,2021-2027,3D ocean water wave surface analysis on airborne lidar bathymetric point clouds,10.3390/rs13193918,https://www.scopus.com/pages/publications/85116238850?origin=resultslist,MDPI,10.3390,2,2,1,,,,,1,3,1,0,1,1,0,0,1446,Spatial clustering algorithms,INFERENTIAL,"Transportation & mobility|Disaster risk & hazards|Geodesy, remote sensing & earth observation",LiDAR & 3D point clouds,,,,,Accuracy metrics reported,,,CHN|CAN,Global North|Global South,,,,School of Informatics
R02844,2020,P2,2011-2020,"Soil moisture estimation using Bayesian Maximum Entropy algorithm from FY3-B, MODIS and ASTER GDEM remote-sensing data in a maize region of HeBei province, China",10.1080/01431161.2020.1752953,https://www.scopus.com/pages/publications/85087587815?origin=resultslist,Taylor & Francis,10.1080,2,1,0,CHN,Global South,1,0,1,4,1,0,1,2,0,1,2900,Kriging and variogram geostatistics,GEOSTATISTICAL,"Environmental monitoring & pollution|Ecology & biodiversity|Geodesy, remote sensing & earth observation",Field survey & in-situ sampling|Remote sensing & earth observation,,Regional / sub-national,,,Accuracy metrics reported,,,CHN,Global South,CHN,Global / worldwide,city_region|disambiguated,Chinese Academy of Sciences|University of Chinese Academy of Sciences
R02855,2020,P2,2011-2020,An optimal parameters-based geographical detector model enhances geographic characteristics of explanatory variables for spatial heterogeneity analysis: cases with different types of spatial data,10.1080/15481603.2020.1760434,https://www.scopus.com/pages/publications/85084818384?origin=resultslist,Taylor & Francis,10.1080,2,2,1,,,,,0,1,0,1,0,0,0,1,1791,,,,,,,,MAUP / scale effects,,,,AUS|CHN,Global North|Global South,,Global / worldwide,,School of Design and the Built Environment|Chinese Academy of Sciences
R02859,2021,P3,2021-2027,"Estimation of the distribution of the total net radiative flux from satellite and automatic weather station data in the Upper Blue Nile basin, Ethiopia",10.1007/s00704-020-03397-9,https://www.scopus.com/pages/publications/85094183740?origin=resultslist,Springer Nature (Springer),10.1007,4,2,1,ETH,Global South,1,0,1,5,1,0,2,2,0,1,1748,Kriging and variogram geostatistics,GEOSTATISTICAL,"Energy & infrastructure|Geodesy, remote sensing & earth observation",Remote sensing & earth observation|Sensor networks & IoT,,Regional / sub-national,,,Accuracy metrics reported|Independent / ground-truth validation,,,CHN|ETH,Global South,ETH,Global / worldwide,country_name,Chinese Academy of Sciences|University of Chinese Academy of Sciences|College of Natural and Computational Sciences|CAS Center for Excellence in Tibetan Plateau Earth Sciences
R02877,2021,P3,2021-2027,Digital mapping of zinc in urban topsoil using multisource geospatial data and random forest,10.1016/j.scitotenv.2021.148455,https://www.scopus.com/pages/publications/85108224035?origin=resultslist,Elsevier,10.1016,5,1,0,,,,,2,5,2,0,1,2,0,0,1352,Spatial regression / GWR|Classical machine learning,INFERENTIAL|LEARNING,"Urban studies & planning|Ecology & biodiversity|Geodesy, remote sensing & earth observation",Remote sensing & earth observation|POI & commercial geodatabases,,,Sub-daily / real-time,,Cross-validation / holdout,,,CHN,Global South,,,,School of Architecture & Urban Planning|School of electronic engineering|College of Resources and Environment|Chinese Academy of Sciences
R02897,2020,P2,2011-2020,"Land-subsidence susceptibility zonation using remote sensing, GIS, and probability models in a Google Earth Engine platform",10.1007/s12665-020-09238-2,https://www.scopus.com/pages/publications/85093939786?origin=resultslist,Springer Nature (Springer),10.1007,1,1,0,IRN,Global South,1,0,1,3,1,0,1,1,0,1,2275,Classical machine learning,LEARNING,"Environmental monitoring & pollution|Ecology & biodiversity|Agriculture & food systems|Geodesy, remote sensing & earth observation",Remote sensing & earth observation,ArcGIS / ArcMap / ArcGIS Pro|Google Earth Engine,Regional / sub-national,,,Accuracy metrics reported,,,IRN,Global South,IRN|DEU|USA,,city_region|country_name|demonym,College of Agriculture
R02900,2021,P3,2021-2027,Green change in the core build-up areas of China: Information from MODIS data,10.1016/j.ecolind.2020.107270,https://www.scopus.com/pages/publications/85099216308?origin=resultslist,Elsevier,10.1016,2,1,0,CHN,Global South,1,0,2,3,2,0,0,1,0,1,1932,Nearest-neighbour analysis|Spatial autocorrelation statistics,CLASSICAL|INFERENTIAL,"Urban studies & planning|Ecology & biodiversity|Geodesy, remote sensing & earth observation",Remote sensing & earth observation,,City / metropolitan|Regional / sub-national,Multi-decadal / historical,,,,,CHN,Global South,CHN,Global / worldwide,disambiguated,School of Geography and Ocean Science|Ministry of Natural Resources
R02901,2020,P2,2011-2020,Modeling of forest communities’ spatial structure at the regional level through remote sensing and field sampling: Constraints and solutions,10.3390/f11101088,https://www.scopus.com/pages/publications/85093102212?origin=resultslist,MDPI,10.3390,2,1,0,RUS,Global North,1,0,0,2,0,0,0,2,0,1,2301,,,"Ecology & biodiversity|Geodesy, remote sensing & earth observation",Field survey & in-situ sampling|Remote sensing & earth observation,,Regional / sub-national,,,,,,RUS,Global North,RUS,,city_region,Russian Academy of Sciences
R02913,2021,P3,2021-2027,Applicability evaluation of several spatial clustering methods in spatiotemporal data mining of floating car trajectory,10.3390/ijgi10030161,https://www.scopus.com/pages/publications/85106476355?origin=resultslist,MDPI,10.3390,3,2,1,,,,,2,5,2,1,0,2,0,0,1530,Kernel density estimation|Spatial clustering algorithms,CLASSICAL|INFERENTIAL,Transportation & mobility|Urban studies & planning|Energy & infrastructure,Mobile phone & GPS trajectory data|POI & commercial geodatabases,,,,Positional / geocoding uncertainty,,,,CHN|USA,Global North|Global South,,,,School of Geographical Sciences
R02927,2021,P3,2021-2027,Combining spatial and sociodemographic regression techniques to predict residential fire counts at the census tract level,10.1016/j.compenvurbsys.2021.101633,https://www.scopus.com/pages/publications/85104050129?origin=resultslist,Elsevier,10.1016,2,1,0,USA,Global North,1,0,3,4,2,0,1,1,0,1,2145,Kernel density estimation|Bayesian hierarchical spatial models|Classical machine learning,CLASSICAL|INFERENTIAL|LEARNING,Urban studies & planning|Energy & infrastructure,Official / administrative records,,Neighbourhood / local,,,Accuracy metrics reported,,,USA,Global North,USA,,demonym,
R02930,2021,P3,2021-2027,Automatic picking of multi-mode surface-wave dispersion curves based on machine learning clustering methods,10.1016/j.cageo.2021.104809,https://www.scopus.com/pages/publications/85105593463?origin=resultslist,Elsevier,10.1016,2,1,0,,,,,2,2,2,0,0,0,0,0,1725,Spatial clustering algorithms|Classical machine learning,INFERENTIAL|LEARNING,Disaster risk & hazards|Energy & infrastructure,,,,,,,,,CHN,Global South,,,,School of Geosciences
R02932,2021,P3,2021-2027,Identifying the density of grassland fire points with kernel density estimation based on spatial distribution characteristics,10.1515/geo-2020-0265,https://www.scopus.com/pages/publications/85111205996?origin=resultslist,De Gruyter,10.1515,2,1,0,,,,,2,3,2,1,0,0,0,0,1298,Kernel density estimation|Ripley's K / second-order PPA,CLASSICAL,,,,,,Sensitivity analysis,,,,CHN,Global South,,,,Ministry of Education
R02935,2020,P2,2011-2020,A machine learning-based approach for spatial estimation using the spatial features of coordinate information,10.3390/ijgi9100587,https://www.scopus.com/pages/publications/85092476093?origin=resultslist,MDPI,10.3390,1,1,0,,,,,3,2,2,0,0,0,0,0,1427,Spatial autocorrelation statistics|Kriging and variogram geostatistics|Classical machine learning,GEOSTATISTICAL|INFERENTIAL|LEARNING,,,,,,,,,,KOR,Global North,,,,
R02939,2021,P3,2021-2027,Coastal reservoirs as a source of nitrous oxide: Spatio-temporal patterns and assessment strategy,10.1016/j.scitotenv.2021.147878,https://www.scopus.com/pages/publications/85111028976?origin=resultslist,Elsevier,10.1016,8,3,1,CHN,Global South,1,0,0,0,0,0,0,0,0,1,2036,,,Urban studies & planning|Environmental monitoring & pollution,,,City / metropolitan,,,,,,CHN|GBR|HKG,Global North|Global South,CHN,Global / worldwide,disambiguated,Key Laboratory of Humid Subtropical Eco-geographical Process of Ministry of Education|School of Geographical Sciences|College of Environmental Science and Engineering|Collaborative Innovation Center of Atmospheric Environment and Equipment Technology
R02940,2020,P2,2011-2020,Automated mapping of water table for cranberry subirrigation management: Comparison of three spatial interpolation methods,10.3390/w12123322,https://www.scopus.com/pages/publications/85097301929?origin=resultslist,MDPI,10.3390,2,1,0,CAN,Global North,1,0,2,4,2,1,1,0,0,1,1849,Kriging and variogram geostatistics|Deterministic interpolation,GEOSTATISTICAL,Agriculture & food systems,,,,Daily to monthly,Sensitivity analysis,Cross-validation / holdout,,,CAN,Global North,CAN,,country_name,Institut National de Recherche Scientifique
R02947,2020,P2,2011-2020,"Marked spatio-temporal point patterns, periodicity analysis and earthquakes: an analytical extension including hypocenter depth",10.1007/s10651-020-00470-4,https://www.scopus.com/pages/publications/85095689202?origin=resultslist,Springer Nature (Springer),10.1007,3,2,1,USA,Global North,1,0,1,1,1,0,0,0,0,1,2346,Quadrat / intensity analysis,CLASSICAL,Public health & epidemiology|Disaster risk & hazards,,,,Daily to monthly|Annual to decadal,,,,,CAN|USA,Global North,USA,,city_region,
R02955,2021,P3,2021-2027,Evaluating the suitability of urban development land with a Geodetector,10.1016/j.ecolind.2021.107339,https://www.scopus.com/pages/publications/85099201019?origin=resultslist,Elsevier,10.1016,5,1,0,CHN,Global South,1,0,2,3,2,0,0,1,0,1,2443,Spatial clustering algorithms|Kriging and variogram geostatistics,GEOSTATISTICAL|INFERENTIAL,"Urban studies & planning|Agriculture & food systems|Geodesy, remote sensing & earth observation",Remote sensing & earth observation,,,,,,,,CHN,Global South,CHN,,city_region|disambiguated,College of Environment and Planning|Ministry of Education|Collaborative Innovation Center of Yellow River Civilization
R02975,2021,P3,2021-2027,Apply fringe identification to understand urban economic development in China: in case of Wuhan,10.1007/s12517-021-07629-8,https://www.scopus.com/pages/publications/85109067293?origin=resultslist,Springer Nature (Springer),10.1007,1,1,0,CHN,Global South,1,0,1,2,1,0,0,1,0,1,1331,Kernel density estimation,CLASSICAL,Urban studies & planning,POI & commercial geodatabases,,City / metropolitan,,,,,,CHN,Global South,CHN,,city_region|disambiguated,School of Economics and Management
R02978,2021,P3,2021-2027,Comparison of landscape graph modelling methods for analysing pond network connectivity,10.1007/s10980-020-01164-9,https://www.scopus.com/pages/publications/85096845510?origin=resultslist,Springer Nature (Springer),10.1007,1,1,0,FRA,Global North,1,0,0,0,0,0,0,0,0,1,2657,,,Ecology & biodiversity,,,,,,,,,FRA,Global North,FRA,,country_name,LADYSS UMR 7533 CNRS
R02984,2021,P3,2021-2027,Mining spatial patterns of food culture in China using restaurant POI data,10.1111/tgis.12682,https://www.scopus.com/pages/publications/85090793085?origin=resultslist,Wiley,10.1111,4,2,1,CHN,Global South,1,0,0,1,0,0,0,1,0,1,1306,,,Urban studies & planning|Retail & economic geography|Energy & infrastructure,POI & commercial geodatabases,,,,,,,,CHN|GBR,Global North|Global South,CHN,Global / worldwide,demonym|disambiguated,School of Geographic Science|Ministry of Education|Jiangsu Center for Collaborative Innovation in Geographical Information Resource Development and Application|London School of Economics and Political Science
R02994,2021,P3,2021-2027,Identification and analysis of urban functional area in Hangzhou based on OSM and POI data,10.1371/journal.pone.0251988,https://www.scopus.com/pages/publications/85106666672?origin=resultslist,PLOS,10.1371,3,1,0,CHN,Global South,1,0,0,2,0,0,0,2,0,1,1376,,,Urban studies & planning|Ecology & biodiversity,Volunteered geographic information|POI & commercial geodatabases,,City / metropolitan,,,,,,CHN,Global South,CHN,,city_region,School of Geography|School of Architecture and Urban Planning|Chinese Academy of Science
R03004,2019,P2,2011-2020,A Mixture Model Approach for Compositional Data: Inferring Land-Use Influence on Point-Referenced Water Quality Measurements,10.1007/s13253-019-00371-5,https://www.scopus.com/pages/publications/85069522182?origin=resultslist,Springer Nature (Springer),10.1007,1,1,0,AUS,Global North,1,0,0,0,0,0,0,0,0,1,1506,,,Public health & epidemiology|Urban studies & planning|Environmental monitoring & pollution|Agriculture & food systems,,,Regional / sub-national,,,,,,AUS,Global North,AUS,,country_name,CSIRO
R03008,2019,P2,2011-2020,Using nighttime light data and POI big data to detect the urban centers of Hangzhou,10.3390/rs11151821,https://www.scopus.com/pages/publications/85070456242?origin=resultslist,MDPI,10.3390,2,1,0,CHN,Global South,1,0,2,4,2,0,0,2,0,1,1909,Spatial autocorrelation statistics|Spatial regression / GWR,INFERENTIAL,Urban studies & planning,Remote sensing & earth observation|POI & commercial geodatabases,,Continental / global,,,,,,CHN,Global South,CHN,Global / worldwide,city_region|disambiguated,College of Civil Engineering and Architecture|College of Environmental and Resource Sciences
R03014,2019,P2,2011-2020,Identification of urban functional areas based on POI Data: A case study of the guangzhou economic and technological development zone,10.3390/su11051385,https://www.scopus.com/pages/publications/85062892027?origin=resultslist,MDPI,10.3390,2,1,0,CHN,Global South,1,0,0,1,0,0,0,1,0,1,1723,,,Urban studies & planning|Retail & economic geography,POI & commercial geodatabases,,City / metropolitan,,,,,,CHN,Global South,CHN,,city_region,Chinese Academy of Sciences|University of Chinese Academy of Sciences
R03015,2020,P2,2011-2020,An evaluation and region division method for ecosystem service supply and demand based on land use and POI data,10.3390/su12062524,https://www.scopus.com/pages/publications/85082968211?origin=resultslist,MDPI,10.3390,4,1,0,CHN,Global South,1,0,2,3,2,0,0,1,0,1,3140,Kernel density estimation|Spatial autocorrelation statistics,CLASSICAL|INFERENTIAL,Urban studies & planning,POI & commercial geodatabases,,,,,,,,CHN,Global South,CHN,,city_region|demonym,Beijing Research Center for Information Technology in Agriculture|National Engineering Research Center for Information Technology in Agriculture|Ministry of Agriculture|Beijing Engineering Research Center of Agricultural Internet of Things
R03019,2020,P2,2011-2020,Coastal geomorphic chronosequences across broad spatiotemporal scales. Metrical observations from the Cape Verde hotspot,10.1002/esp.4738,https://www.scopus.com/pages/publications/85077843286?origin=resultslist,Wiley,10.1002,1,1,0,CPV,Global South,0,1,0,1,0,0,1,0,0,1,2119,,,Ecology & biodiversity,,,,,,Monte Carlo / simulation envelope,,,ESP,Global North,CPV,,country_name,Unidad Asociada ULPGC-CSIC
R03030,2019,P2,2011-2020,Improving Snow Water Equivalent Maps With Machine Learning of Snow Survey and Lidar Measurements,10.1029/2018WR024146,https://www.scopus.com/pages/publications/85065244412?origin=resultslist,AGU (Wiley),10.1029,3,1,0,USA,Global North,1,0,2,4,2,0,0,2,0,1,1439,Classical machine learning|Deep learning,LEARNING,"Geodesy, remote sensing & earth observation",LiDAR & 3D point clouds|Sensor networks & IoT,,,,,,,,USA,Global North,USA,,city_region,School of Natural Resources and the Environment|School of Geography and Development|Southwest Watershed Research Center
R03037,2019,P2,2011-2020,The relationship between centrality and land use patterns: Empirical evidence from five Chinese metropolises,10.1016/j.compenvurbsys.2019.101356,https://www.scopus.com/pages/publications/85069952726?origin=resultslist,Elsevier,10.1016,4,1,0,CHN,Global South,1,0,1,2,1,0,0,1,0,1,2030,Spatial regression / GWR,INFERENTIAL,Urban studies & planning|Retail & economic geography,POI & commercial geodatabases,,,,,,,,CHN,Global South,CHN,,demonym|disambiguated,School of Geography and Planning|School of Architecture|Guangdong Provincial Engineering Research Center for Public Security and Disaster
R03042,2020,P2,2011-2020,Model-Based Geostatistics from a Bayesian Perspective: Investigating Area-to-Point Kriging with Small Data Sets,10.1007/s11004-019-09840-6,https://www.scopus.com/pages/publications/85076221131?origin=resultslist,Springer Nature (Springer),10.1007,5,2,1,BFA,Global South,0,1,2,3,2,0,0,1,0,1,1695,Bayesian hierarchical spatial models|Kriging and variogram geostatistics,GEOSTATISTICAL|INFERENTIAL,Agriculture & food systems,Simulated / synthetic data,,,,,,,,NLD|AUS,Global North,BFA,,country_name,School of Agriculture and Food Sciences
R03048,2020,P2,2011-2020,A framework for extracting urban functional regions based on multiprototype word embeddings using points-of-interest data,10.1016/j.compenvurbsys.2019.101442,https://www.scopus.com/pages/publications/85074899368?origin=resultslist,Elsevier,10.1016,3,2,1,,,,,1,3,1,0,0,2,0,0,1585,Spatial clustering algorithms,INFERENTIAL,"Urban studies & planning|Geodesy, remote sensing & earth observation",Remote sensing & earth observation|POI & commercial geodatabases,,,,,,,,CHN|USA,Global North|Global South,,,,National Engineering Research Center of Geographic Information System
R03050,2019,P2,2011-2020,Retail Fabric Assessment: Describing retail patterns within urban space,10.1016/j.cities.2018.11.025,https://www.scopus.com/pages/publications/85058108137?origin=resultslist,Elsevier,10.1016,1,1,0,FRA,Global North,1,0,1,1,1,0,0,0,0,1,1249,Kriging and variogram geostatistics,GEOSTATISTICAL,Urban studies & planning|Retail & economic geography,,,City / metropolitan,,,,,,FRA,Global North,FRA,,demonym,CNRS
R03052,2019,P2,2011-2020,"Comparison of methods for addressing the point-to-area data transformation to make data suitable for environmental, health and socio-economic studies",10.1016/j.scitotenv.2019.06.452,https://www.scopus.com/pages/publications/85068266194?origin=resultslist,Elsevier,10.1016,2,2,1,GBR,Global North,1,0,2,2,2,0,0,0,0,1,1699,Kriging and variogram geostatistics|Deterministic interpolation,GEOSTATISTICAL,,,,Neighbourhood / local,,,,,,IRL|GBR,Global North,GBR,,city_region,School of Geography and Archaeology|Environmental Science Centre
R03057,2019,P2,2011-2020,Quantifying the scale effect in geospatial big data using semi-variograms,10.1371/journal.pone.0225139,https://www.scopus.com/pages/publications/85075048707?origin=resultslist,PLOS,10.1371,2,2,1,CHN,Global South,1,0,0,2,0,1,0,1,0,1,1129,,,Social media & digital society|Energy & infrastructure,Social-media & geosocial data,,,,MAUP / scale effects,,,,CHN|USA,Global North|Global South,CHN,,city_region,School of Earth and Space Sciences
R03058,2020,P2,2011-2020,A grid-based spatial interpolation method as a tool supporting real estate market analyses,10.3390/ijgi9010039,https://www.scopus.com/pages/publications/85078002421?origin=resultslist,MDPI,10.3390,3,1,0,,,,,0,0,0,0,0,0,0,0,1383,,,Urban studies & planning|Retail & economic geography,,,,,,,,,POL,Global North,,,,
R03060,2019,P2,2011-2020,Improving the accuracy of fine-grained population mapping using population-sensitive POIs,10.3390/rs11212502,https://www.scopus.com/pages/publications/85074650411?origin=resultslist,MDPI,10.3390,2,1,0,,,,,1,2,1,0,0,1,0,0,1677,Classical machine learning,LEARNING,"Urban studies & planning|Ecology & biodiversity|Geodesy, remote sensing & earth observation",Remote sensing & earth observation,,,,,,,,CHN,Global South,,,,Chinese Academy of Sciences|University of Chinese Academy of Sciences
R03064,2019,P2,2011-2020,Spatial variability of mean daily estimates of actual evaporation from remotely sensed imagery and surface reference data,10.5194/hess-23-4891-2019,https://www.scopus.com/pages/publications/85075803509?origin=resultslist,Copernicus (EGU),10.5194,2,2,1,CAN,Global North,1,0,0,1,0,0,0,1,0,1,2299,,,"Transportation & mobility|Agriculture & food systems|Geodesy, remote sensing & earth observation",Remote sensing & earth observation,,,Daily to monthly,,,,,CAN|AUS,Global North,CAN,,city_region|country_name,Centre for Hydrology
R03069,2019,P2,2011-2020,Efficient variography with partition variograms,10.1016/j.cageo.2019.06.013,https://www.scopus.com/pages/publications/85068108455?origin=resultslist,Elsevier,10.1016,1,1,0,,,,,2,3,2,0,1,0,0,0,1159,Kriging and variogram geostatistics|Gaussian processes / NNGP,GEOSTATISTICAL,,,,,,,Monte Carlo / simulation envelope,,,BRA,Global South,,,,
R03070,2020,P2,2011-2020,"Uncovering spatio-temporal travel patterns using a tensor-based model from metro smart card data in Shenzhen, China",10.3390/su12041475,https://www.scopus.com/pages/publications/85081218546?origin=resultslist,MDPI,10.3390,3,1,0,CHN,Global South,1,0,0,1,0,0,0,1,0,1,1315,,,Transportation & mobility|Urban studies & planning,POI & commercial geodatabases,,,,,,,,CHN,Global South,CHN,,city_region|disambiguated,School of Traffic and Transportation Engineering|College of Transportation|School of Intelligent transportation
R03074,2019,P2,2011-2020,Applying linear and nonlinear models for the estimation of particulate matter variability,10.1016/j.envpol.2018.11.080,https://www.scopus.com/pages/publications/85057589215?origin=resultslist,Elsevier,10.1016,1,1,0,,,,,2,4,2,0,1,1,0,1,2026,Deterministic interpolation|Deep learning,GEOSTATISTICAL|LEARNING,Urban studies & planning|Environmental monitoring & pollution,Sensor networks & IoT,,,Daily to monthly,,Cross-validation / holdout,,,GRC,Global North,,Europe (multi-country),,
R03075,2019,P2,2011-2020,Research on population spatiotemporal aggregation characteristics of a small city: A case study on Shehong County based on Baidu heat maps,10.3390/su11226276,https://www.scopus.com/pages/publications/85075905589?origin=resultslist,MDPI,10.3390,2,1,0,,,,,1,2,1,0,0,1,0,0,1499,Getis-Ord hotspot statistics,INFERENTIAL,Urban studies & planning,POI & commercial geodatabases,,City / metropolitan,,,,,,CHN,Global South,,,,School of Architecture and Urban Planning
R03077,2019,P2,2011-2020,Urban vitality area identification and pattern analysis from the perspective of time and space fusion,10.3390/su11154032,https://www.scopus.com/pages/publications/85070456202?origin=resultslist,MDPI,10.3390,3,1,0,CHN,Global South,1,0,0,2,0,0,0,2,0,1,1218,,,Urban studies & planning,Mobile phone & GPS trajectory data|POI & commercial geodatabases,,,,,,,,CHN,Global South,CHN,,city_region,Ministry of Education|Jiangsu Center for Collaborative Innovation in Geographical Information Resource Development and Application
R03093,2020,P2,2011-2020,"Spatial patterns and interspecific associations during natural regeneration in three types of secondary forest in the central part of the Greater Khingan Mountains, Heilongjiang Province, China",10.3390/f11020152,https://www.scopus.com/pages/publications/85081120821?origin=resultslist,MDPI,10.3390,2,1,0,CHN,Global South,1,0,0,1,0,1,0,0,0,1,2710,,,Ecology & biodiversity,,,Regional / sub-national,,MAUP / scale effects,,,,CHN,Global South,CHN,,city_region|disambiguated,Key Laboratory of Sustainable Forest Ecosystem Management-Ministry of Education|School of Forestry
R03100,2020,P2,2011-2020,Ultra-long return level estimation of extreme wind speed based on the deductive method,10.1016/j.oceaneng.2019.106900,https://www.scopus.com/pages/publications/85077364249?origin=resultslist,Elsevier,10.1016,3,1,0,CHN,Global South,1,0,1,2,1,0,0,0,1,1,1653,Point process models (Poisson/Cox/Hawkes),INFERENTIAL,Urban studies & planning|Disaster risk & hazards,,,,Annual to decadal,,,Workflow / protocol formalised,,CHN,Global South,CHN,,disambiguated,College of Engineering
R03113,2019,P2,2011-2020,River reconstruction using a conformal mapping method,10.1016/j.envsoft.2019.06.006,https://www.scopus.com/pages/publications/85067825881?origin=resultslist,Elsevier,10.1016,4,1,0,AUS,Global North,1,0,1,1,1,0,0,0,0,1,1070,Kriging and variogram geostatistics,GEOSTATISTICAL,,,,,,,,,,AUS,Global North,AUS,,country_name,CSIRO Data61|CSIRO Land & Water
R03117,2020,P2,2011-2020,Location-based analyses for electronic monitoring of parolees,10.3390/ijgi9050296,https://www.scopus.com/pages/publications/85084406801?origin=resultslist,MDPI,10.3390,2,1,0,TUR,Global South,1,0,1,2,1,0,0,1,0,1,980,Kriging and variogram geostatistics,GEOSTATISTICAL,Crime & security|Urban studies & planning,Mobile phone & GPS trajectory data,,City / metropolitan,,,,,,TUR,Global South,TUR,,city_region,Vocational School of Social Sciences
R03125,2020,P2,2011-2020,Extracting commuter-specific destination hotspots from trip destination data–comparing the boro taxi service with Citi Bike in NYC,10.1080/10095020.2019.1621008,https://www.scopus.com/pages/publications/85067575810?origin=resultslist,Taylor & Francis,10.1080,4,2,1,,,,,0,1,0,0,0,1,0,0,1328,,,Transportation & mobility|Urban studies & planning,Mobile phone & GPS trajectory data,,,,,,,,DEU|ITA,Global North,,,,The KRDB Research Centre for Knowledge and Data
R03134,2019,P2,2011-2020,Kriging methods with auxiliary nighttime lights data to detect potentially toxic metals concentrations in soil,10.1016/j.scitotenv.2018.12.330,https://www.scopus.com/pages/publications/85059155076?origin=resultslist,Elsevier,10.1016,3,1,0,GBR,Global North,0,0,1,3,1,0,1,1,0,1,1976,Kriging and variogram geostatistics,GEOSTATISTICAL,"Urban studies & planning|Ecology & biodiversity|Geodesy, remote sensing & earth observation",Remote sensing & earth observation,,,,,Cross-validation / holdout,,,CHN,Global South,GBR,,country_name,Chinese Academy of Sciences|University of Chinese Academy of Sciences
R03143,2019,P2,2011-2020,A new spatial precipitation interpolation method based on the information diffusion principle,10.1007/s00477-019-01658-2,https://www.scopus.com/pages/publications/85061958284?origin=resultslist,Springer Nature (Springer),10.1007,3,2,1,CHN,Global South,1,0,2,3,2,0,1,0,0,1,1299,Kriging and variogram geostatistics|Deterministic interpolation,GEOSTATISTICAL,Urban studies & planning,,,,Daily to monthly|Annual to decadal,,Cross-validation / holdout,,,CHN|AUS,Global North|Global South,CHN,,disambiguated,College of Hydrology and Water Resources
R03147,2020,P2,2011-2020,Edge correction for intensity estimation of 3D heterogeneous point processes from replicated data,10.1016/j.spasta.2020.100421,https://www.scopus.com/pages/publications/85082816217?origin=resultslist,Elsevier,10.1016,1,1,0,,,,,1,2,1,1,0,0,0,0,1559,Quadrat / intensity analysis,CLASSICAL,Ecology & biodiversity,,,,,Edge effects,,,,FRA,Global North,,,,Institut Jean-Pierre Bourgin
R03151,2020,P2,2011-2020,A Multiscale Spatially Varying Coefficient Model for Regional Analysis of Topsoil Geochemistry,10.1007/s13253-019-00379-x,https://www.scopus.com/pages/publications/85074036254?origin=resultslist,Springer Nature (Springer),10.1007,1,1,0,,,,,3,2,2,0,0,0,0,0,1478,Spatial autocorrelation statistics|Bayesian hierarchical spatial models|Gaussian processes / NNGP,GEOSTATISTICAL|INFERENTIAL,,,,,,,,,,KOR,Global North,,,,
R03154,2019,P2,2011-2020,Sensing multiple semantics of urban space from crowdsourcing positioning data,10.1016/j.cities.2019.04.011,https://www.scopus.com/pages/publications/85065029898?origin=resultslist,Elsevier,10.1016,2,1,0,CHN,Global South,1,0,1,3,1,0,0,2,0,1,1582,Spatial clustering algorithms,INFERENTIAL,Urban studies & planning|Social media & digital society,Volunteered geographic information|POI & commercial geodatabases,,,Sub-daily / real-time|Daily to monthly,,,,,CHN,Global South,CHN,,city_region,University of Chinese Academy of Sciences
R03160,2019,P2,2011-2020,Flow Cross K-function: a bivariate flow analytical method,10.1080/13658816.2019.1608362,https://www.scopus.com/pages/publications/85065099501?origin=resultslist,Taylor & Francis,10.1080,2,1,0,USA,Global North,1,0,1,2,1,0,0,1,0,1,1278,Ripley's K / second-order PPA,CLASSICAL,Transportation & mobility|Urban studies & planning|Ecology & biodiversity,Simulated / synthetic data,,,Daily to monthly,,,,,USA,Global North,USA,Global / worldwide,city_region,School of Geosciences
R03165,2019,P2,2011-2020,Combining multiple data sources in species distribution models while accounting for spatial dependence and overfitting with combined penalized likelihood maximization,10.1111/2041-210X.13297,https://www.scopus.com/pages/publications/85073954901?origin=resultslist,Wiley,10.1111,3,3,1,FRA,Global North,1,0,1,1,1,0,0,0,0,1,1992,Point process models (Poisson/Cox/Hawkes),INFERENTIAL,Ecology & biodiversity|Social media & digital society,,,,,,,,,AUS|DEU|FRA,Global North,FRA,,country_name,School of Mathematical and Physical Sciences|CNRS
R03166,2019,P2,2011-2020,Bayesian Point Process Modeling to Quantify Geographic Regions of Excess Stillbirth Risk,10.1111/gean.12174,https://www.scopus.com/pages/publications/85054183785?origin=resultslist,Wiley,10.1111,3,1,0,USA,Global North,1,0,1,2,1,0,0,1,0,1,1256,Point process models (Poisson/Cox/Hawkes),INFERENTIAL,Public health & epidemiology,Official / administrative records,,,,,,,,USA,Global North,USA,,city_region,
R03168,2020,P2,2011-2020,Discovering urban functional polycentricity: A traffic flow-embedded and topic modeling-based methodology framework,10.3390/su12051897,https://www.scopus.com/pages/publications/85082653286?origin=resultslist,MDPI,10.3390,3,2,1,CHN,Global South,1,0,0,2,0,0,0,2,0,1,1384,,,Transportation & mobility|Urban studies & planning,Mobile phone & GPS trajectory data|POI & commercial geodatabases,,City / metropolitan,,,,,,CHN|HKG,Global North|Global South,CHN,,city_region|disambiguated,School of Management
R03173,2019,P2,2011-2020,Spatial patterns of discovery points and invasion hotspots of non-native forest pests,10.1111/geb.12988,https://www.scopus.com/pages/publications/85070765996?origin=resultslist,Wiley,10.1111,3,2,1,USA,Global North,1,0,1,1,1,0,0,0,0,1,2209,Point process models (Poisson/Cox/Hawkes),INFERENTIAL,Ecology & biodiversity|Agriculture & food systems,,,Regional / sub-national|Continental / global,,,,,,USA|CZE,Global North,USA,Global / worldwide,country_name,
R03174,2020,P2,2011-2020,Modeling Partially Surveyed Point Process Data: Inferring Spatial Point Intensity of Geomagnetic Anomalies,10.1007/s13253-020-00387-2,https://www.scopus.com/pages/publications/85081927746?origin=resultslist,Springer Nature (Springer),10.1007,1,1,0,USA,Global North,1,0,3,3,2,0,0,1,0,1,1487,Quadrat / intensity analysis|Point process models (Poisson/Cox/Hawkes)|Bayesian hierarchical spatial models,CLASSICAL|INFERENTIAL,,Simulated / synthetic data,,,,,,,,USA,Global North,USA,,city_region,
R03187,2020,P2,2011-2020,"Mapping fine-scale urban spatial population distribution based on high-resolution stereo pair images, points of interest, and land cover data",10.3390/rs12040608,https://www.scopus.com/pages/publications/85080915537?origin=resultslist,MDPI,10.3390,5,2,1,,,,,0,2,0,0,0,2,0,0,1372,,,"Transportation & mobility|Urban studies & planning|Disaster risk & hazards|Retail & economic geography|Geodesy, remote sensing & earth observation",Remote sensing & earth observation|POI & commercial geodatabases,,,,,,,,CHN|NLD,Global North|Global South,,,,Chinese Academy of Sciences|School of Resources and Environmental Science|The Hong Kong Polytechnic University
R03202,2019,P2,2011-2020,The temporal and spatial evolution of marathons in China from 2010 to 2018,10.3390/ijerph16245046,https://www.scopus.com/pages/publications/85076489367?origin=resultslist,MDPI,10.3390,8,4,1,CHN,Global South,1,0,2,2,2,0,0,0,0,1,1059,Nearest-neighbour analysis|Getis-Ord hotspot statistics,CLASSICAL|INFERENTIAL,,,,,,,,,,CHN|GBR|CAN|USA,Global North|Global South,CHN,,city_region|demonym|disambiguated,School of Management|Shenzhen Tourism College|College of Psychology and Sociology|Cambridge Centre for Sport and Exercise Sciences|Cumming School of Medicine
R03212,2020,P2,2011-2020,Identification of urban functional regions in Chengdu based on taxi trajectory time series data,10.3390/ijgi9030158,https://www.scopus.com/pages/publications/85081936790?origin=resultslist,MDPI,10.3390,2,1,0,CHN,Global South,1,0,0,1,0,0,0,1,0,1,2034,,,Transportation & mobility|Urban studies & planning|Energy & infrastructure,Mobile phone & GPS trajectory data,,,Annual to decadal,,,,,CHN,Global South,CHN,,city_region,School of Geographical Sciences
R03218,2019,P2,2011-2020,A density-based approach for detecting network-constrained clusters in spatial point events,10.1080/13658816.2018.1541177,https://www.scopus.com/pages/publications/85056115849?origin=resultslist,Taylor & Francis,10.1080,3,1,0,CHN,Global South,1,0,4,2,2,0,0,0,0,1,1179,Kernel density estimation|Spatial clustering algorithms|Deterministic interpolation|Network-constrained point analysis,CLASSICAL|GEOSTATISTICAL|INFERENTIAL|NETWORK,Transportation & mobility|Urban studies & planning,,,,,,,,,CHN,Global South,CHN,,city_region,Collaborative Innovation Center of Geospatial Technology
R03234,2019,P2,2011-2020,Identifying spatial patterns of retail stores in road network structure,10.3390/su11174539,https://www.scopus.com/pages/publications/85071971439?origin=resultslist,MDPI,10.3390,6,2,1,CHN,Global South,1,0,2,4,2,0,0,2,0,1,1547,Kernel density estimation|Network-constrained point analysis,CLASSICAL|NETWORK,Urban studies & planning|Retail & economic geography,Official / administrative records|POI & commercial geodatabases,,Neighbourhood / local,,,,,,CHN|USA,Global North|Global South,CHN,Global / worldwide,city_region|disambiguated,Ministry of Education|College of Environment and Planning
R03257,2019,P2,2011-2020,Exploring multidimensional spatiotemporal point patterns based on an improved affinity propagation algorithm,10.3390/ijerph16111988,https://www.scopus.com/pages/publications/85067426070?origin=resultslist,MDPI,10.3390,3,2,1,CHN,Global South,1,0,0,1,0,0,0,1,0,1,1206,,,Transportation & mobility,Mobile phone & GPS trajectory data,,,,,,,,CHN|USA,Global North|Global South,CHN,,city_region,National Engineering Research Center of Geographic Information System
R03260,2020,P2,2011-2020,Space-time hierarchical clustering for identifying clusters in spatiotemporal point data,10.3390/ijgi9020085,https://www.scopus.com/pages/publications/85078900015?origin=resultslist,MDPI,10.3390,2,1,0,,,,,1,1,1,0,0,0,0,0,1253,Spatial clustering algorithms,INFERENTIAL,Ecology & biodiversity,,,,,,,,,USA,Global North,,,,College of Education|School of Geosciences
R03270,2019,P2,2011-2020,Estimation of pmx concentrations from landsat 8 oli images based on a multilayer perceptron neural network,10.3390/RS11060646,https://www.scopus.com/pages/publications/85074688460?origin=resultslist,MDPI,10.3390,3,2,1,CHN,Global South,1,0,2,4,2,0,1,1,0,1,1828,Kriging and variogram geostatistics|Deep learning,GEOSTATISTICAL|LEARNING,"Urban studies & planning|Environmental monitoring & pollution|Geodesy, remote sensing & earth observation",Remote sensing & earth observation,Google Earth Engine,,,,Accuracy metrics reported,,,CHN|DEU,Global North|Global South,CHN,,city_region|disambiguated,School of Human Settlements and Civil Engineering|German Aerospace Center (DLR)
R03282,2019,P2,2011-2020,"Exploring spatial variation of the bus stop influence zone with multi-source data: A case study in Zhenjiang, China",10.1016/j.jtrangeo.2019.03.012,https://www.scopus.com/pages/publications/85063626175?origin=resultslist,Elsevier,10.1016,4,1,0,CHN,Global South,1,0,1,2,1,0,0,1,0,1,1463,Spatial regression / GWR,INFERENTIAL,Transportation & mobility|Urban studies & planning|Environmental monitoring & pollution,POI & commercial geodatabases,,,,,,,,CHN,Global South,CHN,Global / worldwide,disambiguated,Jiangsu Province Collaborative Innovation Center of Modern Urban Traffic Technologies|School of Transportation|School of Automobile
R03284,2019,P2,2011-2020,"Characterization of territorial spatial agglomeration based on POI data: A case study of Ningbo city, China",10.3390/su11185083,https://www.scopus.com/pages/publications/85072614701?origin=resultslist,MDPI,10.3390,2,1,0,CHN,Global South,1,0,0,2,0,1,0,1,0,1,1913,,,Urban studies & planning|Ecology & biodiversity|Retail & economic geography,POI & commercial geodatabases,,City / metropolitan,,MAUP / scale effects,,,,CHN,Global South,CHN,,city_region|disambiguated,Wuhan Land Use and Urban Spatial Planning Research Center
R03290,2020,P2,2011-2020,Bayesian model based spatiotemporal survey designs and partially observed log Gaussian Cox process,10.1016/j.spasta.2019.100392,https://www.scopus.com/pages/publications/85074048619?origin=resultslist,Elsevier,10.1016,3,1,0,FIN,Global North,1,0,4,2,2,0,0,0,0,1,1663,Quadrat / intensity analysis|Point process models (Poisson/Cox/Hawkes)|Bayesian hierarchical spatial models|Kriging and variogram geostatistics,CLASSICAL|GEOSTATISTICAL|INFERENTIAL,Urban studies & planning|Ecology & biodiversity|Retail & economic geography,,,,,,,,,FIN,Global North,FIN,,demonym,
R03295,2019,P2,2011-2020,Partial characteristics for marked spatial point processes,10.1002/env.2565,https://www.scopus.com/pages/publications/85063366763?origin=resultslist,Wiley,10.1002,2,2,1,AUS,Global North,0,0,0,0,0,0,0,0,0,1,641,,,Urban studies & planning|Ecology & biodiversity,,,City / metropolitan,,,,,,DEU|ESP,Global North,AUS,,city_region,
R03296,2020,P2,2011-2020,Street-scale analysis of population exposure to light pollution based on remote sensing and mobile big data—shenzhen city as a case,10.3390/s20092728,https://www.scopus.com/pages/publications/85084627319?origin=resultslist,MDPI,10.3390,3,2,1,CHN,Global South,1,0,0,2,0,0,0,2,0,1,1384,,,"Urban studies & planning|Environmental monitoring & pollution|Retail & economic geography|Geodesy, remote sensing & earth observation",Remote sensing & earth observation|POI & commercial geodatabases,,,,,,,,CHN|HKG,Global North|Global South,CHN,,city_region,Chinese Academy of Sciences
R03304,2019,P2,2011-2020,Dynamic Update and Monitoring of AOI Entrance via Spatiotemporal Clustering of Drop-Off Points,10.3390/su11236870,https://www.scopus.com/pages/publications/85077596275?origin=resultslist,MDPI,10.3390,3,2,1,CHN,Global South,1,0,1,2,1,0,0,1,0,1,1588,Spatial clustering algorithms,INFERENTIAL,Transportation & mobility|Urban studies & planning,Mobile phone & GPS trajectory data,,,Annual to decadal,,,,,CHN|HKG,Global North|Global South,CHN,,disambiguated,School of Geographical Sciences|The Hong Kong Polytechnic University
R03307,2020,P2,2011-2020,DTM-based analysis of the spatial distribution of topolineaments,10.1515/geo-2020-0059,https://www.scopus.com/pages/publications/85095862832?origin=resultslist,De Gruyter,10.1515,1,1,0,POL,Global North,1,0,2,3,2,0,0,1,0,1,1240,Kernel density estimation|Kriging and variogram geostatistics,CLASSICAL|GEOSTATISTICAL,"Geodesy, remote sensing & earth observation",LiDAR & 3D point clouds,,Regional / sub-national,Multi-decadal / historical,,,,,POL,Global North,POL,,country_name,
R03311,2019,P2,2011-2020,"Spatiotemporal change characteristics of nodes' heterogeneity in the directed and weighted spatial interaction networks: Case study within the Sixth Ring Road of Beijing, China",10.3390/su11226359,https://www.scopus.com/pages/publications/85075864276?origin=resultslist,MDPI,10.3390,3,1,0,CHN,Global South,1,0,0,2,0,0,0,2,0,1,1615,,,Transportation & mobility|Urban studies & planning,Mobile phone & GPS trajectory data|POI & commercial geodatabases,,,,,,,,CHN,Global South,CHN,,city_region|disambiguated,College of Resources Environment and Tourism|3D Information Collection and Application Key Lab of Education Ministry
R03314,2019,P2,2011-2020,Estimating evapotranspiration of pistachio crop based on SEBAL algorithm using Landsat 8 satellite imagery,10.1016/j.agwat.2019.03.018,https://www.scopus.com/pages/publications/85062693266?origin=resultslist,Elsevier,10.1016,2,1,0,IRN,Global South,1,0,0,3,0,0,2,1,0,1,1733,,,"Ecology & biodiversity|Agriculture & food systems|Energy & infrastructure|Geodesy, remote sensing & earth observation",Remote sensing & earth observation,,Regional / sub-national,,,Accuracy metrics reported|Independent / ground-truth validation,,,IRN,Global South,IRN,,country_name,
R03331,2019,P2,2011-2020,"Estimating the reliability of a rainwater catchment system using the output data of general circulation models for the future period (case study: Birjand City, Iran)",10.1007/s00704-018-2714-z,https://www.scopus.com/pages/publications/85057319467?origin=resultslist,Springer Nature (Springer),10.1007,2,1,0,IRN,Global South,1,0,1,1,1,0,0,0,0,1,2342,Kriging and variogram geostatistics,GEOSTATISTICAL,Urban studies & planning|Environmental monitoring & pollution|Disaster risk & hazards|Agriculture & food systems,,MATLAB,Regional / sub-national,Daily to monthly|Annual to decadal,,,,,IRN,Global South,IRN,,country_name,
R03335,2020,P2,2011-2020,An OD flow clustering method based on vector constraints: A case study for Beijing taxi origin-destination data,10.3390/ijgi9020128,https://www.scopus.com/pages/publications/85081272799?origin=resultslist,MDPI,10.3390,2,1,0,CHN,Global South,1,0,1,1,1,0,0,0,0,1,2003,Spatial clustering algorithms,INFERENTIAL,Transportation & mobility|Urban studies & planning|Energy & infrastructure,,,,,,,,,CHN,Global South,CHN,,city_region|disambiguated,School of Geomatics and Urban Spatial Informatics|School of Science
R03343,2019,P2,2011-2020,Feasibility of pattern type classification for landscape patterns using the AG-curve,10.1007/s10980-019-00869-w,https://www.scopus.com/pages/publications/85069936972?origin=resultslist,Springer Nature (Springer),10.1007,1,1,0,,,,,1,2,1,0,0,1,0,0,1783,Spatial autocorrelation statistics,INFERENTIAL,"Ecology & biodiversity|Disaster risk & hazards|Energy & infrastructure|Geodesy, remote sensing & earth observation",Remote sensing & earth observation,,,,,,,,USA,Global North,,,,Eastern Forest Environmental Threat Assessment Center
R03349,2019,P2,2011-2020,Proposing and investigating PCAMARS as a novel model for NO2 interpolation,10.1007/s10661-019-7253-2,https://www.scopus.com/pages/publications/85062072465?origin=resultslist,Springer Nature (Springer),10.1007,3,2,1,IRN,Global South,1,0,2,2,2,0,0,0,0,1,1231,Kriging and variogram geostatistics|Deterministic interpolation,GEOSTATISTICAL,Public health & epidemiology|Urban studies & planning|Environmental monitoring & pollution,,,,,,,,,IRN|SWE,Global North|Global South,IRN,,city_region,GIS Center|Center for Middle-Eastern Studies
R03350,2019,P2,2011-2020,Achieving high-resolution thermal imagery in low-contrast lake surface waters by aerial remote sensing and image registration,10.1016/j.rse.2018.12.018,https://www.scopus.com/pages/publications/85058973126?origin=resultslist,Elsevier,10.1016,2,1,0,,,,,0,3,0,0,1,2,0,0,1870,,,"Geodesy, remote sensing & earth observation",Remote sensing & earth observation|Mobile phone & GPS trajectory data,,,,,Independent / ground-truth validation,,,CHE,Global North,,,,School of Engineering (STI)
R03353,2019,P2,2011-2020,Contaminant source localization via Bayesian global optimization,10.5194/hess-23-351-2019,https://www.scopus.com/pages/publications/85060495704?origin=resultslist,Copernicus (EGU),10.5194,7,2,1,,,,,1,2,1,0,0,0,1,1,2225,Gaussian processes / NNGP,GEOSTATISTICAL,,,,,,,,Workflow / protocol formalised,,CHE|THA,Global North|Global South,,Global / worldwide,,Centre of Excellence in Mathematics|Oeschger Center for Climate Change Research|Centre for Hydrogeology and Geothermics
R03354,2020,P2,2011-2020,Site selection of digital signage in Beijing: A combination of machine learning and an empirical approach,10.3390/ijgi9040217,https://www.scopus.com/pages/publications/85083306826?origin=resultslist,MDPI,10.3390,3,1,0,CHN,Global South,1,0,2,4,2,0,0,2,0,1,1888,Classical machine learning|Deep learning,LEARNING,Transportation & mobility|Urban studies & planning|Retail & economic geography|Social media & digital society,Official / administrative records|Social-media & geosocial data|POI & commercial geodatabases,,,,,,,,CHN,Global South,CHN,,city_region,School of Computer and Information Engineering|Chinese Academy of Sciences
R03363,2019,P2,2011-2020,Operational local join count statistics for cluster detection,10.1007/s10109-019-00299-x,https://www.scopus.com/pages/publications/85065395233?origin=resultslist,Springer Nature (Springer),10.1007,1,1,0,USA,Global North,1,0,1,2,1,0,0,1,0,1,839,Spatial autocorrelation statistics,INFERENTIAL,Urban studies & planning|Agriculture & food systems,Official / administrative records,GeoDa,Neighbourhood / local,,,,,,USA,Global North,USA,,city_region,Center for Spatial Data Science
R03372,2019,P2,2011-2020,Camera planning for area surveillance: A new method for coverage inference and optimization using Location-based Service data,10.1016/j.compenvurbsys.2019.101396,https://www.scopus.com/pages/publications/85071525139?origin=resultslist,Elsevier,10.1016,5,2,1,,,,,1,2,1,0,0,1,0,0,1754,Kernel density estimation,CLASSICAL,Urban studies & planning|Social media & digital society,Mobile phone & GPS trajectory data,Python (scientific stack),,,,,,,CHN|CAN,Global North|Global South,,,,Ministry of Education|College of Environment and Planning
R03386,2019,P2,2011-2020,Capturing and characterizing human activities using building locations in America,10.3390/ijgi8050200,https://www.scopus.com/pages/publications/85066441533?origin=resultslist,MDPI,10.3390,2,1,0,,,,,0,1,0,0,0,1,0,0,2354,,,Urban studies & planning|Social media & digital society,Social-media & geosocial data,,National,,,,,,SWE,Global North,,,,Centre for Image Analysis
R03387,2019,P2,2011-2020,Quantifying spatial uncertainty in rock through geostatistical integration of borehole data and a geologist's cross-section,10.1016/j.enggeo.2019.105246,https://www.scopus.com/pages/publications/85070228162?origin=resultslist,Elsevier,10.1016,2,1,0,,,,,1,2,1,1,0,0,0,1,2035,Kriging and variogram geostatistics,GEOSTATISTICAL,,,,Continental / global,,Sensitivity analysis,,,,USA,Global North,,Global / worldwide,,Colorado School of Mines Department of Geology and Geological Engineering|Colorado School of Mines Department of Geophysics and Geophysical Engineering
R03389,2019,P2,2011-2020,Correcting GPM IMERG precipitation data over the Tianshan Mountains in China,10.1016/j.jhydrol.2019.06.019,https://www.scopus.com/pages/publications/85067818406?origin=resultslist,Elsevier,10.1016,4,1,0,CHN,Global South,1,0,2,4,2,0,0,2,0,1,1774,Spatial regression / GWR|Kriging and variogram geostatistics,GEOSTATISTICAL|INFERENTIAL,"Ecology & biodiversity|Geodesy, remote sensing & earth observation",Remote sensing & earth observation|Sensor networks & IoT,,,,,,,,CHN,Global South,CHN,Global / worldwide,disambiguated,Xinjiang Meteorological Observatory
R03391,2020,P2,2011-2020,Some properties of local weighted second-order statistics for spatio-temporal point processes,10.1007/s00477-019-01748-1,https://www.scopus.com/pages/publications/85075459127?origin=resultslist,Springer Nature (Springer),10.1007,3,3,1,,,,,2,2,2,0,0,0,0,0,1062,Ripley's K / second-order PPA|Quadrat / intensity analysis,CLASSICAL,,,,,,,,,,ITA|ESP|COL,Global North|Global South,,,,
R03392,2019,P2,2011-2020,Global multivariate point pattern models for rain type occurrence,10.1016/j.spasta.2019.04.003,https://www.scopus.com/pages/publications/85065180186?origin=resultslist,Elsevier,10.1016,2,1,0,,,,,2,2,2,0,0,0,0,1,1167,Quadrat / intensity analysis|Point process models (Poisson/Cox/Hawkes),CLASSICAL|INFERENTIAL,"Geodesy, remote sensing & earth observation",,,Continental / global,,,,,,USA,Global North,,Global / worldwide,,
R03394,2020,P2,2011-2020,Spatiotemporal Ocean Tidal Loading in InSAR Measurements Determined by Kinematic PPP Solutions of a Regional GPS Network,10.1109/JSTARS.2020.3002777,https://www.scopus.com/pages/publications/85088298954?origin=resultslist,IEEE,10.1109,3,3,1,USA,Global North,1,0,0,1,0,0,0,1,0,1,1354,,,"Geodesy, remote sensing & earth observation",Remote sensing & earth observation,,,,,,,,CHN|USA|SAU,Global North|Global South,USA,,city_region,School of Geosciences and Info-Physics|Texas Center for Geographic Information Science
R03412,2019,P2,2011-2020,Apple tree canopy leaf spatial location automated extraction based on point cloud data,10.1016/j.compag.2019.104975,https://www.scopus.com/pages/publications/85072212777?origin=resultslist,Elsevier,10.1016,4,1,0,,,,,1,2,1,0,0,1,0,0,1780,Spatial clustering algorithms,INFERENTIAL,"Ecology & biodiversity|Agriculture & food systems|Geodesy, remote sensing & earth observation",LiDAR & 3D point clouds,,,,,,,,CHN,Global South,,,,Ministry of Education|Ministry of Agricultural and Rural Affairs|College of Information Science & Technology
R03413,2020,P2,2011-2020,Understanding the spatial organization of urban functions based on co-location patterns mining: A comparative analysis for 25 Chinese cities,10.1016/j.cities.2019.102563,https://www.scopus.com/pages/publications/85076043754?origin=resultslist,Elsevier,10.1016,2,1,0,CHN,Global South,1,0,0,0,0,0,0,0,0,1,1320,,,Urban studies & planning|Energy & infrastructure,,,,,,,,,CHN,Global South,CHN,,city_region|demonym|disambiguated,School of Geography and Planning|School of Geographic Sciences
R03414,2019,P2,2011-2020,"Exploring the spatial pattern of urban block development based on POI analysis: A case study in Wuhan, China",10.3390/SU11246961,https://www.scopus.com/pages/publications/85079363058?origin=resultslist,MDPI,10.3390,1,1,0,CHN,Global South,1,0,1,2,1,0,0,1,0,1,1225,Kernel density estimation,CLASSICAL,Urban studies & planning,POI & commercial geodatabases,,,,,,,,CHN,Global South,CHN,,city_region|disambiguated,School of Public Administration
R03422,2020,P2,2011-2020,Strategies for modeling regeneration density in relation to distance from adult trees,10.3390/f11010120,https://www.scopus.com/pages/publications/85078523714?origin=resultslist,MDPI,10.3390,2,1,0,ESP,Global North,1,0,0,1,0,0,0,1,0,1,2050,,,Ecology & biodiversity,Official / administrative records,,Micro / plot / building,,,,,,ESP,Global North,ESP,,country_name,
R03423,2020,P2,2011-2020,Spatio-temporal investigation of surface soil hardness on professional football field,10.1007/s10661-020-8087-7,https://www.scopus.com/pages/publications/85078700987?origin=resultslist,Springer Nature (Springer),10.1007,1,1,0,,,,,1,2,1,0,0,1,0,0,1620,Kriging and variogram geostatistics,GEOSTATISTICAL,,Field survey & in-situ sampling,,,,,,,,TUR,Global South,,,,
R03427,2019,P2,2011-2020,Validating the use of object-based image analysis to map commonly recognized landform features in the United States,10.1080/15230406.2018.1526652,https://www.scopus.com/pages/publications/85056341556?origin=resultslist,Taylor & Francis,10.1080,2,1,0,USA,Global North,1,0,0,1,0,0,0,0,1,1,1391,,,,,,Regional / sub-national,,,,Workflow / protocol formalised,,USA,Global North,USA,,country_name,Center of Excellence for Geospatial Information Science
R03433,2019,P2,2011-2020,A CNN with Multiscale Convolution and Diversified Metric for Hyperspectral Image Classification,10.1109/TGRS.2018.2886022,https://www.scopus.com/pages/publications/85066629109?origin=resultslist,IEEE,10.1109,2,1,0,,,,,2,3,2,0,0,1,0,0,1807,Point process models (Poisson/Cox/Hawkes)|Deep learning,INFERENTIAL|LEARNING,,Remote sensing & earth observation,,,,,,,Surveillance / algorithmic bias,CHN,Global South,,,,College of Electrical and Information Engineering
R03435,2019,P2,2011-2020,A conceptually superior variant of Shepard's method with modified neighbourhood selection for precipitation interpolation,10.1002/joc.6091,https://www.scopus.com/pages/publications/85065044292?origin=resultslist,Wiley,10.1002,4,2,1,USA,Global North,1,0,0,0,0,0,0,0,0,1,1689,,,Urban studies & planning,,,Regional / sub-national,Daily to monthly,,,,,IND|USA,Global North|Global South,USA|IND,,city_region|country_name|disambiguated,Interdisciplinary Centre for Water Research
R03442,2019,P2,2011-2020,Relative source location using a local equivalent path strategy for surface microseismic monitoring,10.1093/gji/ggy482,https://www.scopus.com/pages/publications/85066335168?origin=resultslist,Oxford University Press,10.1093,3,1,0,,,,,0,0,0,0,0,0,0,0,1927,,,Disaster risk & hazards|Energy & infrastructure,,,,Sub-daily / real-time,,,,,CHN,Global South,,,,
R03443,2020,P2,2011-2020,Geovisualization and geographical analysis for fire prevention,10.3390/ijgi9060355,https://www.scopus.com/pages/publications/85085660851?origin=resultslist,MDPI,10.3390,1,1,0,SWE,Global North,1,0,1,1,1,0,0,0,0,1,1962,Kernel density estimation,CLASSICAL,,,,,,,,,Privacy / confidentiality,SWE,Global North,SWE,,demonym,
R03446,2020,P2,2011-2020,Efficient Modelling of Presence-Only Species Data via Local Background Sampling,10.1007/s13253-019-00380-4,https://www.scopus.com/pages/publications/85074863921?origin=resultslist,Springer Nature (Springer),10.1007,1,1,0,CAN,Global North,1,0,2,3,2,0,0,1,0,1,1329,Quadrat / intensity analysis|Point process models (Poisson/Cox/Hawkes),CLASSICAL|INFERENTIAL,Ecology & biodiversity,Simulated / synthetic data,,,,,,,,CAN,Global North,CAN,,city_region|country_name,
R03457,2019,P2,2011-2020,Stochastic reconstruction of spatio-Temporal rainfall patterns by inverse hydrologic modelling,10.5194/hess-23-225-2019,https://www.scopus.com/pages/publications/85060174140?origin=resultslist,Copernicus (EGU),10.5194,3,2,1,,,,,0,0,0,0,0,0,0,0,2139,,,Disaster risk & hazards,,,Regional / sub-national,Sub-daily / real-time|Daily to monthly,,,,,DEU|AUS,Global North,,,,Centre for Coal Seam Gas
R03460,2019,P2,2011-2020,Spatio-temporal analysis of oak decline process in open woodlands: A case study in SW Spain,10.1016/j.jenvman.2019.109308,https://www.scopus.com/pages/publications/85071744687?origin=resultslist,Elsevier,10.1016,2,2,1,ESP,Global North,1,0,1,2,1,0,1,0,0,1,2055,Ripley's K / second-order PPA,CLASSICAL,Public health & epidemiology|Urban studies & planning|Energy & infrastructure,,,,,,Accuracy metrics reported,,,ESP|GBR,Global North,ESP,,country_name,
R03469,2019,P2,2011-2020,A quad-tree-based fast and adaptive Kernel Density Estimation algorithm for heat-map generation,10.1080/13658816.2018.1555831,https://www.scopus.com/pages/publications/85060176439?origin=resultslist,Taylor & Francis,10.1080,4,1,0,,,,,1,1,1,0,0,0,0,0,1458,Kernel density estimation,CLASSICAL,Ecology & biodiversity,,,,,,,,,CHN,Global South,,,,School of Remote Sensing and Information Engineering|Collaborative Innovation Center of Geospatial Technology
R03483,2019,P2,2011-2020,Spatial conservation prioritization for the East Asian islands: A balanced representation of multitaxon biogeography in a protected area network,10.1111/ddi.12869,https://www.scopus.com/pages/publications/85058298177?origin=resultslist,Wiley,10.1111,7,3,1,JPN,Global North,1,0,0,0,0,0,0,0,0,1,2114,,,Ecology & biodiversity,,,,Multi-decadal / historical,,,,,NLD|JPN|FIN,Global North,JPN,Global / worldwide,country_name|demonym,Center for Strategic Research Project|Interdisciplinary Graduate School of Science and Technology|Tropical Biosphere Research Center|Academy of Finland
R03488,2019,P2,2011-2020,NS-DBSCAN: A density-based clustering algorithm in network space,10.3390/ijgi8050218,https://www.scopus.com/pages/publications/85066326425?origin=resultslist,MDPI,10.3390,4,1,0,CHN,Global South,1,0,2,4,2,0,1,1,0,1,1772,Spatial clustering algorithms|Deterministic interpolation,GEOSTATISTICAL|INFERENTIAL,Urban studies & planning|Energy & infrastructure,POI & commercial geodatabases,,,,,Accuracy metrics reported,,,CHN,Global South,CHN,,city_region|disambiguated,School of Resource and Environmental Science|Ministry of Education
R03489,2019,P2,2011-2020,Analysis of spatial characteristics of digital signage in Beijing with multi-source data,10.3390/ijgi8050207,https://www.scopus.com/pages/publications/85066427185?origin=resultslist,MDPI,10.3390,3,1,0,CHN,Global South,1,0,0,1,0,0,0,1,0,1,1864,,,Transportation & mobility|Urban studies & planning|Retail & economic geography|Social media & digital society,Social-media & geosocial data,,City / metropolitan,,,,,,CHN,Global South,CHN,,city_region,School of Computer and Information Engineering|Chinese Academy of Sciences|National Engineering and Technology Center for Information Agriculture
R03493,2019,P2,2011-2020,Estimating and mapping pasture soil fertility in a portuguese montado based on a objective model and geostatistical techniques,10.1016/j.compag.2019.01.033,https://www.scopus.com/pages/publications/85060330634?origin=resultslist,Elsevier,10.1016,3,2,1,PRT,Global North,1,0,1,2,1,0,0,1,0,1,1909,Kriging and variogram geostatistics,GEOSTATISTICAL,Ecology & biodiversity|Disaster risk & hazards|Agriculture & food systems,Field survey & in-situ sampling,,,,,,,,ESP|PRT,Global North,PRT,,demonym,
R03497,2020,P2,2011-2020,Bayesian spatial modelling of childhood cancer incidence in Switzerland using exact point data: A nationwide study during 1985-2015,10.1186/s12942-020-00211-7,https://www.scopus.com/pages/publications/85083393720?origin=resultslist,BMC / Springer Nature,10.1186,5,3,1,CHE,Global North,1,0,2,2,2,0,0,0,0,1,1898,Point process models (Poisson/Cox/Hawkes)|Bayesian hierarchical spatial models,INFERENTIAL,Public health & epidemiology|Transportation & mobility|Urban studies & planning|Environmental monitoring & pollution|Agriculture & food systems,,,National,,,,,,CHE|GBR|DEU,Global North,CHE,,country_name|demonym,School of Public Health|Bern University Hospital|University Children's Hospital Basel
R03501,2018,P2,2011-2020,Study of the spatiotemporal variation characteristics of forest landscape patterns in Shanghai from 2004 to 2014 based on multisource remote sensing data,10.3390/su10124397,https://www.scopus.com/pages/publications/85057291317?origin=resultslist,MDPI,10.3390,5,1,0,CHN,Global South,1,0,0,2,0,1,0,1,0,1,3589,,,"Urban studies & planning|Ecology & biodiversity|Geodesy, remote sensing & earth observation",Remote sensing & earth observation,,,,MAUP / scale effects,,,,CHN,Global South,CHN,,city_region,Jiangsu Center for Collaborative Innovation in Geographical Information Resource Development and Application|Ministry of Education|School of Geographic Science|College of Geomatics Science and Technology
R03511,2017,P2,2011-2020,Street as a big geo-data assembly and analysis unit in urban studies: A case study using Beijing taxi data,10.1016/j.apgeog.2017.07.001,https://www.scopus.com/pages/publications/85024929824?origin=resultslist,Elsevier,10.1016,3,2,1,CHN,Global South,1,0,0,2,0,1,0,1,0,1,1221,,,Transportation & mobility|Urban studies & planning,Mobile phone & GPS trajectory data,,,,MAUP / scale effects,,,,CHN|USA,Global North|Global South,CHN,,city_region,
R03514,2017,P2,2011-2020,Exploring determinants of housing prices in Beijing: An enhanced hedonic regression with open access POI data,10.3390/ijgi6110358,https://www.scopus.com/pages/publications/85044507336?origin=resultslist,MDPI,10.3390,3,2,1,CHN,Global South,1,0,1,2,1,0,0,1,0,1,1942,Spatial autocorrelation statistics,INFERENTIAL,Transportation & mobility|Urban studies & planning|Retail & economic geography,POI & commercial geodatabases,,,Annual to decadal,,,,,CHN|USA,Global North|Global South,CHN,,city_region|demonym|disambiguated,
R03515,2017,P2,2011-2020,A novel geographical information system-based Ant Miner algorithm model for delineating groundwater flowing artesian well boundary: a case study from Iraqi southern and western deserts,10.1007/s12665-017-6876-2,https://www.scopus.com/pages/publications/85026864157?origin=resultslist,Springer Nature (Springer),10.1007,1,1,0,IRQ,Global South,1,0,2,2,2,0,0,0,0,1,1163,Nearest-neighbour analysis|Classical machine learning,CLASSICAL|LEARNING,Environmental monitoring & pollution|Ecology & biodiversity|Energy & infrastructure,,,,,,,,,IRQ,Global South,IRQ,,demonym,College of Science
R03518,2017,P2,2011-2020,"An integrated spatial clustering analysis method for identifying urban fire risk locations in a network-constrained environment: A case study in nanjing, China",10.3390/ijgi6110370,https://www.scopus.com/pages/publications/85044580855?origin=resultslist,MDPI,10.3390,2,1,0,CHN,Global South,1,0,2,2,2,0,0,0,0,1,1432,Kernel density estimation|Network-constrained point analysis,CLASSICAL|NETWORK,Transportation & mobility|Urban studies & planning,,,City / metropolitan,,,,,,CHN,Global South,CHN,,city_region|disambiguated,School of Earth Sciences and Engineering
R03521,2017,P2,2011-2020,"Spatial, temporal and latitudinal components of historical fire regimes in mixed conifer forests, California",10.1111/jbi.12914,https://www.scopus.com/pages/publications/85006952359?origin=resultslist,Wiley,10.1111,1,1,0,USA,Global North,1,0,1,1,1,0,0,0,0,1,2105,Deterministic interpolation,GEOSTATISTICAL,Disaster risk & hazards,,,,,,,,,USA,Global North,USA,,city_region|demonym,
R03523,2018,P2,2011-2020,Using geo-tagged Instagram posts to reveal landscape values around current and proposed hydroelectric dams and their reservoirs,10.1016/j.landurbplan.2017.07.004,https://www.scopus.com/pages/publications/85027562442?origin=resultslist,Elsevier,10.1016,2,1,0,,,,,1,2,1,0,0,1,0,0,1528,Kernel density estimation,CLASSICAL,Urban studies & planning|Social media & digital society|Energy & infrastructure,Social-media & geosocial data,,,,,,,,CAN,Global North,,,,School for Resource and Environmental Studies
R03528,2017,P2,2011-2020,3-D uncertainty-based topographic change detection with structure-from-motion photogrammetry: precision maps for ground control and directly georeferenced surveys,10.1002/esp.4125,https://www.scopus.com/pages/publications/85015345065?origin=resultslist,Wiley,10.1002,3,1,0,,,,,0,2,0,0,0,2,0,0,2141,,,"Retail & economic geography|Geodesy, remote sensing & earth observation",Remote sensing & earth observation|LiDAR & 3D point clouds,,,Annual to decadal|Multi-decadal / historical,,,,,GBR,Global North,,,,Lancaster Environment Centre|University College London|School of Geography
R03532,2018,P2,2011-2020,A necessary distinction between spatial representativeness of an air quality monitoring station and the delimitation of exceedance areas,10.1007/s10661-018-6788-y,https://www.scopus.com/pages/publications/85049155880?origin=resultslist,Springer Nature (Springer),10.1007,2,1,0,FRA,Global North,1,0,1,1,1,0,0,0,0,1,1765,Kriging and variogram geostatistics,GEOSTATISTICAL,Transportation & mobility|Urban studies & planning|Environmental monitoring & pollution,,,Neighbourhood / local|City / metropolitan,Annual to decadal,,,,,FRA,Global North,FRA,,country_name|demonym,Centre de Géosciences|Institut National de l’Environnement Industriel et des Risques (INERIS) Direction des risques chroniques
R03536,2017,P2,2011-2020,HYPPS: A hybrid geostatistical modeling algorithm for subsurface modeling,10.1002/2017WR021078,https://www.scopus.com/pages/publications/85027513044?origin=resultslist,Wiley,10.1002,1,1,0,,,,,1,1,1,0,0,0,0,0,1085,Kriging and variogram geostatistics,GEOSTATISTICAL,,,,,,,,,,USA,Global North,,,,
R03554,2018,P2,2011-2020,HiSpatialCluster: A novel high-performance software tool for clustering massive spatial points,10.1111/tgis.12463,https://www.scopus.com/pages/publications/85052638803?origin=resultslist,Wiley,10.1111,3,1,0,CHN,Global South,1,0,2,5,2,0,0,2,1,1,1643,Spatial clustering algorithms|Distributed / high-performance geocomputation,INFERENTIAL|REALTIME,Transportation & mobility|Social media & digital society,Social-media & geosocial data|Mobile phone & GPS trajectory data,,,,,,Code or software shared,,CHN,Global South,CHN,,city_region|disambiguated,Chinese Academy of Sciences
R03555,2018,P2,2011-2020,"Quantifying the spatiotemporal dynamics of industrial land uses through mining free access social datasets in the mega Hangzhou Bay region, China",10.3390/su10103463,https://www.scopus.com/pages/publications/85054067027?origin=resultslist,MDPI,10.3390,3,1,0,CHN,Global South,1,0,0,0,0,0,0,0,0,1,1755,,,Urban studies & planning|Energy & infrastructure,,,,,,,,,CHN,Global South,CHN,,city_region|disambiguated,College of Environmental and Resource Sciences|School of Information Engineering|Beijing Research Center for Agri-Food Testing and Farmland Monitoring
R03564,2017,P2,2011-2020,Using a novel model approach to assess the distribution and conservation status of the endangered Baird's tapir,10.1111/ddi.12631,https://www.scopus.com/pages/publications/85033235729?origin=resultslist,Wiley,10.1111,29,8,1,COL,Global South,1,0,3,2,2,0,0,0,0,1,2019,Getis-Ord hotspot statistics|Point process models (Poisson/Cox/Hawkes)|Classical machine learning,INFERENTIAL|LEARNING,Ecology & biodiversity,,,,,,,,,USA|MEX|CAN|PAN|COL|ECU|CRI|HND,Global North|Global South,COL,,country_name,Fort Lewis College|College Station
R03592,2018,P2,2011-2020,Spatial functional data analysis for regionalizing precipitation seasonality and intensity in a sparsely monitored region: Unveiling the spatio-temporal dependencies of precipitation in Ecuador,10.1002/joc.5504,https://www.scopus.com/pages/publications/85045195948?origin=resultslist,Wiley,10.1002,4,2,1,ECU,Global South,1,0,1,1,1,0,0,0,0,1,2209,Spatial autocorrelation statistics,INFERENTIAL,"Geodesy, remote sensing & earth observation",,,,,,,,,ECU|COL,Global South,ECU,,country_name,
R03603,2018,P2,2011-2020,Mining significant crisp-fuzzy spatial association rules,10.1080/13658816.2018.1434525,https://www.scopus.com/pages/publications/85041804621?origin=resultslist,Taylor & Francis,10.1080,2,2,1,USA,Global North,0,0,0,2,0,0,0,2,0,1,1797,,,Urban studies & planning|Energy & infrastructure,POI & commercial geodatabases|Simulated / synthetic data,,,,,,,,HKG|AUS,Global North,USA,,city_region,The Hong Kong Polytechnic University
R03653,2019,P2,2011-2020,Investigating the relationship between air pollution variation and urban form,10.1016/j.buildenv.2018.06.038,https://www.scopus.com/pages/publications/85054431813?origin=resultslist,Elsevier,10.1016,5,2,1,CHN,Global South,1,0,1,2,1,0,0,1,0,1,1609,Nearest-neighbour analysis,CLASSICAL,Transportation & mobility|Urban studies & planning|Environmental monitoring & pollution,POI & commercial geodatabases,,Continental / global,Sub-daily / real-time,,,,,CHN|USA,Global North|Global South,CHN,Global / worldwide,city_region|disambiguated,Center for Intelligent Transportation Systems and Unmanned Aerial Systems Applications|School of Intelligent Systems Engineering|International Center for Adaptation Planning and Design (iAdapt)|Shanghai Environmental Monitoring Center
R03655,2018,P2,2011-2020,Soil moisture estimation using tomographic ground penetrating radar in a MCMC–Bayesian framework,10.1007/s00477-018-1571-8,https://www.scopus.com/pages/publications/85048805419?origin=resultslist,Springer Nature (Springer),10.1007,4,1,0,,,,,2,2,2,0,0,0,0,0,1922,Bayesian hierarchical spatial models|Kriging and variogram geostatistics,GEOSTATISTICAL|INFERENTIAL,,,,,,,,,,USA,Global North,,,,
R03665,2017,P2,2011-2020,Measuring spatial inhomogeneity at different spatial scales using hybrids of Gibbs point process models,10.1007/s00477-016-1264-0,https://www.scopus.com/pages/publications/84969247012?origin=resultslist,Springer Nature (Springer),10.1007,2,1,0,ESP,Global North,1,0,2,2,2,0,0,0,0,1,1043,Space-time scan statistics|Point process models (Poisson/Cox/Hawkes),INFERENTIAL,Public health & epidemiology,,SaTScan,,,,,,,ESP,Global North,ESP,,city_region|country_name,
R03677,2018,P2,2011-2020,Generating urban road intersection models from low-frequency GPS trajectory data,10.1080/13658816.2018.1510124,https://www.scopus.com/pages/publications/85053045666?origin=resultslist,Taylor & Francis,10.1080,3,1,0,,,,,1,2,1,0,0,1,0,0,1296,Getis-Ord hotspot statistics,INFERENTIAL,Transportation & mobility|Urban studies & planning,Mobile phone & GPS trajectory data,,,Sub-daily / real-time,,,,,CHN,Global South,,,,
R03678,2019,P2,2011-2020,Urban spatial structure and travel patterns: Analysis of workday and holiday travel using inhomogeneous Poisson point process models,10.1016/j.compenvurbsys.2018.08.005,https://www.scopus.com/pages/publications/85054369451?origin=resultslist,Elsevier,10.1016,3,2,1,CHN,Global South,1,0,1,2,1,0,0,1,0,1,1480,Point process models (Poisson/Cox/Hawkes),INFERENTIAL,Transportation & mobility|Urban studies & planning,POI & commercial geodatabases,,,,,,,,CHN|USA,Global North|Global South,CHN,,city_region,School of Transportation Science and Engineering|School of Traffic and Transportation Engineering
R03683,2017,P2,2011-2020,Radiofrequency electromagnetic fields and some cancers of unknown etiology: An ecological study,10.1016/j.scitotenv.2017.05.018,https://www.scopus.com/pages/publications/85019020715?origin=resultslist,Elsevier,10.1016,2,1,0,ESP,Global North,1,0,0,0,0,0,0,0,0,1,1676,,,Public health & epidemiology|Urban studies & planning|Ecology & biodiversity,,,City / metropolitan,,,,,,ESP,Global North,ESP,,country_name,
R03688,2017,P2,2011-2020,Local composite likelihood for spatial point processes,10.1016/j.spasta.2017.03.001,https://www.scopus.com/pages/publications/85015934486?origin=resultslist,Elsevier,10.1016,2,1,0,,,,,3,3,2,1,0,0,0,1,1257,Spatial autocorrelation statistics|Space-time scan statistics|Spatial regression / GWR,INFERENTIAL,,,,,,Sensitivity analysis,,,,AUS,Global North,,Global / worldwide,,CSIRO
R03690,2018,P2,2011-2020,A combined emission and receptor-based approach to modelling environmental noise in urban environments,10.1016/j.envpol.2018.08.016,https://www.scopus.com/pages/publications/85053146336?origin=resultslist,Elsevier,10.1016,4,1,0,CAN,Global North,1,0,0,0,0,0,0,0,0,1,1952,,,Transportation & mobility|Urban studies & planning|Environmental monitoring & pollution,,,,,,,,,CAN,Global North,CAN,,city_region,School of Population and Public Health
R03693,2018,P2,2011-2020,A new method for modelling biological invasions from early spread data accounting for anthropogenic dispersal,10.1371/journal.pone.0205591,https://www.scopus.com/pages/publications/85057288902?origin=resultslist,PLOS,10.1371,2,2,1,NZL,Global North,1,0,1,3,1,0,0,1,1,1,1540,Ripley's K / second-order PPA,CLASSICAL,Public health & epidemiology|Ecology & biodiversity,Simulated / synthetic data,R (base/tidyverse),Continental / global,Annual to decadal,,,Code or software shared,Surveillance / algorithmic bias,NZL|ITA,Global North,NZL,Global / worldwide,country_name|demonym,North Shore Mail Centre
R03695,2018,P2,2011-2020,A multidimensional spatial scan statistics approach to movement pattern comparison,10.1080/13658816.2018.1426859,https://www.scopus.com/pages/publications/85041375607?origin=resultslist,Taylor & Francis,10.1080,7,2,1,,,,,1,1,1,0,0,0,0,0,1481,Space-time scan statistics,INFERENTIAL,Transportation & mobility,,,,,,,,,USA|KOR,Global North,,,,CyberGIS Center for Advanced Digital and Spatial Studies|School of Information Sciences
R03696,2018,P2,2011-2020,Identifying activity-travel points from GPS-data with multiple moving windows,10.1016/j.compenvurbsys.2018.02.004,https://www.scopus.com/pages/publications/85042404181?origin=resultslist,Elsevier,10.1016,2,2,1,,,,,1,3,1,0,1,1,0,0,1318,Classical machine learning,LEARNING,Transportation & mobility|Environmental monitoring & pollution|Ecology & biodiversity,Mobile phone & GPS trajectory data,,,Annual to decadal,,Independent / ground-truth validation,,,ZAF|GBR,Global North|Global South,,,,University College London
R03698,2017,P2,2011-2020,A three-dimensional anisotropic point process characterization for pharmaceutical coatings,10.1016/j.spasta.2017.05.003,https://www.scopus.com/pages/publications/85020878420?origin=resultslist,Elsevier,10.1016,6,3,1,,,,,1,2,1,0,0,1,0,0,1426,Ripley's K / second-order PPA,CLASSICAL,,LiDAR & 3D point clouds,,,,,,,,SWE|GBR|DEU,Global North,,,,University College London|VINN Excellence Center
R03704,2017,P2,2011-2020,Improved characterization of heterogeneous permeability in saline aquifers from transient pressure data during freshwater injection,10.1002/2016WR020089,https://www.scopus.com/pages/publications/85020552419?origin=resultslist,Wiley,10.1002,4,2,1,,,,,1,1,1,0,0,0,0,0,1507,Kriging and variogram geostatistics,GEOSTATISTICAL,Environmental monitoring & pollution,,,,,,,,,KOR|USA,Global North,,,,
R03709,2017,P2,2011-2020,Revealing intra-urban travel patterns and service ranges from taxi trajectories,10.1016/j.jtrangeo.2017.04.009,https://www.scopus.com/pages/publications/85018412587?origin=resultslist,Elsevier,10.1016,4,2,1,CHN,Global South,1,0,2,4,2,0,0,2,0,1,1806,Kernel density estimation|Getis-Ord hotspot statistics,CLASSICAL|INFERENTIAL,Transportation & mobility|Urban studies & planning,Mobile phone & GPS trajectory data|POI & commercial geodatabases,,,Daily to monthly,,,,,CHN|USA,Global North|Global South,CHN,,city_region|disambiguated,School of Transportation Science and Engineering|School of Traffic and Transportation Engineering|School of Energy and Transportation Engineering
R03713,2017,P2,2011-2020,"Temporal and spatial changes of rainfall and streamflow in the Upper Tekezē-Atbara river basin, Ethiopia",10.5194/hess-21-2127-2017,https://www.scopus.com/pages/publications/85018507971?origin=resultslist,Copernicus (EGU),10.5194,5,3,1,ETH,Global South,1,0,0,0,0,0,0,0,0,1,2174,,,Agriculture & food systems,,,Regional / sub-national,Daily to monthly|Annual to decadal,,,,,NLD|ETH|SDN,Global North|Global South,ETH,,country_name,Hydraulic Research Center
R03720,2018,P2,2011-2020,"Geostatistical estimation of forest biomass in interior Alaska combining Landsat-derived tree cover, sampled airborne lidar and field observations",10.1016/j.rse.2018.04.044,https://www.scopus.com/pages/publications/85046686947?origin=resultslist,Elsevier,10.1016,7,2,1,USA,Global North,1,0,1,3,1,0,0,2,0,1,2213,Kriging and variogram geostatistics,GEOSTATISTICAL,"Ecology & biodiversity|Geodesy, remote sensing & earth observation",Remote sensing & earth observation|LiDAR & 3D point clouds,,,,,,,,USA|NOR,Global North,USA,Global / worldwide,city_region,School of Environmental and Forest Sciences|NASA/Goddard Space Flight Center|Yale School of Forestry and Environmental Studies
R03725,2019,P2,2011-2020,Field measurement study on the impacts of urban spatial indicators on urban climate in a Chinese basin and static-wind city,10.1016/j.buildenv.2018.10.042,https://www.scopus.com/pages/publications/85055660795?origin=resultslist,Elsevier,10.1016,2,1,0,CHN,Global South,1,0,0,1,0,0,0,1,0,1,1563,,,Urban studies & planning,Field survey & in-situ sampling,,Regional / sub-national,,,,,,CHN,Global South,CHN,Global / worldwide,city_region|demonym|disambiguated,School of Human Settlements and Civil Engineering
R03735,2018,P2,2011-2020,"Optimizing community screening for tuberculosis: Spatial analysis of localized case finding from door-to-door screening for TB in an urban district of Ho Chi Minh City, Viet Nam",10.1371/journal.pone.0209290,https://www.scopus.com/pages/publications/85058797653?origin=resultslist,PLOS,10.1371,6,2,1,VNM,Global South,1,0,0,0,0,0,0,0,0,1,1725,,,Public health & epidemiology|Urban studies & planning|Agriculture & food systems,,,Regional / sub-national|Continental / global,,,,,,VNM|CHE,Global North|Global South,VNM,,city_region|country_name,Go Vap District Preventive Health Center|Center for Applied Geographic Information Systems (HCMGIS)|Pham Ngoc Thach Hospital
R03737,2017,P2,2011-2020,A geospatial analysis of land use and stormwater management on fecal coliform contamination in North Carolina streams,10.1016/j.scitotenv.2017.02.093,https://www.scopus.com/pages/publications/85016167894?origin=resultslist,Elsevier,10.1016,2,1,0,USA,Global North,1,0,1,2,1,1,0,0,0,1,1671,Spatial regression / GWR,INFERENTIAL,Urban studies & planning|Environmental monitoring & pollution,,,Regional / sub-national,,MAUP / scale effects,,,,USA,Global North,USA,,city_region|country_name,
R03746,2018,P2,2011-2020,"Mapping recreation as an ecosystem service: Considering scale, interregional differences and the influence of physical attributes",10.1016/j.landurbplan.2018.03.011,https://www.scopus.com/pages/publications/85044942213?origin=resultslist,Elsevier,10.1016,4,2,1,NLD,Global North,1,0,0,0,0,0,0,0,0,1,1419,,,Tourism & recreation,,,Regional / sub-national|National,,,,,,NLD|CHE,Global North,NLD,,country_name,Netherlands Environmental Assessment Agency
R03766,2017,P2,2011-2020,"A mixed application of Geographically Weighted Regression and unsupervised classification for analyzing latex yield variability in yunnan, China",10.3390/f8050162,https://www.scopus.com/pages/publications/85019544003?origin=resultslist,MDPI,10.3390,5,2,1,CHN,Global South,1,0,1,1,1,0,0,0,0,1,1371,Spatial regression / GWR,INFERENTIAL,Urban studies & planning|Ecology & biodiversity|Agriculture & food systems|Energy & infrastructure,,,Regional / sub-national,,,,,,USA|CHN,Global North|Global South,CHN,,city_region|disambiguated,Chinese Academy of Sciences and World Agroforestry Centre (ICRAF) East and Central Asia|School of Natural Resources and Environment
R03767,2019,P2,2011-2020,Nonparametric Significance Test for Discovery of Network-Constrained Spatial Co-Location Patterns,10.1111/gean.12155,https://www.scopus.com/pages/publications/85058093376?origin=resultslist,Wiley,10.1111,2,1,0,,,,,1,2,1,1,0,0,0,0,1558,Network-constrained point analysis,NETWORK,Public health & epidemiology,,,,,Statistical uncertainty reported,,,,CHN,Global South,,,,Ministry of Education
R03776,2017,P2,2011-2020,Incorporating temporal and spatial variations of groundwater into the construction of awater-based ecological network: A case study in Denko County,10.3390/w9110864,https://www.scopus.com/pages/publications/85033591497?origin=resultslist,MDPI,10.3390,3,2,1,,,,,0,0,0,0,0,0,0,0,1760,,,Environmental monitoring & pollution|Ecology & biodiversity,,,,,,,,,CHN|USA,Global North|Global South,,,,College of Forestry|School of Soil and Water Conservation
R03778,2018,P2,2011-2020,Analysis of urban environmental problems based on big data from the urban municipal supervision and management information system,10.1016/j.ecolind.2016.09.020,https://www.scopus.com/pages/publications/85048737130?origin=resultslist,Elsevier,10.1016,3,2,1,CHN,Global South,1,0,0,1,0,0,0,1,0,1,1955,,,Urban studies & planning,POI & commercial geodatabases,,City / metropolitan|Continental / global,,,,,,CHN|HKG,Global North|Global South,CHN,Global / worldwide,city_region|disambiguated,Research Center for Eco-Environmental Sciences|University of Chinese Academy of Sciences
R03803,2018,P2,2011-2020,A homogeneity test for comparing gridded-spatial-point patterns of human caused fires,10.3390/f9080454,https://www.scopus.com/pages/publications/85054935633?origin=resultslist,MDPI,10.3390,2,1,0,,,,,0,0,0,0,0,0,0,0,1329,,,,,,,,,,,,ESP,Global North,,,,
R03806,2017,P2,2011-2020,Implications and alternatives of assigning climate data to geographical centroids,10.1111/jbi.13029,https://www.scopus.com/pages/publications/85019682384?origin=resultslist,Wiley,10.1111,1,1,0,USA,Global North,1,0,0,1,0,0,0,0,1,1,2126,,,Ecology & biodiversity,,,Regional / sub-national,Annual to decadal,,,Data availability stated,,USA,Global North,USA,,country_name,
R03808,2018,P2,2011-2020,A graph-based approach for detecting spatial cross-outliers from two types of spatial point events,10.1016/j.compenvurbsys.2018.05.011,https://www.scopus.com/pages/publications/85047847372?origin=resultslist,Elsevier,10.1016,3,1,0,,,,,2,2,2,0,0,0,0,0,1696,Ripley's K / second-order PPA|Deterministic interpolation,CLASSICAL|GEOSTATISTICAL,Crime & security|Urban studies & planning,,,,,,,,,CHN,Global South,,,,Collaborative Innovation Center of Geospatial Technology
R03810,2018,P2,2011-2020,Estimation of PM2.5 concentrations at a high spatiotemporal resolution using constrained mixed-effect bagging models with MAIAC aerosol optical depth,10.1016/j.rse.2018.09.001,https://www.scopus.com/pages/publications/85053026407?origin=resultslist,Elsevier,10.1016,5,2,1,CHN,Global South,1,0,1,3,1,0,2,0,0,1,2402,Spatial autocorrelation statistics,INFERENTIAL,Public health & epidemiology|Environmental monitoring & pollution,,,Regional / sub-national,Daily to monthly,,Accuracy metrics reported|Monte Carlo / simulation envelope,,,CHN|USA,Global North|Global South,CHN,,city_region|disambiguated,Chinese Academy of Sciences|Rollins School of Public Health|Susan and Henry Samueli College of Health Sciences
R03824,2019,P2,2011-2020,Weighted dynamic time warping for grid-based travel-demand-pattern clustering: Case study of Beijing bicycle-sharing system,10.3390/ijgi8060281,https://www.scopus.com/pages/publications/85068597726?origin=resultslist,MDPI,10.3390,3,1,0,CHN,Global South,1,0,1,1,1,0,0,0,0,1,1329,Spatial clustering algorithms,INFERENTIAL,Transportation & mobility|Urban studies & planning|Energy & infrastructure,,,,,,,,,CHN,Global South,CHN,,city_region,
R03837,2018,P2,2011-2020,Border analysis for spatial clusters,10.1186/s12942-018-0124-1,https://www.scopus.com/pages/publications/85042153909?origin=resultslist,BMC / Springer Nature,10.1186,5,2,1,BRA,Global South,1,0,1,1,1,0,0,0,0,1,1984,Space-time scan statistics,INFERENTIAL,Public health & epidemiology,,SaTScan,,,,,,,BRA|USA,Global North|Global South,BRA,,city_region|country_name,Harvard Medical School
R03862,2018,P2,2011-2020,Generalizing soil properties in geographic space: Approaches used and ways forward,10.1371/journal.pone.0208823,https://www.scopus.com/pages/publications/85058908427?origin=resultslist,PLOS,10.1371,2,1,0,,,,,1,2,1,0,0,1,0,0,1838,Kriging and variogram geostatistics,GEOSTATISTICAL,Ecology & biodiversity,Field survey & in-situ sampling,,,,,,,,CHE,Global North,,,,
R03872,2017,P2,2011-2020,Cokriging for enhanced spatial interpolation of rainfall in two Australian catchments,10.1002/hyp.11163,https://www.scopus.com/pages/publications/85018839200?origin=resultslist,Wiley,10.1002,3,2,1,AUS,Global North,1,0,2,3,2,0,1,0,0,1,1812,Kriging and variogram geostatistics|Deterministic interpolation,GEOSTATISTICAL,Urban studies & planning,,,Regional / sub-national,Daily to monthly,,Cross-validation / holdout,,,AUS|ARE,Global North|Global South,AUS,,city_region|country_name|demonym,College of Engineering and Science|College of Engineering
R03889,2019,P2,2011-2020,Understanding road performance using online traffic condition data,10.1016/j.jtrangeo.2018.12.004,https://www.scopus.com/pages/publications/85059696018?origin=resultslist,Elsevier,10.1016,6,2,1,CHN,Global South,1,0,0,1,0,0,0,1,0,1,1305,,,Transportation & mobility|Urban studies & planning,POI & commercial geodatabases,MATLAB,Regional / sub-national,Sub-daily / real-time|Daily to monthly,,,,,CHN|USA,Global North|Global South,CHN,,city_region|disambiguated,Collaborative Innovation Center for the South Sea Studies|Collaborative Innovation Center of Novel Software Technology and Industrialization|Ministry of Education
R03895,2018,P2,2011-2020,An automated approach for wood-leaf separation from terrestrial LIDAR point clouds using the density based clustering algorithm DBSCAN,10.1016/j.agrformet.2018.04.008,https://www.scopus.com/pages/publications/85047270743?origin=resultslist,Elsevier,10.1016,3,2,1,,,,,1,3,1,0,1,1,0,0,1657,Spatial clustering algorithms,INFERENTIAL,"Ecology & biodiversity|Geodesy, remote sensing & earth observation",LiDAR & 3D point clouds,,,,,Accuracy metrics reported,,,ITA|THA,Global North|Global South,,,,School of Engineering and Technology
R03897,2018,P2,2011-2020,Estimation of heavy-metal concentrations in winter wheat leaves from typical sewage irrigation area based on canopy reflectance spectra,10.1117/1.JRS.12.036019,https://www.scopus.com/pages/publications/85054062793?origin=resultslist,Other / unmapped registrant,10.1117,2,1,0,CHN,Global South,1,0,1,1,1,0,0,0,0,1,1221,Deep learning,LEARNING,Urban studies & planning|Environmental monitoring & pollution|Ecology & biodiversity|Agriculture & food systems,,,,,,,,,CHN,Global South,CHN,,disambiguated,College of Geography and Environment|Land and Resources Information Center of Shandong Province
R03898,2018,P2,2011-2020,Mapping the spatial distribution of chloride deposition across Australia,10.1016/j.jhydrol.2018.03.051,https://www.scopus.com/pages/publications/85044772265?origin=resultslist,Elsevier,10.1016,1,1,0,AUS,Global North,1,0,0,0,0,0,0,0,0,1,2206,,,Environmental monitoring & pollution,,,Regional / sub-national|Continental / global,Annual to decadal,,,,,AUS,Global North,AUS,,country_name|demonym,CSIRO Land and Water
R03901,2018,P2,2011-2020,Generating lane-based intersection maps from crowdsourcing big trace data,10.1016/j.trc.2018.02.007,https://www.scopus.com/pages/publications/85044627970?origin=resultslist,Elsevier,10.1016,3,1,0,,,,,0,2,0,0,0,2,0,0,1731,,,"Transportation & mobility|Social media & digital society|Geodesy, remote sensing & earth observation",LiDAR & 3D point clouds|Volunteered geographic information|Mobile phone & GPS trajectory data,,,,,,,,CHN,Global South,,,,School of Urban Design (Wuhan University)|College of Civil Engineering (Shenzhen University)
R03906,2019,P2,2011-2020,On the advantage of stochastic methods in the modeling of ionospheric total electron content: Southeast Asia case study,10.1088/1361-6501/ab0268,https://www.scopus.com/pages/publications/85063962271?origin=resultslist,IOP Publishing,10.1088,2,2,1,,,,,1,4,1,0,2,1,0,1,2706,Kriging and variogram geostatistics,GEOSTATISTICAL,"Geodesy, remote sensing & earth observation",Mobile phone & GPS trajectory data,,,,,Cross-validation / holdout|Independent / ground-truth validation,,,POL|CHN,Global North|Global South,,Asia (multi-country)|Global / worldwide,,School of Geodesy and Geomatics
R03909,2017,P2,2011-2020,The importance of topographically corrected null models for analyzing ecological point processes,10.1002/ecy.1877,https://www.scopus.com/pages/publications/85020710523?origin=resultslist,Wiley,10.1002,1,1,0,,,,,3,2,2,0,0,0,0,0,1413,Ripley's K / second-order PPA|Point process models (Poisson/Cox/Hawkes)|Classical machine learning,CLASSICAL|INFERENTIAL|LEARNING,Ecology & biodiversity,,,,,,,,,USA,Global North,,,,
R03914,2018,P2,2011-2020,Online monitoring of local taxi travel momentum and congestion effects using projections of taxi GPS-based vector fields,10.1007/s10109-018-0273-6,https://www.scopus.com/pages/publications/85049580359?origin=resultslist,Springer Nature (Springer),10.1007,3,3,1,CHN,Global South,0,1,1,3,1,0,0,2,0,1,1788,Kernel density estimation,CLASSICAL,Transportation & mobility|Urban studies & planning,Mobile phone & GPS trajectory data|POI & commercial geodatabases,,,Daily to monthly,,,,,HKG|USA|CAN,Global North,CHN,,city_region,The Hong Kong Polytechnic University
R03916,2017,P2,2011-2020,Spatial analysis of groundwater levels using Fuzzy Logic and geostatistical tools,10.1016/j.jhydrol.2017.10.027,https://www.scopus.com/pages/publications/85032000415?origin=resultslist,Elsevier,10.1016,1,1,0,AUS,Global North,0,0,1,1,1,0,0,0,0,1,1921,Kriging and variogram geostatistics,GEOSTATISTICAL,Environmental monitoring & pollution,,,Neighbourhood / local,,,,,,GRC,Global North,AUS,,city_region,School of Environmental Engineering
R03928,2018,P2,2011-2020,"Hotspots and main drivers of fecal pollution in Neusiedler See, a large shallow lake in Central Europe",10.1007/s11356-018-2783-7,https://www.scopus.com/pages/publications/85051843478?origin=resultslist,Springer Nature (Springer),10.1007,8,2,1,,,,,1,2,1,0,0,1,0,1,2070,Kriging and variogram geostatistics,GEOSTATISTICAL,Public health & epidemiology|Environmental monitoring & pollution|Ecology & biodiversity|Agriculture & food systems,Sensor networks & IoT,,Regional / sub-national,,,,,,HUN|AUT,Global North,,Europe (multi-country),,Research Centre for Astronomy and Earth Sciences|Interuniversity Cooperation Centre Water & Health|Research Centre for Water and Health 057-08
R03935,2018,P2,2011-2020,"Landscape-scale distribution of tree roosts of the northern long-eared bat in Mammoth Cave National Park, USA",10.1007/s10980-018-0659-3,https://www.scopus.com/pages/publications/85047952806?origin=resultslist,Springer Nature (Springer),10.1007,1,1,0,USA,Global North,1,0,0,0,0,0,0,0,0,1,1717,,,Ecology & biodiversity,,,,,,,,,USA,Global North,USA,,city_region,
R03936,2017,P2,2011-2020,Comparison of spatial interpolation schemes for rainfall data and application in hydrological modeling,10.3390/w9050342,https://www.scopus.com/pages/publications/85019964970?origin=resultslist,MDPI,10.3390,2,1,0,CHN,Global South,1,0,1,1,1,0,0,0,0,1,1512,Deterministic interpolation,GEOSTATISTICAL,,,,Regional / sub-national,Sub-daily / real-time|Daily to monthly|Annual to decadal,,,,,CHN,Global South,CHN,,disambiguated,College of Hydrology and Water Resources
R03937,2018,P2,2011-2020,Modelling local uncertainty in relations between birth weight and air quality within an urban area: combining geographically weighted regression with geostatistical simulation,10.1007/s11356-018-2614-x,https://www.scopus.com/pages/publications/85049212145?origin=resultslist,Springer Nature (Springer),10.1007,2,1,0,PRT,Global North,1,0,2,2,2,0,0,0,0,1,1427,Spatial regression / GWR|Kriging and variogram geostatistics,GEOSTATISTICAL|INFERENTIAL,Urban studies & planning|Environmental monitoring & pollution,,,City / metropolitan,,,,,,PRT,Global North,PRT,,country_name,
R03943,2017,P2,2011-2020,Point process models for spatio-temporal distance sampling data from a large-scale survey of blue whales,10.1214/17-AOAS1078,https://www.scopus.com/pages/publications/85042675293?origin=resultslist,Institute of Mathematical Statistics,10.1214,4,3,1,,,,,3,2,2,0,0,0,0,0,1596,Point process models (Poisson/Cox/Hawkes)|Bayesian hierarchical spatial models|Gaussian processes / NNGP,GEOSTATISTICAL|INFERENTIAL,Ecology & biodiversity,,INLA / R-INLA,,Annual to decadal,,,,,GBR|SAU|USA,Global North|Global South,,,,School of Mathematics and Statistics|School of Mathematics University of Edinburgh|Southwest Fisheries Science Center
R03944,2019,P2,2011-2020,Using the random forest algorithm to integrate hydroacoustic data with satellite images to improve the mapping of shallow nearshore benthic features in a marine protected area in Jamaica,10.1080/15481603.2019.1613803,https://www.scopus.com/pages/publications/85065400926?origin=resultslist,Taylor & Francis,10.1080,2,2,1,JAM,Global South,1,0,2,5,2,1,1,1,0,1,2736,Kriging and variogram geostatistics|Classical machine learning,GEOSTATISTICAL|LEARNING,"Ecology & biodiversity|Geodesy, remote sensing & earth observation",Remote sensing & earth observation,,,,Statistical uncertainty reported,Accuracy metrics reported,,,JAM|SWE,Global North|Global South,JAM,,country_name,Centre for Geographical Information Systems Lund University
R03946,2017,P2,2011-2020,A GPU-accelerated adaptive kernel density estimation approach for efficient point pattern analysis on spatial big data,10.1080/13658816.2017.1324975,https://www.scopus.com/pages/publications/85019580710?origin=resultslist,Taylor & Francis,10.1080,5,2,1,,,,,2,2,2,0,0,0,0,0,1978,Kernel density estimation|Distributed / high-performance geocomputation,CLASSICAL|REALTIME,,,,,,,,,,USA|CHN,Global North|Global South,,,,Ministry of Education|Chinese Academy of Sciences|Jiangsu Center for Collaborative Innovation in Geographical Information Resource Development and Application
R03947,2018,P2,2011-2020,Identifying the appropriate spatial resolution for the analysis of crime patterns,10.1371/journal.pone.0218324,https://www.scopus.com/pages/publications/85068892203?origin=resultslist,PLOS,10.1371,3,3,1,CAN,Global North,1,0,0,0,0,0,0,0,0,1,1476,,,Crime & security|Transportation & mobility|Urban studies & planning|Retail & economic geography,,,City / metropolitan,,,,,,GBR|NLD|CAN,Global North,CAN,,city_region|country_name,School of Geography|School of Criminology
R03959,2018,P2,2011-2020,Quantifying the scales of spatial variation in gravel beds using terrestrial and airborne laser scanning data,10.1515/geo-2018-0048,https://www.scopus.com/pages/publications/85056130651?origin=resultslist,De Gruyter,10.1515,5,2,1,,,,,1,2,1,0,0,1,0,0,1651,Kriging and variogram geostatistics,GEOSTATISTICAL,"Geodesy, remote sensing & earth observation",LiDAR & 3D point clouds,,,,,,,,TWN|GBR,Global North,,,,Geographic Information System Research Center|School of Natural and Built Environment
R03974,2017,P2,2011-2020,"Spatiotemporal estimation of snow depth using point data from snow stakes, digital terrain models, and satellite data",10.1002/hyp.11165,https://www.scopus.com/pages/publications/85018532595?origin=resultslist,Wiley,10.1002,2,1,0,ESP,Global North,1,0,1,3,1,0,1,1,0,1,1778,Kriging and variogram geostatistics,GEOSTATISTICAL,"Geodesy, remote sensing & earth observation",Remote sensing & earth observation,,,,,Cross-validation / holdout,,,ESP,Global North,ESP|USA,,city_region|country_name,
R03979,2018,P2,2011-2020,Experimental set-up and calibration errors for mapping wave-breaking pressures on marine structures,10.1016/j.oceaneng.2018.01.012,https://www.scopus.com/pages/publications/85044377501?origin=resultslist,Elsevier,10.1016,2,2,1,,,,,0,0,0,0,0,0,0,0,1271,,,,,,,,,,,,ESP|GBR,Global North,,,,University College of London
R03981,2017,P2,2011-2020,The maximum likelihood based intensity estimate for circular point processes,10.1007/s10651-017-0380-4,https://www.scopus.com/pages/publications/85022209324?origin=resultslist,Springer Nature (Springer),10.1007,2,1,0,,,,,2,2,2,0,0,0,0,0,1336,Ripley's K / second-order PPA|Quadrat / intensity analysis,CLASSICAL,,,,,,,,,,USA,Global North,,,,
R03997,2018,P2,2011-2020,"Exploratory analysis of lightning-ignited wildfires in the Warren Region, Western Australia",10.1016/j.jenvman.2018.07.097,https://www.scopus.com/pages/publications/85053080156?origin=resultslist,Elsevier,10.1016,3,1,0,AUS,Global North,1,0,0,0,0,0,0,0,0,1,1494,,,Urban studies & planning|Ecology & biodiversity|Disaster risk & hazards,,,,Daily to monthly|Annual to decadal,,,,,AUS,Global North,AUS,,city_region|country_name,University of Western Australia and CSIRO Oceans and Atmosphere
R03998,2019,P2,2011-2020,Traffic crash evolution characteristic analysis and spatiotemporal hotspot identification of urban road intersections,10.3390/su11010160,https://www.scopus.com/pages/publications/85059352845?origin=resultslist,MDPI,10.3390,4,1,0,CHN,Global South,1,0,2,2,2,0,0,0,0,1,1468,Spatial autocorrelation statistics|Getis-Ord hotspot statistics,INFERENTIAL,Public health & epidemiology|Transportation & mobility|Urban studies & planning,,ArcGIS / ArcMap / ArcGIS Pro,City / metropolitan,,,,,,CHN,Global South,CHN,,demonym|disambiguated,Jiangsu Province Collaborative Innovation Center of Modern Urban Traffic Technologies|School of Transportation
R04001,2015,P2,2011-2020,An iterative detection and removal method for detecting spatial clusters of different densities,10.1111/tgis.12083,https://www.scopus.com/pages/publications/84929706043?origin=resultslist,Wiley,10.1111,2,2,1,,,,,1,2,1,1,0,0,0,0,1302,Deterministic interpolation,GEOSTATISTICAL,,,,,,Statistical uncertainty reported,,,,HKG|CHN,Global North|Global South,,,,Hong Kong Polytechnic University
R04007,2016,P2,2011-2020,Mapping copper and lead concentrations at abandoned mine areas using element analysis data from ICP-AES and portable XRF instruments: A comparative study,10.3390/ijerph13040384,https://www.scopus.com/pages/publications/84962106965?origin=resultslist,MDPI,10.3390,3,2,1,KOR,Global North,1,0,1,2,1,0,1,0,0,1,1859,Kriging and variogram geostatistics,GEOSTATISTICAL,Environmental monitoring & pollution|Energy & infrastructure,,,Continental / global,,,Independent / ground-truth validation,,,KOR|USA,Global North,KOR,Global / worldwide,city_region|country_name,
R04015,2014,P2,2011-2020,"Water quality variation in the highly disturbed Huai River Basin, China from 1994 to 2005 by multi-statistical analyses",10.1016/j.scitotenv.2014.06.101,https://www.scopus.com/pages/publications/84905442277?origin=resultslist,Elsevier,10.1016,2,1,0,CHN,Global South,1,0,1,1,1,0,0,0,0,1,1577,Spatial autocorrelation statistics,INFERENTIAL,Urban studies & planning|Environmental monitoring & pollution,,,Regional / sub-national,Daily to monthly,,,,,CHN,Global South,CHN,,disambiguated,Chinese Academy of Sciences
R04016,2016,P2,2011-2020,Exact Bayesian inference for animal movement in continuous time,10.1111/2041-210X.12460,https://www.scopus.com/pages/publications/84958845683?origin=resultslist,Wiley,10.1111,5,2,1,GBR,Global North,1,0,2,3,2,0,0,1,0,1,1453,Point process models (Poisson/Cox/Hawkes)|Bayesian hierarchical spatial models,INFERENTIAL,Ecology & biodiversity,Mobile phone & GPS trajectory data,,,,,,,,GBR|DEU,Global North,GBR,,demonym,School of Mathematics and Statistics|National Wildlife Management Centre
R04018,2016,P2,2011-2020,Do the risk factors for type 2 diabetes mellitus vary by location? A spatial analysis of health insurance claims in Northeastern Germany using kernel density estimation and geographically weighted regression,10.1186/s12942-016-0068-2,https://www.scopus.com/pages/publications/84994525182?origin=resultslist,BMC / Springer Nature,10.1186,3,2,1,DEU,Global North,1,0,3,2,2,0,0,0,0,1,2240,Kernel density estimation|Space-time scan statistics|Spatial regression / GWR,CLASSICAL|INFERENTIAL,Public health & epidemiology,,SaTScan,,,,,,,DEU|NLD,Global North,DEU,Global / worldwide,city_region|country_name,School of Public Health and Primary Care (CAPHRI)
R04021,2016,P2,2011-2020,Novel evaluation metrics for sparse spatio-temporal point process hotspot predictions - a crime case study,10.1080/13658816.2016.1159684,https://www.scopus.com/pages/publications/84964047836?origin=resultslist,Taylor & Francis,10.1080,1,1,0,,,,,0,0,0,0,0,0,0,0,1745,,,Crime & security,,,,,,,,,GBR,Global North,,,,University College London
R04023,2016,P2,2011-2020,A Spatial Conditioned Latin Hypercube Sampling Method for Mapping Using Ancillary Data,10.1111/tgis.12176,https://www.scopus.com/pages/publications/84960384951?origin=resultslist,Wiley,10.1111,5,1,0,,,,,1,3,1,0,0,2,0,0,1180,Kriging and variogram geostatistics,GEOSTATISTICAL,"Geodesy, remote sensing & earth observation",Remote sensing & earth observation|Simulated / synthetic data,,,,,,,,CHN,Global South,,,,National Engineering Research Center for Information Technology in Agriculture|Chinese Academy of Sciences|University of Chinese Academy of Sciences|College of Global Change and Earth System Science|Information Center
R04028,2017,P2,2011-2020,"A big-data spatial, temporal and network analysis of bovine tuberculosis between wildlife (badgers) and cattle",10.1007/s00477-016-1311-x,https://www.scopus.com/pages/publications/84991408380?origin=resultslist,Springer Nature (Springer),10.1007,1,1,0,,,,,0,0,0,0,0,0,0,0,1766,,,Public health & epidemiology|Ecology & biodiversity|Agriculture & food systems,,,,,,,,,GBR,Global North,,,,School of Biological and Chemical Sciences
R04031,2017,P2,2011-2020,Analysis of the spatial variation of network-constrained phenomena represented by a link attribute using a hierarchical Bayesian model,10.3390/ijgi6020044,https://www.scopus.com/pages/publications/85014918522?origin=resultslist,MDPI,10.3390,5,1,0,CHN,Global South,1,0,2,3,2,0,0,1,0,1,1207,Bayesian hierarchical spatial models|Network-constrained point analysis,INFERENTIAL|NETWORK,Urban studies & planning,POI & commercial geodatabases,,,,,,,,CHN,Global South,CHN,,city_region,College of Civil Engineering|College of Information Engineering|Ministry of Land and Resources|School of Management
R04052,2014,P2,2011-2020,"Reevaluation of transit time distributions, mean transit times and their relation to catchment topography",10.5194/hess-18-4751-2014,https://www.scopus.com/pages/publications/84914120913?origin=resultslist,Copernicus (EGU),10.5194,1,1,0,CHE,Global North,0,0,0,0,0,0,0,0,0,1,2770,,,Transportation & mobility|Energy & infrastructure,,,Regional / sub-national,Daily to monthly|Annual to decadal,,,,,DEU,Global North,CHE,,country_name,
R04053,2015,P2,2011-2020,Multi-order Landscape Expansion Index: Characterizing urban expansion dynamics,10.1016/j.landurbplan.2014.10.023,https://www.scopus.com/pages/publications/84921056747?origin=resultslist,Elsevier,10.1016,2,1,0,CHN,Global South,1,0,0,1,0,0,0,1,0,1,1484,,,"Urban studies & planning|Geodesy, remote sensing & earth observation",Remote sensing & earth observation,,,Annual to decadal,,,,,CHN,Global South,CHN,,city_region|disambiguated,School of Resource and Environment Science|Ministry of Education
R04056,2015,P2,2011-2020,Massively parallel spatial point pattern analysis: Ripley’s K function accelerated using graphics processing units,10.1080/13658816.2014.976569,https://www.scopus.com/pages/publications/84929843058?origin=resultslist,Taylor & Francis,10.1080,2,1,0,,,,,0,0,0,0,0,0,0,0,1117,,,,,,,,,,,,USA,Global North,,,,Center for Applied GIScience
R04072,2016,P2,2011-2020,Spatio-temporal patterns and source identification of water pollution in Lake Taihu (China),10.3390/w8030086,https://www.scopus.com/pages/publications/84964319635?origin=resultslist,MDPI,10.3390,4,2,1,CHN,Global South,1,0,0,0,0,0,0,0,0,1,1544,,,Environmental monitoring & pollution|Agriculture & food systems,,,,,,,,,CHN|USA,Global North|Global South,CHN,,disambiguated,Chinese Academy for Environmental Planning|College of Urban and Environmental Sciences|Chinese Academy of Sciences|Center for Environmental Science
R04074,2015,P2,2011-2020,A changepoint analysis of spatio-temporal point processes,10.1016/j.spasta.2015.05.005,https://www.scopus.com/pages/publications/84933575779?origin=resultslist,Elsevier,10.1016,4,3,1,GBR,Global North,1,0,2,3,2,0,0,1,0,1,883,Point process models (Poisson/Cox/Hawkes)|Bayesian hierarchical spatial models,INFERENTIAL,,Simulated / synthetic data,,,,,,,,ITA|GBR|NOR,Global North,GBR,,country_name,School of Mathematics and Statistics
R04076,2015,P2,2011-2020,Spatial obfuscation methods for privacy protection of household-level data,10.1016/j.apgeog.2015.07.001,https://www.scopus.com/pages/publications/84937551416?origin=resultslist,Elsevier,10.1016,3,3,1,,,,,2,3,2,0,0,1,0,0,839,Nearest-neighbour analysis|Deterministic interpolation,CLASSICAL|GEOSTATISTICAL,,Field survey & in-situ sampling,,,,,,,Privacy / confidentiality,USA|AUT|POL,Global North,,,,School of Engineering and IT
R04090,2015,P2,2011-2020,Getis-Ord's hot- and cold-spot statistics as a basis for multivariate spatial clustering of orchard tree data,10.1016/j.compag.2014.12.011,https://www.scopus.com/pages/publications/84921382042?origin=resultslist,Elsevier,10.1016,5,3,1,,,,,3,2,2,0,0,0,0,0,1633,Spatial autocorrelation statistics|Getis-Ord hotspot statistics|Spatial clustering algorithms,INFERENTIAL,Ecology & biodiversity|Agriculture & food systems,,,,,,,,Surveillance / algorithmic bias,ISR|DEU|TUR,Global North|Global South,,,,Gilat Research Center|Volcani Center
R04097,2016,P2,2011-2020,Hierarchical animal movement models for population-level inference,10.1002/env.2402,https://www.scopus.com/pages/publications/84978890748?origin=resultslist,Wiley,10.1002,5,2,1,CAN,Global North,0,0,1,3,1,0,0,2,0,1,1578,Bayesian hierarchical spatial models,INFERENTIAL,Ecology & biodiversity,Sensor networks & IoT|Simulated / synthetic data,,,,,,,,USA|AFG,Global North|Global South,CAN|USA,,city_region|country_name,
R04100,2016,P2,2011-2020,On the similarity analysis of spatial patterns,10.1016/j.spasta.2016.07.004,https://www.scopus.com/pages/publications/84994103440?origin=resultslist,Elsevier,10.1016,3,1,0,,,,,0,0,0,0,0,0,0,0,598,,,,,,,,,,,,ESP,Global North,,,,
R04103,2015,P2,2011-2020,Spatial habitat features derived from multiparametric magnetic resonance imaging data are associated with molecular subtype and 12-month survival status in glioblastoma multiforme,10.1371/journal.pone.0136557,https://www.scopus.com/pages/publications/84947484166?origin=resultslist,PLOS,10.1371,2,1,0,,,,,0,0,0,0,0,0,0,0,2013,,,Public health & epidemiology|Ecology & biodiversity,,,,,,,,,USA,Global North,,,,MD Anderson Cancer Center
R04112,2016,P2,2011-2020,"Detecting spatial structures in throughfall data: The effect of extent, sample size, sampling design, and variogram estimation method",10.1016/j.jhydrol.2016.06.042,https://www.scopus.com/pages/publications/84977120389?origin=resultslist,Elsevier,10.1016,2,1,0,,,,,1,1,1,0,0,0,0,0,2150,Kriging and variogram geostatistics,GEOSTATISTICAL,,,,,,,,,,DEU,Global North,,,,
R04114,2015,P2,2011-2020,A review of the statistical and quantitative methods used to study alcohol-attributable crime,10.1371/journal.pone.0139344,https://www.scopus.com/pages/publications/84947998912?origin=resultslist,PLOS,10.1371,1,1,0,,,,,1,3,1,0,0,2,0,0,1726,Bayesian hierarchical spatial models,INFERENTIAL,Crime & security|Urban studies & planning|Social media & digital society,Official / administrative records|Social-media & geosocial data,,Neighbourhood / local,Cross-sectional / static,,,,,CAN,Global North,,,,
R04116,2016,P2,2011-2020,Finding spatial outliers in collective mobility patterns coupled with social ties,10.1080/13658816.2016.1144887,https://www.scopus.com/pages/publications/84958756636?origin=resultslist,Taylor & Francis,10.1080,1,1,0,SEN,Global South,0,1,0,3,0,0,0,2,1,1,1740,,,Transportation & mobility|Urban studies & planning|Social media & digital society,Social-media & geosocial data|Mobile phone & GPS trajectory data,,City / metropolitan,Sub-daily / real-time,,,Workflow / protocol formalised,,CAN,Global North,SEN,,city_region|country_name,
R04120,2014,P2,2011-2020,A bayesian hierarchical spatial point process model for multi-type neuroimaging meta-analysis,10.1214/14-AOAS757,https://www.scopus.com/pages/publications/84908286213?origin=resultslist,Institute of Mathematical Statistics,10.1214,4,2,1,,,,,3,3,2,0,1,0,0,0,1876,Quadrat / intensity analysis|Point process models (Poisson/Cox/Hawkes)|Bayesian hierarchical spatial models,CLASSICAL|INFERENTIAL,,,,,,,Cross-validation / holdout,,,USA|GBR,Global North,,,,
R04135,2015,P2,2011-2020,Bias correction in species distribution models: Pooling survey and collection data for multiple species,10.1111/2041-210X.12242,https://www.scopus.com/pages/publications/84926660394?origin=resultslist,Wiley,10.1111,3,2,1,AUS,Global North,1,0,0,1,0,0,1,0,0,1,1496,,,Urban studies & planning|Ecology & biodiversity,,,,,,Cross-validation / holdout,,,USA|AUS,Global North,AUS,,city_region|country_name,School of Botany|Centre for Ecosystem Science
R04140,2015,P2,2011-2020,Variable lag variography using k-means clustering,10.1016/j.cageo.2015.04.004,https://www.scopus.com/pages/publications/84945450057?origin=resultslist,Elsevier,10.1016,1,1,0,,,,,2,2,2,0,0,0,0,0,1434,Spatial clustering algorithms|Kriging and variogram geostatistics,GEOSTATISTICAL|INFERENTIAL,,,,,,,,,,GRC,Global North,,,,
R04161,2016,P2,2011-2020,What determines spatial bias in citizen science? Exploring four recording schemes with different proficiency requirements,10.1111/ddi.12477,https://www.scopus.com/pages/publications/84991202205?origin=resultslist,Wiley,10.1111,6,2,1,DNK,Global North,1,0,1,3,1,0,0,1,1,1,1932,Point process models (Poisson/Cox/Hawkes),INFERENTIAL,Ecology & biodiversity|Agriculture & food systems,Volunteered geographic information,,,,,,Data availability stated,,DNK|GBR,Global North,DNK,Europe (multi-country),country_name,Center for Macroecology|Imperial College London
R04162,2016,P2,2011-2020,Application of optimal data-based binning method to spatial analysis of ecological datasets,10.1016/j.spasta.2016.02.006,https://www.scopus.com/pages/publications/84962252510?origin=resultslist,Elsevier,10.1016,2,1,0,USA,Global North,0,0,0,0,0,0,0,0,0,1,1201,,,Ecology & biodiversity,,,,,,,,,ITA,Global North,USA,,city_region,
R04167,2016,P2,2011-2020,Mapping multiple ecosystem services indicators: Toward an objective-oriented approach,10.1016/j.ecolind.2016.05.021,https://www.scopus.com/pages/publications/84973470343?origin=resultslist,Elsevier,10.1016,5,2,1,BRA,Global South,0,0,0,1,0,0,0,1,0,1,1549,,,"Ecology & biodiversity|Geodesy, remote sensing & earth observation",Remote sensing & earth observation,,,,,,,Surveillance / algorithmic bias,FRA|COL,Global North|Global South,BRA,,demonym,COSTEL (UMR CNRS 6554)|Centre d'Ecologie Fonctionnelle et Evolutive|Institut de Recherche pour le Développement (IRD)
R04169,2017,P2,2011-2020,Integrating occurrence data and expert maps for improved species range predictions,10.1111/geb.12539,https://www.scopus.com/pages/publications/85006070051?origin=resultslist,Wiley,10.1111,4,2,1,,,,,2,3,2,0,0,0,1,0,2200,Point process models (Poisson/Cox/Hawkes)|Classical machine learning,INFERENTIAL|LEARNING,Ecology & biodiversity,,R (base/tidyverse),,,,,Code or software shared,,USA|GBR,Global North,,,,Imperial College London Silwood Park Campus Ascot
R04179,2015,P2,2011-2020,Linking trait similarity to interspecific spatial associations in a moist tropical forest,10.1111/jvs.12313,https://www.scopus.com/pages/publications/84944169193?origin=resultslist,Wiley,10.1111,3,3,1,USA,Global North,0,0,1,1,1,0,0,0,0,1,2535,Ripley's K / second-order PPA,CLASSICAL,Urban studies & planning|Ecology & biodiversity,,,,,,,,,DEU|CHL|GBR,Global North|Global South,USA|PAN,,city_region|disambiguated,Helmholtz Centre for Environmental Research - UFZ
R04184,2016,P2,2011-2020,On characterizing protein spatial clusters with correlation approaches,10.1038/srep31164,https://www.scopus.com/pages/publications/84982121605?origin=resultslist,Springer Nature (Nature Portfolio),10.1038,4,3,1,,,,,1,1,1,0,0,0,0,0,1279,Ripley's K / second-order PPA,CLASSICAL,,,,,,,,,,CHE|FRA|USA,Global North,,,,School of Computer and Communication Sciences|Institut Curie Research Center
R04188,2015,P2,2011-2020,Inter-comparison of spatial upscaling methods for evaluation of satellite-based soil moisture,10.1016/j.jhydrol.2015.01.061,https://www.scopus.com/pages/publications/84922422571?origin=resultslist,Elsevier,10.1016,4,1,0,,,,,1,1,1,0,0,0,0,0,1790,Kriging and variogram geostatistics,GEOSTATISTICAL,"Energy & infrastructure|Geodesy, remote sensing & earth observation",,,Continental / global,,,,,,CHN,Global South,,,,Chinese Academy of Sciences|Chinese Academy of Science|College of Global and Earth System Science|Ministry of Education Key Laboratory for Earth System Modeling
R04189,2015,P2,2011-2020,Estimation of Groundwater Radon in North Carolina Using Land Use Regression and Bayesian Maximum Entropy,10.1021/acs.est.5b01503,https://www.scopus.com/pages/publications/84939533447?origin=resultslist,American Chemical Society,10.1021,3,1,0,USA,Global North,1,0,1,2,1,0,1,0,0,1,1342,Kriging and variogram geostatistics,GEOSTATISTICAL,Public health & epidemiology|Urban studies & planning|Environmental monitoring & pollution,,,Continental / global,,,Cross-validation / holdout,,,USA,Global North,USA,Global / worldwide,city_region,Gillings School of Global Public Health|1612 Mail Service Center
R04197,2017,P2,2011-2020,Nearest neighbor methods for testing reflexivity,10.1007/s10651-016-0361-z,https://www.scopus.com/pages/publications/84994323182?origin=resultslist,Springer Nature (Springer),10.1007,2,2,1,,,,,0,0,0,0,0,0,0,0,1108,,,Ecology & biodiversity,,,,,,,,,USA|TUR,Global North|Global South,,,,
R04202,2014,P2,2011-2020,Combining ungrouped and grouped wildfire data to estimate fire risk,10.1002/env.2235,https://www.scopus.com/pages/publications/84908167468?origin=resultslist,Wiley,10.1002,1,1,0,,,,,1,1,1,0,0,0,0,0,1233,Quadrat / intensity analysis,CLASSICAL,Disaster risk & hazards,,,,,,,,,USA,Global North,,,,
R04203,2017,P2,2011-2020,Combination of radar and daily precipitation data to estimate meaningful sub-daily point precipitation extremes,10.1016/j.jhydrol.2016.11.039,https://www.scopus.com/pages/publications/85003545671?origin=resultslist,Elsevier,10.1016,2,2,1,ZAF,Global South,1,0,1,1,1,0,0,0,0,1,2739,Kriging and variogram geostatistics,GEOSTATISTICAL,,,,,Sub-daily / real-time|Daily to monthly|Annual to decadal,,,,,DEU|ZAF,Global North|Global South,ZAF,,country_name,
R04222,2015,P2,2011-2020,Prediction of significant wave height using spatial function,10.1016/j.oceaneng.2015.06.028,https://www.scopus.com/pages/publications/84938374723?origin=resultslist,Elsevier,10.1016,1,1,0,USA,Global North,0,0,1,1,1,0,0,0,0,1,1604,Kriging and variogram geostatistics,GEOSTATISTICAL,,,,,,,,,,TUR,Global South,USA,,country_name,
R04229,2015,P2,2011-2020,Simulating evolution of a loess gully head with cellular automata,10.1007/s11769-014-0716-z,https://www.scopus.com/pages/publications/84950316619?origin=resultslist,Springer Nature (Springer),10.1007,1,1,0,,,,,1,1,1,0,0,0,0,0,1398,Ripley's K / second-order PPA,CLASSICAL,"Geodesy, remote sensing & earth observation",,,Micro / plot / building|Regional / sub-national,,,,,,CHN,Global South,,,,School of Geography Science
R04231,2016,P2,2011-2020,BME prediction of continuous geographical properties using auxiliary variables,10.1007/s00477-014-1005-1,https://www.scopus.com/pages/publications/84958161822?origin=resultslist,Springer Nature (Springer),10.1007,3,2,1,CHN,Global South,1,0,1,3,1,0,1,1,0,1,1849,Kriging and variogram geostatistics,GEOSTATISTICAL,,Field survey & in-situ sampling,,Regional / sub-national,,,Accuracy metrics reported,,,CHN|USA,Global North|Global South,CHN,,city_region|disambiguated,College of Resources and Environment|Ministry of Agriculture
R04252,2014,P2,2011-2020,Voronoi residual analysis of spatial point process models with applications to California earthquake forecasts,10.1214/14-AOAS767,https://www.scopus.com/pages/publications/84919443157?origin=resultslist,Institute of Mathematical Statistics,10.1214,4,1,0,USA,Global North,1,0,2,3,2,0,0,1,0,1,1252,Point process models (Poisson/Cox/Hawkes)|Deterministic interpolation,GEOSTATISTICAL|INFERENTIAL,Public health & epidemiology|Disaster risk & hazards,Simulated / synthetic data,,,,,,,,USA,Global North,USA,,city_region,Yale School of Management
R04260,2016,P2,2011-2020,Parallel Landscape Driven Data Reduction & Spatial Interpolation Algorithm for Big LiDAR Data,10.3390/ijgi5060097,https://www.scopus.com/pages/publications/85111472367?origin=resultslist,MDPI,10.3390,4,1,0,,,,,1,3,1,0,1,1,0,0,1973,Deterministic interpolation,GEOSTATISTICAL,"Urban studies & planning|Ecology & biodiversity|Disaster risk & hazards|Agriculture & food systems|Geodesy, remote sensing & earth observation",LiDAR & 3D point clouds,,,,,Accuracy metrics reported,,,USA,Global North,,,,
R04266,2017,P2,2011-2020,Mapping probability of liquefaction using geostatistics and first order reliability method based on CPTU measurements,10.1016/j.enggeo.2017.01.021,https://www.scopus.com/pages/publications/85010390672?origin=resultslist,Elsevier,10.1016,2,2,1,,,,,1,1,1,0,0,0,0,0,1460,Kriging and variogram geostatistics,GEOSTATISTICAL,,,,,,,,,,CHN|USA,Global North|Global South,,,,
R04270,2014,P2,2011-2020,Influence of rain gauge density on interpolation method selection,10.1061/(ASCE)HE.1943-5584.0000964,https://www.scopus.com/pages/publications/84911907010?origin=resultslist,ASCE,10.1061,1,1,0,GBR,Global North,1,0,2,3,2,0,1,0,0,1,1592,Kriging and variogram geostatistics|Deterministic interpolation,GEOSTATISTICAL,,,,Regional / sub-national,Cross-sectional / static,,Cross-validation / holdout,,,GBR,Global North,GBR,,country_name,
R04281,2016,P2,2011-2020,Adaptive areal elimination (AAE): A transparent way of disclosing protected spatial datasets,10.1016/j.compenvurbsys.2016.01.004,https://www.scopus.com/pages/publications/84956645378?origin=resultslist,Elsevier,10.1016,2,2,1,AUT,Global North,1,0,0,1,0,1,0,0,0,1,1778,,,Crime & security,,,,,Positional / geocoding uncertainty,,,Privacy / confidentiality,AUT|USA,Global North,AUT,,city_region,Doctoral College GIscience
R04282,2016,P2,2011-2020,Integrated models that unite local and regional data reveal larger-scale environmental relationships and improve predictions of species distributions,10.1007/s10980-015-0327-9,https://www.scopus.com/pages/publications/84951979660?origin=resultslist,Springer Nature (Springer),10.1007,1,1,0,USA,Global North,1,0,1,1,1,0,0,0,0,1,2014,Classical machine learning,LEARNING,Ecology & biodiversity,,,,,,,,,USA,Global North,USA,,city_region,
R04286,2017,P2,2011-2020,Uncertainty in terrestrial laser scanner surveys of landslides,10.3390/rs90201013,https://www.scopus.com/pages/publications/85013670705?origin=resultslist,MDPI,10.3390,3,1,0,,,,,1,3,1,0,1,1,0,0,1755,Kriging and variogram geostatistics,GEOSTATISTICAL,"Disaster risk & hazards|Geodesy, remote sensing & earth observation",LiDAR & 3D point clouds,,,,,Cross-validation / holdout,,,ITA,Global North,,,,Advanced Research Center for Electronic Systems
R04294,2017,P2,2011-2020,Spatial co-location pattern mining of facility points-of-interest improved by network neighborhood and distance decay effects,10.1080/13658816.2016.1194423,https://www.scopus.com/pages/publications/84976288776?origin=resultslist,Taylor & Francis,10.1080,3,1,0,,,,,1,1,1,0,0,0,0,0,1493,Network-constrained point analysis,NETWORK,Transportation & mobility|Urban studies & planning|Energy & infrastructure,,,,,,,,,CHN,Global South,,,,School of Marine Science and Technology|Ministry of Land and Resources|School of Resource and Environment Sciences
R04298,2016,P2,2011-2020,Ecological traits shape genetic diversity patterns across the Mediterranean Sea: A quantitative review on fishes,10.1111/jbi.12669,https://www.scopus.com/pages/publications/84947771890?origin=resultslist,Wiley,10.1111,3,2,1,,,,,1,1,1,0,0,0,0,0,1835,Spatial autocorrelation statistics,INFERENTIAL,Ecology & biodiversity,,,,,,,,,FRA|CAN,Global North,,,,CNRS - Université de Montpellier - Université Paul-Valéry Montpellier - EPHE|CNRS - IRD - Université Montpellier - Ifremer
R04300,2016,P2,2011-2020,A Geostatistical Methodology to Evaluate the Performance of Groundwater Quality Monitoring Networks Using a Vulnerability Index,10.1007/s11004-015-9613-y,https://www.scopus.com/pages/publications/84958173135?origin=resultslist,Springer Nature (Springer),10.1007,2,1,0,,,,,1,2,1,0,0,1,0,0,1731,Kriging and variogram geostatistics,GEOSTATISTICAL,Environmental monitoring & pollution,Sensor networks & IoT,,,,,,,,MEX,Global South,,,,
R04304,2015,P2,2011-2020,A spatial pattern analysis of the halophytic species distribution in an arid coastal environment,10.1007/s10661-015-4403-z,https://www.scopus.com/pages/publications/84926324861?origin=resultslist,Springer Nature (Springer),10.1007,7,4,1,,,,,0,2,0,0,0,2,0,0,1482,,,"Ecology & biodiversity|Geodesy, remote sensing & earth observation",Field survey & in-situ sampling|Remote sensing & earth observation,,,,,,,,BEL|ESP|DEU|EGY,Global North|Global South,,,,Agricultural Research Center (ARC)
R04309,2017,P2,2011-2020,Preconditioning an ensemble Kalman filter for groundwater flow using environmental-tracer observations,10.1016/j.jhydrol.2016.11.064,https://www.scopus.com/pages/publications/85006994430?origin=resultslist,Elsevier,10.1016,1,1,0,,,,,0,0,0,0,0,0,0,0,1915,,,Environmental monitoring & pollution|Agriculture & food systems,,,Regional / sub-national,Daily to monthly,,,,,DEU,Global North,,,,Center for Applied Geoscience
R04313,2016,P2,2011-2020,"Evaluation of surface water quality using multivariate statistical techniques: a case study of Fei-Tsui Reservoir basin, Taiwan",10.1007/s12665-015-4922-5,https://www.scopus.com/pages/publications/84950311513?origin=resultslist,Springer Nature (Springer),10.1007,3,2,1,TWN,Global North,1,0,0,1,0,0,0,0,1,1,1954,,,Environmental monitoring & pollution,,,Regional / sub-national,,,,Workflow / protocol formalised,Surveillance / algorithmic bias,MYS|TWN,Global North|Global South,TWN,,country_name,Center for Sustainable Technology and Environment (CSTEN)|Research Center for Environmental Changes
R04321,2014,P2,2011-2020,Point-pattern analysis on the sphere,10.1016/j.spasta.2014.10.001,https://www.scopus.com/pages/publications/84908702033?origin=resultslist,Elsevier,10.1016,2,1,0,,,,,0,0,0,0,0,0,0,1,1369,,,,,,Continental / global,,,,,,USA,Global North,,Global / worldwide,,
R04327,2015,P2,2011-2020,Bayesian hierarchical models for analysing spatial point-based data at a grid level: a comparison of approaches,10.1007/s10651-014-0299-y,https://www.scopus.com/pages/publications/84929460028?origin=resultslist,Springer Nature (Springer),10.1007,2,1,0,,,,,3,2,2,0,0,0,0,0,1468,Quadrat / intensity analysis|Point process models (Poisson/Cox/Hawkes)|Bayesian hierarchical spatial models,CLASSICAL|INFERENTIAL,,,,,,,,,,AUS,Global North,,,,Mathematical Sciences School
R04328,2015,P2,2011-2020,Bayesian spatial NBDA for diffusion data with home-base coordinates,10.1371/journal.pone.0130326,https://www.scopus.com/pages/publications/84940421912?origin=resultslist,PLOS,10.1371,4,1,0,,,,,1,4,1,0,0,2,1,0,1692,Bayesian hierarchical spatial models,INFERENTIAL,"Ecology & biodiversity|Geodesy, remote sensing & earth observation",Remote sensing & earth observation|Sensor networks & IoT,R (base/tidyverse),,,,,Code or software shared,,GBR,Global North,,,,School of Geography and Geosciences|School of Biology|School of Life Sciences|School of Computer Science
R04333,2016,P2,2011-2020,Mapping national plant biodiversity patterns in South Korea with the mars species distribution model,10.1371/journal.pone.0149511,https://www.scopus.com/pages/publications/84961827978?origin=resultslist,PLOS,10.1371,3,2,1,KOR,Global North,1,0,0,1,0,1,0,0,0,1,2062,,,Urban studies & planning|Ecology & biodiversity,,,,,Sensitivity analysis,,,,USA|KOR,Global North,KOR,,country_name|demonym,
R04343,2017,P2,2011-2020,Prevalence of inter-tree competition and its role in shaping the community structure of a natural mongolian scots pine (Pinus sylvestris var. mongolica) forest,10.3390/f8030084,https://www.scopus.com/pages/publications/85015619316?origin=resultslist,MDPI,10.3390,3,1,0,MNG,Global South,0,0,2,2,2,0,0,0,0,1,1382,Nearest-neighbour analysis|Spatial autocorrelation statistics,CLASSICAL|INFERENTIAL,Public health & epidemiology|Ecology & biodiversity,,,,,,,,,CHN,Global South,MNG,,demonym,Chinese Academy of Forestry|Research Center of Cold Temperate Forestry
R04351,2015,P2,2011-2020,Testing for clustering at many ranges inflates family-wise error rate (FWE),10.1186/1476-072X-14-4,https://www.scopus.com/pages/publications/84924428508?origin=resultslist,BMC / Springer Nature,10.1186,1,1,0,,,,,2,3,2,1,0,0,0,0,1250,Ripley's K / second-order PPA|Point process models (Poisson/Cox/Hawkes),CLASSICAL|INFERENTIAL,Public health & epidemiology,,R (base/tidyverse)|spatstat (R),,,Statistical uncertainty reported,,,,USA,Global North,,,,
R04352,2017,P2,2011-2020,Evolution of forest fires in Portugal: from spatio-temporal point events to smoothed density maps,10.1007/s11069-016-2637-x,https://www.scopus.com/pages/publications/84994317353?origin=resultslist,Springer Nature (Springer),10.1007,2,2,1,PRT,Global North,1,0,3,2,2,0,0,0,0,1,1905,Kernel density estimation|Ripley's K / second-order PPA|Spatial regression / GWR,CLASSICAL|INFERENTIAL,"Ecology & biodiversity|Disaster risk & hazards|Tourism & recreation|Geodesy, remote sensing & earth observation",,,,,,,,,CHE|PRT,Global North,PRT,,country_name|demonym,Centre for Research and Technology of Agro-Environment and Biological Sciences
R04353,2015,P2,2011-2020,Comparison of statistical linear interpolation models for monthly precipitation in South Korea,10.1007/s00477-015-1031-7,https://www.scopus.com/pages/publications/84930542322?origin=resultslist,Springer Nature (Springer),10.1007,2,1,0,KOR,Global North,1,0,2,3,2,1,0,0,0,1,1074,Bayesian hierarchical spatial models|Spatial regression / GWR,INFERENTIAL,,,,,Daily to monthly,Statistical uncertainty reported,,,,KOR,Global North,KOR,,country_name,
R04359,2015,P2,2011-2020,Density-based clustering for data containing two types of points,10.1080/13658816.2014.955027,https://www.scopus.com/pages/publications/84925607520?origin=resultslist,Taylor & Francis,10.1080,1,1,0,CHN,Global South,1,0,1,1,1,0,0,0,0,1,1852,Spatial clustering algorithms,INFERENTIAL,Transportation & mobility,,,,,,,,,CHN,Global South,CHN,,city_region,
R04360,2016,P2,2011-2020,Bayesian Spatial Change of Support for Count-Valued Survey Data With Application to the American Community Survey,10.1080/01621459.2015.1117471,https://www.scopus.com/pages/publications/84983246862?origin=resultslist,Taylor & Francis,10.1080,1,1,0,USA,Global North,1,0,1,2,1,0,0,1,0,1,1576,Bayesian hierarchical spatial models,INFERENTIAL,,Official / administrative records,,,Sub-daily / real-time,,,,,USA,Global North,USA,,country_name|demonym,
R04362,2017,P2,2011-2020,A double-smoothing algorithm for integrating satellite precipitation products in areas with sparsely distributed in situ networks,10.3390/ijgi6010028,https://www.scopus.com/pages/publications/85011049473?origin=resultslist,MDPI,10.3390,2,2,1,CHN,Global South,1,0,0,1,0,0,0,1,0,1,1261,,,"Geodesy, remote sensing & earth observation",Sensor networks & IoT,,,,,,,,CHN|USA,Global North|Global South,CHN,,disambiguated,School of Geography and Remote Sensing|Henry Samueli School of Engineering and Applied Science
R04369,2014,P2,2011-2020,A spatial scan statistic for zero-inflated Poisson process,10.1007/s10651-013-0272-1,https://www.scopus.com/pages/publications/84911991002?origin=resultslist,Springer Nature (Springer),10.1007,1,1,0,,,,,2,2,2,0,0,0,0,0,846,Space-time scan statistics|Point process models (Poisson/Cox/Hawkes),INFERENTIAL,,,,,,,,,,BRA,Global South,,,,
R04370,2017,P2,2011-2020,Network-Based Point Pattern Analysis of Bicycle Accidents to Improve Cyclist Safety,10.3141/2659-12,https://www.scopus.com/pages/publications/85063223159?origin=resultslist,Other / unmapped registrant,10.3141,2,2,1,AUT,Global North,1,0,2,2,2,0,0,0,0,1,1603,Kernel density estimation|Network-constrained point analysis,CLASSICAL|NETWORK,Transportation & mobility|Urban studies & planning,,,,,,,,,AUT|TUR,Global North|Global South,AUT,Global / worldwide,city_region|country_name,Traffic Research Center
R04392,2017,P2,2011-2020,Habitat heterogeneity explains mosaics of evergreen and deciduous trees at local-scales in a subtropical evergreen broad-leaved forest,10.1111/jvs.12496,https://www.scopus.com/pages/publications/85007418168?origin=resultslist,Wiley,10.1111,5,2,1,CHN,Global South,1,0,1,1,1,0,0,0,0,1,1838,Point process models (Poisson/Cox/Hawkes),INFERENTIAL,Ecology & biodiversity,,,,,,,,,CHN|AUS,Global North|Global South,CHN,,city_region|disambiguated,School of Ecological and Environmental Sciences|School of Water Resources and Environment|School of Biological Sciences|State Key Laboratory of Biocontrol and School of Life Sciences
R04400,2016,P2,2011-2020,Genetic programming-based ordinary kriging for spatial interpolation of rainfall,10.1061/(ASCE)HE.1943-5584.0001300,https://www.scopus.com/pages/publications/84957010150?origin=resultslist,ASCE,10.1061,1,1,0,AUS,Global North,1,0,1,1,1,0,0,0,0,1,1746,Kriging and variogram geostatistics,GEOSTATISTICAL,,,,Regional / sub-national,,,,,,AUS,Global North,AUS,,city_region|country_name,College of Engineering and Science
R04402,2016,P2,2011-2020,Soil moisture mapping in an arid area using a Land Unit Area (LUA) sampling approach and geostatistical interpolation techniques,10.3390/ijgi5030035,https://www.scopus.com/pages/publications/84962368250?origin=resultslist,MDPI,10.3390,2,1,0,IRN,Global South,0,1,2,5,2,0,1,2,0,1,2041,Kriging and variogram geostatistics|Deterministic interpolation,GEOSTATISTICAL,"Urban studies & planning|Geodesy, remote sensing & earth observation",Field survey & in-situ sampling|Remote sensing & earth observation,,,,,Independent / ground-truth validation,,,JPN,Global North,IRN,,country_name,Center for Environmental Remote Sensing (CEReS)
R04410,2016,P2,2011-2020,Bayesian Data Fusion Applied to Soil Drainage Classes Spatial Mapping,10.1007/s11004-015-9585-y,https://www.scopus.com/pages/publications/84958150306?origin=resultslist,Springer Nature (Springer),10.1007,1,1,0,BEL,Global North,1,0,1,1,1,0,0,0,0,1,1716,Kriging and variogram geostatistics,GEOSTATISTICAL,Agriculture & food systems,,,,,,,,,BEL,Global North,BEL,,country_name,
R04419,2015,P2,2011-2020,Interpolation routines assessment in ALS-derived Digital Elevation Models for forestry applications,10.3390/rs70708631,https://www.scopus.com/pages/publications/84937842587?origin=resultslist,MDPI,10.3390,2,1,0,,,,,1,3,1,0,1,1,0,1,1319,Deterministic interpolation,GEOSTATISTICAL,"Ecology & biodiversity|Geodesy, remote sensing & earth observation",LiDAR & 3D point clouds,,,,,Accuracy metrics reported,,,ESP,Global North,,Global / worldwide,,
R04429,2015,P2,2011-2020,"Space-time interaction of residential burglaries in Wuhan, China",10.1016/j.apgeog.2014.11.022,https://www.scopus.com/pages/publications/84939995704?origin=resultslist,Elsevier,10.1016,3,2,1,CHN,Global South,1,0,2,3,2,0,0,0,1,1,1141,Kernel density estimation|Ripley's K / second-order PPA,CLASSICAL,Public health & epidemiology|Crime & security|Urban studies & planning,,,,,,,Data availability stated,,USA|CHN,Global North|Global South,CHN,,city_region|disambiguated,Key Laboratory of Aerospace Information Security and Trusted Computing of the Ministry of Education|College of Criminal Justice
R04431,2015,P2,2011-2020,Mechanisms underlying local functional and phylogenetic beta diversity in two temperate forests,10.1890/14-0392.1,https://www.scopus.com/pages/publications/84929179124?origin=resultslist,Other / unmapped registrant,10.1890,4,3,1,,,,,0,0,0,0,0,0,0,0,1824,,,Urban studies & planning|Ecology & biodiversity,,,Neighbourhood / local,,,,,,CHN|DEU|USA,Global North|Global South,,,,Chinese Academy of Sciences|UFZ Helmholtz Centre for Environmental Research-UFZ
R04432,2017,P2,2011-2020,"Mapping the ecosystem service delivery chain: Capacity, flow, and demand pertaining to aesthetic experiences in mountain landscapes",10.1016/j.scitotenv.2016.08.209,https://www.scopus.com/pages/publications/84987950346?origin=resultslist,Elsevier,10.1016,4,4,1,ITA,Global North,1,0,0,0,0,0,0,0,0,1,2029,,,Urban studies & planning|Tourism & recreation,,,,,,,,,ITA|LTU|AUT|NLD,Global North,ITA,,country_name,Environmental Management Center
R04433,2017,P2,2011-2020,Using geographic profiling to compare the value of sightings vs trap data in a biological invasion,10.1111/ddi.12498,https://www.scopus.com/pages/publications/85002244078?origin=resultslist,Wiley,10.1111,6,2,1,USA,Global North,0,0,0,0,0,0,0,0,0,1,1215,,,Ecology & biodiversity,,,,,,,,,GBR|CHE,Global North,USA,,demonym,School of Biological and Chemical Sciences|Medical Research Council Centre for Outbreak Analysis and Modelling|School of Anthropology and Conservation|School of Biology|Animal and Plant Health Agency
R04440,2017,P2,2011-2020,"Use of bathymetric and LiDAR data in generating digital elevation model over the Lower Athabasca River Watershed in Alberta, Canada",10.3390/w9010019,https://www.scopus.com/pages/publications/85011312042?origin=resultslist,MDPI,10.3390,3,1,0,CAN,Global North,1,0,2,3,2,0,0,1,0,1,1900,Kriging and variogram geostatistics|Deterministic interpolation,GEOSTATISTICAL,"Environmental monitoring & pollution|Energy & infrastructure|Geodesy, remote sensing & earth observation",LiDAR & 3D point clouds,,Regional / sub-national,,,,,,CAN,Global North,CAN,,city_region|country_name,Schulich School of Engineering
R04444,2017,P2,2011-2020,Nearest neighbour analysis applied to synthetic aperture radar images for the description of urban land cover and land use,10.1080/01431161.2017.1280628,https://www.scopus.com/pages/publications/85010430234?origin=resultslist,Taylor & Francis,10.1080,1,1,0,,,,,1,1,1,0,0,0,0,0,1186,Nearest-neighbour analysis,CLASSICAL,Urban studies & planning|Retail & economic geography,,,,,,,,,CAN,Global North,,,,
R04450,2015,P2,2011-2020,LiDAR based prediction of forest biomass using hierarchical models with spatially varying coefficients,10.1016/j.rse.2015.07.028,https://www.scopus.com/pages/publications/84939783565?origin=resultslist,Elsevier,10.1016,7,1,0,USA,Global North,1,0,1,3,1,0,1,1,0,1,1779,Bayesian hierarchical spatial models,INFERENTIAL,"Ecology & biodiversity|Energy & infrastructure|Geodesy, remote sensing & earth observation",LiDAR & 3D point clouds,,,,,Cross-validation / holdout,,,USA,Global North,USA,,demonym,School of Environmental and Forest Sciences|Southwest Biological Science Center
R04455,2015,P2,2011-2020,Using geographically weighted regression kriging for crop yield mapping in West Africa,10.1080/13658816.2014.959522,https://www.scopus.com/pages/publications/84925587146?origin=resultslist,Taylor & Francis,10.1080,1,1,0,BFA,Global South,0,1,2,2,2,0,0,0,0,1,1863,Spatial regression / GWR|Kriging and variogram geostatistics,GEOSTATISTICAL|INFERENTIAL,Urban studies & planning|Ecology & biodiversity|Agriculture & food systems,,,Regional / sub-national,,,,,,NLD,Global North,BFA,Africa (multi-country),country_name,
R04457,2017,P2,2011-2020,Dynamic Multiscale Spatiotemporal Models for Poisson Data,10.1080/01621459.2015.1129968,https://www.scopus.com/pages/publications/85019017281?origin=resultslist,Taylor & Francis,10.1080,2,2,1,USA,Global North,1,0,1,1,1,0,0,0,0,1,1507,Point process models (Poisson/Cox/Hawkes),INFERENTIAL,Public health & epidemiology,,,,,,,,,BRA|USA,Global North|Global South,USA,,city_region|demonym,
R04459,2017,P2,2011-2020,Geostatistical upscaling of rain gauge data to support uncertainty analysis of lumped urban hydrological models,10.5194/hess-21-1077-2017,https://www.scopus.com/pages/publications/85013420472?origin=resultslist,Copernicus (EGU),10.5194,2,2,1,,,,,1,2,1,1,0,0,0,0,2411,Kriging and variogram geostatistics,GEOSTATISTICAL,Urban studies & planning,,,Regional / sub-national,,Statistical uncertainty reported,,,,GBR|NLD,Global North,,,,
R04460,2015,P2,2011-2020,Accuracy and uncertainty analysis of soil Bbf spatial distribution estimation at a coking plant-contaminated site based on normalization geostatistical technologies,10.1007/s11356-015-5122-2,https://www.scopus.com/pages/publications/84951569082?origin=resultslist,Springer Nature (Springer),10.1007,2,1,0,CHN,Global South,1,0,1,2,1,1,0,0,0,1,1256,Kriging and variogram geostatistics,GEOSTATISTICAL,Environmental monitoring & pollution|Ecology & biodiversity,,,,,Statistical uncertainty reported,,,,CHN,Global South,CHN,,disambiguated,Research Center for Scientific Development in Fenhe River Valley|Chinese Research Academy of Environmental Sciences
R04462,2014,P2,2011-2020,A spatial capture-recapture model for territorial species,10.1002/env.2317,https://www.scopus.com/pages/publications/84925937065?origin=resultslist,Wiley,10.1002,1,1,0,GBR,Global North,0,0,1,2,1,0,0,1,0,1,1049,Point process models (Poisson/Cox/Hawkes),INFERENTIAL,Ecology & biodiversity,Simulated / synthetic data,,,,,,,,USA,Global North,GBR,,country_name,
R04463,2017,P2,2011-2020,Spatial filtering of electrical resistivity and slope intensity: Enhancement of spatial estimates of a soil property,10.1016/j.jappgeo.2017.01.032,https://www.scopus.com/pages/publications/85011673035?origin=resultslist,Elsevier,10.1016,3,2,1,FRA,Global North,1,0,1,2,1,0,1,0,0,1,2708,Kriging and variogram geostatistics,GEOSTATISTICAL,Environmental monitoring & pollution,,,Regional / sub-national,,,Independent / ground-truth validation,,,FRA|BEL,Global North,FRA,,country_name,George Lemaître Centre for Earth and Climate Research
R04471,2017,P2,2011-2020,Mining online footprints to predict user’s next location,10.1080/13658816.2016.1209506,https://www.scopus.com/pages/publications/84980390591?origin=resultslist,Taylor & Francis,10.1080,1,1,0,,,,,1,3,1,0,0,2,0,0,1791,Spatial clustering algorithms,INFERENTIAL,Transportation & mobility|Social media & digital society|Energy & infrastructure,Social-media & geosocial data|Mobile phone & GPS trajectory data,,,Daily to monthly,,,,,USA,Global North,,,,
R04472,2016,P2,2011-2020,Mapping vineyard leaf area using mobile terrestrial laser scanners: Should rows be scanned on-the-go or discontinuously sampled?,10.3390/s16010119,https://www.scopus.com/pages/publications/84955068048?origin=resultslist,MDPI,10.3390,3,1,0,,,,,1,1,1,0,0,0,0,0,1566,Kriging and variogram geostatistics,GEOSTATISTICAL,Ecology & biodiversity|Agriculture & food systems,,,,,,,,,ESP,Global North,,,,Agrotecnio Center
R04477,2016,P2,2011-2020,A network Kernel Density Estimation for linear features in space–time analysis of big trace data,10.1080/13658816.2015.1119279,https://www.scopus.com/pages/publications/84949560691?origin=resultslist,Taylor & Francis,10.1080,2,1,0,CHN,Global South,1,0,3,2,2,0,0,0,0,1,1786,Kernel density estimation|Quadrat / intensity analysis|Network-constrained point analysis,CLASSICAL|NETWORK,Transportation & mobility,,,Micro / plot / building,,,,,,CHN,Global South,CHN,,city_region,School of Urban Design
R04480,2017,P2,2011-2020,Spatial estimation of debris flows-triggering rainfall and its dependence on rainfall return period,10.1016/j.geomorph.2016.11.019,https://www.scopus.com/pages/publications/84999863229?origin=resultslist,Elsevier,10.1016,4,4,1,,,,,3,2,2,0,0,0,0,0,2526,Nearest-neighbour analysis|Kriging and variogram geostatistics|Deterministic interpolation,CLASSICAL|GEOSTATISTICAL,Disaster risk & hazards,,,,,,,,,ITA|ISR|USA|FRA,Global North,,,,Université de Grenoble/CNRS
R04491,2015,P2,2011-2020,Integration of electromagnetic induction sensor data in soil sampling scheme optimization using simulated annealing,10.1007/s10661-015-4570-y,https://www.scopus.com/pages/publications/84931261022?origin=resultslist,Springer Nature (Springer),10.1007,3,1,0,ITA,Global North,1,0,1,3,1,0,0,1,1,1,2203,Kriging and variogram geostatistics,GEOSTATISTICAL,Agriculture & food systems,Field survey & in-situ sampling,,,,,,Workflow / protocol formalised,,ITA,Global North,ITA,,country_name,
R04519,2014,P2,2011-2020,Hierarchical second-order analysis of replicated spatial point patterns with non-spatial covariates,10.1016/j.spasta.2013.07.006,https://www.scopus.com/pages/publications/84882544953?origin=resultslist,Elsevier,10.1016,2,2,1,,,,,2,2,2,0,0,0,0,0,646,Ripley's K / second-order PPA|Gaussian processes / NNGP,CLASSICAL|GEOSTATISTICAL,Public health & epidemiology,,,,,,,,,FIN|SWE,Global North,,,,Aalto University School of Science
R04521,2014,P2,2011-2020,"Spatio-temporal semiparametric models for NO2 and PM10 concentration levels in Athens, Greece",10.1016/j.scitotenv.2014.01.075,https://www.scopus.com/pages/publications/84894035617?origin=resultslist,Elsevier,10.1016,1,1,0,GRC,Global North,1,0,0,1,0,0,1,0,0,1,1550,,,Environmental monitoring & pollution|Ecology & biodiversity,,,,Daily to monthly,,Cross-validation / holdout,,,GRC,Global North,GRC,,city_region|country_name,Medical School of Athens
R04529,2011,P2,2011-2020,Spatial autocorrelation in predictors reduces the impact of positional uncertainty in occurrence data on species distribution modelling,10.1111/j.1365-2699.2011.02523.x,https://www.scopus.com/pages/publications/79960237642?origin=resultslist,Wiley,10.1111,2,2,1,,,,,2,5,2,1,1,1,0,0,2322,Spatial autocorrelation statistics|Classical machine learning,INFERENTIAL|LEARNING,Ecology & biodiversity,Simulated / synthetic data,,,,Positional / geocoding uncertainty,Monte Carlo / simulation envelope,,,NLD|IRN,Global North|Global South,,,,Graduate School of the Environment and Energy
R04566,2012,P2,2011-2020,Predicted Distribution of Major Malaria Vectors Belonging to the Anopheles dirus Complex in Asia: Ecological Niche and Environmental Influences,10.1371/journal.pone.0050475,https://www.scopus.com/pages/publications/84870663548?origin=resultslist,PLOS,10.1371,2,1,0,,,,,0,0,0,0,0,0,0,0,2103,,,Public health & epidemiology|Ecology & biodiversity,,,,,,,,,BEL,Global North,,,,
R04567,2013,P2,2011-2020,Fitting complex ecological point process models with integrated nested Laplace approximation,10.1111/2041-210x.12017,https://www.scopus.com/pages/publications/84875769838?origin=resultslist,Wiley,10.1111,4,2,1,,,,,2,2,2,0,0,0,0,0,1424,Point process models (Poisson/Cox/Hawkes)|Bayesian hierarchical spatial models,INFERENTIAL,Ecology & biodiversity,,INLA / R-INLA,,Annual to decadal,,,,,GBR|NOR,Global North,,,,School of Mathematics and Statistics
R04582,2013,P2,2011-2020,Spatiotemporal differences in tree spatial patterns between alluvial hardwood and mountain fir-beech forests: Do characteristic patterns exist?,10.1111/jvs.12018,https://www.scopus.com/pages/publications/84885172084?origin=resultslist,Wiley,10.1111,1,1,0,CZE,Global North,1,0,1,3,1,1,1,0,0,1,1989,Ripley's K / second-order PPA,CLASSICAL,Public health & epidemiology|Ecology & biodiversity|Disaster risk & hazards,,,,,Statistical uncertainty reported,Monte Carlo / simulation envelope,,,CZE,Global North,CZE,,country_name|demonym,
R04591,2013,P2,2011-2020,A model for the early identification of sources of airborne pathogens in an outdoor environment,10.1371/journal.pone.0080412,https://www.scopus.com/pages/publications/84891893639?origin=resultslist,PLOS,10.1371,4,2,1,NLD,Global North,1,0,0,1,0,0,0,1,0,1,1964,,,Public health & epidemiology|Agriculture & food systems,Simulated / synthetic data,,,,,,,,NLD|GBR,Global North,NLD,,country_name,Centre for Infectious Disease Control (CIb)
R04602,2013,P2,2011-2020,Simultaneous estimation of local-scale and flow path-scale dual-domain mass transfer parameters using geoelectrical monitoring,10.1002/wrcr.20397,https://www.scopus.com/pages/publications/84883732423?origin=resultslist,Wiley,10.1002,2,1,0,USA,Global North,1,0,0,1,0,1,0,0,0,1,2071,,,Transportation & mobility|Urban studies & planning,,,Neighbourhood / local,,Sensitivity analysis,,,,USA,Global North,USA,,city_region,
R04612,2012,P2,2011-2020,Trend analyses of hierarchical pin-point cover data,10.1890/11-1499.1,https://www.scopus.com/pages/publications/84862281085?origin=resultslist,Other / unmapped registrant,10.1890,1,1,0,DNK,Global North,1,0,0,0,0,0,0,0,0,1,1477,,,Ecology & biodiversity,,,,Annual to decadal,,,,,DNK,Global North,DNK,,demonym,
R04616,2014,P2,2011-2020,A High-resolution Precipitation 2-step mapping Procedure (HiP2P): Development and application to a tropical mountainous area,10.1016/j.rse.2013.08.036,https://www.scopus.com/pages/publications/84884382966?origin=resultslist,Elsevier,10.1016,3,2,1,ECU,Global South,0,1,0,3,0,0,1,1,1,1,2016,,,"Ecology & biodiversity|Geodesy, remote sensing & earth observation",Remote sensing & earth observation,,,Daily to monthly,,Cross-validation / holdout,Data availability stated,,ESP|NLD,Global North,ECU,,country_name,
R04641,2013,P2,2011-2020,Time-Lapse Analysis of Methane Quantity in the Mary Lee Group of Coal Seams Using Filter-Based Multiple-Point Geostatistical Simulation,10.1007/s11004-013-9474-1,https://www.scopus.com/pages/publications/84881073718?origin=resultslist,Springer Nature (Springer),10.1007,2,1,0,USA,Global North,1,0,2,2,2,0,0,0,0,1,3034,Kriging and variogram geostatistics|Deterministic interpolation,GEOSTATISTICAL,Environmental monitoring & pollution|Energy & infrastructure,,,Regional / sub-national,,,,,,USA,Global North,USA,,city_region,USGS
R04656,2012,P2,2011-2020,Application of Bayesian geostatistics for evaluation of mass discharge uncertainty at contaminated sites,10.1029/2011WR011785,https://www.scopus.com/pages/publications/84866989165?origin=resultslist,AGU (Wiley),10.1029,3,3,1,,,,,1,1,1,0,0,0,0,0,1903,Kriging and variogram geostatistics,GEOSTATISTICAL,Transportation & mobility|Environmental monitoring & pollution,,,,,,,,,GBR|DEU|DNK,Global North,,,,
R04666,2013,P2,2011-2020,Comparison of Four Spatial Interpolation Methods for Estimating Soil Moisture in a Complex Terrain Catchment,10.1371/journal.pone.0054660,https://www.scopus.com/pages/publications/84872805075?origin=resultslist,PLOS,10.1371,1,1,0,CHN,Global South,1,0,3,2,2,0,0,0,0,1,1970,Spatial autocorrelation statistics|Kriging and variogram geostatistics|Deterministic interpolation,GEOSTATISTICAL|INFERENTIAL,Transportation & mobility|Urban studies & planning|Ecology & biodiversity,,,Regional / sub-national,,,,,,CHN,Global South,CHN,,city_region|disambiguated,Research Center for Eco-Environmental Sciences
R04676,2013,P2,2011-2020,Topological and canonical kriging for design flood prediction in ungauged catchments: An improvement over a traditional regional regression approach?,10.5194/hess-17-1575-2013,https://www.scopus.com/pages/publications/84879067491?origin=resultslist,Copernicus (EGU),10.5194,4,2,1,USA,Global North,1,0,1,2,1,0,1,0,0,1,1812,Kriging and variogram geostatistics,GEOSTATISTICAL,Disaster risk & hazards,,,Regional / sub-national,,,Cross-validation / holdout,,,USA|ITA,Global North,USA,,country_name,School of Civil Engineering|Joint Research Centre
R04678,2012,P2,2011-2020,Spatial prediction of soil properties in a watershed scale through maximum likelihood approach,10.1007/s12665-011-1185-7,https://www.scopus.com/pages/publications/84858292497?origin=resultslist,Springer Nature (Springer),10.1007,3,1,0,IND,Global South,1,0,1,2,1,0,0,1,0,1,1349,Kriging and variogram geostatistics,GEOSTATISTICAL,,Field survey & in-situ sampling,,Regional / sub-national,,,,,,IND,Global South,IND,,disambiguated,
R04681,2013,P2,2011-2020,Electromagnetic induction for mapping textural contrasts of mine tailing deposits,10.1016/j.jappgeo.2012.11.005,https://www.scopus.com/pages/publications/84871659810?origin=resultslist,Elsevier,10.1016,4,1,0,USA,Global North,1,0,2,2,2,0,0,0,0,1,1807,Kriging and variogram geostatistics|Gaussian processes / NNGP,GEOSTATISTICAL,Ecology & biodiversity|Agriculture & food systems|Energy & infrastructure,,,,,,,,,USA,Global North,USA,,city_region,
R04694,2012,P2,2011-2020,The relationship between tree canopy and crime rates across an urban-rural gradient in the greater Baltimore region,10.1016/j.landurbplan.2012.03.010,https://www.scopus.com/pages/publications/84861344774?origin=resultslist,Elsevier,10.1016,2,1,0,USA,Global North,1,0,1,1,1,0,0,0,0,1,1607,Spatial regression / GWR,INFERENTIAL,Crime & security|Urban studies & planning|Ecology & biodiversity,,,,,,,,,USA,Global North,USA,,city_region,Rubenstein School of Environment
R04698,2014,P2,2011-2020,A novel methodology to estimate single-tree biophysical parameters from 3D digital imagery compared to aerial laser scanner data,10.3390/rs61111627,https://www.scopus.com/pages/publications/84938620507?origin=resultslist,MDPI,10.3390,2,1,0,,,,,0,3,0,0,1,2,0,0,2438,,,"Ecology & biodiversity|Retail & economic geography|Geodesy, remote sensing & earth observation",Remote sensing & earth observation|LiDAR & 3D point clouds,,,,,Accuracy metrics reported,,,ESP,Global North,,,,Consejo Superior de Investigaciones Científicas (CSIC)
R04706,2012,P2,2011-2020,Breach of the northern Rocky Mountain geoclimatic barrier: Initiation of range expansion by the mountain pine beetle,10.1111/j.1365-2699.2011.02673.x,https://www.scopus.com/pages/publications/84861203002?origin=resultslist,Wiley,10.1111,4,2,1,CAN,Global North,1,0,1,1,1,0,0,0,0,1,2030,Point process models (Poisson/Cox/Hawkes),INFERENTIAL,Transportation & mobility|Ecology & biodiversity,,,,Cross-sectional / static,,,,,CAN|USA,Global North,CAN|USA|GBR,,city_region|country_name|demonym,
R04715,2013,P2,2011-2020,Spatial variation of particle number concentration in school microscale environments and its impact on exposure assessment,10.1021/es400041r,https://www.scopus.com/pages/publications/84878253020?origin=resultslist,American Chemical Society,10.1021,1,1,0,AUS,Global North,1,0,0,0,0,0,0,0,0,1,2674,,,Transportation & mobility|Environmental monitoring & pollution,,,Micro / plot / building,,,,,,AUS,Global North,AUS,,city_region|country_name,
R04716,2012,P2,2011-2020,A Spatial Scan Approach to Detecting Focused-Global Clustering in Case-Control Data,10.1111/j.1538-4632.2012.00858.x,https://www.scopus.com/pages/publications/84867045294?origin=resultslist,Wiley,10.1111,1,1,0,CAN,Global North,1,0,1,2,1,0,0,1,0,1,1189,Space-time scan statistics,INFERENTIAL,Transportation & mobility|Urban studies & planning|Environmental monitoring & pollution,POI & commercial geodatabases,,,,,,,,CAN,Global North,CAN,Global / worldwide,city_region|country_name,School of Geography and Earth Sciences
R04720,2011,P2,2011-2020,Spatial association of signaling proteins and F-actin effects on cluster assembly analyzed via photoactivation localization microscopy in T cells,10.1371/journal.pone.0023586,https://www.scopus.com/pages/publications/80051973539?origin=resultslist,PLOS,10.1371,2,1,0,,,,,1,1,1,0,0,0,0,0,1695,Ripley's K / second-order PPA,CLASSICAL,,,,,,,,,,USA,Global North,,,,
R04735,2013,P2,2011-2020,Efficient missing data imputing for traffic flow by considering temporal and spatial dependence,10.1016/j.trc.2013.05.008,https://www.scopus.com/pages/publications/84880340417?origin=resultslist,Elsevier,10.1016,1,1,0,,,,,0,0,0,0,0,0,0,0,1138,,,Transportation & mobility,,,,Annual to decadal,,,,,CHN,Global South,,,,
R04746,2013,P2,2011-2020,GIS-based method for detecting high-crash-risk road segments using network kernel density estimation,10.1080/10095020.2013.766396,https://www.scopus.com/pages/publications/84880984108?origin=resultslist,Taylor & Francis,10.1080,2,1,0,IRN,Global South,1,0,5,2,2,0,0,0,0,1,2076,Kernel density estimation|Ripley's K / second-order PPA|Quadrat / intensity analysis|Spatial autocorrelation statistics|Network-constrained point analysis,CLASSICAL|INFERENTIAL|NETWORK,Transportation & mobility,,,Regional / sub-national,,,,,,IRN,Global South,IRN,,country_name,
R04747,2012,P2,2011-2020,Spatially aware model for optimal site selection,10.3141/2276-18,https://www.scopus.com/pages/publications/84872240582?origin=resultslist,Other / unmapped registrant,10.3141,2,1,0,GRC,Global North,1,0,2,3,2,0,0,1,0,1,1705,Spatial autocorrelation statistics|Spatial regression / GWR,INFERENTIAL,Transportation & mobility|Urban studies & planning|Retail & economic geography,POI & commercial geodatabases,,City / metropolitan,,,,,,GRC,Global North,GRC,,city_region|country_name,School of Rural and Surveying Engineering
R04754,2014,P2,2011-2020,"Mapping Soil Particle Size Fractions Using Compositional Kriging, Cokriging and Additive Log-ratio Cokriging in Two Case Studies",10.1007/s11004-013-9512-z,https://www.scopus.com/pages/publications/84900413122?origin=resultslist,Springer Nature (Springer),10.1007,4,1,0,,,,,1,1,1,0,0,0,0,0,1491,Kriging and variogram geostatistics,GEOSTATISTICAL,,,,,,,,,,CHN,Global South,,,,Chinese Academy of Sciences|School of Geography and Planning|Ministry of Environment Protection|Guangxi Academy of Forestry Sciences
R04760,2013,P2,2011-2020,Landslide susceptibility analysis with logistic regression model based on FCM sampling strategy,10.1016/j.cageo.2013.04.006,https://www.scopus.com/pages/publications/84877835260?origin=resultslist,Elsevier,10.1016,3,1,0,JPN,Global North,1,0,0,1,0,0,1,0,0,1,1666,,,Urban studies & planning|Disaster risk & hazards,,,,,,Accuracy metrics reported,,,JPN,Global North,JPN,,country_name,Graduate School of Engineering|River Basin Research Center
R04763,2013,P2,2011-2020,Spatial variability analysis of reference evapotranspiration in Iran utilizing fine resolution gridded datasets,10.1016/j.agwat.2013.05.003,https://www.scopus.com/pages/publications/84879424401?origin=resultslist,Elsevier,10.1016,2,2,1,IRN,Global South,1,0,1,2,1,0,1,0,0,1,2421,Kriging and variogram geostatistics,GEOSTATISTICAL,,,,,Daily to monthly,,Cross-validation / holdout,,,PRT|IRN,Global North|Global South,IRN,,country_name|demonym,
R04771,2013,P2,2011-2020,Waste rock dump investigation at Roşia Montanǎ gold mine (Romania): A geostatistical approach,10.1007/s12665-012-2100-6,https://www.scopus.com/pages/publications/84881658784?origin=resultslist,Springer Nature (Springer),10.1007,6,2,1,ROU,Global North,1,0,1,1,1,0,0,0,0,1,1705,Kriging and variogram geostatistics,GEOSTATISTICAL,Environmental monitoring & pollution,,,,,,,,,ITA|ROU,Global North,ROU,,country_name,European Commission's Joint Research Centre
R04775,2011,P2,2011-2020,Modeling uncertainties in sodium spatial dispersion using a computational intelligence-based kriging method,10.1016/j.cageo.2011.02.002,https://www.scopus.com/pages/publications/80052526855?origin=resultslist,Elsevier,10.1016,2,1,0,,,,,1,1,1,0,0,0,0,0,1109,Kriging and variogram geostatistics,GEOSTATISTICAL,Environmental monitoring & pollution,,,,,,,,,IRN,Global South,,,,
R04776,2014,P2,2011-2020,"Simulation and characterization of multi-class spatial patterns from stochastic point processes of randomness, clustering and regularity",10.1007/s00477-013-0824-9,https://www.scopus.com/pages/publications/84900797964?origin=resultslist,Springer Nature (Springer),10.1007,1,1,0,,,,,1,3,1,0,1,1,0,0,1820,Point process models (Poisson/Cox/Hawkes),INFERENTIAL,Ecology & biodiversity,Simulated / synthetic data,,,,,Monte Carlo / simulation envelope,,,TUR,Global South,,,,
R04789,2013,P2,2011-2020,Practical guidance on characterizing availability in resource selection functions under a use-availability design,10.1890/12-1688.1,https://www.scopus.com/pages/publications/84880536156?origin=resultslist,Other / unmapped registrant,10.1890,4,1,0,,,,,2,3,2,0,0,1,0,1,1501,Spatial autocorrelation statistics|Point process models (Poisson/Cox/Hawkes),INFERENTIAL,Ecology & biodiversity,Mobile phone & GPS trajectory data,,,,,,,,USA,Global North,,Global / worldwide,,
R04792,2013,P2,2011-2020,Footprint generation using fuzzy-neighborhood clustering,10.1007/s10707-012-0152-0,https://www.scopus.com/pages/publications/84875392250?origin=resultslist,Springer Nature (Springer),10.1007,2,1,0,USA,Global North,1,0,1,1,1,0,0,0,0,1,1570,Spatial clustering algorithms,INFERENTIAL,Crime & security|Urban studies & planning|Ecology & biodiversity,,,,,,,,,USA,Global North,USA,,city_region,
R04805,2013,P2,2011-2020,On the difficulty to delimit disease risk hot spots,10.1016/j.jag.2012.04.005,https://www.scopus.com/pages/publications/84883049310?origin=resultslist,Elsevier,10.1016,3,1,0,,,,,1,1,1,0,0,0,0,0,1471,Space-time scan statistics,INFERENTIAL,Public health & epidemiology|Ecology & biodiversity,,,Continental / global,,,,,,FRA,Global North,,,,
R04807,2013,P2,2011-2020,The spatial statistics formalism applied to mapping electromagnetic radiation in urban areas,10.1007/s10661-012-2555-7,https://www.scopus.com/pages/publications/84872001204?origin=resultslist,Springer Nature (Springer),10.1007,1,1,0,,,,,1,1,1,0,0,0,0,0,1449,Kriging and variogram geostatistics,GEOSTATISTICAL,Urban studies & planning,,,City / metropolitan,,,,,,ESP,Global North,,,,Polytechnic School
R04824,2013,P2,2011-2020,Evaluation of a coupled event-driven phenology and evapotranspiration model for croplands in the United States northern Great Plains,10.1002/jgrd.50387,https://www.scopus.com/pages/publications/84880253683?origin=resultslist,Wiley,10.1002,4,1,0,USA,Global North,1,0,0,3,0,0,1,2,0,1,2397,,,"Ecology & biodiversity|Agriculture & food systems|Geodesy, remote sensing & earth observation",Remote sensing & earth observation|Mobile phone & GPS trajectory data,,,Daily to monthly,,Accuracy metrics reported,,,USA,Global North,USA,,country_name|demonym,South Dakota State University Geographic Information Science Center of Excellence|United States Geological Survey Center for Earth Resources Observation and Science|NASA Goddard Space Flight Center|College Park
R04830,2013,P2,2011-2020,Mapping disease at an approximated individual level using aggregate data: A case study of mapping New Hampshire birth defects,10.3390/ijerph10094161,https://www.scopus.com/pages/publications/84883691869?origin=resultslist,MDPI,10.3390,3,1,0,USA,Global North,1,0,0,2,0,1,0,0,1,1,1365,,,Public health & epidemiology,,,,,Statistical uncertainty reported,,Data availability stated,,USA,Global North,USA,,city_region,Dartmouth College|The Children's Environmental Health and Disease Prevention Center
R04832,2014,P2,2011-2020,Impact of two geostatistical hydro-facies simulation strategies on head statistics under non-uniform groundwater flow,10.1016/j.jhydrol.2013.11.009,https://www.scopus.com/pages/publications/84888777275?origin=resultslist,Elsevier,10.1016,5,2,1,ITA,Global North,1,0,1,1,1,0,0,0,0,1,2227,Kriging and variogram geostatistics,GEOSTATISTICAL,Environmental monitoring & pollution,,,,,,,,,ITA|USA,Global North,ITA,,country_name,
R04848,2011,P2,2011-2020,New statistical methods for investigating submarine pockmarks,10.1016/j.cageo.2011.02.013,https://www.scopus.com/pages/publications/80052546533?origin=resultslist,Elsevier,10.1016,2,1,0,,,,,2,3,2,1,0,0,0,0,1154,Ripley's K / second-order PPA|Deterministic interpolation,CLASSICAL|GEOSTATISTICAL,Ecology & biodiversity,,,,,Edge effects,,,,GBR,Global North,,,,School of Physics and Astronomy|School of Earth Sciences
R04856,2012,P2,2011-2020,Cluster recognition in spatial-temporal sequences: The case of forest fires,10.1007/s10707-012-0161-z,https://www.scopus.com/pages/publications/84867086776?origin=resultslist,Springer Nature (Springer),10.1007,2,1,0,CHE,Global North,1,0,1,1,1,0,0,0,0,1,1701,Space-time scan statistics,INFERENTIAL,Ecology & biodiversity|Disaster risk & hazards,,,,,,,,,CHE,Global North,CHE,,country_name,
R04869,2013,P2,2011-2020,Multilevel Latent Gaussian Process Model for Mixed Discrete and Continuous Multivariate Response Data,10.1007/s13253-013-0136-z,https://www.scopus.com/pages/publications/84888019721?origin=resultslist,Springer Nature (Springer),10.1007,1,1,0,USA,Global North,1,0,2,2,2,0,0,0,0,1,1399,Bayesian hierarchical spatial models|Gaussian processes / NNGP,GEOSTATISTICAL|INFERENTIAL,Ecology & biodiversity,,,,,,,,,USA,Global North,USA,,city_region,
R04873,2012,P2,2011-2020,A Bayesian Approach to Fitting Gibbs Processes with Temporal Random Effects,10.1007/s13253-012-0111-0,https://www.scopus.com/pages/publications/84871284107?origin=resultslist,Springer Nature (Springer),10.1007,2,2,1,,,,,2,2,2,0,0,0,0,0,1537,Quadrat / intensity analysis|Point process models (Poisson/Cox/Hawkes),CLASSICAL|INFERENTIAL,,,,,Cross-sectional / static,,,,,GBR|NOR,Global North,,,,School of Mathematics and Statistics
R04878,2012,P2,2011-2020,Comparison of regression and kriging techniques for mapping the average annual precipitation of Turkey,10.1016/j.jag.2012.04.010,https://www.scopus.com/pages/publications/84872798110?origin=resultslist,Elsevier,10.1016,3,2,1,,,,,2,3,2,0,1,0,0,0,2869,Spatial regression / GWR|Kriging and variogram geostatistics,GEOSTATISTICAL|INFERENTIAL,Urban studies & planning|Ecology & biodiversity|Agriculture & food systems,,,National,Annual to decadal,,Accuracy metrics reported,,,TUR|NLD,Global North|Global South,,,,
R04886,2012,P2,2011-2020,Analysing infrequently sampled animal tracking data by incorporating generalized movement trajectories with kernel density estimation,10.1016/j.compenvurbsys.2011.12.001,https://www.scopus.com/pages/publications/84861222715?origin=resultslist,Elsevier,10.1016,2,1,0,USA,Global North,1,0,2,3,2,0,0,1,0,1,2053,Kernel density estimation|Deterministic interpolation,CLASSICAL|GEOSTATISTICAL,Transportation & mobility|Ecology & biodiversity,Mobile phone & GPS trajectory data,,,,,,,,USA,Global North,USA,,city_region,
R04890,2014,P2,2011-2020,Functional Principal Component Analysis of Spatiotemporal Point Processes With Applications in Disease Surveillance,10.1080/01621459.2014.885434,https://www.scopus.com/pages/publications/84907538883?origin=resultslist,Taylor & Francis,10.1080,2,1,0,USA,Global North,1,0,0,1,0,0,0,1,0,1,1272,,,Public health & epidemiology,Simulated / synthetic data,,,,,,,,USA,Global North,USA,,city_region,
R04892,2012,P2,2011-2020,Spatial statistics of objects in 3-D sonar images: Application to fisheries acoustics,10.1109/LGRS.2011.2160328,https://www.scopus.com/pages/publications/84655169577?origin=resultslist,IEEE,10.1109,2,1,0,,,,,0,1,0,0,0,1,0,0,775,,,Ecology & biodiversity,Remote sensing & earth observation,,,,,,,,FRA,Global North,,,,Institut Français de REcherche pour l'Exploitation de la MER
R04894,2013,P2,2011-2020,Coal seam surface modeling and updating with multi-source data integration using Bayesian Geostatistics,10.1016/j.enggeo.2013.07.009,https://www.scopus.com/pages/publications/84883050470?origin=resultslist,Elsevier,10.1016,1,1,0,CHN,Global South,1,0,2,2,2,0,0,0,0,1,1504,Bayesian hierarchical spatial models|Kriging and variogram geostatistics,GEOSTATISTICAL|INFERENTIAL,Energy & infrastructure,,,Neighbourhood / local,,,,,,CHN,Global South,CHN,,disambiguated,
R04896,2012,P2,2011-2020,Discovering Spatial Patterns in Origin-Destination Mobility Data,10.1111/j.1467-9671.2012.01344.x,https://www.scopus.com/pages/publications/84861569871?origin=resultslist,Wiley,10.1111,3,2,1,CHN,Global South,1,0,0,1,0,0,0,1,0,1,1252,,,Transportation & mobility|Ecology & biodiversity,Mobile phone & GPS trajectory data,,,Daily to monthly,,,,,USA|CHN,Global North|Global South,CHN,,city_region|disambiguated,School of Hydropower and Information Engineering
R04897,2012,P2,2011-2020,"Understanding the nesting spatial behaviour of gorillas in the Kagwene Sanctuary, Cameroon",10.1007/s00477-011-0541-1,https://www.scopus.com/pages/publications/84862653667?origin=resultslist,Springer Nature (Springer),10.1007,1,1,0,CMR,Global South,0,1,0,0,0,0,0,0,0,1,1119,,,Ecology & biodiversity,,,,,,,,,ESP,Global North,CMR,,country_name,
R04911,2012,P2,2011-2020,Spatio-temporal similarity of network-constrained moving object trajectories using sequence alignment of travel locations,10.1016/j.trc.2011.12.008,https://www.scopus.com/pages/publications/84859102171?origin=resultslist,Elsevier,10.1016,2,1,0,,,,,1,3,1,0,0,2,0,0,1335,Network-constrained point analysis,NETWORK,Crime & security|Transportation & mobility|Urban studies & planning,Mobile phone & GPS trajectory data|POI & commercial geodatabases,,,,,,,,IND,Global South,,,,School of Management and Business Studies|School of Computer Sciences
R04932,2012,P2,2011-2020,Modelling zoonotic diseases in humans: comparison of methods for hantavirus in Sweden,10.1186/1476-072X-11-39,https://www.scopus.com/pages/publications/84866145076?origin=resultslist,BMC / Springer Nature,10.1186,3,2,1,SWE,Global North,1,0,1,2,1,0,1,0,0,1,1573,Classical machine learning,LEARNING,Public health & epidemiology|Ecology & biodiversity,,,,,,Cross-validation / holdout,,,BEL|SWE,Global North,SWE,Europe (multi-country),country_name,Georges Lemaître Centre for Earth and Climate Research (TECLIM)|Umeå University Hospital
R04933,2012,P2,2011-2020,Residential radon concentration in the Abruzzo region (Italy): A different perspective for identifying radon prone areas,10.1007/s10651-011-0183-y,https://www.scopus.com/pages/publications/84862694230?origin=resultslist,Springer Nature (Springer),10.1007,2,1,0,ITA,Global North,1,0,3,3,2,0,0,1,0,1,1943,Space-time scan statistics|Bayesian hierarchical spatial models|Kriging and variogram geostatistics,GEOSTATISTICAL|INFERENTIAL,Public health & epidemiology,Simulated / synthetic data,,Micro / plot / building|City / metropolitan,,,,,,ITA,Global North,ITA,,country_name,
R04937,2012,P2,2011-2020,Multi-scale decomposition of point process data,10.1007/s10707-012-0165-8,https://www.scopus.com/pages/publications/84867080605?origin=resultslist,Springer Nature (Springer),10.1007,1,1,0,,,,,2,3,2,0,0,1,0,0,2225,Nearest-neighbour analysis|Bayesian hierarchical spatial models,CLASSICAL|INFERENTIAL,Ecology & biodiversity|Disaster risk & hazards,Simulated / synthetic data,,,,,,,,CHN,Global South,,,,
R04942,2014,P2,2011-2020,Nonlinear analysis of rainfall variability in Australia,10.1007/s00477-013-0689-y,https://www.scopus.com/pages/publications/84889081167?origin=resultslist,Springer Nature (Springer),10.1007,2,2,1,AUS,Global North,1,0,0,0,0,0,0,0,0,1,1590,,,Energy & infrastructure,,,,Daily to monthly|Annual to decadal,,,,,AUS|USA,Global North,AUS,,city_region|country_name,School of Civil and Environmental Engineering
R04951,2012,P2,2011-2020,A two-stage model for incidence and prevalence in point-level spatial count data,10.1002/env.1129,https://www.scopus.com/pages/publications/84857789217?origin=resultslist,Wiley,10.1002,1,1,0,,,,,2,4,2,0,0,2,0,0,1036,Bayesian hierarchical spatial models|Gaussian processes / NNGP,GEOSTATISTICAL|INFERENTIAL,Public health & epidemiology|Ecology & biodiversity,Field survey & in-situ sampling|Simulated / synthetic data,,,,,,,,USA,Global North,,,,
R04953,2013,P2,2011-2020,Modelling landscape dynamics in a glacial refugium - or the spatial and temporal fluctuations of tree line altitudes,10.1111/jbi.12120,https://www.scopus.com/pages/publications/84881611002?origin=resultslist,Wiley,10.1111,1,1,0,,,,,0,1,0,0,1,0,0,0,2060,,,Ecology & biodiversity,,,,Multi-decadal / historical,,Accuracy metrics reported,,,ITA,Global North,,,,
R04956,2014,P2,2011-2020,Transition probability-based stochastic geological modeling using airborne geophysical data and borehole data,10.1002/2013WR014593,https://www.scopus.com/pages/publications/84899036643?origin=resultslist,Wiley,10.1002,3,1,0,DNK,Global North,1,0,1,1,1,0,0,0,0,1,2367,Kriging and variogram geostatistics,GEOSTATISTICAL,,,,Regional / sub-national,,,,,,DNK,Global North,DNK,,country_name,
R04966,2012,P2,2011-2020,Spatial sampling design based on spectral approximations to the random field,10.1016/j.envsoft.2012.01.004,https://www.scopus.com/pages/publications/84858075160?origin=resultslist,Elsevier,10.1016,1,1,0,,,,,1,1,1,0,0,0,0,0,2092,Kriging and variogram geostatistics,GEOSTATISTICAL,Urban studies & planning|Retail & economic geography,,MATLAB,,,,,,,AUT,Global North,,,,
R04974,2014,P2,2011-2020,Blind source separation for groundwater pressure analysis based on nonnegative matrix factorization,10.1002/2013WR015037,https://www.scopus.com/pages/publications/84915789791?origin=resultslist,Wiley,10.1002,2,1,0,,,,,1,1,1,0,0,0,0,0,1735,Spatial clustering algorithms,INFERENTIAL,Environmental monitoring & pollution,,,,,,,,,USA,Global North,,,,
R04981,2012,P2,2011-2020,Spatial modeling for risk assessment of extreme values from environmental time series: A Bayesian nonparametric approach,10.1002/env.2177,https://www.scopus.com/pages/publications/84871680049?origin=resultslist,Wiley,10.1002,1,1,0,ZAF,Global South,0,1,2,3,2,0,0,1,0,1,1100,Point process models (Poisson/Cox/Hawkes)|Bayesian hierarchical spatial models,INFERENTIAL,Disaster risk & hazards,Simulated / synthetic data,,,Annual to decadal,,,,,USA,Global North,ZAF,,country_name,
R04990,2013,P2,2011-2020,"Regionalised spatiotemporal rainfall and temperature models for flood studies in the Basque Country, Spain",10.5194/hess-17-479-2013,https://www.scopus.com/pages/publications/84879054843?origin=resultslist,Copernicus (EGU),10.5194,3,2,1,ESP,Global North,1,0,1,1,1,0,0,0,0,1,2000,Point process models (Poisson/Cox/Hawkes),INFERENTIAL,Disaster risk & hazards,,,Regional / sub-national,Sub-daily / real-time|Daily to monthly,,,,,NZL|ESP,Global North,ESP,,country_name,Basque Water Agency
R04992,2012,P2,2011-2020,A robust method of thin plate spline and its application to DEM construction,10.1016/j.cageo.2012.05.018,https://www.scopus.com/pages/publications/84866182553?origin=resultslist,Elsevier,10.1016,3,1,0,CHN,Global South,1,0,2,3,2,0,0,1,0,1,1704,Kriging and variogram geostatistics|Deterministic interpolation,GEOSTATISTICAL,"Environmental monitoring & pollution|Geodesy, remote sensing & earth observation",LiDAR & 3D point clouds,,Regional / sub-national,,,,,,CHN,Global South,CHN,,city_region|disambiguated,Geomatics College|Shanghai Astronomical Observatory
R04996,2012,P2,2011-2020,"The Vineyard Yeast Microbiome, a Mixed Model Microbial Map",10.1371/journal.pone.0052609,https://www.scopus.com/pages/publications/84871585089?origin=resultslist,PLOS,10.1371,1,1,0,,,,,0,0,0,0,0,0,0,0,1886,,,Ecology & biodiversity|Agriculture & food systems|Retail & economic geography,,,,,,,,Surveillance / algorithmic bias,ZAF,Global South,,,,
R04999,2012,P2,2011-2020,"Observation and analysis of the urban heat island effect on soil in Nanjing, China",10.1007/s12665-011-1501-2,https://www.scopus.com/pages/publications/84865758928?origin=resultslist,Springer Nature (Springer),10.1007,1,1,0,CHN,Global South,1,0,0,0,0,0,0,0,0,1,1985,,,Urban studies & planning,,,City / metropolitan,Daily to monthly,,,,,CHN,Global South,CHN,,city_region|disambiguated,School of Earth Sciences and Engineering
R05004,2008,P1,2000-2010,An adaptive inverse-distance weighting spatial interpolation technique,10.1016/j.cageo.2007.07.010,https://www.scopus.com/pages/publications/45049086848?origin=resultslist,Elsevier,10.1016,1,1,0,,,,,2,2,2,0,0,0,0,0,1399,Kriging and variogram geostatistics|Deterministic interpolation,GEOSTATISTICAL,Urban studies & planning,,,,,,,,,USA,Global North,,,,
R05006,2010,P1,2000-2010,Spatial patterns of diabetes related health problems for vulnerable populations in Los Angeles,10.1186/1476-072X-9-43,https://www.scopus.com/pages/publications/77956832496?origin=resultslist,BMC / Springer Nature,10.1186,2,1,0,USA,Global North,1,0,0,1,0,0,0,1,0,1,1938,,,Public health & epidemiology|Urban studies & planning,Official / administrative records,,,,,,,Privacy / confidentiality,USA,Global North,USA,,city_region|country_name,College of Letters Arts and Sciences|Keck School of Medicine
R05007,2009,P1,2000-2010,Selecting pseudo-absence data for presence-only distribution modeling: How far should you stray from what you know?,10.1016/j.ecolmodel.2008.11.010,https://www.scopus.com/pages/publications/58849160847?origin=resultslist,Elsevier,10.1016,2,2,1,AUS,Global North,1,0,1,1,1,0,0,0,0,1,1514,Classical machine learning,LEARNING,Ecology & biodiversity,,,,,,,,,AUS|USA,Global North,AUS,,demonym,Centre for Tropical Biodiversity and Climate Change
R05012,2010,P1,2000-2010,Density estimation and adaptive bandwidths: A primer for public health practitioners,10.1186/1476-072X-9-39,https://www.scopus.com/pages/publications/77954812110?origin=resultslist,BMC / Springer Nature,10.1186,4,1,0,,,,,1,2,1,1,0,0,0,0,2190,Kernel density estimation,CLASSICAL,Public health & epidemiology|Urban studies & planning,,,,,MAUP / scale effects,,,,USA,Global North,,,,Norris Cotton Cancer Center|Dartmouth College|Dartmouth Medical School|Prevention Research Center at Dartmouth
R05014,2007,P1,2000-2010,Delineation of support domain of feature in the presence of noise,10.1016/j.cageo.2006.11.010,https://www.scopus.com/pages/publications/34249739551?origin=resultslist,Elsevier,10.1016,2,2,1,,,,,0,0,0,0,0,0,0,0,1751,,,Disaster risk & hazards,,,,,,,,Surveillance / algorithmic bias,CHN|USA,Global North|Global South,,,,
R05016,2010,P1,2000-2010,A comprehensive framework for exploratory spatial data analysis: Moran location and variance scatterplots,10.1080/17538940903253898,https://www.scopus.com/pages/publications/79960909056?origin=resultslist,Taylor & Francis,10.1080,2,2,1,,,,,2,2,2,0,0,0,0,0,1681,Spatial autocorrelation statistics|Kriging and variogram geostatistics,GEOSTATISTICAL|INFERENTIAL,Urban studies & planning,,,,,,,,,PRT|ESP,Global North,,,,
R05022,2010,P1,2000-2010,Annual and seasonal mean temperatures in Finland during the last 160 years based on gridded temperature data,10.1002/joc.2046,https://www.scopus.com/pages/publications/77954700857?origin=resultslist,Wiley,10.1002,1,1,0,FIN,Global North,1,0,1,1,1,0,0,0,0,1,1503,Kriging and variogram geostatistics,GEOSTATISTICAL,,,,,Daily to monthly|Annual to decadal|Multi-decadal / historical,,,,,FIN,Global North,FIN,Global / worldwide,country_name,
R05029,2010,P1,2000-2010,"Evaluation of small-area population estimation using LiDAR, Landsat TM and parcel data",10.1080/01431161.2010.496804,https://www.scopus.com/pages/publications/78549235390?origin=resultslist,Taylor & Francis,10.1080,1,1,0,USA,Global North,1,0,1,3,1,0,0,2,0,1,1465,Spatial regression / GWR,INFERENTIAL,"Retail & economic geography|Geodesy, remote sensing & earth observation",Official / administrative records|Remote sensing & earth observation|LiDAR & 3D point clouds,,Neighbourhood / local,,,,,,USA,Global North,USA,,city_region,
R05034,2008,P1,2000-2010,"Intra-urban variability of air pollution in Windsor, Ontario-Measurement and modeling for human exposure assessment",10.1016/j.envres.2007.09.004,https://www.scopus.com/pages/publications/36248970697?origin=resultslist,Elsevier,10.1016,3,1,0,CAN,Global North,1,0,0,0,0,0,0,0,0,1,3262,,,Public health & epidemiology|Transportation & mobility|Urban studies & planning|Environmental monitoring & pollution,,,City / metropolitan,Annual to decadal,,,,,CAN,Global North,CAN|USA,,city_region|country_name,
R05035,2008,P1,2000-2010,Influence of heterogeneity on the interpretation of pumping test data in leaky aquifers,10.1029/2008WR007120,https://www.scopus.com/pages/publications/58149096145?origin=resultslist,AGU (Wiley),10.1029,6,3,1,USA,Global North,1,0,0,0,0,0,0,0,0,1,1724,,,,,,,,,,,,TUR|ESP|USA,Global North|Global South,USA,,demonym,
R05044,2010,P1,2000-2010,"Uncertainty management of a hydrogeological data set in a greek lignite basin, using BME",10.1007/s00477-008-0298-3,https://www.scopus.com/pages/publications/77949774509?origin=resultslist,Springer Nature (Springer),10.1007,2,1,0,GRC,Global North,1,0,1,1,1,0,0,0,0,1,1856,Kriging and variogram geostatistics,GEOSTATISTICAL,Environmental monitoring & pollution|Energy & infrastructure,,,Regional / sub-national,Daily to monthly,,,,,GRC,Global North,GRC,,country_name|demonym,School of Mining and Metallurgical Engineering
R05046,2008,P1,2000-2010,Validity of regional rainfall spatial distribution methods in mountainous areas,10.1061/(ASCE)1084-0699(2008)13:7(531),https://www.scopus.com/pages/publications/45749107476?origin=resultslist,ASCE,10.1061,2,1,0,IRN,Global South,1,0,1,2,1,0,1,0,0,1,1697,Kriging and variogram geostatistics,GEOSTATISTICAL,,,,,Annual to decadal,,Cross-validation / holdout,,,IRN,Global South,IRN,,country_name,
R05047,2007,P1,2000-2010,Statistical analysis of spatial point patterns on deep seismic reflection data: A preliminary test,10.1111/j.1365-246X.2007.03572.x,https://www.scopus.com/pages/publications/35348887765?origin=resultslist,Wiley,10.1111,3,2,1,CAN,Global North,1,0,0,0,0,0,0,0,0,1,751,,,Disaster risk & hazards,,,,,,,,,CAN|DEU,Global North,CAN,,country_name,
R05048,2006,P1,2000-2010,Spatial analysis and mapping of malaria risk in Malawi using point-referenced prevalence of infection data,10.1186/1476-072X-5-41,https://www.scopus.com/pages/publications/33749520449?origin=resultslist,BMC / Springer Nature,10.1186,3,3,1,MWI,Global South,1,0,1,1,1,0,0,0,0,1,1724,Kriging and variogram geostatistics,GEOSTATISTICAL,Public health & epidemiology|Disaster risk & hazards,,,,Annual to decadal,,,,,MWI|ZAF|USA,Global North|Global South,MWI,,country_name,Chancellor College|Center for Disease Control
R05050,2007,P1,2000-2010,Local indicators of network-constrained clusters in spatial point patterns,10.1111/j.1538-4632.2007.00704.x,https://www.scopus.com/pages/publications/34250662644?origin=resultslist,Wiley,10.1111,2,1,0,USA,Global North,1,0,2,2,2,0,0,0,0,1,1876,Ripley's K / second-order PPA|Network-constrained point analysis,CLASSICAL|NETWORK,Transportation & mobility,,,Neighbourhood / local,,,,,,USA,Global North,USA,,city_region,
R05060,2010,P1,2000-2010,Modeling the spatial distribution and fruiting pattern of a key tree species in a neotropical forest: Methodology and potential applications,10.1371/journal.pone.0015002,https://www.scopus.com/pages/publications/78649598312?origin=resultslist,PLOS,10.1371,8,3,1,USA,Global North,1,0,1,3,1,0,0,2,0,1,1767,Point process models (Poisson/Cox/Hawkes),INFERENTIAL,"Ecology & biodiversity|Geodesy, remote sensing & earth observation",Official / administrative records|Remote sensing & earth observation|Simulated / synthetic data,,,,,,,,USA|DEU|NLD,Global North,USA|PAN,,city_region|disambiguated,
R05077,2007,P1,2000-2010,Evaluating the uncertainty caused by post office box addresses in environmental health studies: A restricted Monte Carlo approach,10.1080/13658810600924211,https://www.scopus.com/pages/publications/33947539377?origin=resultslist,Taylor & Francis,10.1080,1,1,0,USA,Global North,1,0,0,0,0,0,0,0,0,1,1385,,,Public health & epidemiology,,,,,,,,,USA,Global North,USA,,city_region,Dartmouth College
R05078,2009,P1,2000-2010,Modelling the spatial structure of forest stands by multivariate point processes with hierarchical interactions,10.1016/j.ecolmodel.2009.02.021,https://www.scopus.com/pages/publications/63549116445?origin=resultslist,Elsevier,10.1016,3,2,1,,,,,0,0,0,0,0,0,0,0,1320,,,Ecology & biodiversity,,,,,,,,,RUS|SWE,Global North,,,,
R05082,2008,P1,2000-2010,Daily solar irradiation estimation over a mountainous area using artificial neural networks,10.1016/j.renene.2007.09.012,https://www.scopus.com/pages/publications/40949120619?origin=resultslist,Elsevier,10.1016,2,1,0,ESP,Global North,1,0,1,2,1,0,1,0,0,1,2038,Deep learning,LEARNING,Environmental monitoring & pollution|Energy & infrastructure,,,,Daily to monthly,,Accuracy metrics reported,,,ESP,Global North,ESP|USA,Global / worldwide,city_region|country_name,
R05089,2011,P2,2011-2020,INTAMAP: The design and implementation of an interoperable automated interpolation web service,10.1016/j.cageo.2010.03.019,https://www.scopus.com/pages/publications/79952191338?origin=resultslist,Elsevier,10.1016,9,6,1,,,,,0,0,0,0,0,0,0,0,1092,,,,,R (base/tidyverse),,,,,,,DEU|GBR|BEL|NLD|GRC|AUT,Global North,,,,Joint Research Centre of the European Commission
R05102,2008,P1,2000-2010,Stochastic transport theory for investigating the three-dimensional canopy structure from space measurements,10.1016/j.rse.2006.05.026,https://www.scopus.com/pages/publications/36248950694?origin=resultslist,Elsevier,10.1016,3,2,1,,,,,1,2,1,0,0,1,0,0,1924,Ripley's K / second-order PPA,CLASSICAL,"Transportation & mobility|Ecology & biodiversity|Geodesy, remote sensing & earth observation",Remote sensing & earth observation,,,,,,,,USA|FIN,Global North,,,,NASA's Goddard Space Flight Center
R05103,2009,P1,2000-2010,Statistical analysis of metallic anomaly patterns at former air force bombing ranges,10.1007/s00477-007-0206-2,https://www.scopus.com/pages/publications/58249094705?origin=resultslist,Springer Nature (Springer),10.1007,2,1,0,USA,Global North,1,0,0,0,0,0,0,0,0,1,2023,,,,,,,,,,,Surveillance / algorithmic bias,USA,Global North,USA,,city_region,School of Public Health
R05110,2009,P1,2000-2010,"Validation of Bayesian kriging of arsenic, chromium, lead, and mercury surface soil concentrations based on internode sampling",10.1021/es803322w,https://www.scopus.com/pages/publications/67449141707?origin=resultslist,American Chemical Society,10.1021,5,1,0,,,,,1,3,1,0,1,1,0,0,1396,Kriging and variogram geostatistics,GEOSTATISTICAL,,Field survey & in-situ sampling,,,,,Cross-validation / holdout,,,USA,Global North,,,,School of Public Health and Health Sciences
R05127,2009,P1,2000-2010,Residential traffic exposure and children's emergency department presentation for asthma: A spatial study,10.1186/1476-072X-8-63,https://www.scopus.com/pages/publications/71949115828?origin=resultslist,BMC / Springer Nature,10.1186,3,1,0,AUS,Global North,1,0,1,1,1,0,0,0,0,1,2016,Kernel density estimation,CLASSICAL,Transportation & mobility|Urban studies & planning|Environmental monitoring & pollution,,,City / metropolitan,,,,,,AUS,Global North,AUS,,city_region|country_name,School of Population Health M431|Cooperative Research Centre for Asthma|Centre for Child Health Research
R05133,2007,P1,2000-2010,"A comparison of spatial clustering and cluster detection techniques for childhood leukemia incidence in Ohio, 1996-2003",10.1186/1476-072X-6-13,https://www.scopus.com/pages/publications/34147216291?origin=resultslist,BMC / Springer Nature,10.1186,1,1,0,USA,Global North,1,0,3,3,2,0,0,1,0,1,2433,Nearest-neighbour analysis|Quadrat / intensity analysis|Space-time scan statistics,CLASSICAL|INFERENTIAL,Public health & epidemiology,Official / administrative records,SaTScan,,,,,,,USA,Global North,USA,Global / worldwide,city_region,
R05135,2010,P1,2000-2010,Bayesian spatial point process modeling of line transect data,10.1007/s13253-010-0024-8,https://www.scopus.com/pages/publications/79960983367?origin=resultslist,Springer Nature (Springer),10.1007,3,2,1,,,,,3,3,2,0,0,1,0,1,1294,Quadrat / intensity analysis|Point process models (Poisson/Cox/Hawkes)|Bayesian hierarchical spatial models,CLASSICAL|INFERENTIAL,Ecology & biodiversity,Simulated / synthetic data,,,,,,,,FIN|ESP,Global North,,Polar (multi-country),,
R05136,2007,P1,2000-2010,Mapping snow characteristics based on snow observation probability,10.1002/joc.1494,https://www.scopus.com/pages/publications/34548017057?origin=resultslist,Wiley,10.1002,1,1,0,IRN,Global South,1,0,0,1,0,0,0,1,0,1,1906,,,"Geodesy, remote sensing & earth observation",Remote sensing & earth observation,,,Sub-daily / real-time|Daily to monthly|Annual to decadal,,,,,IRN,Global South,IRN,,country_name,
R05148,2008,P1,2000-2010,Geostatistical approaches and optimal additional sampling schemes for spatial patterns and future sampling of bird diversity,10.1111/j.1466-8238.2007.00352.x,https://www.scopus.com/pages/publications/38949150005?origin=resultslist,Wiley,10.1111,3,1,0,TWN,Global North,1,0,1,1,1,0,0,0,0,1,2058,Kriging and variogram geostatistics,GEOSTATISTICAL,Urban studies & planning|Ecology & biodiversity,,,Micro / plot / building|Regional / sub-national,,,,,,TWN,Global North,TWN,,country_name,
R05159,2010,P1,2000-2010,An error analysis for the hybrid gridding of Texas daily precipitation data,10.1002/joc.1917,https://www.scopus.com/pages/publications/77950119901?origin=resultslist,Wiley,10.1002,1,1,0,USA,Global North,1,0,1,3,1,0,1,1,0,1,1617,Deterministic interpolation,GEOSTATISTICAL,"Agriculture & food systems|Geodesy, remote sensing & earth observation",Remote sensing & earth observation,,,Daily to monthly,,Cross-validation / holdout,,,USA,Global North,USA,Global / worldwide,city_region|country_name,
R05161,2006,P1,2000-2010,An empirical evaluation of spatial regression models,10.1016/j.cageo.2006.02.010,https://www.scopus.com/pages/publications/33746496804?origin=resultslist,Elsevier,10.1016,3,3,1,,,,,1,2,1,0,1,0,0,0,1501,Spatial regression / GWR,INFERENTIAL,,,,,,,Cross-validation / holdout,,,CHN|JPN|CAN,Global North|Global South,,,,Chinese Academy of Sciences|Center for Spatial Information Science
R05162,2009,P1,2000-2010,The spatial distribution of vegetation types in the Serengeti ecosystem: The influence of rainfall and topographic relief on vegetation patch characteristics,10.1111/j.1365-2699.2008.02017.x,https://www.scopus.com/pages/publications/62149126219?origin=resultslist,Wiley,10.1111,6,4,1,KEN,Global South,0,1,1,3,1,0,1,1,0,1,2471,Nearest-neighbour analysis,CLASSICAL,"Ecology & biodiversity|Geodesy, remote sensing & earth observation",Remote sensing & earth observation,,,Annual to decadal,,Independent / ground-truth validation,,,USA|NLD|CAN|BEL,Global North,KEN|TZA,,country_name,Centre for Ecological and Evolutionary Studies|College Park|Centre for Biodiversity Research
R05171,2006,P1,2000-2010,Inverse stochastic moment analysis of steady state flow in randomly heterogeneous media,10.1029/2005WR004449,https://www.scopus.com/pages/publications/33745441083?origin=resultslist,AGU (Wiley),10.1029,6,4,1,USA,Global North,1,0,1,1,1,0,0,0,0,1,1881,Kriging and variogram geostatistics,GEOSTATISTICAL,,,,,,,,,Surveillance / algorithmic bias,USA|MEX|ITA|ESP,Global North|Global South,USA,,demonym,
R05174,2011,P2,2011-2020,Georeferencing incidents from locality descriptions and its applications: A case study from Yosemite National Park Search and Rescue,10.1111/j.1467-9671.2011.01290.x,https://www.scopus.com/pages/publications/82155184347?origin=resultslist,Wiley,10.1111,4,2,1,,,,,0,0,0,0,0,0,0,0,1346,,,,,,,,,,,,USA|CHN,Global North|Global South,,,,School of Engineering
R05178,2007,P1,2000-2010,Delineation of site-specific management zones using fuzzy clustering analysis in a coastal saline land,10.1016/j.compag.2007.01.013,https://www.scopus.com/pages/publications/33947254941?origin=resultslist,Elsevier,10.1016,3,1,0,,,,,1,2,1,0,0,1,0,0,1693,Kriging and variogram geostatistics,GEOSTATISTICAL,Agriculture & food systems,Field survey & in-situ sampling,,,,,,,,CHN,Global South,,,,College of Southeast Land Management|College of Environmental and Resource Sciences
R05183,2009,P1,2000-2010,Detecting feature from spatial point processes using Collective Nearest Neighbor,10.1016/j.compenvurbsys.2009.08.001,https://www.scopus.com/pages/publications/70449699684?origin=resultslist,Elsevier,10.1016,2,2,1,CHN,Global South,1,0,2,3,2,0,0,1,0,1,1635,Nearest-neighbour analysis|Space-time scan statistics,CLASSICAL|INFERENTIAL,Disaster risk & hazards,Simulated / synthetic data,,,,,,,,CHN|USA,Global North|Global South,CHN,,disambiguated,
R05187,2010,P1,2000-2010,A power comparison of generalized additive models and the spatial scan statistic in a case-control setting,10.1186/1476-072X-9-37,https://www.scopus.com/pages/publications/77954664071?origin=resultslist,BMC / Springer Nature,10.1186,2,1,0,,,,,1,1,1,0,0,0,0,0,2234,Space-time scan statistics,INFERENTIAL,Public health & epidemiology,,,,,,,,,USA,Global North,,,,Boston University School of Public Health
R05191,2008,P1,2000-2010,Social-ecological hotspots mapping: A spatial approach for identifying coupled social-ecological space,10.1016/j.landurbplan.2007.09.007,https://www.scopus.com/pages/publications/39749140325?origin=resultslist,Elsevier,10.1016,2,1,0,USA,Global North,1,0,0,0,0,0,0,0,0,1,1776,,,Ecology & biodiversity,,,,,,,,,USA,Global North,USA,,city_region,Green Mountain College
R05195,2008,P1,2000-2010,On consistent nonparametric intensity estimation for inhomogeneous spatial point processes,10.1198/016214508000000526,https://www.scopus.com/pages/publications/54949119164?origin=resultslist,ASA (Taylor & Francis),10.1198,1,1,0,,,,,2,3,2,0,0,1,0,0,1207,Kernel density estimation|Quadrat / intensity analysis,CLASSICAL,Urban studies & planning,POI & commercial geodatabases,,,,,,,,USA,Global North,,,,
R05199,2011,P2,2011-2020,Modelling potential distribution of the threatened tree species Juniperus oxycedrus: How to evaluate the predictions of different modelling approaches?,10.1111/j.1654-1103.2011.01269.x,https://www.scopus.com/pages/publications/79960075050?origin=resultslist,Wiley,10.1111,1,1,0,MAR,Global South,0,1,1,1,1,0,0,0,0,1,1827,Classical machine learning,LEARNING,Ecology & biodiversity,,,,,,,,,DEU,Global North,MAR,,country_name,
R05204,2008,P1,2000-2010,Multiple-point geostatistics for modeling subsurface heterogeneity: A comprehensive review,10.1029/2008WR006993,https://www.scopus.com/pages/publications/58149101312?origin=resultslist,AGU (Wiley),10.1029,5,2,1,USA,Global North,1,0,1,1,1,0,0,0,0,1,2070,Kriging and variogram geostatistics,GEOSTATISTICAL,Ecology & biodiversity,,,,Multi-decadal / historical,,,,,FRA|USA,Global North,USA,Global / worldwide,demonym,Institut Français du Petrole
R05210,2009,P1,2000-2010,Spatial data mining and geographic knowledge discovery-An introduction,10.1016/j.compenvurbsys.2009.11.001,https://www.scopus.com/pages/publications/70449699746?origin=resultslist,Elsevier,10.1016,2,1,0,,,,,0,2,0,0,0,2,0,1,1594,,,"Social media & digital society|Energy & infrastructure|Geodesy, remote sensing & earth observation",Remote sensing & earth observation|Volunteered geographic information,,,,,,,,USA,Global North,,Global / worldwide,,
R05216,2010,P1,2000-2010,Evidence for the spatial segregation hypothesis: A test with nine-year survivorship data in a Mediterranean shrubland,10.1890/09-0385.1,https://www.scopus.com/pages/publications/77954177243?origin=resultslist,Other / unmapped registrant,10.1890,3,2,1,,,,,0,0,0,0,0,0,0,0,2141,,,Public health & epidemiology|Ecology & biodiversity,,,,,,,,,ESP|DEU,Global North,,,,UFZ Helmholtz Centre for Environmental Research-UFZ
R05217,2009,P1,2000-2010,Spatial analysis of plague in California: Niche modeling predictions of the current distribution and potential response to climate change,10.1186/1476-072X-8-38,https://www.scopus.com/pages/publications/68349089034?origin=resultslist,BMC / Springer Nature,10.1186,2,1,0,USA,Global North,1,0,1,2,1,0,1,0,0,1,2207,Classical machine learning,LEARNING,Ecology & biodiversity|Agriculture & food systems,,,,,,Accuracy metrics reported,,,USA,Global North,USA,,city_region|country_name,Center for Infectious Diseases
R05220,2008,P1,2000-2010,Kernel Density Estimation of traffic accidents in a network space,10.1016/j.compenvurbsys.2008.05.001,https://www.scopus.com/pages/publications/53949112256?origin=resultslist,Elsevier,10.1016,2,1,0,USA,Global North,1,0,1,1,1,0,0,0,0,1,2095,Kernel density estimation,CLASSICAL,Transportation & mobility,,ArcGIS / ArcMap / ArcGIS Pro,,,,,,,USA,Global North,USA,Global / worldwide,city_region,
R05237,2010,P1,2000-2010,On the use of nearest neighbor contingency tables for testing spatial segregation,10.1007/s10651-008-0104-x,https://www.scopus.com/pages/publications/77954264727?origin=resultslist,Springer Nature (Springer),10.1007,1,1,0,,,,,0,3,0,1,1,1,0,0,1601,,,,Simulated / synthetic data,,,,Edge effects,Monte Carlo / simulation envelope,,,TUR,Global South,,,,
R05240,2008,P1,2000-2010,Analysis of a distribution of point events using the network-based quadrat method,10.1111/j.0016-7363.2008.00735.x,https://www.scopus.com/pages/publications/52249106622?origin=resultslist,Wiley,10.1111,1,1,0,,,,,2,3,2,1,0,0,0,0,1435,Quadrat / intensity analysis|Spatial autocorrelation statistics,CLASSICAL|INFERENTIAL,,,,Micro / plot / building,,Sensitivity analysis,,,,JPN,Global North,,,,Center for Spatial Information Science
R05243,2011,P2,2011-2020,K-scan for anomaly detection in disease surveillance,10.1002/env.1042,https://www.scopus.com/pages/publications/79953129857?origin=resultslist,Wiley,10.1002,1,1,0,USA,Global North,1,0,3,4,2,0,1,1,0,1,1805,Quadrat / intensity analysis|Space-time scan statistics|Point process models (Poisson/Cox/Hawkes),CLASSICAL|INFERENTIAL,Public health & epidemiology|Ecology & biodiversity|Agriculture & food systems,Simulated / synthetic data,SaTScan,,,,Monte Carlo / simulation envelope,,,USA,Global North,USA,,city_region,
R05253,2008,P1,2000-2010,Network density estimation: A GIS approach for analysing point patterns in a network space,10.1111/j.1467-9671.2008.01107.x,https://www.scopus.com/pages/publications/47149098021?origin=resultslist,Wiley,10.1111,2,1,0,ITA,Global North,1,0,2,2,2,0,0,0,0,1,1576,Kernel density estimation|Network-constrained point analysis,CLASSICAL|NETWORK,Urban studies & planning,,,,,,,,,ITA,Global North,ITA,,country_name,
R05254,2011,P2,2011-2020,Hotspot analysis of spatial environmental pollutants using kernel density estimation and geostatistical techniques,10.3390/ijerph8010075,https://www.scopus.com/pages/publications/79851495111?origin=resultslist,MDPI,10.3390,3,1,0,TWN,Global North,1,0,3,2,2,0,0,0,0,1,1361,Kernel density estimation|Getis-Ord hotspot statistics|Kriging and variogram geostatistics,CLASSICAL|GEOSTATISTICAL|INFERENTIAL,Environmental monitoring & pollution|Disaster risk & hazards|Agriculture & food systems,,,,,,,,,TWN,Global North,TWN,,country_name,
R05293,2007,P1,2000-2010,Multiscale and surface pattern analysis of the effect of landscape pattern on carabid beetles distribution,10.1016/j.ecolind.2006.07.002,https://www.scopus.com/pages/publications/33947671353?origin=resultslist,Elsevier,10.1016,2,1,0,FRA,Global North,1,0,0,0,0,0,0,0,0,1,1732,,,Ecology & biodiversity|Agriculture & food systems,,,,,,,,,FRA,Global North,FRA,,country_name,CNRS-UMR 6553
R05298,2009,P1,2000-2010,Test of statistical means for the extrapolation of soil depth point information using overlays of spatial environmental data and bootstrapping techniques,10.1002/hyp.7413,https://www.scopus.com/pages/publications/70350128032?origin=resultslist,Wiley,10.1002,5,4,1,SWE,Global North,1,0,1,3,1,0,2,0,0,1,1900,Kriging and variogram geostatistics,GEOSTATISTICAL,,,,Regional / sub-national,,,Accuracy metrics reported|Monte Carlo / simulation envelope,,,USA|DEU|CHE|SWE,Global North,SWE,,country_name,
R05302,2009,P1,2000-2010,"Spatial prediction of species' distributions from occurrence-only records: combining point pattern analysis, ENFA and regression-kriging",10.1016/j.ecolmodel.2009.06.038,https://www.scopus.com/pages/publications/70449514936?origin=resultslist,Elsevier,10.1016,4,2,1,NLD,Global North,1,0,2,3,2,0,1,0,0,1,2034,Kernel density estimation|Kriging and variogram geostatistics,CLASSICAL|GEOSTATISTICAL,Ecology & biodiversity,,R (base/tidyverse)|spatstat (R),,,,Cross-validation / holdout,,,NLD|HRV,Global North,NLD|HRV,,country_name,SOVON Dutch Centre for Field Ornithology|Croatian Academy of Sciences and Arts
R05309,2009,P1,2000-2010,Objective selection of suitable unit cell size in data-driven modeling of mineral prospectivity,10.1016/j.cageo.2009.02.008,https://www.scopus.com/pages/publications/70249139799?origin=resultslist,Elsevier,10.1016,1,1,0,,,,,0,0,0,0,0,0,0,0,2015,,,,,,,,,,,,NLD,Global North,,,,
R05313,2008,P1,2000-2010,Geotechnical characterization of the upper Pleistocene-Holocene alluvial deposits of Roma (Italy) by means of multivariate geostatistics: Cross-validation results,10.1016/j.enggeo.2008.06.007,https://www.scopus.com/pages/publications/53749090049?origin=resultslist,Elsevier,10.1016,4,2,1,ITA,Global North,1,0,1,2,1,0,1,0,0,1,2146,Kriging and variogram geostatistics,GEOSTATISTICAL,Urban studies & planning,,,,,,Cross-validation / holdout,,,ITA|BRA,Global North|Global South,ITA,,country_name,
R05314,2011,P2,2011-2020,Mapping population change index in Southern Serbia (1961-2027) as a function of environmental factors,10.1016/j.compenvurbsys.2010.09.005,https://www.scopus.com/pages/publications/78650195902?origin=resultslist,Elsevier,10.1016,3,2,1,SRB,Global North,1,0,1,5,1,0,2,1,1,1,1995,Classical machine learning,LEARNING,Urban studies & planning|Ecology & biodiversity,Official / administrative records,R (base/tidyverse)|spatstat (R),,,,Cross-validation / holdout|Accuracy metrics reported,Code or software shared,,SRB|NLD,Global North,SRB,,country_name,
R05329,2008,P1,2000-2010,Sensitivity of a lumped and semi-distributed hydrological model to several methods of rainfall interpolation on a large basin in West Africa,10.1016/j.jhydrol.2008.07.049,https://www.scopus.com/pages/publications/52949125954?origin=resultslist,Elsevier,10.1016,3,1,0,,,,,2,2,2,0,0,0,0,1,3379,Kriging and variogram geostatistics|Deterministic interpolation,GEOSTATISTICAL,,,,Regional / sub-national,Daily to monthly|Annual to decadal,,,,Surveillance / algorithmic bias,FRA,Global North,,Africa (multi-country),,CNRS
R05332,2011,P2,2011-2020,The colocation quotient: A new measure of spatial association between categorical subsets of points,10.1111/j.1538-4632.2011.00821.x,https://www.scopus.com/pages/publications/79960391170?origin=resultslist,Wiley,10.1111,2,1,0,,,,,2,2,2,0,0,0,0,0,2674,Ripley's K / second-order PPA|Spatial autocorrelation statistics,CLASSICAL|INFERENTIAL,Ecology & biodiversity|Energy & infrastructure,,,,,,,,,USA,Global North,,,,
R05336,2007,P1,2000-2010,Determination of management zones in corn (Zea mays L.) based on soil fertility,10.1016/j.compag.2006.12.011,https://www.scopus.com/pages/publications/34249042907?origin=resultslist,Elsevier,10.1016,2,1,0,,,,,1,1,1,0,0,0,0,0,2123,Kriging and variogram geostatistics,GEOSTATISTICAL,Urban studies & planning|Agriculture & food systems|Retail & economic geography,,,City / metropolitan,,,,,Surveillance / algorithmic bias,CHL,Global South,,,,
R05346,2011,P2,2011-2020,Nonparametric evaluation of dynamic disease risk: A spatio-temporal kernel approach,10.1371/journal.pone.0017381,https://www.scopus.com/pages/publications/79952634853?origin=resultslist,PLOS,10.1371,5,3,1,,,,,1,2,1,0,0,1,0,0,1227,Kernel density estimation,CLASSICAL,Public health & epidemiology|Agriculture & food systems,Mobile phone & GPS trajectory data,,,,,,,,CAN|CHN|MYS,Global North|Global South,,,,
R05348,2010,P1,2000-2010,An improved statistical approach to merge satellite rainfall estimates and raingauge data,10.1016/j.jhydrol.2010.01.023,https://www.scopus.com/pages/publications/77950857979?origin=resultslist,Elsevier,10.1016,1,1,0,AUS,Global North,1,0,2,4,2,0,1,1,0,1,2310,Kernel density estimation|Kriging and variogram geostatistics,CLASSICAL|GEOSTATISTICAL,"Geodesy, remote sensing & earth observation",Remote sensing & earth observation,,National,Daily to monthly,,Cross-validation / holdout,,,AUS,Global North,AUS,,demonym,CSIRO Mathematical and Information Sciences
R05366,2009,P1,2000-2010,Stationarity scores on training images for multipoint geostatistics,10.1007/s11004-008-9194-0,https://www.scopus.com/pages/publications/67349203859?origin=resultslist,Springer Nature (Springer),10.1007,5,2,1,,,,,1,1,1,0,0,0,0,0,1923,Kriging and variogram geostatistics,GEOSTATISTICAL,Disaster risk & hazards,,,,,,,,,USA|NOR,Global North,,,,
R05369,2008,P1,2000-2010,A reference business process for ecological niche modelling,10.1016/j.ecoinf.2007.12.003,https://www.scopus.com/pages/publications/40949128257?origin=resultslist,Elsevier,10.1016,3,1,0,,,,,0,0,0,0,0,0,0,0,2673,,,Ecology & biodiversity,,,,,,,,,BRA,Global South,,,,
R05371,2009,P1,2000-2010,"Lacunarity analysis of raster datasets and 1D, 2D, and 3D point patterns",10.1016/j.cageo.2009.04.001,https://www.scopus.com/pages/publications/70249136080?origin=resultslist,Elsevier,10.1016,1,1,0,,,,,0,0,0,0,0,0,0,1,1782,,,Ecology & biodiversity,,ArcGIS / ArcMap / ArcGIS Pro,,,,,,,USA,Global North,,Global / worldwide,,
R05383,2009,P1,2000-2010,Testing for similarity in area-based spatial patterns: A nonparametric Monte Carlo approach,10.1016/j.apgeog.2008.12.004,https://www.scopus.com/pages/publications/67649194932?origin=resultslist,Elsevier,10.1016,1,1,0,,,,,0,0,0,0,0,0,0,0,672,,,Crime & security,,,,,,,,,CAN,Global North,,,,School of Criminology
R05411,2010,P1,2000-2010,Using landscape characteristics to define an adjusted distance metric for improving kriging interpolations,10.1080/13658810903062487,https://www.scopus.com/pages/publications/77951175146?origin=resultslist,Taylor & Francis,10.1080,4,2,1,SWE,Global North,1,0,2,3,2,0,1,0,0,1,1901,Spatial autocorrelation statistics|Kriging and variogram geostatistics,GEOSTATISTICAL|INFERENTIAL,Urban studies & planning,,,,,,Cross-validation / holdout,,,SWE|CHE,Global North,SWE,,country_name,
R05418,2011,P2,2011-2020,Higher-order co-occurrences for exploratory point pattern analysis and decision tree clustering on spatial data,10.1016/j.cageo.2010.06.006,https://www.scopus.com/pages/publications/79952191666?origin=resultslist,Elsevier,10.1016,2,1,0,,,,,0,0,0,0,0,0,0,0,1243,,,Public health & epidemiology|Ecology & biodiversity,,,,,,,,,GBR,Global North,,,,Centre for Geospatial Sciences|School of Engineering and Applied Science
R05423,2009,P1,2000-2010,A Bayesian approach for inversion of hydraulic tomographic data,10.1029/2008WR007078,https://www.scopus.com/pages/publications/67649875056?origin=resultslist,AGU (Wiley),10.1029,2,1,0,USA,Global North,0,0,0,0,0,0,0,0,0,1,1858,,,,,,,,,,,,ITA,Global North,USA,,demonym,
R05425,2009,P1,2000-2010,"Occurrence of benzotriazoles in the rivers Main, Hengstbach, and Hegbach (Germany)",10.1007/s11356-009-0179-4,https://www.scopus.com/pages/publications/70349378821?origin=resultslist,Springer Nature (Springer),10.1007,1,1,0,DEU,Global North,1,0,0,0,0,0,0,0,0,1,5831,,,Environmental monitoring & pollution|Agriculture & food systems,,,City / metropolitan|Regional / sub-national,Daily to monthly|Annual to decadal,,,,,DEU,Global North,DEU,,city_region|country_name|demonym,
R05435,2009,P1,2000-2010,Influence of survey strategy and interpolation model on DEM quality,10.1016/j.geomorph.2009.06.024,https://www.scopus.com/pages/publications/69949111540?origin=resultslist,Elsevier,10.1016,4,2,1,,,,,2,5,2,1,0,2,0,0,2574,Kriging and variogram geostatistics|Deterministic interpolation,GEOSTATISTICAL,"Geodesy, remote sensing & earth observation",Field survey & in-situ sampling|LiDAR & 3D point clouds,,,,Positional / geocoding uncertainty,,,,GBR|NZL,Global North,,,,School of Geography|School of People
R05445,2008,P1,2000-2010,"Hydraulic conductivity heterogeneity of a local deltaic aquifer system from the kriged 3D distribution of hydrofacies from borehole logs, Valcartier, Canada",10.1016/j.jhydrol.2007.11.040,https://www.scopus.com/pages/publications/39149114746?origin=resultslist,Elsevier,10.1016,3,1,0,CAN,Global North,1,0,1,1,1,0,0,0,0,1,2038,Kriging and variogram geostatistics,GEOSTATISTICAL,Transportation & mobility|Environmental monitoring & pollution,,,,,,,,,CAN,Global North,CAN,Global / worldwide,city_region|country_name,Institut National de la Recherche Scientifique|Succursale Centre-ville
R05447,2009,P1,2000-2010,Hierarchical models for estimating density from DNA mark-recapture studies,10.1890/07-2112.1,https://www.scopus.com/pages/publications/63849268438?origin=resultslist,Other / unmapped registrant,10.1890,2,1,0,,,,,0,0,0,0,0,0,0,0,1329,,,Ecology & biodiversity,,WinBUGS / JAGS / Stan,,,,,,,USA,Global North,,,,Patuxenl Wildlife Research Center
R05450,2009,P1,2000-2010,Bayesian inference in camera trapping studies for a class of spatial capture-recapture models,10.1890/08-1481.1,https://www.scopus.com/pages/publications/72449210568?origin=resultslist,Other / unmapped registrant,10.1890,2,2,1,IND,Global South,1,0,2,2,2,0,0,0,0,1,1218,Point process models (Poisson/Cox/Hawkes)|Bayesian hierarchical spatial models,INFERENTIAL,,,,,,,,,,USA|IND,Global North|Global South,IND,,disambiguated,Patuxent Wildlife Research Center|Centre for Wildlife Studies
R05463,2006,P1,2000-2010,Temporal and spatial variation of nutrient levels in the Nemunas River (Lithuania and Belarus),10.1007/s10661-006-9186-9,https://www.scopus.com/pages/publications/33750620937?origin=resultslist,Springer Nature (Springer),10.1007,2,2,1,LTU,Global North,1,0,0,0,0,0,0,0,0,1,2531,,,Transportation & mobility|Urban studies & planning|Environmental monitoring & pollution|Ecology & biodiversity|Agriculture & food systems,,,City / metropolitan|Regional / sub-national,Daily to monthly,,,,,LTU|NOR,Global North,LTU|BLR,Europe (multi-country),country_name|demonym,
R05466,2008,P1,2000-2010,Incorporating landscape characteristics in a distance metric for interpolating between observations of stream water chemistry,10.5194/hess-12-1229-2008,https://www.scopus.com/pages/publications/54249133018?origin=resultslist,Copernicus (EGU),10.5194,3,2,1,USA,Global North,1,0,1,2,1,0,1,0,0,1,1519,Kriging and variogram geostatistics,GEOSTATISTICAL,,,,Regional / sub-national,Cross-sectional / static,,Cross-validation / holdout,,,SWE|USA,Global North,USA,,city_region,
R05469,2006,P1,2000-2010,Finding the right pixel size,10.1016/j.cageo.2005.11.008,https://www.scopus.com/pages/publications/33747616217?origin=resultslist,Elsevier,10.1016,1,1,0,,,,,1,2,1,1,0,0,0,0,1829,Spatial autocorrelation statistics,INFERENTIAL,Agriculture & food systems,,,,,Positional / geocoding uncertainty,,,,ITA,Global North,,,,
R05488,2011,P2,2011-2020,"Geostatistical interpolation of daily rainfall at catchment scale: The use of several variogram models in the Ourthe and Ambleve catchments, Belgium",10.5194/hess-15-2259-2011,https://www.scopus.com/pages/publications/79960502196?origin=resultslist,Copernicus (EGU),10.5194,2,1,0,BEL,Global North,1,0,2,3,2,0,1,0,0,1,2741,Kriging and variogram geostatistics|Deterministic interpolation,GEOSTATISTICAL,Urban studies & planning,,,Regional / sub-national,Daily to monthly,,Accuracy metrics reported,,,BEL,Global North,BEL,,country_name,
R05492,2010,P1,2000-2010,"GIS based geothermal potential assessment: A case study from Western Anatolia, Turkey",10.1016/j.energy.2009.09.016,https://www.scopus.com/pages/publications/70849091193?origin=resultslist,Elsevier,10.1016,1,1,0,IDN,Global South,0,0,0,1,0,0,0,0,1,1,1404,,,Disaster risk & hazards,,,,,,,Data availability stated,,TUR,Global South,IDN|TUR,,city_region|disambiguated,
R05500,2010,P1,2000-2010,An application-oriented automated approach for co-registration of forest inventory and airborne laser scanning data,10.1080/01431160903380581,https://www.scopus.com/pages/publications/77951115079?origin=resultslist,Taylor & Francis,10.1080,3,1,0,AUT,Global North,1,0,0,2,0,0,0,2,0,1,2826,,,Ecology & biodiversity,Field survey & in-situ sampling|LiDAR & 3D point clouds,,Micro / plot / building|Neighbourhood / local,,,,,,AUT,Global North,AUT,,demonym,Federal Research and Training Centre for Forests
R05504,2001,P1,2000-2010,Analysis of spatial point patterns using bundles of product density LISA functions,10.1198/108571101300325292,https://www.scopus.com/pages/publications/0004602894?origin=resultslist,ASA (Taylor & Francis),10.1198,2,1,0,FIN,Global North,0,0,3,2,2,0,0,0,0,1,1121,Ripley's K / second-order PPA|Spatial autocorrelation statistics|Spatial clustering algorithms,CLASSICAL|INFERENTIAL,Ecology & biodiversity,,,,,,,,,USA,Global North,FIN,Global / worldwide,demonym,
R05508,2004,P1,2000-2010,Small-footprint lidar estimation of sub-canopy elevation and tree height in a tropical rain forest landscape,10.1016/j.rse.2004.02.008,https://www.scopus.com/pages/publications/2342472109?origin=resultslist,Elsevier,10.1016,3,2,1,,,,,2,4,2,0,1,1,0,0,2719,Kriging and variogram geostatistics|Deterministic interpolation,GEOSTATISTICAL,"Urban studies & planning|Ecology & biodiversity|Geodesy, remote sensing & earth observation",LiDAR & 3D point clouds,,Micro / plot / building,,,Accuracy metrics reported,,,USA|CRI,Global North|Global South,,,,
R05511,2004,P1,2000-2010,Geocoding crime and a first estimate of a minimum acceptable hit rate,10.1080/13658810310001596076,https://www.scopus.com/pages/publications/0442312380?origin=resultslist,Taylor & Francis,10.1080,1,1,0,,,,,0,3,0,0,1,2,0,0,1201,,,Crime & security,Official / administrative records|Simulated / synthetic data,,,,,Monte Carlo / simulation envelope,,,USA,Global North,,,,
R05515,2002,P1,2000-2010,The clustering of infected SIV cells in lymphatic tissue,10.1198/016214502388618735,https://www.scopus.com/pages/publications/0036967709?origin=resultslist,ASA (Taylor & Francis),10.1198,3,1,0,,,,,1,1,1,0,0,0,0,0,1039,Point process models (Poisson/Cox/Hawkes),INFERENTIAL,,,,,,,,,,USA,Global North,,,,
R05518,2002,P1,2000-2010,Integration of lidar and Landsat ETM+ data for estimating and mapping forest canopy height,10.1016/S0034-4257(02)00056-1,https://www.scopus.com/pages/publications/0036789609?origin=resultslist,Elsevier,10.1016,2,1,0,USA,Global North,1,0,1,3,1,0,0,2,0,1,2713,Kriging and variogram geostatistics,GEOSTATISTICAL,"Ecology & biodiversity|Geodesy, remote sensing & earth observation",Remote sensing & earth observation|LiDAR & 3D point clouds,,,,,,,,USA,Global North,USA,,city_region,
R05522,2005,P1,2000-2010,"Spatial variability of fine particle mass, components, and source contributions during the Regional Air Pollution Study in St. Louis",10.1021/es049824x,https://www.scopus.com/pages/publications/20044387778?origin=resultslist,American Chemical Society,10.1021,2,1,0,USA,Global North,1,0,0,0,0,0,0,0,0,1,2600,,,Public health & epidemiology|Transportation & mobility|Urban studies & planning|Environmental monitoring & pollution,,,City / metropolitan,Daily to monthly|Annual to decadal,,,,,USA,Global North,USA,,city_region,U.S. Environmental Protection Agency
R05530,2005,P1,2000-2010,Spatial point-process statistics: Concepts and application to the analysis of lead contamination in urban soil,10.1002/env.705,https://www.scopus.com/pages/publications/20444408069?origin=resultslist,Wiley,10.1002,2,2,1,AUS,Global North,1,0,3,2,2,0,0,0,0,1,2104,Quadrat / intensity analysis|Point process models (Poisson/Cox/Hawkes)|Kriging and variogram geostatistics,CLASSICAL|GEOSTATISTICAL|INFERENTIAL,Urban studies & planning|Environmental monitoring & pollution,,,,,,,,,AUS|FRA,Global North,AUS,,city_region,
R05534,2006,P1,2000-2010,A new approach to the nearest-neighbour method to discover cluster features in overlaid spatial point processes,10.1080/13658810500399654,https://www.scopus.com/pages/publications/31744450760?origin=resultslist,Taylor & Francis,10.1080,2,2,1,CHN,Global South,1,0,0,0,0,0,0,0,0,1,1826,,,Disaster risk & hazards,,,,,,,,,CHN|USA,Global North|Global South,CHN,,disambiguated,
R05536,2004,P1,2000-2010,A nonparametric procedure for analyzing repeated measures of spatially correlated data,10.1007/s10651-004-4188-7,https://www.scopus.com/pages/publications/9144253308?origin=resultslist,Springer Nature (Springer),10.1007,2,1,0,USA,Global North,1,0,0,1,0,0,1,0,0,1,865,,,Agriculture & food systems,,,,,,Monte Carlo / simulation envelope,,,USA,Global North,USA,,city_region,349B Heep Center
R05542,2004,P1,2000-2010,Spatial analysis of roadside Acacia populations on a road network using the network K-function,10.1023/B:LAND.0000036114.32418.d4,https://www.scopus.com/pages/publications/4043103481?origin=resultslist,Springer (legacy Kluwer),10.1023,2,2,1,AUS,Global North,1,0,2,2,2,0,0,0,0,1,1441,Ripley's K / second-order PPA|Network-constrained point analysis,CLASSICAL|NETWORK,Ecology & biodiversity|Agriculture & food systems,,,,,,,,,AUS|JPN,Global North,AUS,,country_name,The Johnstone Centre
R05545,2005,P1,2000-2010,Spatial patterns of tree recruitment in a relict population of Pinus uncinata: Forest expansion through stratified diffusion,10.1111/j.1365-2699.2005.01333.x,https://www.scopus.com/pages/publications/33745296894?origin=resultslist,Wiley,10.1111,9,3,1,ESP,Global North,1,0,2,2,2,0,0,0,0,1,1938,Ripley's K / second-order PPA|Spatial autocorrelation statistics,CLASSICAL|INFERENTIAL,Ecology & biodiversity,,,,,,,,,ESP|CAN|USA,Global North,ESP,Global / worldwide,country_name,
R05548,2002,P1,2000-2010,A probabilistic methodology to assess the risk of groundwater quality degradation,10.1023/A:1020033808025,https://www.scopus.com/pages/publications/0036789140?origin=resultslist,Springer (legacy Kluwer),10.1023,4,2,1,ITA,Global North,1,0,1,1,1,0,0,0,0,1,1539,Kriging and variogram geostatistics,GEOSTATISTICAL,Environmental monitoring & pollution|Agriculture & food systems,,,,,,,,,ITA|USA,Global North,ITA,,country_name,
R05549,2006,P1,2000-2010,Statistical inference using the G or K point pattern spatial statistics,10.1890/0012-9658(2006)87[1925:SIUTGO]2.0.CO;2,https://www.scopus.com/pages/publications/33747066137?origin=resultslist,Other / unmapped registrant,10.1890,2,1,0,,,,,0,1,0,0,1,0,0,0,1518,,,,,,,,,Monte Carlo / simulation envelope,,,USA,Global North,,,,College of Forest Resources
R05554,2003,P1,2000-2010,Snow water equivalent interpolation for the Colorado River Basin from snow telemetry (SNOTEL) data,10.1029/2002WR001512,https://www.scopus.com/pages/publications/1542442239?origin=resultslist,AGU (Wiley),10.1029,6,1,0,USA,Global North,1,0,1,2,1,0,0,1,0,1,1278,Deterministic interpolation,GEOSTATISTICAL,,Sensor networks & IoT,,Regional / sub-national,,,,,,USA,Global North,USA,,city_region|country_name,College of Natural Resources
R05555,2002,P1,2000-2010,Predictive mapping of air pollution involving sparse spatial observations,10.1016/S0269-7491(01)00308-6,https://www.scopus.com/pages/publications/0036009075?origin=resultslist,Elsevier,10.1016,2,1,0,USA,Global North,1,0,0,1,0,0,1,0,0,1,1076,,,Urban studies & planning|Environmental monitoring & pollution,,,City / metropolitan,,,Cross-validation / holdout,,,USA,Global North,USA,,city_region,
R05562,2000,P1,2000-2010,Spatial Poisson Regression for Health and Exposure Data Measured at Disparate Resolutions,10.1080/01621459.2000.10474304,https://www.scopus.com/pages/publications/0442293860?origin=resultslist,Taylor & Francis,10.1080,3,3,1,,,,,2,2,2,0,0,0,0,0,1490,Bayesian hierarchical spatial models|Spatial regression / GWR,INFERENTIAL,Public health & epidemiology|Transportation & mobility|Environmental monitoring & pollution|Ecology & biodiversity,,,,,,,,,GBR|DEU|USA,Global North,,,,Imperial College School of Medicine
R05563,2005,P1,2000-2010,Spatial relationships between tree species and gap characteristics in broad-leaved deciduous woodland,10.1658/1100-9233(2005)16[587:SRBTSA]2.0.CO;2,https://www.scopus.com/pages/publications/27744501849?origin=resultslist,Other / unmapped registrant,10.1658,2,2,1,,,,,1,2,1,0,0,1,0,0,1770,Ripley's K / second-order PPA,CLASSICAL,Ecology & biodiversity,Remote sensing & earth observation,,,,,,,,GRC|GBR,Global North,,,,
R05570,2000,P1,2000-2010,The relation between densities and frequencies of weeds in arable fields,10.2307/1400460,https://www.scopus.com/pages/publications/0009895524?origin=resultslist,JSTOR,10.2307,2,2,1,DNK,Global North,1,0,1,2,1,0,1,0,0,1,1104,Point process models (Poisson/Cox/Hawkes),INFERENTIAL,Ecology & biodiversity,,,,,,Cross-validation / holdout,,,GBR|DNK,Global North,DNK,,demonym,
R05583,2003,P1,2000-2010,A method to combine non-probability sample data with probability sample data in estimating spatial means of environmental variables,10.1023/A:1022618406507,https://www.scopus.com/pages/publications/0037381130?origin=resultslist,Springer (legacy Kluwer),10.1023,1,1,0,,,,,0,0,0,0,0,0,0,0,1363,,,,,,,,,,,,NLD,Global North,,,,
R05584,2001,P1,2000-2010,A grid-based method for sampling and analysing spatially ambiguous plants,10.2307/3236998,https://www.scopus.com/pages/publications/0034765510?origin=resultslist,JSTOR,10.2307,2,1,0,,,,,1,1,1,0,0,0,0,0,1042,Ripley's K / second-order PPA,CLASSICAL,Ecology & biodiversity,,,Micro / plot / building,,,,,,USA,Global North,,,,
R05588,2005,P1,2000-2010,A genetic approach to detecting clusters in point data sets,10.1111/j.1538-4632.2005.00617.x,https://www.scopus.com/pages/publications/22444447333?origin=resultslist,Wiley,10.1111,1,1,0,,,,,1,2,1,0,0,1,0,0,1629,Space-time scan statistics,INFERENTIAL,Public health & epidemiology,Simulated / synthetic data,,,,,,,,USA,Global North,,,,GeoVISTA Center
R05589,2003,P1,2000-2010,Identification of model components for a class of continuous spatiotemporal models,10.1198/1085711031175,https://www.scopus.com/pages/publications/5444230598?origin=resultslist,ASA (Taylor & Francis),10.1198,2,1,0,,,,,1,1,1,0,0,0,0,0,929,Kriging and variogram geostatistics,GEOSTATISTICAL,,,,,,,,,,USA,Global North,,,,
R05592,2006,P1,2000-2010,Geostatistical investigation into the temporal evolution of spatial structure in a shallow water table,10.5194/hess-10-113-2006,https://www.scopus.com/pages/publications/33344464555?origin=resultslist,Copernicus (EGU),10.5194,3,2,1,USA,Global North,1,0,1,1,1,0,0,0,0,1,3196,Kriging and variogram geostatistics,GEOSTATISTICAL,Environmental monitoring & pollution,,,,Daily to monthly,,,,,USA|SWE,Global North,USA,,city_region,
R05594,2003,P1,2000-2010,Network density and the delimitation of urban areas,10.1111/1467-9671.00139,https://www.scopus.com/pages/publications/0037359586?origin=resultslist,Wiley,10.1111,1,1,0,ITA,Global North,1,0,1,1,1,0,0,0,0,1,1187,Kernel density estimation,CLASSICAL,Urban studies & planning,,,City / metropolitan,,,,,,ITA,Global North,ITA,,country_name,
R05603,2006,P1,2000-2010,Investigating relationships between Landsat-7 ETM+ data and spatial segregation of LULC types under shifting agriculture in southern Cameroon,10.1016/j.jag.2005.08.003,https://www.scopus.com/pages/publications/33645981230?origin=resultslist,Elsevier,10.1016,3,2,1,CMR,Global South,1,0,0,2,0,0,0,2,0,1,2217,,,"Urban studies & planning|Ecology & biodiversity|Agriculture & food systems|Geodesy, remote sensing & earth observation",Field survey & in-situ sampling|Remote sensing & earth observation,,,,,,,Surveillance / algorithmic bias,NLD|CMR,Global North|Global South,CMR,Global / worldwide,country_name,
R05615,2006,P1,2000-2010,Uniform network transformation for points pattern analysis on a non-uniform network,10.1007/s10109-005-0009-2,https://www.scopus.com/pages/publications/33244470190?origin=resultslist,Springer Nature (Springer),10.1007,1,1,0,JPN,Global North,1,0,3,2,2,0,0,0,0,1,1358,Ripley's K / second-order PPA|Nearest-neighbour analysis|Quadrat / intensity analysis,CLASSICAL,Transportation & mobility,,,Micro / plot / building,,,,,,JPN,Global North,JPN,,country_name,Center for Spatial Information Science
R05622,2004,P1,2000-2010,Mapping wildfire occurrence at regional scale,10.1016/j.rse.2004.06.013,https://www.scopus.com/pages/publications/4143070347?origin=resultslist,Elsevier,10.1016,2,2,1,ESP,Global North,1,0,1,2,1,0,0,1,0,1,1192,Kernel density estimation,CLASSICAL,Disaster risk & hazards,Official / administrative records,,City / metropolitan|Regional / sub-national,,,,,,ESP|CHE,Global North,ESP,,country_name,
R05626,2002,P1,2000-2010,Multi-level clustering and its visualization for exploratory spatial analysis,10.1023/A:1015279009755,https://www.scopus.com/pages/publications/0036606522?origin=resultslist,Springer (legacy Kluwer),10.1023,1,1,0,,,,,1,2,1,0,0,1,0,0,937,Deterministic interpolation,GEOSTATISTICAL,Ecology & biodiversity,Simulated / synthetic data,,,,,,,,AUS,Global North,,,,
R05628,2004,P1,2000-2010,Spatial analysis and indicator building for metal accumulation in mosses,10.1023/B:EMAS.0000038183.81540.0d,https://www.scopus.com/pages/publications/4344630766?origin=resultslist,Springer (legacy Kluwer),10.1023,1,1,0,DEU,Global North,1,0,1,1,1,0,0,0,0,1,1465,Kriging and variogram geostatistics,GEOSTATISTICAL,Ecology & biodiversity,,,,,,,,,DEU,Global North,DEU,,country_name,Institut fur Umweltwissenschaften
R05643,2004,P1,2000-2010,SpPack: Spatial point pattern analysis in Excel using Visual Basic for Applications (VBA),10.1016/j.envsoft.2003.07.004,https://www.scopus.com/pages/publications/1642300769?origin=resultslist,Elsevier,10.1016,1,1,0,,,,,1,1,1,0,0,0,0,0,996,Ripley's K / second-order PPA,CLASSICAL,Urban studies & planning|Ecology & biodiversity,,,Micro / plot / building,,,,,,GBR,Global North,,,,King's College London
R05644,2000,P1,2000-2010,A multi-scale spatial analysis method for point data,10.1023/A:1008164812451,https://www.scopus.com/pages/publications/0033950835?origin=resultslist,Springer (legacy Kluwer),10.1023,3,1,0,USA,Global North,1,0,1,2,1,0,0,1,0,1,1372,Nearest-neighbour analysis,CLASSICAL,Ecology & biodiversity,Field survey & in-situ sampling,,,,,,,,USA,Global North,USA,,city_region,
R05646,2003,P1,2000-2010,Mapping marine benthic biotopes using acoustic ground discrimination systems,10.1080/0143116031000066323,https://www.scopus.com/pages/publications/85046504073?origin=resultslist,Taylor & Francis,10.1080,1,1,0,,,,,1,2,1,0,0,1,0,0,2702,Kriging and variogram geostatistics,GEOSTATISTICAL,"Ecology & biodiversity|Geodesy, remote sensing & earth observation",Remote sensing & earth observation,,,,,,,Surveillance / algorithmic bias,GBR,Global North,,,,
R05654,2000,P1,2000-2010,A test for the coincident economic and spatial clustering of business enterprises,10.1007/PL00011462,https://www.scopus.com/pages/publications/0034494647?origin=resultslist,Springer Nature (Springer),10.1007,2,1,0,,,,,1,1,1,0,0,0,0,0,854,Point process models (Poisson/Cox/Hawkes),INFERENTIAL,,,,,,,,,,USA,Global North,,,,
R05670,2002,P1,2000-2010,Modelling of spatial point processes derived from a sequence of auto-poisson lattice schemes,10.1016/s1364-8152(01)00041-x,https://www.scopus.com/pages/publications/0036178894?origin=resultslist,Elsevier,10.1016,3,1,0,,,,,0,2,0,0,1,1,0,0,593,,,,Simulated / synthetic data,,,,,Monte Carlo / simulation envelope,,,ESP,Global North,,,,
R05672,2001,P1,2000-2010,A new method for characterizing point patterns in plant ecology,10.2307/3236899,https://www.scopus.com/pages/publications/0035656601?origin=resultslist,JSTOR,10.2307,1,1,0,,,,,0,0,0,0,0,0,0,0,973,,,Ecology & biodiversity,,,,,,,,,CAN,Global North,,,,
R05673,2001,P1,2000-2010,Accounting for error when modelling with time series data: Estimating the development of crop pests throughout the year,10.1111/1467-9671.00086,https://www.scopus.com/pages/publications/0034758050?origin=resultslist,Wiley,10.1111,1,1,0,,,,,1,1,1,0,0,0,0,0,1682,Spatial autocorrelation statistics,INFERENTIAL,Agriculture & food systems,,,,Daily to monthly|Annual to decadal,,,,,GBR,Global North,,,,
R05675,2005,P1,2000-2010,Optimizing groundwater long-term monitoring networks using Delaunay triangulation spatial analysis techniques,10.1002/env.727,https://www.scopus.com/pages/publications/24944455117?origin=resultslist,Wiley,10.1002,3,1,0,,,,,2,3,2,0,0,1,0,0,1361,Kriging and variogram geostatistics|Deterministic interpolation,GEOSTATISTICAL,Transportation & mobility|Environmental monitoring & pollution,Sensor networks & IoT,,,Annual to decadal,,,,,USA,Global North,,,,
R05682,2005,P1,2000-2010,Markov point processes for modeling of spatial forest patterns in Amazonia derived from interferometric height,10.1016/j.rse.2005.05.019,https://www.scopus.com/pages/publications/23944443229?origin=resultslist,Elsevier,10.1016,4,3,1,BRA,Global South,1,0,1,1,1,0,0,0,0,1,1066,Point process models (Poisson/Cox/Hawkes),INFERENTIAL,Ecology & biodiversity,,,,,,,,,BRA|DEU|USA,Global North|Global South,BRA,,city_region|demonym,Center for Assessment and Monitoring of Forest and Environmental Resources
R05690,2004,P1,2000-2010,Spatial statistics of clustered data,10.1007/s00477-003-0133-9,https://www.scopus.com/pages/publications/2442587141?origin=resultslist,Springer Nature (Springer),10.1007,1,1,0,,,,,1,1,1,0,0,0,0,0,1196,Kriging and variogram geostatistics,GEOSTATISTICAL,,,,,,,,,,USA,Global North,,,,
R05693,2000,P1,2000-2010,A dual-domain mass transfer approach for modeling solute transport in heterogeneous aquifers: Application to the macrodispersion experiment (MADE) site,10.1029/2000WR900148,https://www.scopus.com/pages/publications/0034284751?origin=resultslist,AGU (Wiley),10.1029,4,1,0,USA,Global North,1,0,1,1,1,0,0,0,0,1,2974,Kriging and variogram geostatistics,GEOSTATISTICAL,Transportation & mobility,,,,,,,,,USA,Global North,USA,,city_region,
R05694,2005,P1,2000-2010,Variable resolution spatial interpolation using the Simple Recursive Point Voronoi Diagram,10.1111/j.1538-4632.2005.00637.x,https://www.scopus.com/pages/publications/17344364276?origin=resultslist,Wiley,10.1111,2,1,0,,,,,1,1,1,0,0,0,0,0,867,Deterministic interpolation,GEOSTATISTICAL,,,,,,,,,,CAN,Global North,,,,School of Planning
R05713,2001,P1,2000-2010,A practical approach to the study of spatial structure in simple cases of heterogeneous vegetation,10.1111/j.1654-1103.2001.tb02621.x,https://www.scopus.com/pages/publications/0034920096?origin=resultslist,Wiley,10.1111,2,1,0,,,,,1,1,1,0,0,0,0,0,1095,Ripley's K / second-order PPA,CLASSICAL,Ecology & biodiversity,,,,,,,,,FRA,Global North,,,,
