facility,type,sev,lu,events,estimator,beta,se,IRR,lo,hi,z,p,q
int,ALL,TOT,LU_MXDUSE,51277,NB2,0.16603938971681648,0.2848002425933979,1.180619605079305,0.6755898716714078,2.06317872772308,0.5830029785257828,0.559891295128131,0.8486279307561733
int,ALL,TOT,LU_GASSTNS,51277,NB2,0.1462851416856264,0.04878551006566969,1.157526199970299,1.0519709942786282,1.273672858762111,2.9985366861741003,0.0027127949400155603,0.04447075440596764
int,ALL,TOT,LU_SUPERMKTS,51277,NB2,0.02857797682234623,0.06152647191464878,1.0289902450958148,0.9120924639559802,1.1608701599287043,0.464482619156034,0.6423020092819347,0.8773082472335269
int,ALL,TOT,LU_REGSHOPCNTRS,51277,NB2,0.31426261198585154,0.2103461345543898,1.3692492706064125,0.9066345681698368,2.0679153772404852,1.4940260853930347,0.13516880140963544,0.41905717238980095
int,ALL,TOT,LU_COMMSHOPCNTRS,51277,NB2,0.1605235603020825,0.041946736860890045,1.174125435564692,1.0814556482091757,1.2747360843903364,3.82684261792364,0.00012979744319463715,0.005062100284590849
int,ALL,TOT,LU_FASTFOOD,51277,NB2,0.10012484877555752,0.039461873997060706,1.1053089059251788,1.0230410116356288,1.1941923770624412,2.537255295656138,0.011172544561166963,0.09736698173972012
int,ALL,TOT,LU_RESTOS,51277,NB2,-0.05693772553231293,0.048522919552075,0.944652895291031,0.8589516475151822,1.038904919925606,-1.1734192018517584,0.24062774069236792,0.5687564780001424
int,ALL,TOT,LU_BARS,51277,NB2,-0.1845300227373463,0.18032765551335447,0.8314949757693979,0.5839311321293889,1.1840161565089375,-1.0233040639941144,0.3061641028424774,0.6512945460467247
int,ALL,TOT,LU_HOTELS,51277,NB2,0.1333952539646336,0.07411776662856775,1.1427015664074947,0.9881946676309862,1.3213660350955712,1.7997743325581814,0.07189627842411805,0.3174288519102571
int,ALL,TOT,LU_OFFBLDGS,51277,NB2,0.02583540944051001,0.07957608816504852,1.0261720363435576,0.8779780168971908,1.199379742894851,0.3246629739693269,0.7454361603264875,0.9121802707137384
int,ALL,TOT,LU_DEPTSTRS,51277,NB2,0.05585135925391043,0.11756645619238343,1.0574404933105785,0.8398105948567234,1.331467361499158,0.475062029279137,0.6347427616500481,0.8737047425065367
int,ALL,TOT,LU_BANKINS,51277,NB2,0.05306054723394475,0.044405930256644015,1.0544934898505487,0.9665955956991407,1.1503844266256031,1.1948977744026843,0.23212697255271764,0.5655991965225389
int,ALL,TOT,LU_AUTOSALSER,51277,NB2,0.053026342789344046,0.026975977591687593,1.0544574221032355,1.0001534384801158,1.1117098759549044,1.9656875310307065,0.04933471603036338,0.250963555458805
int,ALL,TOT,LU_REPAIRSTRS,51277,NB2,-0.09389991419432463,0.1756774663915885,0.9103738731837983,0.6451788277282372,1.2845749943374924,-0.5345017555354532,0.5929944352015261,0.851292624767835
int,ALL,TOT,LU_SINGLESTORE,51277,NB2,0.0620779620796603,0.016095422865281046,1.0640452966786202,1.0310017818055217,1.0981478532473175,3.8568705276806865,0.0001148479542412865,0.005062100284590849
int,ALL,TOT,LU_PARKSREC,51277,NB2,0.14109876162841717,0.09046048190009957,1.1515383701735806,0.9644437363189071,1.374927917561333,1.5597834398476917,0.1188110661583353,0.4088498453095656
int,ALL,TOT,LU_SCHOOLS,51277,NB2,-0.021261737031927037,0.0746871193753356,0.9789627002424617,0.845651036390799,1.1332901246787135,-0.28467742777810806,0.7758912854280506,0.9169624282331508
int,ALL,TOT,LU_INDUSTRIAL,51277,NB2,-0.09174297333301885,0.042168184941183504,0.9123396150222636,0.8399670485610378,0.9909478884498013,-2.1756443503789082,0.029581864346808324,0.17779822478964233
int,ALL,KAB,LU_MXDUSE,4623,NB2,0.49003286175252486,0.3442496311992087,1.632369861608416,0.8313566326180841,3.205160409553839,1.423481152457517,0.1545967220029218,0.7500056649448212
int,ALL,KAB,LU_GASSTNS,4623,NB2,0.12441457746753921,0.053425762571303395,1.132485276567951,1.0198954100048914,1.2575043372702672,2.3287375131331505,0.019872975519300513,0.2980946327895077
int,ALL,KAB,LU_SUPERMKTS,4623,NB2,0.028649308216266687,0.0718139915329,1.0290636470222276,0.8939493908591828,1.1845994867840344,0.39893769451794975,0.689939113669632,0.9357613788484339
int,ALL,KAB,LU_REGSHOPCNTRS,4623,NB2,-0.13971271005109337,0.2623870928168497,0.8696080291617357,0.5199662299225668,1.4543600735285709,-0.5324679219210491,0.5944019533563745,0.9081189662539423
int,ALL,KAB,LU_COMMSHOPCNTRS,4623,NB2,0.1591772547244981,0.04856489571460936,1.1725457675385456,1.0660818009216952,1.2896417289779265,3.27761961355585,0.001046863657578027,0.037687091672808974
int,ALL,KAB,LU_FASTFOOD,4623,NB2,0.08167221121388693,0.04488104396862354,1.0851000678945595,0.9937251347472639,1.1848771014977282,1.8197484726733228,0.06879731788831814,0.5666207584667583
int,ALL,KAB,LU_RESTOS,4623,NB2,0.0012273208030230962,0.05874881786824274,1.0012280742694166,0.8923290161558366,1.123417078852645,0.020890987215702542,0.9833326162164931,0.9997636731778717
int,ALL,KAB,LU_BARS,4623,NB2,-0.2500873214034431,0.21581357953406385,0.7787327800631267,0.510133951734677,1.188755895746085,-1.158811794620966,0.2465329087731134,0.8483017641028203
int,ALL,KAB,LU_HOTELS,4623,NB2,0.0801357171868349,0.08594121431746102,1.0834340983253854,0.9154778927657674,1.282204032112521,0.9324480439713011,0.3511050255852962,0.8864718411758916
int,ALL,KAB,LU_OFFBLDGS,4623,NB2,-0.0067392404493107514,0.10003597109273475,0.9932834173043508,0.816433558203777,1.2084411979125878,-0.06736817142569028,0.9462886071282799,0.9997636731778717
int,ALL,KAB,LU_DEPTSTRS,4623,NB2,0.02288098576349512,0.13899963030968981,1.0231447635079571,0.7791448634292746,1.3435565787937422,0.16461184617913377,0.8692495065194364,0.9989298663548887
int,ALL,KAB,LU_BANKINS,4623,NB2,0.029550379592599135,0.0515684840648099,1.029991324708121,0.9309740743670107,1.1395399272480344,0.5730317679197434,0.5666231845358924,0.9030852086998912
int,ALL,KAB,LU_AUTOSALSER,4623,NB2,0.013194890298524478,0.031979701741358155,1.0132823270128999,0.9517191244031283,1.078827826309153,0.4126020437976762,0.6798982036060622,0.9357613788484339
int,ALL,KAB,LU_REPAIRSTRS,4623,NB2,-0.3972054125351908,0.22844969383437724,0.6721959339793209,0.4295716144033604,1.0518557523543781,-1.7386996929974396,0.0820876000739777,0.5682987697429225
int,ALL,KAB,LU_SINGLESTORE,4623,NB2,0.02940247898765787,0.01886539667689673,1.0298389996328754,0.9924549096865999,1.068631284719777,1.558540193520831,0.11910524773880543,0.6496649876662115
int,ALL,KAB,LU_PARKSREC,4623,NB2,0.17669036199960772,0.10609405507395828,1.1932615567964546,0.9692293711733391,1.4690775839825947,1.6654124670457424,0.09583049384011656,0.6049451590873962
int,ALL,KAB,LU_SCHOOLS,4623,NB2,-0.02073042313648866,0.08842473976777075,0.9794829749305628,0.8236225593283372,1.1648380527133737,-0.2344414378932052,0.8146422920706547,0.9841316280048179
int,ALL,KAB,LU_INDUSTRIAL,4623,NB2,-0.0690277597850819,0.05115751292594183,0.9333007714897619,0.8442585561764788,1.0317340863067375,-1.349318132118931,0.17723480403635372,0.7500056649448212
int,ALL,KSI,LU_MXDUSE,958,NB2,0.2654672713745337,0.5415997377552585,1.3040401740814103,0.45109910679672677,3.7697276496372214,0.4901539880259224,0.6240249372091061,0.9360374058136591
int,ALL,KSI,LU_GASSTNS,958,NB2,0.1558286587714361,0.0752052711343996,1.1686259521283668,1.0084619287704577,1.3542272415310823,2.0720443716365855,0.038261303366878184,0.34026957022654736
int,ALL,KSI,LU_SUPERMKTS,958,NB2,0.01362311965053176,0.104332376774827,1.0137163371685085,0.8262413648965503,1.243729563662067,0.130574228936944,0.8961121304812513,0.9827534460773446
int,ALL,KSI,LU_REGSHOPCNTRS,958,NB2,-0.5737585370308403,0.43383492916333777,0.5634038798725438,0.24073103689655598,1.3185833282969461,-1.3225272988907302,0.18599262519060933,0.5772184919708565
int,ALL,KSI,LU_COMMSHOPCNTRS,958,NB2,0.1616153945475667,0.07007057401598815,1.1754080860171592,1.024574156792239,1.3484472153777705,2.3064659711605984,0.021084609429912617,0.34026957022654736
int,ALL,KSI,LU_FASTFOOD,958,NB2,0.10321299208626994,0.06415488829588496,1.1087275341193288,0.9777213292439204,1.2572874377865282,1.6088094738821368,0.10765800867769927,0.5029213824074954
int,ALL,KSI,LU_RESTOS,958,NB2,-0.08127449976485371,0.09355294580667364,0.9219405842336812,0.7674835188626568,1.107482336710929,-0.8687540415114962,0.3849816756442549,0.804783385674675
int,ALL,KSI,LU_BARS,958,NB2,-0.22705671019661436,0.3217076747471977,0.7968755900373328,0.4241772991840459,1.4970407591798613,-0.7057858050015084,0.4803213509455986,0.8476259134334092
int,ALL,KSI,LU_HOTELS,958,NB2,0.12220390590356218,0.13070802791122313,1.1299844887990835,0.8746042078864136,1.4599346006031966,0.9349380283402566,0.34982023761088055,0.804783385674675
int,ALL,KSI,LU_OFFBLDGS,958,NB2,-0.39360996787584823,0.19126437533716073,0.6746171272851742,0.46371360703471726,0.981442557480156,-2.05793665015763,0.039596214978700424,0.34026957022654736
int,ALL,KSI,LU_DEPTSTRS,958,NB2,0.21995061037025246,0.18853318422175167,1.2460151888387947,0.8610743452644539,1.803042744631017,1.1666413596003757,0.24335523328794606,0.7065151934166176
int,ALL,KSI,LU_BANKINS,958,NB2,0.07348093249221938,0.07815747995193659,1.076248015108843,0.9233861866817028,1.2544153321030793,0.9401650684925732,0.34713289658631097,0.804783385674675
int,ALL,KSI,LU_AUTOSALSER,958,NB2,-0.001611702111374687,0.04908372511961146,0.998389595982999,0.9068159208300356,1.0992107245478355,-0.03283577412772059,0.9738055499566002,0.9827534460773446
int,ALL,KSI,LU_REPAIRSTRS,958,NB2,0.07725891831820413,0.31292720902623083,1.0803217552760402,0.5850380381572016,1.9949046366265544,0.24689102158492063,0.8049925650177248,0.9827534460773446
int,ALL,KSI,LU_SINGLESTORE,958,NB2,0.028974685845242952,0.02860697942249846,1.0293985357914637,0.9732687826105688,1.0887653692614208,1.0128537311581838,0.3111300314997574,0.77786803501568
int,ALL,KSI,LU_PARKSREC,958,NB2,0.21204716441198218,0.14154591944449604,1.236206188641542,0.936708787287446,1.6314630134527504,1.4980803773374165,0.13411236864199877,0.5029213824074954
int,ALL,KSI,LU_SCHOOLS,958,NB2,0.08032462207073514,0.1358311005369867,1.0836387836503634,0.8303530269199102,1.414185262606986,0.591356631531251,0.5542814920926953,0.8809196049134591
int,ALL,KSI,LU_INDUSTRIAL,958,NB2,-0.07056233438157511,0.07592434168854077,0.9318696501969843,0.8030212966006428,1.081392297606911,-0.9293769667577513,0.3526937603159468,0.804783385674675
int,ALL,FAT,LU_MXDUSE,113,Firth-Poisson,0.9348325501780324,1.173463861960616,2.5467869630082256,0.25534068158639545,25.40184272498724,0.7966436636711761,0.4256580111108038,0.5684073375181448
int,ALL,FAT,LU_GASSTNS,113,Firth-Poisson,0.23471418234100214,0.13766373583495348,1.26454728713114,0.9655023531369057,1.6562153745097923,1.70498193236891,0.08819779415497878,0.40748569934497236
int,ALL,FAT,LU_SUPERMKTS,113,Firth-Poisson,-0.10931850970351521,0.24236423208234223,0.8964448456399432,0.5574667578587053,1.4415448992172988,-0.4510505067693929,0.6519531476968086,0.7823437772361702
int,ALL,FAT,LU_REGSHOPCNTRS,113,Firth-Poisson,-1.0838877288649458,1.4100985477789987,0.33827783339226664,0.021329143916024744,5.365048546491008,-0.7686609780374165,0.4420945958474459,0.5684073375181448
int,ALL,FAT,LU_COMMSHOPCNTRS,113,Firth-Poisson,0.1805445940514964,0.14527359003128812,1.197869538145315,0.9010526009819182,1.5924613378317798,1.2427902002876905,0.21394515464194985,0.47429926706548226
int,ALL,FAT,LU_FASTFOOD,113,Firth-Poisson,0.38633839803398456,0.12152225895646199,1.4715825672140017,1.159692368617866,1.8673531970457686,3.1791574757707455,0.0014770382248380535,0.026586688047084965
int,ALL,FAT,LU_RESTOS,113,Firth-Poisson,-0.24367909007765873,0.20845157555778948,0.7837391035660684,0.5208755266406199,1.1792586732191521,-1.168996153785861,0.2424051810075275,0.47429926706548226
int,ALL,FAT,LU_BARS,113,Firth-Poisson,-0.8108935616455144,0.8226425857473787,0.44446073566337835,0.08863105014067776,2.228850332167811,-0.9857179481035616,0.3242715395342447,0.5306261556014914
int,ALL,FAT,LU_HOTELS,113,Firth-Poisson,-0.0657049818633191,0.3164104532505581,0.936407080617301,0.5036521286102256,1.74099973140154,-0.20765743099924974,0.8354964582020257,0.8354964582020257
int,ALL,FAT,LU_OFFBLDGS,113,Firth-Poisson,-0.8728161169792902,0.5156990913532205,0.4177733923687141,0.1520438464826907,1.147922861785355,-1.6924910895013925,0.09055237763221607,0.40748569934497236
int,ALL,FAT,LU_DEPTSTRS,113,Firth-Poisson,0.12766825925418535,0.37846509250738297,1.136176024289294,0.5411150710748889,2.385621889269408,0.33733166355809907,0.7358668930024206,0.8278502546277231
int,ALL,FAT,LU_BANKINS,113,Firth-Poisson,-0.13594431724862185,0.17464550132022053,0.8728912361211959,0.6198675208420112,1.229196698452908,-0.7784014831241586,0.4363323647070807,0.5684073375181448
int,ALL,FAT,LU_AUTOSALSER,113,Firth-Poisson,0.14119506544774216,0.1022000324439382,1.1516492730568275,0.9425964806682023,1.40706662430154,1.3815559748006407,0.16710807969585362,0.47429926706548226
int,ALL,FAT,LU_REPAIRSTRS,113,Firth-Poisson,0.7936706492879335,0.5584917472024511,2.211499183871926,0.7400976254298501,6.608220959262841,1.4210964678771358,0.15528871670742034,0.47429926706548226
int,ALL,FAT,LU_SINGLESTORE,113,Firth-Poisson,0.15470295358409794,0.057016684834379064,1.1673111640027474,1.0438859615983773,1.3053297043280856,2.7132926797388524,0.006661823895152781,0.05995641505637503
int,ALL,FAT,LU_PARKSREC,113,Firth-Poisson,-0.07012799802724562,0.290733190491015,0.9322744829739931,0.5273108525025476,1.6482416538169529,-0.24121084320922384,0.8093917073202813,0.8354964582020257
int,ALL,FAT,LU_SCHOOLS,113,Firth-Poisson,-0.5081517945720821,0.4001209773513315,0.6016064442380086,0.27461397075877736,1.3179603089699392,-1.269995384735584,0.20408627414707803,0.47429926706548226
int,ALL,FAT,LU_INDUSTRIAL,113,Firth-Poisson,-0.1915747981432772,0.17133073135526233,0.8256578651214522,0.5901473475811927,1.1551537307267556,-1.118157826257321,0.2634995928141568,0.47429926706548226
int,ANGLE,TOT,LU_MXDUSE,2693,NB2,-0.2179671704720294,0.45008079975133736,0.8041518411585777,0.3328292983559623,1.9429184474833243,-0.48428453422686074,0.6281839503833686,0.8697931620692796
int,ANGLE,TOT,LU_GASSTNS,2693,NB2,0.2976870519232796,0.06787642477288298,1.3467402621502793,1.1789795301594581,1.538372200110461,4.38572085844756,1.1560229397059494e-05,0.0026765466971321243
int,ANGLE,TOT,LU_SUPERMKTS,2693,NB2,0.1702636957625269,0.0900273492945248,1.18561745240094,0.9938292091644688,1.4144168137496025,1.891244128553742,0.05859176313172653,0.29171218240051083
int,ANGLE,TOT,LU_REGSHOPCNTRS,2693,NB2,0.34436958564891296,0.32792538761153633,1.4111000614778677,0.7420310620649848,2.6834501752009654,1.0501461572010296,0.293650920047531,0.6362436601029839
int,ANGLE,TOT,LU_COMMSHOPCNTRS,2693,NB2,0.21295671273748953,0.0613345015275221,1.2373310894086569,1.097177627949492,1.3953877529187935,3.4720541853907676,0.0005164920766533686,0.015107393242111031
int,ANGLE,TOT,LU_FASTFOOD,2693,NB2,0.07373791985608608,0.05886705668471487,1.0765246327912146,0.9592135862269616,1.2081827255645734,1.252617745966438,0.21034485343001774,0.5385672095898741
int,ANGLE,TOT,LU_RESTOS,2693,NB2,-0.012692457102299172,0.07570173795283922,0.9873877524207407,0.8512343014165609,1.1453187119081885,-0.16766401202316303,0.8668476095824371,0.953123362279738
int,ANGLE,TOT,LU_BARS,2693,NB2,-0.15029201551489468,0.27128377167551754,0.8604566730361781,0.5056006209533147,1.4643686251343682,-0.5540029710832056,0.5795768124013854,0.8486279307561733
int,ANGLE,TOT,LU_HOTELS,2693,NB2,0.11729696885092022,0.10959458813692499,1.1244533077191026,0.9070947002508821,1.3938955225851584,1.070280666636313,0.284492994051462,0.6295839436143658
int,ANGLE,TOT,LU_OFFBLDGS,2693,NB2,0.17431358221795262,0.1323366136152843,1.1904288046016434,0.9184514988400383,1.5429456434172686,1.3171984491359252,0.18777211363332036,0.4973667657919294
int,ANGLE,TOT,LU_DEPTSTRS,2693,NB2,0.2287420539005343,0.17697572221778973,1.2570177543609604,0.8885802082851012,1.7782228548935883,1.292505271536849,0.19618222153494536,0.510073775990858
int,ANGLE,TOT,LU_BANKINS,2693,NB2,0.1217709283770298,0.0671911142187845,1.1294953368136535,0.9901254215021494,1.2884829418360908,1.8123070259041263,0.06993876955536119,0.3147244629991253
int,ANGLE,TOT,LU_AUTOSALSER,2693,NB2,0.061739835720804284,0.041258370807095726,1.06368557573579,0.981055181188824,1.153275601335021,1.496419623776955,0.13454433889989248,0.41905717238980095
int,ANGLE,TOT,LU_REPAIRSTRS,2693,NB2,0.08412069074078722,0.2697549707758715,1.08776016846738,0.6410812647731331,1.8456664531023281,0.3118411145449464,0.7551612760712288,0.9121802707137384
int,ANGLE,TOT,LU_SINGLESTORE,2693,NB2,0.05407596777604886,0.024521112490821288,1.0555647880186918,1.0060327112420009,1.1075355793643984,2.205281991030811,0.027434312768360433,0.1735034915620633
int,ANGLE,TOT,LU_PARKSREC,2693,NB2,0.04068622942042045,0.13907051449376542,1.0415252542873223,0.7930317827763205,1.3678832032690913,0.2925582721004777,0.7698598128528196,0.9169624282331508
int,ANGLE,TOT,LU_SCHOOLS,2693,NB2,-0.12557232353780323,0.11815579073533111,0.8819919733404361,0.6996621709383533,1.1118363595300018,-1.0627691013391392,0.2878866750715262,0.6295839436143658
int,ANGLE,TOT,LU_INDUSTRIAL,2693,NB2,-0.0366390372884292,0.06395761132005018,0.9640240492881469,0.8504446441772828,1.092772320889807,-0.5728643789569291,0.5667365247593169,0.8486279307561733
int,ANGLE,KAB,LU_MXDUSE,473,NB2,-0.09902105545290489,0.6864181533547611,0.9057236374013867,0.23588741661347362,3.477656074769789,-0.14425762921472138,0.8852970352584633,0.9989298663548887
int,ANGLE,KAB,LU_GASSTNS,473,NB2,0.10095565284674253,0.10385636861136104,1.1062275826314705,0.9024853427461008,1.355966026939615,0.9720699288507456,0.33101576096017815,0.8864718411758916
int,ANGLE,KAB,LU_SUPERMKTS,473,NB2,0.1210233633899593,0.14334035983116178,1.1286512811793206,0.8522087743280786,1.4947671895447072,0.8443076571909732,0.3984975083481249,0.8864718411758916
int,ANGLE,KAB,LU_REGSHOPCNTRS,473,NB2,-0.34036728735612287,0.5527447293807748,0.7115089465256274,0.2408100195605397,2.102258792677594,-0.6157766311719105,0.5380419527864184,0.8885096468032597
int,ANGLE,KAB,LU_COMMSHOPCNTRS,473,NB2,0.0805849410329141,0.09625984105591337,1.0839209120939985,0.8975518870365777,1.308987882086427,0.8371605453421186,0.4025023315962589,0.8864718411758916
int,ANGLE,KAB,LU_FASTFOOD,473,NB2,0.041327155508731735,0.08982019556531602,1.0421930089622673,0.8739602125165313,1.2428097439381764,0.4601098366422415,0.6454373838834746,0.9357613788484339
int,ANGLE,KAB,LU_RESTOS,473,NB2,0.08346044454086186,0.11384925134124949,1.0870422159884985,0.8696329194068655,1.3588041033993272,0.7330785539441027,0.4635105195538529,0.8864718411758916
int,ANGLE,KAB,LU_BARS,473,NB2,-0.3797933054569961,0.4689715061901082,0.6840027742429979,0.27281061087781083,1.7149618692128779,-0.809843029787482,0.41803039819208143,0.8864718411758916
int,ANGLE,KAB,LU_HOTELS,473,NB2,0.12284338069494079,0.1704868066673717,1.1307073164847292,0.8095224602868237,1.5793249703029977,0.7205447922701396,0.47118963137865244,0.8864718411758916
int,ANGLE,KAB,LU_OFFBLDGS,473,NB2,0.012016048571347493,0.20509593786289945,1.0120885313107482,0.6770758393706088,1.5128633096152566,0.05858745276261817,0.9532807047609185,0.9997636731778717
int,ANGLE,KAB,LU_DEPTSTRS,473,NB2,-0.11395401073135777,0.29157082446031213,0.8922989911168225,0.50387209308863,1.5801579418053815,-0.39082789213318186,0.6959244565363292,0.9357613788484339
int,ANGLE,KAB,LU_BANKINS,473,NB2,0.002405622306812953,0.10658144073771063,1.0024085181377806,0.8134311407772198,1.235289364844196,0.022570742993923483,0.9819926815889768,0.9997636731778717
int,ANGLE,KAB,LU_AUTOSALSER,473,NB2,-0.024042992279414106,0.06778939593391968,0.9762437379121265,0.8547808075853137,1.1149663485132928,-0.3546718767467841,0.7228354220786561,0.9357613788484339
int,ANGLE,KAB,LU_REPAIRSTRS,473,NB2,-0.9624128139823641,0.6358887916708778,0.381970150308498,0.10983732783017122,1.3283389045324074,-1.5134923379503253,0.1301546459413879,0.6890540079249947
int,ANGLE,KAB,LU_SINGLESTORE,473,NB2,0.023963624694125385,0.03722534379463527,1.024253059694647,0.9521829872691964,1.1017780661074252,0.6437448859123472,0.5197408781361457,0.8864718411758916
int,ANGLE,KAB,LU_PARKSREC,473,NB2,-0.20092209214839266,0.23771633449658197,0.8179761558364834,0.5133249991678392,1.303433482884522,-0.8452178626003576,0.3979892108634918,0.8864718411758916
int,ANGLE,KAB,LU_SCHOOLS,473,NB2,-0.17773957512708904,0.18867897221467664,0.8371604124966867,0.578364861803868,1.2117568035958708,-0.9420211115251312,0.346181831378676,0.8864718411758916
int,ANGLE,KAB,LU_INDUSTRIAL,473,NB2,-0.05010767829518776,0.09964411593558169,0.951127003252323,0.7823835812990635,1.1562647759219116,-0.5028664043502735,0.615058202686278,0.9081189662539423
int,ANGLE,KSI,LU_MXDUSE,115,Firth-Poisson,0.7570020675415949,1.0593811058493148,2.131875412199823,0.2672996674560729,17.002987008538113,0.7145701045278696,0.47487472309959533,0.8476259134334092
int,ANGLE,KSI,LU_GASSTNS,115,Firth-Poisson,0.4377022217423092,0.13213839201065217,1.549143537466448,1.1956751123111848,2.0071051700953024,3.312453065926702,0.0009248164204726621,0.0416167389212698
int,ANGLE,KSI,LU_SUPERMKTS,115,Firth-Poisson,0.1710105393897615,0.22326287718474955,1.1865032539760612,0.765991121612939,1.8378672180056266,0.7659604746930259,0.44369982067538194,0.8476259134334092
int,ANGLE,KSI,LU_REGSHOPCNTRS,115,Firth-Poisson,-0.25967426668180393,0.9022832778730097,0.7713027839046849,0.13157878368159953,4.521306306484053,-0.28779682949898505,0.7735022644353734,0.9827534460773446
int,ANGLE,KSI,LU_COMMSHOPCNTRS,115,Firth-Poisson,-0.0417152137421393,0.15788859704026034,0.9591428923964708,0.7038592555244364,1.3070156864659275,-0.26420662748369506,0.7916207044753103,0.9827534460773446
int,ANGLE,KSI,LU_FASTFOOD,115,Firth-Poisson,-0.1105963573370984,0.17326699150282654,0.8953000573036142,0.6375008550582333,1.2573507725485877,-0.6383002115858531,0.5232782742974136,0.8809196049134591
int,ANGLE,KSI,LU_RESTOS,115,Firth-Poisson,-0.5485188174760552,0.24673823466829578,0.5778050115549803,0.35624885642984555,0.9371500437189365,-2.223079930086475,0.02621041071525154,0.34026957022654736
int,ANGLE,KSI,LU_BARS,115,Firth-Poisson,0.4719432201224376,0.5720917451473001,1.6031063569596866,0.5223817688995929,4.919677800276618,0.8249432440262241,0.4094038136942172,0.804783385674675
int,ANGLE,KSI,LU_HOTELS,115,Firth-Poisson,-0.34657223436671425,0.3919458655567224,0.7071077399626573,0.3279854173589303,1.5244621542668202,-0.8842349539124258,0.37656939316457316,0.804783385674675
int,ANGLE,KSI,LU_OFFBLDGS,115,Firth-Poisson,-0.8516236482463974,0.5056713003732054,0.4267215235220043,0.15838295749251177,1.149689723691071,-1.6841447153869826,0.0921537044636142,0.5029213824074954
int,ANGLE,KSI,LU_DEPTSTRS,115,Firth-Poisson,0.5914406518504708,0.3777753306641907,1.806589207614964,0.8615699796982342,3.7881595714535004,1.5655883374137256,0.11744502205396903,0.5029213824074954
int,ANGLE,KSI,LU_BANKINS,115,Firth-Poisson,0.21496151393021046,0.16048335596081023,1.2398141804727818,0.905212221612947,1.698098153560558,1.3394629782212661,0.18041999896409744,0.5772184919708565
int,ANGLE,KSI,LU_AUTOSALSER,115,Firth-Poisson,0.03581990281085853,0.11662296222553664,1.0364691644978192,0.8246789638137973,1.3026503355763597,0.3071427969869825,0.7587346837007254,0.9827534460773446
int,ANGLE,KSI,LU_REPAIRSTRS,115,Firth-Poisson,-1.29161786893768,1.4150380991207467,0.2748257911067578,0.017161401028899306,4.4011101034388895,-0.9127795709106663,0.36135848478721244,0.804783385674675
int,ANGLE,KSI,LU_SINGLESTORE,115,Firth-Poisson,0.08984300463884355,0.05881519129877423,1.0940025169020204,0.9748859684044276,1.2276733338841639,1.5275476055574093,0.12662489893649123,0.5029213824074954
int,ANGLE,KSI,LU_PARKSREC,115,Firth-Poisson,-0.626508068916494,0.43330481388952924,0.5344548257555898,0.22859909096966813,1.2495323562390654,-1.4458830108363896,0.14821001782667864,0.5130346770923492
int,ANGLE,KSI,LU_SCHOOLS,115,Firth-Poisson,-0.09848510803867755,0.30530706548671194,0.90620918774596,0.49813360420986313,1.6485840044013886,-0.322577231816353,0.747015439052304,0.9827534460773446
int,ANGLE,KSI,LU_INDUSTRIAL,115,Firth-Poisson,-0.015526265652932298,0.15709008760931176,0.9845936454171321,0.7236677958804674,1.3395989874280978,-0.09883669866902509,0.9212679298117293,0.9827534460773446
int,LEFTTURN,TOT,LU_MXDUSE,4650,NB2,0.6946957602461169,0.4423715115930168,2.0030995587097493,0.8416825098984755,4.767127503442092,1.5703899144509994,0.11632442736982004,0.40626740305280434
int,LEFTTURN,TOT,LU_GASSTNS,4650,NB2,0.11636717822514268,0.06969741740746006,1.1234082874747602,0.979963689148269,1.287849942138035,1.669605310406915,0.0949974790528006,0.366874215722483
int,LEFTTURN,TOT,LU_SUPERMKTS,4650,NB2,0.007935054085651977,0.09303433163405075,1.0079666200646678,0.8399505684857661,1.2095910703366675,0.08529167616170343,0.9320295088807224,0.9662997251232579
int,LEFTTURN,TOT,LU_REGSHOPCNTRS,4650,NB2,0.33079522513478626,0.3292888348556256,1.392074701210137,0.730072896809392,2.654354081925649,1.0045746776680755,0.3151016955905641,0.6642684393530811
int,LEFTTURN,TOT,LU_COMMSHOPCNTRS,4650,NB2,0.20450760125716225,0.06455056548378574,1.226920781950695,1.0811102181647823,1.3923969821854583,3.1681767576231676,0.0015339822550569943,0.029802796015389186
int,LEFTTURN,TOT,LU_FASTFOOD,4650,NB2,0.14566510125934995,0.0594801740200882,1.1568087093914121,1.0295110287778249,1.29984658028624,2.448968982675716,0.014326578482156311,0.11376459556635911
int,LEFTTURN,TOT,LU_RESTOS,4650,NB2,-0.13365283967950636,0.07590565358550651,0.8748937402794849,0.7539509842546472,1.0152371609898971,-1.7607758232257176,0.07827635341467665,0.3305482141471866
int,LEFTTURN,TOT,LU_BARS,4650,NB2,0.0029538178709134664,0.2760026107761897,1.0029581846894577,0.5839083173890544,1.7227449760153541,0.010702137427637287,0.9914610927808929,0.9976181716098219
int,LEFTTURN,TOT,LU_HOTELS,4650,NB2,0.1224874676360852,0.11482131769073997,1.1303049545922221,0.9025219073138308,1.4155770403160681,1.0667659115878922,0.2860775552869266,0.6295839436143658
int,LEFTTURN,TOT,LU_OFFBLDGS,4650,NB2,0.0012405200515272564,0.12691849638625807,1.0012412898147958,0.7807348145238049,1.2840264091994449,0.009774147085322482,0.9922014831163245,0.9976181716098219
int,LEFTTURN,TOT,LU_DEPTSTRS,4650,NB2,-0.1421914338423997,0.18207018191206417,0.8674551803118445,0.607107750564731,1.2394480043285563,-0.7809704606714514,0.4348198684891529,0.7826757632804753
int,LEFTTURN,TOT,LU_BANKINS,4650,NB2,0.09510097156682468,0.06708756838938523,1.0997698950095187,0.9642635183180156,1.2543187614097364,1.4175647418735748,0.15631788006289798,0.4515849868483719
int,LEFTTURN,TOT,LU_AUTOSALSER,4650,NB2,0.0839844406706712,0.04247358966715574,1.0876119711643326,1.000736475988406,1.1820292636496939,1.9773332399925514,0.04800397474654863,0.250963555458805
int,LEFTTURN,TOT,LU_REPAIRSTRS,4650,NB2,-0.26159444717773384,0.28778216373350507,0.7698231643654895,0.4379513323675171,1.3531816450700465,-0.9090015996265083,0.3633492814370298,0.7458222092654823
int,LEFTTURN,TOT,LU_SINGLESTORE,4650,NB2,0.02073985680964267,0.024960115949113862,1.0209564222272915,0.9722114369504525,1.0721453960228136,0.8309198904334008,0.406018886328655,0.7722178077558521
int,LEFTTURN,TOT,LU_PARKSREC,4650,NB2,0.08121641571142488,0.14107650972008778,1.0846055968612889,0.8225931558696816,1.4300742625303309,0.5756905658678947,0.5648243531996109,0.8486279307561733
int,LEFTTURN,TOT,LU_SCHOOLS,4650,NB2,0.0009576061859142171,0.11497857963428561,1.0009580648371086,0.7989951447462948,1.2539713841197224,0.008328561623913707,0.9933548460901218,0.9976181716098219
int,LEFTTURN,TOT,LU_INDUSTRIAL,4650,NB2,-0.02176499162252496,0.06534836618466229,0.9784701567173308,0.8608389953213584,1.1121752764336972,-0.33306099131876005,0.7390882443084537,0.9121802707137384
int,LEFTTURN,KAB,LU_MXDUSE,938,NB2,0.7091985334942164,0.5640809545454639,2.0323617358710777,0.6727374546482175,6.139830920507891,1.257263745175882,0.20865814746945976,0.7878715378997793
int,LEFTTURN,KAB,LU_GASSTNS,938,NB2,0.05585534353199697,0.08792251279194484,1.0574447064559571,0.8900543225547696,1.256315798795435,0.6352791993578492,0.5252463372906004,0.8864718411758916
int,LEFTTURN,KAB,LU_SUPERMKTS,938,NB2,0.04375916227767145,0.11903477232171056,1.044730714021742,0.8273321836823327,1.3192551750645576,0.3676166335615386,0.713159110276422,0.9357613788484339
int,LEFTTURN,KAB,LU_REGSHOPCNTRS,938,NB2,-0.006921313924420452,0.48676200173745027,0.9931025832038394,0.3825198095704877,2.5783050082387957,-0.01421909249225594,0.9886551879203399,0.9997636731778717
int,LEFTTURN,KAB,LU_COMMSHOPCNTRS,938,NB2,0.15551232560332323,0.08213018464873362,1.1682563354426818,0.9945520578482819,1.3722990712570287,1.893485644388127,0.058293315528548224,0.5666207584667583
int,LEFTTURN,KAB,LU_FASTFOOD,938,NB2,0.15632734159710185,0.07975402737652051,1.1692088711540938,1.0000094479837536,1.3670364686470837,1.960118463473663,0.04998194566927664,0.5622968887793622
int,LEFTTURN,KAB,LU_RESTOS,938,NB2,-0.3946169601372168,0.11245659618294743,0.6739381349859835,0.5406236552727803,0.8401271482640092,-3.5090601488172672,0.0004496931933582608,0.02113292186829492
int,LEFTTURN,KAB,LU_BARS,938,NB2,-0.09975818406463022,0.39221040986813466,0.9050562485998519,0.4195843974866743,1.9522337294623826,-0.25434863928820756,0.7992262262717335,0.9720318968169731
int,LEFTTURN,KAB,LU_HOTELS,938,NB2,0.054266233346682534,0.15592207297745325,1.0557656447628807,0.7777570880687957,1.4331481046727363,0.34803432452138816,0.7278144057710042,0.9357613788484339
int,LEFTTURN,KAB,LU_OFFBLDGS,938,NB2,-0.0073498558790736695,0.16435987121300089,0.9926770882593914,0.7192867352608888,1.3699791102052388,-0.04471806788865563,0.964332032011223,0.9997636731778717
int,LEFTTURN,KAB,LU_DEPTSTRS,938,NB2,0.024932682215903577,0.23530973711006034,1.0252461009056646,0.6464403167439638,1.626027245201338,0.10595686571287923,0.9156165756391557,0.9989298663548887
int,LEFTTURN,KAB,LU_BANKINS,938,NB2,0.049660161614550426,0.08798408519749856,1.0509138948028025,0.8844505755295565,1.2487074403545215,0.5644220940989256,0.5724669059988345,0.9030852086998912
int,LEFTTURN,KAB,LU_AUTOSALSER,938,NB2,0.03298687192671858,0.05771721139206025,1.03353697080315,0.9229881691334165,1.157326502917011,0.5715257395691912,0.5676433175778433,0.9030852086998912
int,LEFTTURN,KAB,LU_REPAIRSTRS,938,NB2,-0.37550232729560773,0.4694791093370634,0.6869441213245232,0.2737112989357692,1.7240509531652852,-0.7998275531915418,0.4238107168258922,0.8864718411758916
int,LEFTTURN,KAB,LU_SINGLESTORE,938,NB2,-0.04609507851138715,0.03431426650092645,0.9549511625392535,0.892837182771146,1.0213863629700781,-1.3433211084416632,0.17916801995904064,0.7500056649448212
int,LEFTTURN,KAB,LU_PARKSREC,938,NB2,0.07844513211506221,0.19555780322796773,1.0816040082098999,0.7372353060719737,1.5868301761195243,0.40113526957355067,0.6883205350159769,0.9357613788484339
int,LEFTTURN,KAB,LU_SCHOOLS,938,NB2,0.08737217194860246,0.144846787916643,1.0913027564217843,0.8215787109764334,1.449577125432533,0.6032040696607214,0.546372940695892,0.8940648120478233
int,LEFTTURN,KAB,LU_INDUSTRIAL,938,NB2,0.0655067432429317,0.08748727413038564,1.0676999370492768,0.8994531476495071,1.2674180512393414,0.7487573923643396,0.4540034447483241,0.8864718411758916
int,LEFTTURN,KSI,LU_MXDUSE,189,NB2,0.33553141056542307,0.9770554671063457,1.3986834629351927,0.20607866689404566,9.493051653397062,0.343410811219485,0.7312894273444978,0.9827534460773446
int,LEFTTURN,KSI,LU_GASSTNS,189,NB2,0.005024006369345876,0.15026705840356963,1.0050366478507735,0.7486382210557316,1.349248054819691,0.033433850523998346,0.9733286159295093,0.9827534460773446
int,LEFTTURN,KSI,LU_SUPERMKTS,189,NB2,0.025898885269636417,0.1873659685962612,1.026237175531751,0.7108183172126797,1.4816201481317137,0.13822619691115678,0.8900616516812734,0.9827534460773446
int,LEFTTURN,KSI,LU_REGSHOPCNTRS,189,NB2,-0.48484176227147985,1.0730159251609468,0.61579463099884,0.07517376522472767,5.044353258525653,-0.4518495493892657,0.6513773713214375,0.9610485806381864
int,LEFTTURN,KSI,LU_COMMSHOPCNTRS,189,NB2,0.37009923981417336,0.12411039778218617,1.4478782947067286,1.1352386125518665,1.8466175596076164,2.9820163856351325,0.0028635667217444117,0.08590700165233235
int,LEFTTURN,KSI,LU_FASTFOOD,189,NB2,0.07812623915577269,0.13309542222707993,1.0812591472967237,0.8329840468749543,1.403533894795399,0.5869941869411412,0.5572076108370858,0.8809196049134591
int,LEFTTURN,KSI,LU_RESTOS,189,NB2,-0.27099731151748174,0.1860647746056796,0.7626185466889401,0.5295729935325667,1.0982188571860885,-1.4564675774433749,0.14526340622009778,0.5130346770923492
int,LEFTTURN,KSI,LU_BARS,189,NB2,0.09977492868029876,0.5940668011463046,1.1049222037888973,0.34486715241666577,3.540067727153928,0.1679523725072234,0.8666207479625685,0.9827534460773446
int,LEFTTURN,KSI,LU_HOTELS,189,NB2,0.20743605446356234,0.2524938877985656,1.230519028124873,0.7501725999800716,2.01843826156488,0.8215488155857877,0.411333730455945,0.804783385674675
int,LEFTTURN,KSI,LU_OFFBLDGS,189,NB2,-0.2667962340013675,0.3154103956145576,0.7658291055000827,0.41271392176867394,1.421067203930636,-0.845870135261495,0.39762519444161126,0.804783385674675
int,LEFTTURN,KSI,LU_DEPTSTRS,189,NB2,-0.24054940491748697,0.3996459277093799,0.786195802549856,0.35920737061759833,1.7207437555757377,-0.601906308156887,0.5472365049999759,0.8809196049134591
int,LEFTTURN,KSI,LU_BANKINS,189,NB2,-0.030525100841079185,0.1485489981999293,0.9699360855501125,0.7249293063873639,1.2977486242631968,-0.20548843284689153,0.837190534527541,0.9827534460773446
int,LEFTTURN,KSI,LU_AUTOSALSER,189,NB2,0.12881600896604647,0.09303980534434839,1.1374808186392282,0.9478661207771805,1.365026752629682,1.3845257789317944,0.16619752021039358,0.5539917340346453
int,LEFTTURN,KSI,LU_REPAIRSTRS,189,NB2,0.31950816137083926,0.5661084215937053,1.3764506062440713,0.4538155935999149,4.174859344079681,0.5643939379516059,0.5724860635346053,0.8883404434157668
int,LEFTTURN,KSI,LU_SINGLESTORE,189,NB2,-0.004445416364001231,0.059163018661257616,0.9955644498740637,0.8865613661217753,1.1179695075015328,-0.07513843046876634,0.9401045711410497,0.9827534460773446
int,LEFTTURN,KSI,LU_PARKSREC,189,NB2,0.04893394115769425,0.3021797396167945,1.0501509766909023,0.58080607925399,1.898769853203598,0.1619365388948618,0.8713558286752551,0.9827534460773446
int,LEFTTURN,KSI,LU_SCHOOLS,189,NB2,0.3348737379924191,0.21819239157416648,1.3977638896055304,0.9113909322160935,2.143694678127369,1.5347635890346392,0.12484190965798395,0.5029213824074954
int,LEFTTURN,KSI,LU_INDUSTRIAL,189,NB2,0.07202895366731955,0.14616729461062314,1.074686459727583,0.8069779425241984,1.4312051493119624,0.4927843390629783,0.6221649776021536,0.9360374058136591
int,RIGHTTURN,TOT,LU_MXDUSE,1358,NB2,0.9350162938134123,0.5073647801037635,2.5472549618979388,0.9423121638329361,6.8857307482067345,1.8428876628412951,0.06534541394512142,0.3058165372631682
int,RIGHTTURN,TOT,LU_GASSTNS,1358,NB2,0.2966659434246183,0.07694913605556156,1.3453657960820253,1.15701757327907,1.564374791765459,3.8553511921226633,0.00011556360921019305,0.005062100284590849
int,RIGHTTURN,TOT,LU_SUPERMKTS,1358,NB2,0.004462357153612594,0.10916184327662251,1.0044723282953774,0.8109938114433168,1.2441089488901191,0.04087836023714549,0.9673928690538273,0.984217092863459
int,RIGHTTURN,TOT,LU_REGSHOPCNTRS,1358,NB2,0.3523280142817674,0.39282724134676883,1.4223750065240526,0.6586168144583459,3.0718175041555256,0.8969032113807742,0.3697705663419575,0.7488519507043849
int,RIGHTTURN,TOT,LU_COMMSHOPCNTRS,1358,NB2,0.19356237253694936,0.07189141079330767,1.2135650773235884,1.0540661482307114,1.3971990271876726,2.692426958951374,0.007093407119430678,0.0754480575430354
int,RIGHTTURN,TOT,LU_FASTFOOD,1358,NB2,0.028148000397867204,0.069993409360892,1.0285478986554901,0.8966953722101841,1.1797883792140855,0.4021521548226592,0.6875720513865903,0.908993559460238
int,RIGHTTURN,TOT,LU_RESTOS,1358,NB2,-0.1312255993222057,0.09483088909716815,0.8770198969770586,0.7282621918736252,1.0561634371198045,-1.3837853949438967,0.1664241763981683,0.46361020568061173
int,RIGHTTURN,TOT,LU_BARS,1358,NB2,0.2192906377502974,0.36882298911045175,1.2451931242300183,0.604349611868716,2.565577748673284,0.5945687883480231,0.5521317484523918,0.8486279307561733
int,RIGHTTURN,TOT,LU_HOTELS,1358,NB2,0.22876248050137252,0.13943377206265942,1.25704343122312,0.9564490938999032,1.652109033360186,1.6406533160314285,0.10086940080293313,0.3807006417401025
int,RIGHTTURN,TOT,LU_OFFBLDGS,1358,NB2,-0.08362319492190094,0.15180918907274804,0.9197777677409583,0.6830623019397437,1.2385270562115858,-0.5508440920649943,0.581740555640607,0.8486279307561733
int,RIGHTTURN,TOT,LU_DEPTSTRS,1358,NB2,0.34932283833114613,0.20367538236859506,1.418106935725649,0.9513427121012897,2.113883099720509,1.7150960232345125,0.08632762331891579,0.35439761151975957
int,RIGHTTURN,TOT,LU_BANKINS,1358,NB2,0.19261993507696182,0.07598289426701288,1.2124219069025124,1.0446620775061166,1.4071218932789469,2.5350434059549323,0.011243339356621165,0.09736698173972012
int,RIGHTTURN,TOT,LU_AUTOSALSER,1358,NB2,0.0047286289083479085,0.0568425711502933,1.0047398265168457,0.8988107210624536,1.1231531793432579,0.0831881600824369,0.9337019269928584,0.9662997251232579
int,RIGHTTURN,TOT,LU_REPAIRSTRS,1358,NB2,0.13877236438635565,0.3716523191636583,1.1488625482043289,0.5545123605068568,2.3802628194980024,0.37339297303092245,0.708855988664515,0.9121802707137384
int,RIGHTTURN,TOT,LU_SINGLESTORE,1358,NB2,0.0948235157875949,0.03014184237738191,1.099464799823494,1.0363920560473585,1.1663760243987031,3.145909748992297,0.0016557108897438436,0.029802796015389186
int,RIGHTTURN,TOT,LU_PARKSREC,1358,NB2,0.2719924145255248,0.16687596250845263,1.312577044753676,0.9464051998452797,1.820423745237188,1.6299076897414018,0.10312100818992424,0.3830208875625758
int,RIGHTTURN,TOT,LU_SCHOOLS,1358,NB2,-0.1433587342403046,0.15155282705072567,0.8664431902977855,0.6437773932683104,1.1661232746961676,-0.9459324318135057,0.344183050384414,0.7190967302674364
int,RIGHTTURN,TOT,LU_INDUSTRIAL,1358,NB2,-0.06916263781092544,0.08573660978935026,0.9331748982131455,0.7888284625438358,1.103935053061961,-0.8066873413918969,0.419846638977564,0.7826757632804753
int,REAREND,TOT,LU_MXDUSE,25212,NB2,-0.020284265570241527,0.34945755054368705,0.9799200761716006,0.4939993563966424,1.9438149933805904,-0.05804500586318198,0.9537127794407293,0.977410631845874
int,REAREND,TOT,LU_GASSTNS,25212,NB2,0.12727745410085559,0.056909656446041304,1.135732087595936,1.0158589669527391,1.2697504444581353,2.2364825593620172,0.025320178489254233,0.1696031557395109
int,REAREND,TOT,LU_SUPERMKTS,25212,NB2,-0.06619333126334911,0.07247478714525811,0.9359498984227089,0.8120089521482996,1.0788085649054424,-0.9133290882342388,0.36106948821121043,0.7458222092654823
int,REAREND,TOT,LU_REGSHOPCNTRS,25212,NB2,0.07059887852189543,0.2462718273125129,1.0731506757373972,0.6622620847286097,1.7389676978224882,0.286670543246131,0.7743645944120356,0.9169624282331508
int,REAREND,TOT,LU_COMMSHOPCNTRS,25212,NB2,0.109460152977716,0.04895897780515388,1.1156756136983685,1.0135921004933903,1.2280404261194697,2.2357524173266787,0.025367993379841372,0.1696031557395109
int,REAREND,TOT,LU_FASTFOOD,25212,NB2,0.11344919612550082,0.046447640821947016,1.1201349802498441,1.0226648517188204,1.2268949811568344,2.4425179431695665,0.014585204559789629,0.11376459556635911
int,REAREND,TOT,LU_RESTOS,25212,NB2,-0.09540388991410517,0.05619209259884637,0.9090057220735226,0.8142072069276045,1.0148416714221937,-1.6978169970495782,0.08954230688503603,0.3551338951033633
int,REAREND,TOT,LU_BARS,25212,NB2,-0.3313285547014135,0.21462683320566298,0.7179692381159322,0.47142410834035614,1.0934524089052502,-1.5437424563960407,0.12265073656698398,0.4100038908096322
int,REAREND,TOT,LU_HOTELS,25212,NB2,0.05598449909044427,0.08576465256540522,1.0575812901376274,0.8939421456526353,1.2511751355369956,0.6527689137171024,0.513905267259446,0.8486279307561733
int,REAREND,TOT,LU_OFFBLDGS,25212,NB2,0.0482914878593771,0.09021189385013166,1.049476520408726,0.8793926114428705,1.252456471156921,0.5353117621009419,0.5924342943006995,0.851292624767835
int,REAREND,TOT,LU_DEPTSTRS,25212,NB2,0.07726947634485543,0.139353401158758,1.0803331614021374,0.8221247019257375,1.41963833088981,0.5544857585271735,0.5792464495120719,0.8486279307561733
int,REAREND,TOT,LU_BANKINS,25212,NB2,0.019251026288132553,0.051625272620939536,1.0194375221177372,0.9213322965702101,1.1279891797675146,0.3728992664016309,0.709223418030299,0.9121802707137384
int,REAREND,TOT,LU_AUTOSALSER,25212,NB2,0.05531775654932379,0.031503940749399266,1.0568763907201273,0.9935906606842226,1.124193039910827,1.7558995869549627,0.07910555552240363,0.3305482141471866
int,REAREND,TOT,LU_REPAIRSTRS,25212,NB2,-0.12167017956208122,0.20854701304521267,0.8854403566743362,0.588356439491572,1.332533431443485,-0.5834184713818141,0.5596116261484884,0.8486279307561733
int,REAREND,TOT,LU_SINGLESTORE,25212,NB2,0.05545890674240508,0.01918851257568165,1.0570255795555092,1.0180096750830971,1.0975367947691248,2.8902139508556965,0.0038497971597572017,0.0529913256107756
int,REAREND,TOT,LU_PARKSREC,25212,NB2,0.14329753227461134,0.1091341567389758,1.1540731245904796,0.9318295056026015,1.4293223909461,1.3130401751061915,0.18916941092086204,0.4973667657919294
int,REAREND,TOT,LU_SCHOOLS,25212,NB2,-0.03842457091398037,0.08695377204499001,0.9623042877352452,0.8115137371114455,1.1411138220405328,-0.4418965389344977,0.6585640752979753,0.885655135745553
int,REAREND,TOT,LU_INDUSTRIAL,25212,NB2,-0.14224928094022682,0.04905503120768777,0.8674050019985172,0.7878897247662209,0.9549451069631527,-2.899789836805443,0.003734129369815681,0.0529913256107756
int,REAREND,KAB,LU_MXDUSE,1578,NB2,-0.1800052816183392,0.49495773883136107,0.8352657998444554,0.3165979996665479,2.203642970342855,-0.3636780829881508,0.7160984114968539,0.9357613788484339
int,REAREND,KAB,LU_GASSTNS,1578,NB2,0.052784585665060134,0.06775263691930723,1.0542025303213816,0.9231065773779388,1.203916213112407,0.7790779527581501,0.4359337965867921,0.8864718411758916
int,REAREND,KAB,LU_SUPERMKTS,1578,NB2,-0.07169442604861373,0.09070766121531484,0.9308152852627171,0.7792047411528066,1.1119248247859466,-0.7903899746508847,0.42930005526780646,0.8864718411758916
int,REAREND,KAB,LU_REGSHOPCNTRS,1578,NB2,0.22968470438079905,0.32425772803316927,1.2582032414129953,0.666403162452214,2.375552047017313,0.7083399546835286,0.47873417085111025,0.8864718411758916
int,REAREND,KAB,LU_COMMSHOPCNTRS,1578,NB2,0.11027561548205714,0.060894075156542,1.1165857763796805,0.9909642977150674,1.2581319013088166,1.81094162607066,0.07014988815483515,0.5666207584667583
int,REAREND,KAB,LU_FASTFOOD,1578,NB2,0.06288456650900309,0.05745646572313387,1.0649039065606578,0.9514861899698404,1.191841082048806,1.094473280205324,0.27374745994788074,0.8483017641028203
int,REAREND,KAB,LU_RESTOS,1578,NB2,-0.02768990987608876,0.0769006005386022,0.9726899415856628,0.8365950917175781,1.1309243047547282,-0.3600740395023197,0.7187917659916934,0.9357613788484339
int,REAREND,KAB,LU_BARS,1578,NB2,-0.16491663777496599,0.2897276321305695,0.8479643893398799,0.4805697995301476,1.496231361795026,-0.5692126655722094,0.569211826375891,0.9030852086998912
int,REAREND,KAB,LU_HOTELS,1578,NB2,-0.07876006109995623,0.1241462122544436,0.9242616641690836,0.7246354072865007,1.1788819801829713,-0.6344137261194382,0.5258108540470527,0.8864718411758916
int,REAREND,KAB,LU_OFFBLDGS,1578,NB2,-0.07834657097886416,0.14045274960947438,0.924643916259807,0.7021319285447812,1.2176719746219946,-0.5578144336561939,0.5769711055582638,0.9030852086998912
int,REAREND,KAB,LU_DEPTSTRS,1578,NB2,-0.1095923971963932,0.1700692475264296,0.8961993542287157,0.6421533619047777,1.2507499456789675,-0.6443986716608598,0.5193169456952864,0.8864718411758916
int,REAREND,KAB,LU_BANKINS,1578,NB2,0.009940548652675296,0.0642470567366491,1.0099901200258263,0.890489753699924,1.145526984798444,0.1547237983744835,0.8770390675343303,0.9989298663548887
int,REAREND,KAB,LU_AUTOSALSER,1578,NB2,0.013157916407981201,0.04114860111871805,1.0132448627156563,0.9347339442551517,1.0983501328153578,0.3197658255749503,0.749145855714227,0.9379585127643283
int,REAREND,KAB,LU_REPAIRSTRS,1578,NB2,-0.34363379688434587,0.30637443238136575,0.7091885875729013,0.3890187700964511,1.2928642302245428,-1.1216138181419812,0.26202667380966504,0.8483017641028203
int,REAREND,KAB,LU_SINGLESTORE,1578,NB2,0.05916980914571397,0.02430525840270454,1.0609553853722538,1.0115982467598672,1.1127207202619722,2.4344447676857417,0.014914655876950813,0.2440580052591951
int,REAREND,KAB,LU_PARKSREC,1578,NB2,0.13408777732655322,0.13544240913091543,1.1434931880145245,0.8768850697004336,1.491160833063702,0.9899984664105254,0.3221748686111705,0.8864718411758916
int,REAREND,KAB,LU_SCHOOLS,1578,NB2,-0.0606569004698422,0.12077415653173096,0.941146091169452,0.7427659821965721,1.1925101393363546,-0.502234105471942,0.6155028549054498,0.9081189662539423
int,REAREND,KAB,LU_INDUSTRIAL,1578,NB2,-0.09072076015328097,0.06695283004759216,0.9132726974244513,0.8009567670854019,1.0413383769713518,-1.3549951523900308,0.17541910150579254,0.7500056649448212
int,REAREND,KSI,LU_MXDUSE,224,NB2,0.06085525225202648,1.195522322088282,1.0627450730973873,0.10204223333999385,11.068231784281323,0.05090264826316868,0.9594030952387159,0.9827534460773446
int,REAREND,KSI,LU_GASSTNS,224,NB2,0.22995016874014954,0.13119300263208217,1.2585372938679584,0.9731781535149194,1.6275705679743266,1.752762450182058,0.07964279107573632,0.5029213824074954
int,REAREND,KSI,LU_SUPERMKTS,224,NB2,-0.0040153480290279825,0.18574926394810007,0.9959927027017691,0.692059111778606,1.433405683057493,-0.021617033325902733,0.9827534460773446,0.9827534460773446
int,REAREND,KSI,LU_REGSHOPCNTRS,224,NB2,-0.5158489316310841,0.7694734194997912,0.5969935727077934,0.13212367888094262,2.6974826077585283,-0.6703921390376554,0.502607844483483,0.869898192375259
int,REAREND,KSI,LU_COMMSHOPCNTRS,224,NB2,-0.0038020765514483533,0.12772434133797356,0.9962051421899694,0.7755818279357269,1.2795873363448378,-0.029767830560876517,0.9762522148846791,0.9827534460773446
int,REAREND,KSI,LU_FASTFOOD,224,NB2,0.12693997114328986,0.11175328994150573,1.1353488620416958,0.9120171564917302,1.4133692873693895,1.1358947124485839,0.2560006314984181,0.7169774469741991
int,REAREND,KSI,LU_RESTOS,224,NB2,-0.05504266723356128,0.16352116669400885,0.9464447649121364,0.686915389348436,1.3040291525266998,-0.33660882163689915,0.7364118052190223,0.9827534460773446
int,REAREND,KSI,LU_BARS,224,NB2,0.09820290147863496,0.5566403247328687,1.1031866005939641,0.37053323506201874,3.284511510894199,0.17642074624356843,0.8599634071347779,0.9827534460773446
int,REAREND,KSI,LU_HOTELS,224,NB2,-0.15112045754093117,0.2579110907357864,0.8597441297578025,0.5185980347661716,1.4253042223468464,-0.5859401280875685,0.5579157497785241,0.8809196049134591
int,REAREND,KSI,LU_OFFBLDGS,224,NB2,-0.3115626706393941,0.3481412475124837,0.7323017152505177,0.3701231407914814,1.448884825228936,-0.8949317923847044,0.3708235504240749,0.804783385674675
int,REAREND,KSI,LU_DEPTSTRS,224,NB2,0.0589671290737093,0.32495291726551373,1.060740372648486,0.561052615679863,2.005462779641458,0.18146360885115004,0.8560036948440558,0.9827534460773446
int,REAREND,KSI,LU_BANKINS,224,NB2,0.0967693941829821,0.13549434259219648,1.1016063075050002,0.8446782297860221,1.4366848983928704,0.714195089858721,0.47510655268123236,0.8476259134334092
int,REAREND,KSI,LU_AUTOSALSER,224,NB2,0.033856726681491124,0.0870106197008945,1.034436388976312,0.8722457355653387,1.2267857545268503,0.38911028099645933,0.6971945684915901,0.9827534460773446
int,REAREND,KSI,LU_REPAIRSTRS,224,NB2,-0.07892540246683866,0.5268335599603592,0.9241088581151019,0.3290586817996297,2.595212431340137,-0.14981088614168256,0.8809138203914614,0.9827534460773446
int,REAREND,KSI,LU_SINGLESTORE,224,NB2,0.009210710587745766,0.05082593717253824,1.0092532597180874,0.9135582620502126,1.114972284269703,0.1812206739342212,0.8561943678089358,0.9827534460773446
int,REAREND,KSI,LU_PARKSREC,224,NB2,0.3286314778661422,0.21373659633001135,1.389065859737804,0.9136641270485251,2.1118307106158802,1.537553622116879,0.12415779455010903,0.5029213824074954
int,REAREND,KSI,LU_SCHOOLS,224,NB2,-0.04521561023123693,0.23999449333523157,0.9557913812144794,0.5971393252625156,1.5298559745705431,-0.18840269875725188,0.8505609842787047,0.9827534460773446
int,REAREND,KSI,LU_INDUSTRIAL,224,NB2,-0.17184367801446046,0.1449538094976171,0.8421108033127073,0.633843535376287,1.1188101881247072,-1.1855064631280725,0.23581726078152887,0.7065151934166176
int,SIDESWIPE,TOT,LU_MXDUSE,7429,NB2,0.0970533960051626,0.3668445463005099,1.1019192101340123,0.5368900710979778,2.2615913592501133,0.26456273368081884,0.7913463316094338,0.9212688636647139
int,SIDESWIPE,TOT,LU_GASSTNS,7429,NB2,0.18513797129198056,0.05791530936182353,1.203384461183221,1.0742513119499257,1.3480403936287988,3.1967017586893762,0.0013900857284048313,0.02957091458606641
int,SIDESWIPE,TOT,LU_SUPERMKTS,7429,NB2,0.03691799502405815,0.07567787322783463,1.0376079283360002,0.8945713298542259,1.2035152223369012,0.4878307680887571,0.6256697158834952,0.8697931620692796
int,SIDESWIPE,TOT,LU_REGSHOPCNTRS,7429,NB2,0.280468868073057,0.25504025310073436,1.3237503311223076,0.8029924012718407,2.18223103527626,1.0997043198599672,0.27146097196829955,0.6206010520628225
int,SIDESWIPE,TOT,LU_COMMSHOPCNTRS,7429,NB2,0.1689273800225742,0.05052337561757423,1.1840341512684598,1.0724026128333548,1.3072859526759426,3.3435489604105926,0.0008271409708114674,0.021505665241098152
int,SIDESWIPE,TOT,LU_FASTFOOD,7429,NB2,0.13183202375540093,0.0471999091936686,1.1409166562749493,1.0401034732729497,1.2515012688780955,2.793056724208378,0.005221253519869875,0.06430385913945004
int,SIDESWIPE,TOT,LU_RESTOS,7429,NB2,-0.07164043856295915,0.06067264863477016,0.9308655389961014,0.82649713356573,1.0484133779776628,-1.1807699214552434,0.23769413603460388,0.5675553860418092
int,SIDESWIPE,TOT,LU_BARS,7429,NB2,0.045530714271191104,0.22818831418974886,1.0465831491589654,0.6691691695478111,1.6368600616248759,0.1995313144446576,0.8418471504130556,0.9493059728598403
int,SIDESWIPE,TOT,LU_HOTELS,7429,NB2,0.17261797676975038,0.09296189962060786,1.1884120173557866,0.9904584655973504,1.4259286704605745,1.8568680015601178,0.0633299360423322,0.3058165372631682
int,SIDESWIPE,TOT,LU_OFFBLDGS,7429,NB2,0.035247270122687274,0.10070739265780762,1.0358758182748813,0.8503228147936112,1.2619192290484418,0.3499968492129821,0.7263410622548929,0.9121802707137384
int,SIDESWIPE,TOT,LU_DEPTSTRS,7429,NB2,0.0880226345919129,0.1437392403693644,1.0920128390134416,0.8238998674580241,1.4473749634763131,0.6123772072658974,0.5402882183637796,0.8486279307561733
int,SIDESWIPE,TOT,LU_BANKINS,7429,NB2,-0.009415895029415854,0.05412553244959013,0.9906282957029916,0.8909188450728577,1.1014969833387702,-0.1739640166715285,0.8618937415142549,0.953123362279738
int,SIDESWIPE,TOT,LU_AUTOSALSER,7429,NB2,0.04674403685052211,0.03402302889962782,1.0478537628012201,0.9802564089120637,1.120112552424204,1.3738940465419127,0.1694745781678123,0.4665535446031539
int,SIDESWIPE,TOT,LU_REPAIRSTRS,7429,NB2,-0.17654323705032435,0.22523715269620048,0.8381625386958591,0.5390170605569202,1.3033287676409302,-0.783810463491543,0.4331513332410811,0.7826757632804753
int,SIDESWIPE,TOT,LU_SINGLESTORE,7429,NB2,0.07553802251062863,0.02010438665752685,1.0784642328562437,1.0367941711744804,1.1218090667240765,3.7572905753057664,0.00017176300816659285,0.005741791987283246
int,SIDESWIPE,TOT,LU_PARKSREC,7429,NB2,0.10279903295915394,0.11528056830432656,1.1082686612209602,0.8841302541129031,1.3892290414571102,0.89172906129138,0.37253817276630263,0.7488519507043849
int,SIDESWIPE,TOT,LU_SCHOOLS,7429,NB2,0.015190529728851303,0.09365078679311002,1.0153064922589468,0.8450453263728497,1.2198721666775276,0.16220397338902962,0.871145230925394,0.953123362279738
int,SIDESWIPE,TOT,LU_INDUSTRIAL,7429,NB2,-0.07514194842194943,0.054215841644048815,0.9276118039509686,0.8340974824316668,1.0316104255831555,-1.3859777169058787,0.16575370778740706,0.46361020568061173
int,SIDESWIPE,KAB,LU_MXDUSE,161,NB2,1.5149243751517005,0.9681801628870583,4.549077090572087,0.6820115102327765,30.342746515971143,1.564713297403535,0.11765014914929528,0.6496649876662115
int,SIDESWIPE,KAB,LU_GASSTNS,161,NB2,0.41710141448052196,0.14753378109800663,1.5175564073261048,1.1364793604586365,2.026413791172703,2.827158711559366,0.004696304559254204,0.12076211723796525
int,SIDESWIPE,KAB,LU_SUPERMKTS,161,NB2,0.008861803720157808,0.21281119432410908,1.008901185748721,0.6648138933255745,1.5310775133074652,0.04164162392069178,0.9667843909127769,0.9997636731778717
int,SIDESWIPE,KAB,LU_REGSHOPCNTRS,161,NB2,-24.82464458161365,204144.71333676873,1.654984165849718e-11,0.0,inf,-0.00012160317147503841,0.9999029747071745,0.9999029747071745
int,SIDESWIPE,KAB,LU_COMMSHOPCNTRS,161,NB2,0.2809299362811143,0.13844968921950568,1.3243608110410197,1.009614470302788,1.7372290209897794,2.0291120757643064,0.04244687621233061,0.5093625145479673
int,SIDESWIPE,KAB,LU_FASTFOOD,161,NB2,0.22825525009227077,0.13036217520517615,1.256405982249661,0.973113442344752,1.6221705749220228,1.750931585277872,0.07995769535238344,0.5682987697429225
int,SIDESWIPE,KAB,LU_RESTOS,161,NB2,0.1065648062693305,0.17214177439254616,1.112450017845145,0.7938719748013361,1.5588723137800091,0.6190525608637204,0.5358817336185977,0.8885096468032597
int,SIDESWIPE,KAB,LU_BARS,161,NB2,-0.6238011215905188,0.7908636929184978,0.5359035267109915,0.11373387838138893,2.5251279040904815,-0.7887593363763185,0.43025268026968855,0.8864718411758916
int,SIDESWIPE,KAB,LU_HOTELS,161,NB2,0.41308712573175005,0.22992908536082798,1.511476708711701,0.9631232580284814,2.372034754569697,1.7965849126198712,0.07240154135964134,0.5666207584667583
int,SIDESWIPE,KAB,LU_OFFBLDGS,161,NB2,-0.27241558419581213,0.4078483665812345,0.7615377122803136,0.3423922111800733,1.6937876163314,-0.6679334932227879,0.5041760465579274,0.8864718411758916
int,SIDESWIPE,KAB,LU_DEPTSTRS,161,NB2,-0.532298660552836,0.5035373464956436,0.5872535205098688,0.21887995291096163,1.5755974577147478,-1.0571185320361163,0.29045749443364777,0.8483017641028203
int,SIDESWIPE,KAB,LU_BANKINS,161,NB2,0.02274698729522821,0.1586080513766483,1.0230076728620052,0.7496680327764286,1.3960108381020477,0.14341634676042195,0.885961373578468,0.9989298663548887
int,SIDESWIPE,KAB,LU_AUTOSALSER,161,NB2,0.1415244131465762,0.100966714302268,1.1520286285612749,0.9451890232515164,1.4041317962614654,1.4016937574386055,0.1610067155736168,0.7500056649448212
int,SIDESWIPE,KAB,LU_REPAIRSTRS,161,NB2,-0.0891153997763827,0.8031425160079568,0.9147400066911513,0.18951734446050408,4.415159373530101,-0.11095838907810955,0.9116493436168644,0.9989298663548887
int,SIDESWIPE,KAB,LU_SINGLESTORE,161,NB2,0.15165558091606998,0.05688107157044137,1.1637593464709721,1.0409863536258306,1.301012075500601,2.6661871291974535,0.00767169773054054,0.1610800702921552
int,SIDESWIPE,KAB,LU_PARKSREC,161,NB2,0.6601068689507474,0.3032044430879128,1.934999114677722,1.0680410333059889,3.5056907525488916,2.1771015695813944,0.02947298998317723,0.3789384426408501
int,SIDESWIPE,KAB,LU_SCHOOLS,161,NB2,0.2962370815814569,0.27393349211367973,1.344788943730814,0.7860989821749427,2.300546552263789,1.0814197245312427,0.27951045156084897,0.8483017641028203
int,SIDESWIPE,KAB,LU_INDUSTRIAL,161,NB2,0.0069637511909654785,0.1502041567175217,1.0069880544875742,0.7501842799930057,1.351701133873565,0.046361907307676656,0.9630217974119024,0.9997636731778717
int,HEADON,TOT,LU_MXDUSE,485,NB2,1.2522717497167177,0.5599658959176228,3.4982811564733955,1.167352767870524,10.483524249538766,2.2363357462414832,0.02532978658635246,0.1696031557395109
int,HEADON,TOT,LU_GASSTNS,485,NB2,0.05393879551744118,0.08892403433701189,1.0554200037430328,0.8866080192340398,1.256374136186221,0.6065716194681331,0.544135239436867,0.8486279307561733
int,HEADON,TOT,LU_SUPERMKTS,485,NB2,-0.12296325555103976,0.1489947819697128,0.8842961549387909,0.6603448844736894,1.1841989057926696,-0.8252856504467073,0.40920943658857123,0.7722178077558521
int,HEADON,TOT,LU_REGSHOPCNTRS,485,NB2,-0.6517869356296806,0.7610835287165305,0.5211137475483097,0.11724252200318742,2.316220542206187,-0.8563934325695307,0.391780196109732,0.7703913099972882
int,HEADON,TOT,LU_COMMSHOPCNTRS,485,NB2,0.20362114148992821,0.08693009449617543,1.2258336479613743,1.033796715103261,1.453543148784523,2.342354999957888,0.01916247835948534,0.14012562300373654
int,HEADON,TOT,LU_FASTFOOD,485,NB2,0.062486126285070547,0.08824931038015552,1.0644796905276388,0.8954019798347725,1.265484147974422,0.7080636213007927,0.47890574950843556,0.8239995984189259
int,HEADON,TOT,LU_RESTOS,485,NB2,-0.022220341082225585,0.11332575953967962,0.9780247122842741,0.783222210289427,1.221278361712018,-0.19607493629412126,0.8445515134120729,0.9493059728598403
int,HEADON,TOT,LU_BARS,485,NB2,-0.41003063174264964,0.49283034831247735,0.6636299216839974,0.25259241065371285,1.7435388173957194,-0.8319914411656142,0.40541377555925195,0.7722178077558521
int,HEADON,TOT,LU_HOTELS,485,NB2,0.3703687076088281,0.17245923978623812,1.4482685038497691,1.0328775012013434,2.0307167663190073,2.1475724238834477,0.03174773804627635,0.18119440738606502
int,HEADON,TOT,LU_OFFBLDGS,485,NB2,0.2677253047964011,0.16986903423690541,1.306988067346163,0.9368632027731483,1.8233374980774921,1.5760689168516837,0.11500992151920732,0.40626740305280434
int,HEADON,TOT,LU_DEPTSTRS,485,NB2,-0.14366778451759696,0.2623021069100175,0.8661754571631967,0.5180000635386208,1.4483780512817157,-0.5477187591439442,0.5838850292809568,0.8486279307561733
int,HEADON,TOT,LU_BANKINS,485,NB2,0.015006358725184282,0.0995770708716862,1.0151195194612501,0.8351326535825411,1.2338969556162758,0.15070094544678156,0.8802116273946842,0.953123362279738
int,HEADON,TOT,LU_AUTOSALSER,485,NB2,0.16402083061074668,0.06317357184100912,1.17823885827212,1.0410196128012417,1.3335452954693197,2.5963520160541655,0.00942194819693706,0.09585808165579444
int,HEADON,TOT,LU_REPAIRSTRS,485,NB2,-0.04935791518412815,0.6283908209032377,0.9518403905956323,0.2777583121564013,3.2618290417141207,-0.07854652477765663,0.9373933230896562,0.9662997251232579
int,HEADON,TOT,LU_SINGLESTORE,485,NB2,0.0742696494416773,0.03696315002404445,1.077097205001389,1.0018235360178567,1.1580266856508805,2.009288964640867,0.04450649753874373,0.2421981493968845
int,HEADON,TOT,LU_PARKSREC,485,NB2,0.12071756144346239,0.2167004873626567,1.1283061901880573,0.7378495080647476,1.725385522253373,0.5570710196024472,0.5774789070450289,0.8486279307561733
int,HEADON,TOT,LU_SCHOOLS,485,NB2,-0.4700997166027372,0.2161416742618204,0.6249399482870254,0.4091238331791634,0.9546008012541289,-2.1749610213220056,0.02963303746494039,0.17779822478964233
int,HEADON,TOT,LU_INDUSTRIAL,485,NB2,-0.014318744879991054,0.09803784293364728,0.9857832808070508,0.813448291754368,1.194628701749308,-0.14605324282463134,0.8838793573277912,0.953123362279738
int,OFFROAD,TOT,LU_MXDUSE,1263,NB2,-0.17599397581061604,0.5664305733975712,0.8386230353458435,0.2763193824017026,2.5452018215293406,-0.3107070558620568,0.756023332776976,0.9121802707137384
int,OFFROAD,TOT,LU_GASSTNS,1263,NB2,0.01173421517485794,0.07916817114206559,1.0118033311537729,0.8663767660902546,1.1816406221900264,0.14821884863048235,0.8821700570569067,0.953123362279738
int,OFFROAD,TOT,LU_SUPERMKTS,1263,NB2,0.03579138450691748,0.10294731093457839,1.0364396065766335,0.847058647806573,1.2681613733149957,0.3476670170594589,0.728090269736638,0.9121802707137384
int,OFFROAD,TOT,LU_REGSHOPCNTRS,1263,NB2,-0.6475553155762163,0.43740139833642916,0.5233235752105541,0.22204792182787797,1.2333714367452933,-1.4804600946386237,0.13875050273046752,0.42165737193414804
int,OFFROAD,TOT,LU_COMMSHOPCNTRS,1263,NB2,0.09563292994899839,0.06902640826145409,1.100355082457516,0.961117287374142,1.259764363200717,1.3854542392929632,0.1659136157693648,0.46361020568061173
int,OFFROAD,TOT,LU_FASTFOOD,1263,NB2,0.18724413142016808,0.06276207856934712,1.205921652481925,1.0663381159823253,1.363776657824019,2.9833959564178256,0.002850689384997926,0.04447075440596764
int,OFFROAD,TOT,LU_RESTOS,1263,NB2,-0.12433252707398505,0.08496814977819427,0.8830861420031656,0.7476127861338239,1.0431083425296612,-1.4632839175449839,0.14338970652272537,0.424723940839465
int,OFFROAD,TOT,LU_BARS,1263,NB2,-0.20977482734019356,0.31964988430804414,0.8107667879318077,0.4333157505906098,1.5170064404935704,-0.6562643618479623,0.5116540435712105,0.8486279307561733
int,OFFROAD,TOT,LU_HOTELS,1263,NB2,-0.020618701683329473,0.1283587622063082,0.9795924103048924,0.7617004768210748,1.2598144802689433,-0.16063337888993887,0.8723821637196055,0.953123362279738
int,OFFROAD,TOT,LU_OFFBLDGS,1263,NB2,-0.3498567990208707,0.16979422583989387,0.7047890089688372,0.5052744754238891,0.9830845833772957,-2.060475244610293,0.03935313007206554,0.21925315325865086
int,OFFROAD,TOT,LU_DEPTSTRS,1263,NB2,0.08724247259636976,0.19304290321708242,1.0911612243396946,0.7474247724017837,1.592980138558303,0.45193307364561874,0.6513171971717246,0.8809723938623327
int,OFFROAD,TOT,LU_BANKINS,1263,NB2,0.029425204059325857,0.07266352968480069,1.02986240306387,0.893154845320061,1.1874946150736247,0.4049514823593938,0.6855131746475831,0.908993559460238
int,OFFROAD,TOT,LU_AUTOSALSER,1263,NB2,0.021564706943309343,0.046786656950875444,1.0217989056821615,0.9322659595507079,1.1199304157329082,0.46091574711037003,0.6448590535220795,0.8773082472335269
int,OFFROAD,TOT,LU_REPAIRSTRS,1263,NB2,-0.16381177809967595,0.31416812366144303,0.8489017887517903,0.45859798587093303,1.5713855471419431,-0.5214143821803018,0.6020781346521868,0.8590627043208031
int,OFFROAD,TOT,LU_SINGLESTORE,1263,NB2,0.06593326387634241,0.02723937821884835,1.0681554302344354,1.0126230895823443,1.1267331694064948,2.4205128085750407,0.015498633274351171,0.11698968342574755
int,OFFROAD,TOT,LU_PARKSREC,1263,NB2,0.1710682449046264,0.13967030012364612,1.1865717237327431,0.9024106979257331,1.560212505013948,1.2248004389851286,0.22065041954103537,0.5551849265871213
int,OFFROAD,TOT,LU_SCHOOLS,1263,NB2,-0.10065021935939521,0.13247931256323534,0.9042492664641384,0.6974603087083986,1.1723487712370897,-0.7597429169278985,0.4474082699592403,0.7926907946291623
int,OFFROAD,TOT,LU_INDUSTRIAL,1263,NB2,-0.02463935372413588,0.07271892328181923,0.9756617173507456,0.8460570866383906,1.1251200441875857,-0.3388300130441573,0.7347377901318555,0.9121802707137384
int,OFFROAD,KAB,LU_MXDUSE,180,NB2,-0.08079247197036359,1.208046394667297,0.9223850923441755,0.08641764447871289,9.845145209764981,-0.06687861685363028,0.9466783361975225,0.9997636731778717
int,OFFROAD,KAB,LU_GASSTNS,180,NB2,0.019678455329682782,0.16747992701344808,1.019873352457373,0.7344875736516148,1.4161460212068957,0.11749739613931566,0.9064659073324336,0.9989298663548887
int,OFFROAD,KAB,LU_SUPERMKTS,180,NB2,0.0322700884688119,0.23313549776494707,1.0327964140404688,0.6539819762532579,1.631036437679712,0.1384177389465906,0.8899102783083505,0.9989298663548887
int,OFFROAD,KAB,LU_REGSHOPCNTRS,180,NB2,-25.39208277271982,204364.52140921008,9.3833640852989e-12,0.0,inf,-0.00012424897725704496,0.9999008636596062,0.9999029747071745
int,OFFROAD,KAB,LU_COMMSHOPCNTRS,180,NB2,0.02215654312166365,0.1554817628109191,1.0224038222296388,0.7538305190862324,1.386663910844129,0.1425025206886042,0.8866830884696584,0.9989298663548887
int,OFFROAD,KAB,LU_FASTFOOD,180,NB2,0.09577857566344336,0.13425441202669924,1.100515356130947,0.8458949734768939,1.4317782786932567,0.7134110098697972,0.4755914621831915,0.8864718411758916
int,OFFROAD,KAB,LU_RESTOS,180,NB2,-0.21479475056975536,0.20350424146583912,0.8067069993382725,0.5413641810560166,1.2021042498820618,-1.0554804608620971,0.29120564111921665,0.8483017641028203
int,OFFROAD,KAB,LU_BARS,180,NB2,-0.5769568063778441,0.8033132510449413,0.5616048409525998,0.11631528759666054,2.7115953878314634,-0.7182214480183724,0.4726207553616434,0.8864718411758916
int,OFFROAD,KAB,LU_HOTELS,180,NB2,-0.005064084862142168,0.2816178606564736,0.9949487159982731,0.5729051594568085,1.7279002137198294,-0.017982115375556735,0.9856531209681354,0.9997636731778717
int,OFFROAD,KAB,LU_OFFBLDGS,180,NB2,-0.13836650697210626,0.34636192502995333,0.870779486500928,0.44165074451661146,1.7168700008436188,-0.39948532726320984,0.6895356329874076,0.9357613788484339
int,OFFROAD,KAB,LU_DEPTSTRS,180,NB2,0.5477745345345985,0.3988772817569675,1.7294000120892077,0.7913420813909272,3.779433031739239,1.3732908831552677,0.16966193568484456,0.7500056649448212
int,OFFROAD,KAB,LU_BANKINS,180,NB2,-0.07886132913525555,0.16429801552042214,0.9241680707453418,0.6697267808411754,1.2752761983214052,-0.47998954147716494,0.6312348297412476,0.9237582874262159
int,OFFROAD,KAB,LU_AUTOSALSER,180,NB2,-0.04867296216038378,0.1075519572048049,0.9524925798833067,0.7714566497820878,1.1760117888529764,-0.4525530118219858,0.650870640414851,0.9357613788484339
int,OFFROAD,KAB,LU_REPAIRSTRS,180,NB2,-0.6506210947230945,0.8057462420228771,0.5217216375548512,0.10754093329130246,2.531068484923867,-0.8074764246987598,0.41939205168592397,0.8864718411758916
int,OFFROAD,KAB,LU_SINGLESTORE,180,NB2,0.05713694747516873,0.058935588351515834,1.0588008005635985,0.9432944417461386,1.188450907437679,0.9694812433937322,0.3323051341659323,0.8864718411758916
int,OFFROAD,KAB,LU_PARKSREC,180,NB2,0.4626797125625816,0.2574137864038079,1.5883245405421265,0.9590123666818504,2.6305967824138397,1.797416210788224,0.07226956910091405,0.5666207584667583
int,OFFROAD,KAB,LU_SCHOOLS,180,NB2,-0.4711344951244217,0.3364744386049656,0.6242936083182273,0.322831619097095,1.2072625056896087,-1.4002088749379038,0.16145077898231996,0.7500056649448212
int,OFFROAD,KAB,LU_INDUSTRIAL,180,NB2,-0.016042636535244324,0.15826274467677953,0.9840853611706157,0.7216336952723242,1.3419883306652487,-0.10136710675660432,0.9192590469508686,0.9989298663548887
int,ROLLOVER,TOT,LU_MXDUSE,300,NB2,1.185680315137036,0.6700605091699873,3.2729126762746104,0.8801716947802054,12.170304328173149,1.769512303606362,0.07680841937116469,0.3305482141471866
int,ROLLOVER,TOT,LU_GASSTNS,300,NB2,0.048295450415828646,0.11585418524363171,1.049480679026922,0.8362909060671848,1.3170174249895834,0.4168640978680859,0.676777815207273,0.9049486214771537
int,ROLLOVER,TOT,LU_SUPERMKTS,300,NB2,0.011080457418092465,0.20325956142849394,1.0111420730525682,0.6788817749655578,1.5060181751806723,0.05451383118324072,0.9565257892850646,0.977410631845874
int,ROLLOVER,TOT,LU_REGSHOPCNTRS,300,NB2,0.5725771565916637,0.554367499963333,1.7728300297504749,0.5981084760911229,5.254776416019623,1.0328476265826103,0.3016752115445476,0.6476330229488452
int,ROLLOVER,TOT,LU_COMMSHOPCNTRS,300,NB2,0.012517549730618638,0.13135274167735306,1.0125962221756235,0.7827563362449269,1.3099237421484242,0.09529720941315402,0.9240787591338362,0.9662997251232579
int,ROLLOVER,TOT,LU_FASTFOOD,300,NB2,0.09691624135220113,0.10955076969018969,1.1017680871510018,0.8888709054404177,1.3656571617257718,0.8846696524933683,0.37633482796615947,0.7488519507043849
int,ROLLOVER,TOT,LU_RESTOS,300,NB2,-0.16851186382088917,0.15674287902829986,0.8449212393652255,0.6214325468679848,1.1487842153238967,-1.0750846537051577,0.2823368295274624,0.6295839436143658
int,ROLLOVER,TOT,LU_BARS,300,NB2,0.6708099718935072,0.5642018087826013,1.9558208391550713,0.6472481145829775,5.90999814242464,1.1889539548640198,0.23445778659267635,0.5655991965225389
int,ROLLOVER,TOT,LU_HOTELS,300,NB2,0.6289097833472717,0.22915773116135987,1.8755646923761082,1.1969308198223174,2.9389692846325812,2.7444406093566576,0.00606141212584101,0.06754144940222839
int,ROLLOVER,TOT,LU_OFFBLDGS,300,NB2,-0.15864273339576868,0.21184210824031435,0.8533011605261887,0.5633505119868963,1.2924863917977174,-0.7488725197910316,0.4539340447876399,0.7926907946291623
int,ROLLOVER,TOT,LU_DEPTSTRS,300,NB2,-0.08267792528720787,0.3293363571997056,0.9206476167916468,0.48278822192873805,1.7556187077597096,-0.2510440268126029,0.8017800703748763,0.9287947349887181
int,ROLLOVER,TOT,LU_BANKINS,300,NB2,0.09984993687679067,0.1260203038035636,1.1050050851190178,0.8631646151015687,1.414604140132886,0.7923321390530333,0.42816703660962974,0.7826757632804753
int,ROLLOVER,TOT,LU_AUTOSALSER,300,NB2,0.030282459601065587,0.08813799260995747,1.0307456368405608,0.8672152996088947,1.2251128045653732,0.3435800919028918,0.7311620986015066,0.9121802707137384
int,ROLLOVER,TOT,LU_REPAIRSTRS,300,NB2,-0.7921948938271689,1.050486711936394,0.45284974655532767,0.05777790463020577,3.549330739280811,-0.7541217654880108,0.45077610907242416,0.7926907946291623
int,ROLLOVER,TOT,LU_SINGLESTORE,300,NB2,-0.006419360974693482,0.04614574109147189,0.9936011991052521,0.9076785221982289,1.0876574896500524,-0.13911058361743014,0.8893627650292972,0.9546370964075942
int,ROLLOVER,TOT,LU_PARKSREC,300,NB2,-0.3369012270065829,0.24930287407296411,0.7139793582984634,0.4380006606867493,1.1638487560201694,-1.3513732172537296,0.17657590874881335,0.47492830628991173
int,ROLLOVER,TOT,LU_SCHOOLS,300,NB2,-0.42402872415124093,0.26439060842059753,0.6544050844082714,0.38975602339451587,1.098754063554063,-1.6037964687334434,0.10875892323435332,0.3976498130756043
int,ROLLOVER,TOT,LU_INDUSTRIAL,300,NB2,0.08467700725403261,0.1234359650122545,1.088365475767161,0.8544840143827116,1.3862628076168313,0.6859994754820934,0.49271343916352384,0.8305230868664474
int,SINGLE,TOT,LU_MXDUSE,822,NB2,0.35923932848473933,0.5738387598196558,1.4322395362749345,0.4651084658227355,4.410390779794675,0.6260283439160503,0.5312963503909385,0.8486279307561733
int,SINGLE,TOT,LU_GASSTNS,822,NB2,-0.07075923807933555,0.08381371573704081,0.931686179680634,0.7905438750811106,1.0980277815938213,-0.8442441366200408,0.3985329955300019,0.7722178077558521
int,SINGLE,TOT,LU_SUPERMKTS,822,NB2,-0.06302465677296566,0.12385892721979297,0.9389203226584909,0.7365426364499452,1.1969047393511423,-0.5088422626261384,0.6108627931131465,0.8660939128303053
int,SINGLE,TOT,LU_REGSHOPCNTRS,822,NB2,0.4779662022451489,0.3975408864639602,1.6127909737485198,0.7399194609772957,3.5153754728509736,1.2023070293386786,0.22924459448021994,0.5646656327196996
int,SINGLE,TOT,LU_COMMSHOPCNTRS,822,NB2,0.15149454739998713,0.08202000793698902,1.1635719572999093,0.9907781166505527,1.3665014164743223,1.8470438032189802,0.06474079209091625,0.3058165372631682
int,SINGLE,TOT,LU_FASTFOOD,822,NB2,0.10764153947147918,0.07569743729328413,1.1136484748085054,0.960092699096318,1.2917637292843223,1.4219971417847344,0.15502708068982618,0.4515849868483719
int,SINGLE,TOT,LU_RESTOS,822,NB2,0.06526877878377137,0.0952831068760044,1.0674458926391805,0.8856033536801304,1.2866264891356878,0.6849984317651203,0.4933449105745136,0.8305230868664474
int,SINGLE,TOT,LU_BARS,822,NB2,-0.2118413482947636,0.3715937209163386,0.809093051376751,0.39056337095614657,1.6761212506526775,-0.5700886112186433,0.5686175991731606,0.8486279307561733
int,SINGLE,TOT,LU_HOTELS,822,NB2,0.08883603656177853,0.14893504052262474,1.0929014457560577,0.816215681921937,1.463379835245455,0.5964750555010152,0.5508579130777556,0.8486279307561733
int,SINGLE,TOT,LU_OFFBLDGS,822,NB2,-0.056446931706410956,0.17005018385531714,0.9451166388915995,0.677229348222294,1.3189703952649063,-0.331942785515818,0.7399324621490233,0.9121802707137384
int,SINGLE,TOT,LU_DEPTSTRS,822,NB2,-0.11710586407643851,0.23490182526352452,0.8894910230332286,0.5612923189096103,1.409593991226722,-0.49853109461820205,0.6181097583019701,0.8660939128303053
int,SINGLE,TOT,LU_BANKINS,822,NB2,-0.1106758900768194,0.0911587266622309,0.8952288544687003,0.7487523474979223,1.070360185916566,-1.2141008779873061,0.22470920478869028,0.5593824885165268
int,SINGLE,TOT,LU_AUTOSALSER,822,NB2,-0.050723413748678815,0.057491383193736825,0.9505415408991088,0.8492458787127349,1.0639194650486836,-0.8822785421208074,0.3776261973637497,0.7488519507043849
int,SINGLE,TOT,LU_REPAIRSTRS,822,NB2,-0.16527813740608896,0.4287988032485245,0.8476579059260864,0.36577979056632365,1.9643620123641417,-0.3854444932074509,0.6999081233892565,0.9121802707137384
int,SINGLE,TOT,LU_SINGLESTORE,822,NB2,0.06695904634456123,0.031142948887283178,1.0692516875127247,1.0059364176264143,1.1365521231913578,2.1500547872620728,0.03155088136042363,0.18119440738606502
int,SINGLE,TOT,LU_PARKSREC,822,NB2,0.037708134918572514,0.1894242423572818,1.0384281077406057,0.716366493819866,1.5052810876116818,0.1990671017041708,0.8422102552106268,0.9493059728598403
int,SINGLE,TOT,LU_SCHOOLS,822,NB2,-0.013286569858194569,0.15263028300533255,0.986801306986619,0.7316581190883154,1.3309178071909824,-0.08705067956750344,0.9306312284954514,0.9662997251232579
int,SINGLE,TOT,LU_INDUSTRIAL,822,NB2,0.06336204705697039,0.08107865312035463,1.0654124988733003,0.9088709963717182,1.2489162898660757,0.7814886485955139,0.43451515047697453,0.7826757632804753
int,SINGLE,KAB,LU_MXDUSE,211,NB2,1.4819519875405784,0.8942087243743447,4.401529030724891,0.7628475185977661,25.39623887605411,1.6572774869507818,0.09746338674185827,0.6049451590873962
int,SINGLE,KAB,LU_GASSTNS,211,NB2,0.1703259514453173,0.13371944786994006,1.1856912661226053,0.9123202799710389,1.5409761346136637,1.2737560179801364,0.20274989681316813,0.7878715378997793
int,SINGLE,KAB,LU_SUPERMKTS,211,NB2,0.16333134562272236,0.19838641951396646,1.177426760263899,0.7981122425293108,1.7370160510156911,0.8232990243126183,0.41033796834335334,0.8864718411758916
int,SINGLE,KAB,LU_REGSHOPCNTRS,211,NB2,0.6945734444066581,0.6610613603165557,2.0028545628894467,0.5482045354416354,7.317390026435038,1.0506943622813696,0.2933989861507478,0.8483017641028203
int,SINGLE,KAB,LU_COMMSHOPCNTRS,211,NB2,0.017987431999809372,0.13927122024419716,1.0181501801977237,0.7749287729845185,1.3377097684013435,0.12915397716965743,0.8972358120156037,0.9989298663548887
int,SINGLE,KAB,LU_FASTFOOD,211,NB2,0.12018232383604843,0.1180445137577799,1.1277024398717417,0.8947732693561083,1.4212681988229507,1.018110202754998,0.30862558720063504,0.868009464001786
int,SINGLE,KAB,LU_RESTOS,211,NB2,-0.11284775947534019,0.1645469018779729,0.8932866441919927,0.647031896155511,1.233263821201182,-0.6858090804956478,0.4928335094266634,0.8864718411758916
int,SINGLE,KAB,LU_BARS,211,NB2,0.07317111648766085,0.5478813897654159,1.0759146278959018,0.367630688914217,3.148791222896219,0.1335528416451419,0.8937561769231486,0.9989298663548887
int,SINGLE,KAB,LU_HOTELS,211,NB2,0.39214640752382135,0.21580437400138153,1.4801544012801517,0.9696402374393791,2.259453524138611,1.8171383658855353,0.06919592947744233,0.5666207584667583
int,SINGLE,KAB,LU_OFFBLDGS,211,NB2,-0.5632078759410423,0.43176566335749134,0.5693796318997656,0.24427306120434852,1.3271752669898633,-1.3044295175337275,0.1920871764366081,0.7683487057464323
int,SINGLE,KAB,LU_DEPTSTRS,211,NB2,0.12462841166961681,0.39096588210736294,1.1327274665467582,0.5264153614763932,2.4373747564488113,0.31877055613613026,0.7499005071851336,0.9379585127643283
int,SINGLE,KAB,LU_BANKINS,211,NB2,-0.21537131265116277,0.1598158529280741,0.8062420167301991,0.589423472902949,1.1028169379474446,-1.347621707766949,0.17778008499134823,0.7500056649448212
int,SINGLE,KAB,LU_AUTOSALSER,211,NB2,-0.04798963175505414,0.09220798457185923,0.9531436694533066,0.7955534193706469,1.1419507885939382,-0.520449850171652,0.6027500729401075,0.9081189662539423
int,SINGLE,KAB,LU_REPAIRSTRS,211,NB2,-1.1500155977906765,1.0662133342730782,0.3166318305835212,0.039171974152665136,2.559373590617224,-1.078598026139612,0.28076696162464687,0.8483017641028203
int,SINGLE,KAB,LU_SINGLESTORE,211,NB2,0.032514133198914594,0.05091566109638315,1.0330484933206432,0.9349328573900093,1.1414607809712167,0.638588059131069,0.5230909513401516,0.8864718411758916
int,SINGLE,KAB,LU_PARKSREC,211,NB2,-0.014586540451134103,0.30724763194136645,0.9855193277546505,0.5396729888535821,1.7996979012071443,-0.04747486696306816,0.9621347610014768,0.9997636731778717
int,SINGLE,KAB,LU_SCHOOLS,211,NB2,0.013053610232885031,0.27221861155870164,1.0131391805313386,0.5942264113101478,1.7273735727508266,0.04795267361824058,0.9617539601650155,0.9997636731778717
int,SINGLE,KAB,LU_INDUSTRIAL,211,NB2,-0.16561681545110205,0.13869741871817098,0.847370871412555,0.6456719276475941,1.1120777642208035,-1.1940872222548746,0.2324438509749268,0.8367978635097366
int,PED,TOT,LU_MXDUSE,609,NB2,0.2505426612028578,0.7576405239909175,1.2847223965597252,0.2909997805835522,5.671865569494019,0.3306880417154947,0.7408801359249997,0.9121802707137384
int,PED,TOT,LU_GASSTNS,609,NB2,0.3236028131359839,0.09949157219145052,1.3820982468185121,1.13723437903776,1.679685031572001,3.252565076700955,0.0011436840366892875,0.02676220645852933
int,PED,TOT,LU_SUPERMKTS,609,NB2,0.1834881896851453,0.13511463528784257,1.201400776406468,0.9218834296404254,1.5656684773182648,1.3580186135591437,0.17445777794683026,0.47468744232044513
int,PED,TOT,LU_REGSHOPCNTRS,609,NB2,0.492982194787919,0.4498873450449855,1.6371913705900825,0.6778718630191257,3.9541331189003883,1.095790313325271,0.27317054855756717,0.6206010520628225
int,PED,TOT,LU_COMMSHOPCNTRS,609,NB2,0.3884860562765225,0.09377463496993324,1.4747464198650773,1.2271418567697845,1.772310993147776,4.14276266072464,3.4314701245283646e-05,0.0026765466971321243
int,PED,TOT,LU_FASTFOOD,609,NB2,0.16127639545673098,0.08178585776660005,1.1750096912761814,1.0009765907887387,1.379300762173708,1.9719350002659446,0.0486170271482029,0.250963555458805
int,PED,TOT,LU_RESTOS,609,NB2,-0.011458880936178856,0.10643822870739093,0.9886065219868393,0.8024563570439558,1.2179389529858,-0.10765756885790008,0.914267328964877,0.9662997251232579
int,PED,TOT,LU_BARS,609,NB2,-0.8221583097472492,0.48260491376605025,0.43948209166705976,0.17066308302549166,1.131729870760651,-1.7035846223186248,0.08845871636898871,0.3551338951033633
int,PED,TOT,LU_HOTELS,609,NB2,0.6031158184460468,0.14382804149651424,1.8278050458135175,1.3787990368427754,2.4230298950247344,4.193311764317278,2.7491120727021504e-05,0.0026765466971321243
int,PED,TOT,LU_OFFBLDGS,609,NB2,-0.41021132602415267,0.2599152301739569,0.6635100183853612,0.3986604698300205,1.1043120093784387,-1.5782504386126397,0.11450808691811229,0.40626740305280434
int,PED,TOT,LU_DEPTSTRS,609,NB2,0.18644365751166306,0.26602546004665667,1.2049567299126056,0.715362233583949,2.0296300989885774,0.7008489243058307,0.48339730209431675,0.8256567057669352
int,PED,TOT,LU_BANKINS,609,NB2,0.07735430044034493,0.0978486207464926,1.0804248035720578,0.8918752626824267,1.3088352205922442,0.7905507492104094,0.4292061966032037,0.7826757632804753
int,PED,TOT,LU_AUTOSALSER,609,NB2,0.020046558518940442,0.06261911919641075,1.0202488401959287,0.902409460028189,1.1534760461050821,0.32013478912187393,0.7488661543736761,0.9121802707137384
int,PED,TOT,LU_REPAIRSTRS,609,NB2,0.6248335080549023,0.3749650492562251,1.867934935420897,0.8957463581653843,3.8952778218514985,1.6663779978809024,0.09563815025244216,0.366874215722483
int,PED,TOT,LU_SINGLESTORE,609,NB2,0.09813034577836788,0.03546417245901583,1.1031065610213315,1.0290340716871502,1.182510976505603,2.7670276499972535,0.005656995696584854,0.06618684965004279
int,PED,TOT,LU_PARKSREC,609,NB2,0.13635238700675198,0.21360385350059996,1.1460856881498345,0.7540390168297534,1.7419687513046076,0.6383423555903639,0.5232508460324595,0.8486279307561733
int,PED,TOT,LU_SCHOOLS,609,NB2,-0.09457797897239398,0.18961916410123617,0.9097567899603604,0.6273620074468659,1.3192660809143393,-0.49877858823330506,0.6179353733707633,0.8660939128303053
int,PED,TOT,LU_INDUSTRIAL,609,NB2,0.029261855381111253,0.0915066621916639,1.0296941901406398,0.8606294812728467,1.231970491693218,0.3197784148199098,0.7491363116022471,0.9121802707137384
int,PED,KAB,LU_MXDUSE,362,NB2,0.35320070293113087,0.8637317962684908,1.423616838835052,0.2619206672693423,7.737781538753467,0.4089240484801355,0.6825954000834491,0.9357613788484339
int,PED,KAB,LU_GASSTNS,362,NB2,0.3800578635482494,0.10027379787669406,1.4623692048571704,1.201440459359249,1.7799664350034523,3.7902011452244353,0.00015052534100034538,0.013547280690031084
int,PED,KAB,LU_SUPERMKTS,362,NB2,0.09341300960334654,0.14765211868412648,1.0979150911177686,0.8220244473902597,1.4664010920004436,0.6326560731795922,0.5269582611434467,0.8864718411758916
int,PED,KAB,LU_REGSHOPCNTRS,362,NB2,0.0714149818791633,0.5083313953219195,1.074026835076381,0.39656530296189024,2.908811320225466,0.14048902455441917,0.888273623626668,0.9989298663548887
int,PED,KAB,LU_COMMSHOPCNTRS,362,NB2,0.3387673191086659,0.09685953005663268,1.4032168054873864,1.1605832032490226,1.696575822991417,3.4975114881374343,0.00046962048596210933,0.02113292186829492
int,PED,KAB,LU_FASTFOOD,362,NB2,0.09135148106674662,0.08757757532009104,1.0956540392389214,0.9228389301744462,1.300831309179424,1.0430921469664143,0.2969056174359871,0.8483017641028203
int,PED,KAB,LU_RESTOS,362,NB2,0.09888831835104664,0.11401166838813344,1.103943002499131,0.8828724392807114,1.3803694605753922,0.8673526117905589,0.3857488380818386,0.8864718411758916
int,PED,KAB,LU_BARS,362,NB2,-0.8784573247370272,0.5470195137199174,0.41542328083276236,0.14218651865495058,1.2137332279486643,-1.605897600915954,0.1082964107510388,0.6288178688769995
int,PED,KAB,LU_HOTELS,362,NB2,0.6391707242828537,0.152760718547927,1.8949088256867488,1.4046100445919587,2.5563532536951428,4.184130124278782,2.8626011385677777e-05,0.005152682049422
int,PED,KAB,LU_OFFBLDGS,362,NB2,-0.2919185290793862,0.30837022306076234,0.7468293783718778,0.40806689230914983,1.3668203201762643,-0.9466495376301802,0.34381739228453434,0.8864718411758916
int,PED,KAB,LU_DEPTSTRS,362,NB2,0.20285416538758974,0.2775664227655253,1.2248938233055424,0.7109337563337895,2.1104144584571323,0.7308310687094568,0.46488234396979944,0.8864718411758916
int,PED,KAB,LU_BANKINS,362,NB2,0.055491922165559454,0.10513646849977831,1.0570604782783983,0.8602127332378554,1.29895409770596,0.5278085041031834,0.5976322541022991,0.9081189662539423
int,PED,KAB,LU_AUTOSALSER,362,NB2,-0.05079947616224177,0.06985414835350508,0.9504692431649211,0.8288520507234391,1.089931286788757,-0.7272220384846021,0.467089947685319,0.8864718411758916
int,PED,KAB,LU_REPAIRSTRS,362,NB2,0.6671657850957835,0.3907713094287301,1.9487064336589321,0.9059728127564205,4.191579163429816,1.7073049351323037,0.08776538930976203,0.5851025953984136
int,PED,KAB,LU_SINGLESTORE,362,NB2,0.09472956887976569,0.03828818214894032,1.0993615133570815,1.019879753751477,1.18503748368877,2.474120304569943,0.013356471159532467,0.24041648087158443
int,PED,KAB,LU_PARKSREC,362,NB2,0.08461376450376018,0.23564350797869493,1.088296646717664,0.6857463230388909,1.7271541260451517,0.3590753050213898,0.7195387550945631,0.9357613788484339
int,PED,KAB,LU_SCHOOLS,362,NB2,-0.2833874473016765,0.24830315285429239,0.7532278952013141,0.4629845351321938,1.225423786449818,-1.1412962100725803,0.25374667875808987,0.8483017641028203
int,PED,KAB,LU_INDUSTRIAL,362,NB2,-0.0637359813261563,0.10051559172079624,0.9382526830618643,0.7704761789145484,1.1425636786240227,-0.6340904951661305,0.5260217653897233,0.8864718411758916
int,PED,KSI,LU_MXDUSE,137,Firth-Poisson,1.7867108298823973,0.8768640238528903,5.969784501682484,1.0704266883364295,33.29357104493964,2.037614477592195,0.04158850302768912,0.34026957022654736
int,PED,KSI,LU_GASSTNS,137,Firth-Poisson,0.5320420973137236,0.12603667150028353,1.7024052385457267,1.3297756199188973,2.179453099316629,4.221327737241354,2.4286751963451295e-05,0.0021858076767106165
int,PED,KSI,LU_SUPERMKTS,137,Firth-Poisson,0.3490202683778194,0.1924478368674694,1.4176779240825834,0.9722157910754277,2.067247533809267,1.8135837433089712,0.0697418351207127,0.5029213824074954
int,PED,KSI,LU_REGSHOPCNTRS,137,Firth-Poisson,0.2598326195948159,0.6826417413939739,1.2967130241488831,0.34022599413835225,4.9421992909618115,0.3806280862114149,0.7034792375486099,0.9827534460773446
int,PED,KSI,LU_COMMSHOPCNTRS,137,Firth-Poisson,0.20871581396227315,0.13840853835789727,1.2320948046318714,0.93935207695176,1.6160688253620674,1.5079692079586529,0.13156240802690838,0.5029213824074954
int,PED,KSI,LU_FASTFOOD,137,Firth-Poisson,0.24205542418152035,0.11287274733395684,1.273864793773239,1.0210431894426046,1.5892878279720943,2.144498383346251,0.03199297482836003,0.34026957022654736
int,PED,KSI,LU_RESTOS,137,Firth-Poisson,-0.28564655731115274,0.1828982353680707,0.75152819115594,0.5251207207003041,1.0755519632683808,-1.5617786401072038,0.11834014538840172,0.5029213824074954
int,PED,KSI,LU_BARS,137,Firth-Poisson,-2.093777759514501,1.3631214271949637,0.1232207570513685,0.008518664009639751,1.7823634024221218,-1.5360170544916782,0.12453419762858037,0.5029213824074954
int,PED,KSI,LU_HOTELS,137,Firth-Poisson,0.4338059994520373,0.21127174882745126,1.5431194730526787,1.019908963405955,2.3347355436139834,2.0533081297411564,0.04004270290228823,0.34026957022654736
int,PED,KSI,LU_OFFBLDGS,137,Firth-Poisson,-0.6921689737697692,0.4447215173569675,0.5004893426952411,0.2093342237120826,1.1966011945377688,-1.5564099031758372,0.11961065179237951,0.5029213824074954
int,PED,KSI,LU_DEPTSTRS,137,Firth-Poisson,0.24794340893456712,0.33858836551932314,1.2813874150630788,0.6598849433057035,2.4882424188323617,0.7322856724692067,0.4639942224377581,0.8476259134334092
int,PED,KSI,LU_BANKINS,137,Firth-Poisson,0.040108883232481664,0.15202015035822838,1.0409241072038045,0.7727106575946183,1.4022363821549335,0.2638392551116872,0.7919037847621927,0.9827534460773446
int,PED,KSI,LU_AUTOSALSER,137,Firth-Poisson,0.09959385161998485,0.09833343681599874,1.104722145837859,0.9110662295408577,1.3395414953747589,1.012817764178675,0.311147214006272,0.77786803501568
int,PED,KSI,LU_REPAIRSTRS,137,Firth-Poisson,0.6037036199282728,0.5460758249891926,1.8288797481535377,0.6271277588086981,5.333524287873951,1.1055307565395716,0.2689296749063079,0.7169774469741991
int,PED,KSI,LU_SINGLESTORE,137,Firth-Poisson,0.13711325819992953,0.052284415371877946,1.1469580435678288,1.0352426089910125,1.2707289501801817,2.622449868181527,0.008730011033838614,0.1964252482613688
int,PED,KSI,LU_PARKSREC,137,Firth-Poisson,0.2738461328402962,0.24870492763273613,1.315012449440828,0.8076588497138513,2.1410744682572744,1.101088488462465,0.2708581466346974,0.7169774469741991
int,PED,KSI,LU_SCHOOLS,137,Firth-Poisson,-0.04254172144731484,0.31934944708692486,0.9583504809177462,0.5124938142811719,1.7920911797998595,-0.13321370002477337,0.8940243763606462,0.9827534460773446
int,PED,KSI,LU_INDUSTRIAL,137,Firth-Poisson,-0.01131819441148464,0.13529819200777976,0.9887456153867618,0.7584316087188969,1.2889994044392312,-0.08365370034533673,0.9333317698227784,0.9827534460773446
int,BIKE,TOT,LU_MXDUSE,447,NB2,-0.45965720021722495,0.7960509122916796,0.6315000864993182,0.1326664774916826,3.0059768434995076,-0.5774218622449148,0.563654509080082,0.8486279307561733
int,BIKE,TOT,LU_GASSTNS,447,NB2,0.25239554780678525,0.09963696976196013,1.2871050481880437,1.0587691848182725,1.5646841906864646,2.5331515842942265,0.01130420567053396,0.09736698173972012
int,BIKE,TOT,LU_SUPERMKTS,447,NB2,0.02949961061313541,0.14206649851470196,1.0299390344270822,0.779618386983857,1.3606328844301043,0.20764649598288368,0.8355049969904681,0.9493059728598403
int,BIKE,TOT,LU_REGSHOPCNTRS,447,NB2,-0.18207652960197046,0.596417811881512,0.8335375476779988,0.2589667922148086,2.6829109533578337,-0.30528352100614814,0.7601502255947821,0.9121802707137384
int,BIKE,TOT,LU_COMMSHOPCNTRS,447,NB2,0.11734412337313846,0.0939667682203576,1.124506332027743,0.9353535036859202,1.3519107864432574,1.248783219807662,0.21174437300114712,0.5385672095898741
int,BIKE,TOT,LU_FASTFOOD,447,NB2,0.1261246885468052,0.0814795551746365,1.1344236090960966,0.9669821531482513,1.330859024320909,1.5479304995772256,0.1216390305230778,0.4100038908096322
int,BIKE,TOT,LU_RESTOS,447,NB2,0.02501463678805131,0.11044339220088426,1.0253301279543638,0.8257572689321664,1.2731366841619332,0.22649283302121387,0.8208181328378374,0.9424484868743306
int,BIKE,TOT,LU_BARS,447,NB2,-0.07824092179127726,0.40789042671725384,0.9247416092988713,0.41573545014875,2.0569500235370715,-0.1918184803231805,0.8478843945628488,0.9493059728598403
int,BIKE,TOT,LU_HOTELS,447,NB2,0.22894044543250405,0.1560271379307288,1.2572671607782038,0.9260076852987318,1.7070276399070519,1.4673117027510079,0.14229128163349,0.424723940839465
int,BIKE,TOT,LU_OFFBLDGS,447,NB2,-0.024065521179961958,0.21794696217075732,0.9762217444617897,0.6368369847733274,1.496472279635626,-0.11041916317744808,0.9120769560377358,0.9662997251232579
int,BIKE,TOT,LU_DEPTSTRS,447,NB2,0.6169028891512669,0.24455530041603893,1.8531796419516966,1.1474871909687907,2.992865464968509,2.522549656874286,0.011650749951761382,0.09736698173972012
int,BIKE,TOT,LU_BANKINS,447,NB2,0.026993920955869,0.1006305953566784,1.0273615573682606,0.8434606356616688,1.25135865852252,0.268247652318769,0.7885086973311,0.9212688636647139
int,BIKE,TOT,LU_AUTOSALSER,447,NB2,0.16626714572170206,0.058409402303328334,1.1808885289071933,1.0531489932501092,1.3241219681567127,2.8465818714982416,0.004419136413251791,0.05744877337227329
int,BIKE,TOT,LU_REPAIRSTRS,447,NB2,0.2650751465204648,0.45317271956107197,1.303528927761194,0.5362561266487097,3.168612125942853,0.5849318263844474,0.5585935575265799,0.8486279307561733
int,BIKE,TOT,LU_SINGLESTORE,447,NB2,-8.76690704337249e-05,0.03673302929968909,0.999912334772387,0.9304523562718433,1.0745576283304663,-0.002386655065077002,0.9980957265794423,0.9980957265794423
int,BIKE,TOT,LU_PARKSREC,447,NB2,0.4290086987101929,0.19433910226904974,1.535734393247667,1.0492798358807736,2.2477131895173166,2.2075263994801135,0.027277304731956976,0.1735034915620633
int,BIKE,TOT,LU_SCHOOLS,447,NB2,0.25406789055172724,0.16728305821109382,1.2892593298239128,0.9288510343704506,1.7895115126448566,1.51879032622132,0.12881528167440348,0.41905717238980095
int,BIKE,TOT,LU_INDUSTRIAL,447,NB2,-0.023125640632234632,0.10257111053148835,0.9771397076099555,0.7991832444472201,1.194722255280124,-0.22545959103304514,0.8216217577878779,0.9424484868743306
int,BIKE,KAB,LU_MXDUSE,219,NB2,0.28390460691702396,0.9780699024967481,1.3283062134840748,0.19532071053874692,9.033334928557853,0.29027026206643536,0.7716094873503789,0.9578600532625393
int,BIKE,KAB,LU_GASSTNS,219,NB2,0.18473142976257842,0.13995842809600442,1.202895334855732,0.9143086351527648,1.5825697483169052,1.3199021471994667,0.18686769061103148,0.764458734317856
int,BIKE,KAB,LU_SUPERMKTS,219,NB2,0.14038509335240684,0.1842598535525594,1.150716846952578,0.8019057316476804,1.6512530209002811,0.7618864915268293,0.44612775300297214,0.8864718411758916
int,BIKE,KAB,LU_REGSHOPCNTRS,219,NB2,0.5415067196983774,0.6296692975052558,1.7185943523483516,0.5002511016049247,5.904168003724339,0.8599859034636471,0.3897968130759988,0.8864718411758916
int,BIKE,KAB,LU_COMMSHOPCNTRS,219,NB2,0.11826131828297123,0.12962180062848078,1.1255381966497053,0.873019478762392,1.4510973270760925,0.9123567001042463,0.361580975432119,0.8864718411758916
int,BIKE,KAB,LU_FASTFOOD,219,NB2,-0.012086067385288854,0.11662080495841308,0.9879866757726391,0.7861066214100113,1.241711550213688,-0.10363560249475845,0.9174585330713997,0.9989298663548887
int,BIKE,KAB,LU_RESTOS,219,NB2,0.06379641805474857,0.14987542934108047,1.0658753836880726,0.7945658425868791,1.429825286540648,0.42566295446309116,0.6703534598296783,0.9357613788484339
int,BIKE,KAB,LU_BARS,219,NB2,-0.15738838599444036,0.5819971235947835,0.8543721681868572,0.2730493452661382,2.673332913729698,-0.2704281165898378,0.7868309117153203,0.9634664225085554
int,BIKE,KAB,LU_HOTELS,219,NB2,0.09386653649607951,0.21695785531847314,1.098413138067834,0.717938864907017,1.6805211151736246,0.43264871123607174,0.665269995654269,0.9357613788484339
int,BIKE,KAB,LU_OFFBLDGS,219,NB2,-0.6331919216635646,0.4257256421853551,0.5308945199345811,0.23047470083226296,1.2229064200052746,-1.487323898117186,0.1369292856387349,0.7042077547134938
int,BIKE,KAB,LU_DEPTSTRS,219,NB2,0.29463034231898905,0.3555748522107004,1.342629953466874,0.6687825105720783,2.69542813014722,0.8286028679677326,0.40732916461357416,0.8864718411758916
int,BIKE,KAB,LU_BANKINS,219,NB2,-0.013893379013336411,0.14051064598768118,0.9862026885611725,0.7487918446161805,1.2988866664591188,-0.09887776769992551,0.9212353211939529,0.9989298663548887
int,BIKE,KAB,LU_AUTOSALSER,219,NB2,0.1484620162345278,0.0781480962498068,1.1600487339185312,0.995302814030623,1.3520639609329819,1.899752180270096,0.05746564907642565,0.5666207584667583
int,BIKE,KAB,LU_REPAIRSTRS,219,NB2,-0.2063500672782224,0.6485819571823177,0.8135482298136021,0.2281913601004819,2.9004635492833795,-0.31815573189035995,0.7503668102114627,0.9379585127643283
int,BIKE,KAB,LU_SINGLESTORE,219,NB2,-0.03511761423585474,0.05129460222252823,0.9654918539927966,0.8731437849441501,1.0676071183236713,-0.6846259199653434,0.4935800064709267,0.8864718411758916
int,BIKE,KAB,LU_PARKSREC,219,NB2,0.5711084777439134,0.25508021003564896,1.7702282228621737,1.0737436345687126,2.9184880451249207,2.238936833492875,0.02516002644554968,0.34836959693838015
int,BIKE,KAB,LU_SCHOOLS,219,NB2,0.12520416540262475,0.24563447339009825,1.133379826395391,0.7003049454511137,1.8342721113479805,0.5097174011230292,0.6102494602433691,0.9081189662539423
int,BIKE,KAB,LU_INDUSTRIAL,219,NB2,-0.01751046232986405,0.13626191537865687,0.9826419548870226,0.7523272954015804,1.2834642813122645,-0.12850591657400678,0.8977486162978714,0.9989298663548887
int,ALCOHOL,TOT,LU_MXDUSE,883,NB2,-0.46778563198045015,0.5640800056103595,0.6263877867755038,0.20734267016460703,1.8923343618080275,-0.8292895109343317,0.4069406047656846,0.7722178077558521
int,ALCOHOL,TOT,LU_GASSTNS,883,NB2,0.07905706137773344,0.0716117388140683,1.0822660759017837,0.9405392041894696,1.2453493207199577,1.1039679064768428,0.26960705972143195,0.6206010520628225
int,ALCOHOL,TOT,LU_SUPERMKTS,883,NB2,-0.10992803654235009,0.09602569889762096,0.8958986049380864,0.7421986076147737,1.0814279386880818,-1.1447772607159183,0.25230143720823905,0.5903853630672794
int,ALCOHOL,TOT,LU_REGSHOPCNTRS,883,NB2,0.29987657722027045,0.38825184578934446,1.3496922145306296,0.6305914814992726,2.8888260108326507,0.7723764367703118,0.4398915056142113,0.7857603993414156
int,ALCOHOL,TOT,LU_COMMSHOPCNTRS,883,NB2,0.041905165908326866,0.06582345100680122,1.0427955814896501,0.9165773683640797,1.1863948012541317,0.6366297310057021,0.5243660545356249,0.8486279307561733
int,ALCOHOL,TOT,LU_FASTFOOD,883,NB2,0.006597688339571608,0.06337030011504334,1.0066195010300094,0.8890444009534438,1.1397437729400504,0.10411325696097495,0.9170794705003992,0.9662997251232579
int,ALCOHOL,TOT,LU_RESTOS,883,NB2,-0.1286576795607772,0.08566652737477659,0.8792749078059388,0.7433679957605002,1.040029121385835,-1.5018430594008039,0.1331376448864496,0.41905717238980095
int,ALCOHOL,TOT,LU_BARS,883,NB2,-0.08407355038549556,0.30471616412499125,0.9193636340586461,0.5059500995385332,1.6705787634006533,-0.2759077472208186,0.782618923376581,0.920265467689045
int,ALCOHOL,TOT,LU_HOTELS,883,NB2,0.045705331345515555,0.1377668808857039,1.046765916403185,0.7990611881850985,1.3712577959543972,0.3317584825298778,0.7400716364749227,0.9121802707137384
int,ALCOHOL,TOT,LU_OFFBLDGS,883,NB2,0.2634477258730944,0.14420206758087473,1.3014092631305307,0.9809945974824344,1.726478488779116,1.8269344558831764,0.067709624873213,0.310667690594742
int,ALCOHOL,TOT,LU_DEPTSTRS,883,NB2,0.05503070465958004,0.17783553432103902,1.056573055893446,0.7456291333987805,1.4971875057394868,0.30944718033818497,0.7569813855685504,0.9121802707137384
int,ALCOHOL,TOT,LU_BANKINS,883,NB2,0.106070230603457,0.07116623295666825,1.1118999631698592,0.967136547658371,1.2783319285063866,1.4904572884733285,0.13610403889583278,0.41905717238980095
int,ALCOHOL,TOT,LU_AUTOSALSER,883,NB2,-0.004157446979602167,0.04763178806419785,0.9958511832390574,0.9070880533683061,1.0933002319632155,-0.0872830340527797,0.9304465394133434,0.9662997251232579
int,ALCOHOL,TOT,LU_REPAIRSTRS,883,NB2,-0.26120356295386493,0.3522682295397672,0.7701241349140964,0.38610369996002725,1.5360929803018908,-0.7414905491055017,0.458396060027625,0.79455317071455
int,ALCOHOL,TOT,LU_SINGLESTORE,883,NB2,0.06788415676433879,0.026624878319570555,1.07024132107979,1.015823278210485,1.1275745593903161,2.549651342986259,0.010783069744832018,0.09736698173972012
int,ALCOHOL,TOT,LU_PARKSREC,883,NB2,-0.08927770153272865,0.15824553691768267,0.9145915548287903,0.6706962320079632,1.247178189237557,-0.5641720030257144,0.5726370794487354,0.8486279307561733
int,ALCOHOL,TOT,LU_SCHOOLS,883,NB2,0.02435515324052486,0.13191895332329714,1.0246541625227343,0.7911988158913594,1.3269940900914232,0.18462209278478026,0.8535254562893293,0.9510712227223955
int,ALCOHOL,TOT,LU_INDUSTRIAL,883,NB2,-0.11808634118726555,0.07885805698345268,0.888619324854747,0.7613606382812587,1.0371488422200246,-1.497454359191787,0.13427507294807747,0.41905717238980095
int,ALCOHOL,KAB,LU_MXDUSE,203,NB2,-0.7498025629205937,1.1486574639348184,0.4724598246209579,0.04972879227301198,4.488713191653518,-0.6527642804427395,0.5139082547099703,0.8864718411758916
int,ALCOHOL,KAB,LU_GASSTNS,203,NB2,0.3312101548699082,0.11714041433524758,1.3926524342481996,1.1069571478037097,1.7520830020073666,2.8274627228311497,0.0046918477615372715,0.12076211723796525
int,ALCOHOL,KAB,LU_SUPERMKTS,203,NB2,0.055534381791998176,0.16490330819843982,1.0571053616242874,0.7651555731189797,1.4604503774568358,0.33676936138339764,0.7362907713485264,0.9379585127643283
int,ALCOHOL,KAB,LU_REGSHOPCNTRS,203,NB2,0.10729403419171439,0.7714024902568435,1.1132615433179693,0.24545176031636945,5.04926614595582,0.13908956160614694,0.889379376679645,0.9989298663548887
int,ALCOHOL,KAB,LU_COMMSHOPCNTRS,203,NB2,-0.11215458172132678,0.12232520575885898,0.8939060652813613,0.7033420238942734,1.1361016779894864,-0.9168558599641217,0.3592181765879817,0.8864718411758916
int,ALCOHOL,KAB,LU_FASTFOOD,203,NB2,0.11995889330885687,0.11367950220760879,1.1274505048671195,0.9022596581337495,1.4088457014185711,1.055237672397441,0.29131663863450563,0.8483017641028203
int,ALCOHOL,KAB,LU_RESTOS,203,NB2,-0.2609669734172937,0.16186601365617825,0.7703063597816765,0.5608934275718509,1.057904868824811,-1.612240689213593,0.10690957416287639,0.6288178688769995
int,ALCOHOL,KAB,LU_BARS,203,NB2,-1.2049394410428913,1.0285607945065691,0.29971014909774507,0.03991837246536135,2.2502463884302415,-1.1714810125744062,0.24140548555711927,0.8483017641028203
int,ALCOHOL,KAB,LU_HOTELS,203,NB2,-0.09504366793793295,0.25307111334536814,0.909333224894395,0.5537383201667739,1.4932810025641718,-0.3755611088185561,0.7072432082320814,0.9357613788484339
int,ALCOHOL,KAB,LU_OFFBLDGS,203,NB2,-0.16738293284939687,0.3060531857558532,0.845875635743268,0.464289417342495,1.5410766741992457,-0.5469079906357279,0.5844419457352823,0.9068926744168174
int,ALCOHOL,KAB,LU_DEPTSTRS,203,NB2,-0.23022630252765672,0.3515945175007363,0.7943538178844034,0.3987775418376453,1.5823308029829493,-0.6548062926697217,0.5125924786451795,0.8864718411758916
int,ALCOHOL,KAB,LU_BANKINS,203,NB2,0.13748015476647882,0.13010188329533187,1.1473789357432156,0.889123141229303,1.4806480240375577,1.0567114885985027,0.29064328013843677,0.8483017641028203
int,ALCOHOL,KAB,LU_AUTOSALSER,203,NB2,-0.02550810846564812,0.09225421854096062,0.974814474684014,0.8135675033836973,1.168020177921615,-0.2764980167744046,0.7821655826851698,0.9634664225085554
int,ALCOHOL,KAB,LU_REPAIRSTRS,203,NB2,-1.2423988520655966,1.0318354328000543,0.2886908599741831,0.038204716578363045,2.181469203198689,-1.2040668623814788,0.2285637366533314,0.8367978635097366
int,ALCOHOL,KAB,LU_SINGLESTORE,203,NB2,0.09094493666888737,0.05169611914934944,1.0952086977589526,0.989674223812602,1.2119969003800048,1.7592217397624874,0.0785398531177537,0.5682987697429225
int,ALCOHOL,KAB,LU_PARKSREC,203,NB2,-0.2056439505920442,0.299159985525897,0.814122892659319,0.4529391350574281,1.4633226256060676,-0.687404601355827,0.49182779882768324,0.8864718411758916
int,ALCOHOL,KAB,LU_SCHOOLS,203,NB2,-0.3928042154428183,0.31341769222018706,0.6751609207288722,0.3652756911848226,1.2479403362454002,-1.2532930501155608,0.21009907677327444,0.7878715378997793
int,ALCOHOL,KAB,LU_INDUSTRIAL,203,NB2,-0.4715747014239678,0.17796631873536736,0.6240188508185073,0.44026049808916534,0.8844752774026661,-2.649797471650749,0.008054003514607761,0.1610800702921552
seg,ALL,TOT,LU_MXDUSE,24909,NB2,0.1421265369029243,0.15852018688363212,1.152722501244174,0.8448695608581039,1.572750666416531,0.8965832030418799,0.3699413643316234,0.6658944557969221
seg,ALL,TOT,LU_GASSTNS,24909,NB2,0.19024438589820514,0.06082690972605113,1.209545157320165,1.0736066086723548,1.3626960525194973,3.127635231758728,0.001762187323371097,0.05154397920860459
seg,ALL,TOT,LU_SUPERMKTS,24909,NB2,0.12238817799382232,0.05967453575778688,1.1301927325889662,1.0054408357859161,1.2704234474408114,2.050928028842721,0.04027395611282594,0.24164373667695566
seg,ALL,TOT,LU_COMMSHOPCNTRS,24909,NB2,0.050479582588370625,0.029744004464276108,1.0517753886047239,0.9922118201029461,1.1149146237341154,1.697134716645127,0.08967119404145849,0.34398458042133256
seg,ALL,TOT,LU_FASTFOOD,24909,NB2,0.064298512437568,0.0282544810808394,1.0664106881064328,1.0089596288486473,1.1271330618107716,2.275692561955124,0.02286441685504578,0.19815827941039676
seg,ALL,TOT,LU_RESTOS,24909,NB2,0.0008681999343401447,0.024930417333302788,1.0008685769289976,0.9531381543094137,1.0509892020949212,0.03482492582185448,0.9722193447519202,0.9925704399322779
seg,ALL,TOT,LU_BARS,24909,NB2,-0.020163225651581382,0.07522091360667385,0.9800386927964423,0.8456952436894235,1.1357233548908174,-0.26805345328579516,0.7886581739316798,0.9340408863534262
seg,ALL,TOT,LU_HOTELS,24909,NB2,-0.01617669862774199,0.03864355013945936,0.983953441470814,0.9121798933299098,1.0613743868525511,-0.4186131597475508,0.6754988704411562,0.9189926493211078
seg,ALL,TOT,LU_OFFBLDGS,24909,NB2,-0.06282352894039238,0.03309982033639667,0.939109184660012,0.8801180992689077,1.0020542259560241,-1.8980021130601552,0.05769580367312338,0.3000181791002416
seg,ALL,TOT,LU_DEPTSTRS,24909,NB2,0.06969540765670612,0.0827842132013689,1.0721815532208108,0.9115930093243267,1.2610597835969086,0.8418924932846212,0.39984813255839624,0.6879739927842995
seg,ALL,TOT,LU_BANKINS,24909,NB2,0.028512717894311312,0.04061928456037564,1.0289230964865084,0.9501826213670284,1.1141886987579892,0.7019502731991898,0.4827101752588945,0.7833721112876284
seg,ALL,TOT,LU_AUTOSALSER,24909,NB2,0.05479514118882321,0.015494301791540252,1.056324195189688,1.024727075856069,1.088895601212618,3.5364704990282854,0.00040551178833549394,0.019330467282605613
seg,ALL,TOT,LU_REPAIRSTRS,24909,NB2,-0.008465910318100196,0.08962662243858933,0.99156982458672,0.831824256785895,1.1819933225198185,-0.09445754049139692,0.9247457093691995,0.9844085796240926
seg,ALL,TOT,LU_SINGLESTORE,24909,NB2,0.013957011125339395,0.00959267135419164,1.0140548649239831,0.9951670915375649,1.0333011187972765,1.4549660475171706,0.14567866124590756,0.4370359837377227
seg,ALL,TOT,LU_PARKSREC,24909,NB2,-0.015605540275397957,0.06640088773753598,0.9845155952213505,0.8643726630116141,1.1213577183907613,-0.23502005480833726,0.8141931676303535,0.9343304231961117
seg,ALL,TOT,LU_SCHOOLS,24909,NB2,-0.061705963522139265,0.05415182545300581,0.9401592872786441,0.8454861079010293,1.0454334816341597,-1.139499232130025,0.2544949883750559,0.5848282189797269
seg,ALL,TOT,LU_HOSPITALS,24909,NB2,-0.24859017792316046,0.2008084128074069,0.7798995279442396,0.5261469845217861,1.1560329937849565,-1.2379470284523413,0.21573570290987187,0.5258557758428127
seg,ALL,TOT,LU_INDUSTRIAL,24909,NB2,-0.052872962025007214,0.013842293072110769,0.9485005004117167,0.9231127864448407,0.9745864346068558,-3.81966786496775,0.00013363149111254743,0.01563488446016805
seg,ALL,KAB,LU_MXDUSE,2945,NB2,0.35238987067100747,0.17391701062615617,1.4224629922273124,1.011579054057671,2.0002400762846593,2.0261955366084816,0.042744750857126916,0.45346098712046945
seg,ALL,KAB,LU_GASSTNS,2945,NB2,0.08722185827008365,0.06748170462195854,1.0911387310180285,0.9559570604479044,1.2454364108883689,1.2925260077336822,0.1961750451833434,0.6999942980431759
seg,ALL,KAB,LU_SUPERMKTS,2945,NB2,0.14291377222179416,0.06250506138698385,1.1536303223975626,1.0206134334864438,1.30398334676905,2.286435195015339,0.022228811314565,0.37037659276325124
seg,ALL,KAB,LU_COMMSHOPCNTRS,2945,NB2,0.02714277284656505,0.03193077063546637,1.0275144934606342,0.965179159271708,1.0938757060070843,0.8500506660624356,0.39529691805275513,0.7521216078482336
seg,ALL,KAB,LU_FASTFOOD,2945,NB2,0.006644358049270064,0.029997657055713632,1.006666480766156,0.9491854817558886,1.0676284277162362,0.2214959000607855,0.8247063286065028,0.9476831760470361
seg,ALL,KAB,LU_RESTOS,2945,NB2,0.0067293402960906,0.026875379063265748,1.0067520331806572,0.9550931512637084,1.0612050300772582,0.25039052585079663,0.8022853555934992,0.9476831760470361
seg,ALL,KAB,LU_BARS,2945,NB2,-0.0726642626233823,0.08316971837970216,0.9299129841677414,0.7900358848850335,1.0945555444606054,-0.873686529653036,0.38228898868461303,0.7507151338212112
seg,ALL,KAB,LU_HOTELS,2945,NB2,0.017189658551092446,0.042060854348443345,1.0173382509280247,0.9368335855628708,1.104760901776867,0.40868543488652714,0.6827705239386126,0.9240503331500021
seg,ALL,KAB,LU_OFFBLDGS,2945,NB2,-0.05086758610830041,0.03680999882415603,0.9504045089605854,0.8842502361769291,1.021508045683888,-1.3818958906056604,0.16700366991787852,0.6608468690028253
seg,ALL,KAB,LU_DEPTSTRS,2945,NB2,0.016769809989787013,0.09276015249077584,1.0169112125790027,0.8478597136499959,1.2196692419989035,0.18078678763981787,0.8565349341598534,0.9476831760470361
seg,ALL,KAB,LU_BANKINS,2945,NB2,0.02973390879453943,0.0461881208403166,1.0301803755415937,0.9410163089362915,1.1277930000497673,0.6437566251577257,0.5197332645167883,0.8134955444610599
seg,ALL,KAB,LU_AUTOSALSER,2945,NB2,0.03831145673217166,0.01662365857357288,1.039054803100341,1.0057455285261094,1.0734672471555122,2.304634479986043,0.021187053202988387,0.37037659276325124
seg,ALL,KAB,LU_REPAIRSTRS,2945,NB2,-0.062023116617621964,0.10545732419717549,0.93986116012891,0.7643576492640268,1.1556618831111283,-0.5881347463515783,0.5564418524161954,0.859455412178618
seg,ALL,KAB,LU_SINGLESTORE,2945,NB2,0.010679617372262872,0.010021854029876313,1.0107368480382979,0.991076833351056,1.0307868589039346,1.0656328999031206,0.2865896208359934,0.7474042812433134
seg,ALL,KAB,LU_PARKSREC,2945,NB2,0.009636502724247605,0.07615492820463948,1.0096830833210755,0.8696824303498517,1.1722209086535766,0.12653813681437537,0.8993059628370524,0.9476831760470361
seg,ALL,KAB,LU_SCHOOLS,2945,NB2,-0.032806276950821216,0.060532485037778715,0.9677260122653594,0.8594608992557081,1.0896291333625725,-0.5419615092680666,0.5878450220486153,0.8873186285034553
seg,ALL,KAB,LU_HOSPITALS,2945,NB2,-0.14287765984631984,0.22188587765795392,0.8668601142081482,0.5611460997202572,1.339128006021204,-0.6439240809483673,0.5196246654486785,0.8134955444610599
seg,ALL,KAB,LU_INDUSTRIAL,2945,NB2,-0.03344508318350701,0.014889687627833405,0.9671080202667779,0.9392920075750207,0.9957477710036031,-2.246191056485823,0.024691772850883417,0.37037659276325124
seg,ALL,KSI,LU_MXDUSE,819,NB2,0.022103294087913852,0.2643211303400837,1.0223493816634697,0.6089822722032264,1.7163032585600138,0.08362287971254918,0.9333562752675133,0.9797517818998515
seg,ALL,KSI,LU_GASSTNS,819,NB2,0.11137423012547151,0.09349451947749625,1.1178131479449784,0.9306471933382116,1.3426207510890458,1.1912380613098807,0.23356014160063743,0.6726532078098358
seg,ALL,KSI,LU_SUPERMKTS,819,NB2,0.1463051858699555,0.08607713142064105,1.1575494018713477,0.9778431582313913,1.3702817333162172,1.699698670893114,0.0891876194849786,0.49396220022449683
seg,ALL,KSI,LU_COMMSHOPCNTRS,819,NB2,0.019666035211303407,0.04538452584919094,1.0198606855882657,0.9330582608409723,1.1147383412811793,0.43332027477056895,0.6647821107755472,0.8312307178365749
seg,ALL,KSI,LU_FASTFOOD,819,NB2,-0.027170008457974813,0.04158124096615818,0.9731957759462851,0.8970270684344201,1.0558321500517054,-0.653419855364291,0.5134856418201375,0.8312307178365749
seg,ALL,KSI,LU_RESTOS,819,NB2,-0.0223916984714872,0.03824006676053257,0.9778571348811669,0.9072454669973276,1.053964567497609,-0.5855559461155959,0.5581739601349023,0.8312307178365749
seg,ALL,KSI,LU_BARS,819,NB2,0.020156432198859674,0.10666971044211569,1.020360944848997,0.82785587788901,1.2576300846325839,0.18896115978300662,0.8501232583277107,0.9797517818998515
seg,ALL,KSI,LU_HOTELS,819,NB2,0.002442506819643795,0.05452202759115999,1.00244549216951,0.9008462611752291,1.1155032862766165,0.04479853240160523,0.9642678948939682,0.9797517818998515
seg,ALL,KSI,LU_OFFBLDGS,819,NB2,-0.12212267380392244,0.05245255447414335,0.8850397906451927,0.7985723719364425,0.980869685143112,-2.3282502640385836,0.0198988185840475,0.20467356257877428
seg,ALL,KSI,LU_DEPTSTRS,819,NB2,0.05729639569320361,0.12584472233709715,1.0589696379245528,0.8274891694558009,1.3552040744938805,0.45529438683749623,0.6488974639530853,0.8312307178365749
seg,ALL,KSI,LU_BANKINS,819,NB2,0.004994129865784202,0.06680755107013372,1.0050066213183306,0.8816601010306858,1.1456096376743405,0.0747539729534679,0.9404104635587905,0.9797517818998515
seg,ALL,KSI,LU_AUTOSALSER,819,NB2,0.07358797859126573,0.020847747086501306,1.0763632294269783,1.033267792606621,1.1212560867108654,3.5297808576598264,0.00041590400443447257,0.014972544159641013
seg,ALL,KSI,LU_REPAIRSTRS,819,NB2,0.07956195172289625,0.13895902285621034,1.0828126395601503,0.8246487564392105,1.4217971023856752,0.5725569314431925,0.5669447279087572,0.8312307178365749
seg,ALL,KSI,LU_SINGLESTORE,819,NB2,0.008251395787986126,0.01316686534094518,1.008285532381128,0.9825975424883645,1.0346450818862425,0.626678831621878,0.5308697824613717,0.8312307178365749
seg,ALL,KSI,LU_PARKSREC,819,NB2,-0.011750147559430981,0.102038373629981,0.988318615834217,0.8091707186683674,1.207129303951971,-0.11515420269280481,0.9083228980720028,0.9797517818998515
seg,ALL,KSI,LU_SCHOOLS,819,NB2,-0.05348019017633597,0.0793488827182007,0.9479247190393387,0.8113919898222892,1.1074317767946067,-0.6739879421650498,0.5003189796376839,0.8312307178365749
seg,ALL,KSI,LU_HOSPITALS,819,NB2,-0.16867009561403792,0.33084942424835734,0.8447875565391668,0.44169531501844106,1.6157427788284782,-0.5098092462975636,0.6101851072404794,0.8312307178365749
seg,ALL,KSI,LU_INDUSTRIAL,819,NB2,-0.03950674456041683,0.019628289360209755,0.9612634706691803,0.924984598659256,0.9989652383210647,-2.01274516772228,0.04414144501917564,0.35313156015340513
seg,ALL,FAT,LU_MXDUSE,177,Firth-Poisson,0.8532019445139587,0.323188392401107,2.3471502776938964,1.2457686081912713,4.422261397385191,2.6399523144230232,0.008291769330284937,0.04975061598170963
seg,ALL,FAT,LU_GASSTNS,177,Firth-Poisson,0.13573165129856726,0.14150260251022742,1.145374492593635,0.8679567006398775,1.5114610294695312,0.9592166425967815,0.33744961809005625,0.6074093125621013
seg,ALL,FAT,LU_SUPERMKTS,177,Firth-Poisson,0.3411606974584856,0.14390740423157442,1.4065792564132846,1.0608836417711316,1.8649219637972043,2.3706959296513546,0.01775463088524809,0.07989583898361641
seg,ALL,FAT,LU_COMMSHOPCNTRS,177,Firth-Poisson,-0.09056243833650005,0.06745792187729296,0.9134172998636824,0.8002909217629218,1.0425348345228667,-1.342502641887406,0.17943307434932654,0.3588661486986531
seg,ALL,FAT,LU_FASTFOOD,177,Firth-Poisson,0.09705301368684303,0.06815689114948492,1.1019187888501922,0.9641248377973846,1.2594064270712726,1.423964797249654,0.15445666271200031,0.3475274911020007
seg,ALL,FAT,LU_RESTOS,177,Firth-Poisson,-0.21668885072861144,0.07292256067717787,0.8051804616467034,0.6979435386652979,0.9288940149190223,-2.9714926178727463,0.00296355998486844,0.03671571888338487
seg,ALL,FAT,LU_BARS,177,Firth-Poisson,-0.031542119643938875,0.2035836325669477,0.968950143759188,0.6501409850888756,1.4440935160588382,-0.15493445738358347,0.8768729885687128,0.9168285201739003
seg,ALL,FAT,LU_HOTELS,177,Firth-Poisson,0.14772450495057593,0.08807332150650717,1.15919350029832,0.9754082231482707,1.377607384523364,1.6772900399772197,0.09348577926682466,0.2403920038289777
seg,ALL,FAT,LU_OFFBLDGS,177,Firth-Poisson,-0.06089832364699208,0.0890205512417331,0.9409189041151734,0.7902715929323912,1.1202836999824184,-0.6840928616766728,0.49391652914568884,0.6531805724957562
seg,ALL,FAT,LU_DEPTSTRS,177,Firth-Poisson,0.1688891275786253,0.19695113686060792,1.1839888599347126,0.8048212300738581,1.741790062273649,0.857517911654181,0.3911587201103771,0.6339509963736313
seg,ALL,FAT,LU_BANKINS,177,Firth-Poisson,0.09106536883294328,0.11356767870160256,1.0953406040552376,0.8767553556784974,1.3684216824243087,0.8018599118523522,0.4226339975824208,0.6339509963736313
seg,ALL,FAT,LU_AUTOSALSER,177,Firth-Poisson,0.07932506608599606,0.027620665911650355,1.0825561671768957,1.025508473094273,1.1427773498122995,2.871946184778147,0.0040795243203760965,0.03671571888338487
seg,ALL,FAT,LU_REPAIRSTRS,177,Firth-Poisson,0.01684377524479766,0.16129328104754656,1.0169864314579218,0.7413436058168875,1.3951174511444857,0.10442949102035066,0.9168285201739002,0.9168285201739003
seg,ALL,FAT,LU_SINGLESTORE,177,Firth-Poisson,0.003045847436786639,0.019519926807554957,1.0030504907431614,0.9653995623357422,1.0421698188321704,0.15603785131037376,0.8760031855919658,0.9168285201739003
seg,ALL,FAT,LU_PARKSREC,177,Firth-Poisson,-0.31881822133311954,0.1736844413068905,0.7270076917846571,0.5172444323829617,1.0218383240570679,-1.8356176231685941,0.06641422888414895,0.23909122398293622
seg,ALL,FAT,LU_SCHOOLS,177,Firth-Poisson,0.19506686448299024,0.11561631503894149,1.2153922503473173,0.9689511191539262,1.5245127365084903,1.6871915042205634,0.09156653448776995,0.2403920038289777
seg,ALL,FAT,LU_HOSPITALS,177,Firth-Poisson,0.061563229296557276,0.5857788591650085,1.0634977386168452,0.3373739450223016,3.3524445403404783,0.1050963658611918,0.9162993429583315,0.9168285201739003
seg,ALL,FAT,LU_INDUSTRIAL,177,Firth-Poisson,0.0187934690446472,0.028392814979991944,1.0189711777929593,0.963814482610735,1.0772843528562333,0.6619093266338938,0.5080293341633659,0.6531805724957562
seg,ANGLE,TOT,LU_MXDUSE,1310,NB2,0.6762621870132971,0.27762561742114,1.9665135180104625,1.1412406691106076,3.3885713339778327,2.435878191987778,0.014855686113389931,0.16896043103201047
seg,ANGLE,TOT,LU_GASSTNS,1310,NB2,0.33641423542677334,0.1094690953324138,1.399918800682636,1.1295900830799979,1.7349414427940921,3.0731434694442124,0.0021181662603261637,0.05291733745197761
seg,ANGLE,TOT,LU_SUPERMKTS,1310,NB2,0.21414946293920165,0.10573811547073196,1.2388077968115898,1.0069266355528963,1.5240879556220328,2.0252816308086903,0.04283845363666752,0.24879450154884455
seg,ANGLE,TOT,LU_COMMSHOPCNTRS,1310,NB2,0.11792521481611783,0.05686426495245326,1.1251599629261289,1.0064922393226954,1.2578188809720523,2.0738017965187865,0.03809772226604998,0.24094235162853234
seg,ANGLE,TOT,LU_FASTFOOD,1310,NB2,0.10656456946959851,0.0501028856189904,1.1124497544173102,1.0083979805042997,1.2272381341781724,2.1269148104556983,0.03342716205736685,0.23005752710070126
seg,ANGLE,TOT,LU_RESTOS,1310,NB2,0.03070628388288336,0.04612416741000816,1.031182584457796,0.9420498521145484,1.1287486751388642,0.6657309086997334,0.5055831135593161,0.7910505358850061
seg,ANGLE,TOT,LU_BARS,1310,NB2,-0.020076142002668836,0.1506719959705328,0.9801240418580864,0.7295019382216177,1.3168479576217318,-0.1332440170673465,0.8940004005915705,0.9734921295072453
seg,ANGLE,TOT,LU_HOTELS,1310,NB2,-0.14744642132747046,0.07165758083952094,0.8629086705839168,0.7498401115544363,0.9930268630539191,-2.0576527926288866,0.03962347500942746,0.24164373667695566
seg,ANGLE,TOT,LU_OFFBLDGS,1310,NB2,-0.16019600682837293,0.06255369170394598,0.8519767793328673,0.7536695704023365,0.9631069914829018,-2.5609360928935794,0.010439055687103127,0.14626054877112554
seg,ANGLE,TOT,LU_DEPTSTRS,1310,NB2,-0.07626376944364266,0.1588731360099046,0.9265717730026879,0.6786463571625595,1.2650701524648358,-0.48002935775679634,0.6312065179045216,0.8844450610159166
seg,ANGLE,TOT,LU_BANKINS,1310,NB2,0.05879477020704299,0.07549464486868324,1.060557560395138,0.9146857331550695,1.2296926672634558,0.7787939172283238,0.4361011214792009,0.7289118744723786
seg,ANGLE,TOT,LU_AUTOSALSER,1310,NB2,0.0726443757002652,0.028658698846694565,1.0753480490108374,1.0166097593357624,1.137480154889494,2.534810672629119,0.011250811443932734,0.14626054877112554
seg,ANGLE,TOT,LU_REPAIRSTRS,1310,NB2,-0.29588784241796295,0.18393268899968357,0.743870854098002,0.5187174725831494,1.0667538242367403,-1.6086745864867553,0.10768751555930192,0.35151085874404064
seg,ANGLE,TOT,LU_SINGLESTORE,1310,NB2,0.035192530648551386,0.016810035423660052,1.0358191165292447,1.0022473828056404,1.070515384299577,2.0935429201426934,0.03630071686563522,0.23595465962662893
seg,ANGLE,TOT,LU_PARKSREC,1310,NB2,0.047241722026188745,0.12867521968807047,1.0483753938784932,0.8146785110255125,1.3491100496886268,0.36713923738160553,0.7135151605993716,0.9272421944129561
seg,ANGLE,TOT,LU_SCHOOLS,1310,NB2,-0.10572939499348302,0.10776358161361313,0.8996680698227645,0.7283700751547809,1.111251908154818,-0.9811236171842943,0.32653178525905446,0.6477642002638713
seg,ANGLE,TOT,LU_HOSPITALS,1310,NB2,-0.5829210181558747,0.43720789452320574,0.5582652795707725,0.2369636579895384,1.3152232921218332,-1.3332810899756864,0.1824395769225784,0.48512342045321977
seg,ANGLE,TOT,LU_INDUSTRIAL,1310,NB2,-0.09428897196752963,0.028122983112304534,0.9100197540427823,0.8612159277177203,0.9615892206530616,-3.3527372110917977,0.0008001664068043954,0.026748419884604076
seg,ANGLE,KAB,LU_MXDUSE,212,NB2,0.43587380184952923,0.40072166727554615,1.546313640514104,0.7050118512619362,3.391554156940847,1.0877220710648812,0.2767178211461372,0.7474042812433134
seg,ANGLE,KAB,LU_GASSTNS,212,NB2,0.1355828345222041,0.17288378861751819,1.1452040543362692,0.816058372893282,1.6071060228429712,0.784242615264307,0.43289776405998837,0.7755137190228902
seg,ANGLE,KAB,LU_SUPERMKTS,212,NB2,0.13081462769914898,0.13668086284095676,1.139756482446556,0.8719005903455904,1.4899001717203233,0.9570807864402071,0.3385264805987167,0.7475998671817093
seg,ANGLE,KAB,LU_COMMSHOPCNTRS,212,NB2,0.01722384686637851,0.07868201721941093,1.01737303260346,0.8719764111402978,1.1870136327601017,0.21890449018799904,0.8267244486331427,0.9476831760470361
seg,ANGLE,KAB,LU_FASTFOOD,212,NB2,-0.09685708890315697,0.07992221049417676,0.9076857152257692,0.7760761583028127,1.0616140552837934,-1.211892017303677,0.22555371825835668,0.6999942980431759
seg,ANGLE,KAB,LU_RESTOS,212,NB2,0.0530638007040187,0.06579742646109997,1.054496920619142,0.926909675904557,1.1996462918677644,0.8064722825502985,0.41997058359381334,0.7713745412947592
seg,ANGLE,KAB,LU_BARS,212,NB2,-0.16852254417442214,0.21757039431916408,0.8449122153558714,0.5515843436204866,1.294229359324861,-0.7745656053148877,0.43859638779815247,0.7755137190228902
seg,ANGLE,KAB,LU_HOTELS,212,NB2,0.021159467050684038,0.09999856537044098,1.0213849158915929,0.8395932580057194,1.2425387370175494,0.21159770615007903,0.8324208990394049,0.9476831760470361
seg,ANGLE,KAB,LU_OFFBLDGS,212,NB2,-0.22821892550614453,0.10332450116545852,0.7959499870059951,0.6500311801441305,0.9746246044295453,-2.2087590351942423,0.0271914057673538,0.37353648406196605
seg,ANGLE,KAB,LU_DEPTSTRS,212,NB2,0.07031618278654342,0.23093224468873189,1.0728473434953618,0.6822828187815724,1.686985793516719,0.30448837009020085,0.7607558517145457,0.9476831760470361
seg,ANGLE,KAB,LU_BANKINS,212,NB2,-0.0114912937692219,0.11640000591538809,0.9885744789680021,0.7869147923464674,1.2419127330835262,-0.09872245004501971,0.9213586433790628,0.9476831760470361
seg,ANGLE,KAB,LU_AUTOSALSER,212,NB2,0.062097976479421675,0.03772818672533906,1.0640665931196691,0.9882206566279319,1.1457337053212302,1.645930585837441,0.09977805099687936,0.5612515368574464
seg,ANGLE,KAB,LU_REPAIRSTRS,212,NB2,-0.38484325630740013,0.2917804202191931,0.6805573009092297,0.38414588874554584,1.2056831880547523,-1.3189481871960285,0.18718643485398379,0.6999942980431759
seg,ANGLE,KAB,LU_SINGLESTORE,212,NB2,0.03278813457916735,0.022629225024511285,1.0333315888161883,0.988501472769808,1.0801948220203008,1.4489287434126552,0.14735748312119998,0.6608468690028253
seg,ANGLE,KAB,LU_PARKSREC,212,NB2,0.19600277989166373,0.18785773931952804,1.2165302871520196,0.8418121501836191,1.7580477298116501,1.0433574927582927,0.2967827527684619,0.7474042812433134
seg,ANGLE,KAB,LU_SCHOOLS,212,NB2,0.03449812397888506,0.13844213432298427,1.0351000865046744,0.7891108613741808,1.3577714381172767,0.24918803908643336,0.8032153310948812,0.9476831760470361
seg,ANGLE,KAB,LU_HOSPITALS,212,NB2,-0.996837979003377,1.06387302839261,0.36904452472724025,0.045866094598147576,2.969379940114962,-0.9369896147376577,0.3487639000075966,0.7475998671817093
seg,ANGLE,KAB,LU_INDUSTRIAL,212,NB2,-0.06968013368395726,0.03937677256121035,0.9326921089859939,0.8634160489910858,1.007526523489167,-1.7695745271058205,0.07679804540482257,0.5558573818846179
seg,LEFTTURN,TOT,LU_MXDUSE,2289,NB2,0.45603345992702116,0.2742817058807466,1.5778031370610797,0.9216786208480181,2.7010095308810342,1.6626462871909415,0.09638325989287033,0.3469797356143332
seg,LEFTTURN,TOT,LU_GASSTNS,2289,NB2,0.1768645878225586,0.10621532265472644,1.1934694718847458,0.9691678671516,1.4696828367897699,1.665151349184254,0.09588256434261776,0.3469797356143332
seg,LEFTTURN,TOT,LU_SUPERMKTS,2289,NB2,0.29083902499656994,0.09975630234975674,1.3375492546233299,1.1000071418685786,1.626387630087921,2.9154952433667383,0.0035512452026527338,0.06392241364774921
seg,LEFTTURN,TOT,LU_COMMSHOPCNTRS,2289,NB2,0.04955664306607738,0.053177895701832664,1.0508051113524919,0.9467956152210423,1.166240489809128,0.9319030475357736,0.3513866325273074,0.6477642002638713
seg,LEFTTURN,TOT,LU_FASTFOOD,2289,NB2,0.1497332890980174,0.04903562474466328,1.1615244101891453,1.055087249649944,1.278698947326734,3.0535613623300146,0.0022614246774349403,0.05291733745197761
seg,LEFTTURN,TOT,LU_RESTOS,2289,NB2,0.007332404442678342,0.042589360933191774,1.007359352344173,0.9266839194879852,1.0950582430695008,0.17216516712191082,0.8633076815535439,0.9597605602700506
seg,LEFTTURN,TOT,LU_BARS,2289,NB2,-0.11721991191208743,0.1330270263113423,0.889389584291767,0.6852627871014771,1.154321885757886,-0.8811736619425048,0.3782238324527808,0.6756059297248146
seg,LEFTTURN,TOT,LU_HOTELS,2289,NB2,-0.03698868193647246,0.06720695222579941,0.9636870423584963,0.8447502070387034,1.0993696217787572,-0.5503698756075006,0.5820657062518968,0.8386294771209598
seg,LEFTTURN,TOT,LU_OFFBLDGS,2289,NB2,-0.10051593334574137,0.056190329392484036,0.9043707026468892,0.8100583645147458,1.0096635052907226,-1.7888475549528684,0.07363936989679581,0.313302046470004
seg,LEFTTURN,TOT,LU_DEPTSTRS,2289,NB2,0.04069959045802831,0.14407805765284262,1.04153917023838,0.7852969106828099,1.3813932391477561,0.282482920168832,0.7775732412615229,0.9340408863534262
seg,LEFTTURN,TOT,LU_BANKINS,2289,NB2,0.14451296297275465,0.07289638963332379,1.1554766732793051,1.001637378333864,1.3329438091792019,1.982443351442636,0.0474296416785882,0.2642508607807057
seg,LEFTTURN,TOT,LU_AUTOSALSER,2289,NB2,0.04697891643235069,0.02741443801165557,1.0480999111613247,0.993269370765856,1.1059572117172736,1.7136560090116402,0.08659192059676463,0.33770849032738204
seg,LEFTTURN,TOT,LU_REPAIRSTRS,2289,NB2,-0.08023649172190225,0.1630087826017761,0.9228980628245078,0.6704985722649832,1.2703096913211893,-0.49222189406761463,0.6225624884884924,0.8775880861825736
seg,LEFTTURN,TOT,LU_SINGLESTORE,2289,NB2,-0.003914287934938942,0.015341722126381447,0.9960933629042953,0.9665869087177913,1.0265005439998935,-0.2551400620278461,0.7986149227837732,0.9340408863534262
seg,LEFTTURN,TOT,LU_PARKSREC,2289,NB2,-0.22738532501224074,0.12232867399631535,0.7966137679339027,0.6267863625193119,1.0124558114365443,-1.858806423578905,0.06305458163946168,0.30739108549237565
seg,LEFTTURN,TOT,LU_SCHOOLS,2289,NB2,-0.004041809126305209,0.09232837229427766,0.9959663479906643,0.8310997802572447,1.1935377555061197,-0.043776458155492824,0.9650825927606489,0.9925704399322779
seg,LEFTTURN,TOT,LU_HOSPITALS,2289,NB2,-0.005010031576792349,0.34248793689185675,0.9950024976986531,0.5085018690504542,1.9469544375034067,-0.01462834464261527,0.9883286859154732,0.9925704399322779
seg,LEFTTURN,TOT,LU_INDUSTRIAL,2289,NB2,-0.04423003039079152,0.024459335047820305,0.9567338542964201,0.9119498065641274,1.0037171578614923,-1.8083087828969038,0.07055845568367905,0.313302046470004
seg,LEFTTURN,KAB,LU_MXDUSE,467,NB2,0.4502285950315001,0.323657614223591,1.568670734843352,0.8318190674256942,2.9582489398438763,1.3910644311938558,0.16420588953476334,0.6608468690028253
seg,LEFTTURN,KAB,LU_GASSTNS,467,NB2,0.11859328996165336,0.13195238711709642,1.12591190548121,0.8693292090656933,1.458225037976992,0.8987582002318154,0.36878146915350196,0.7507151338212112
seg,LEFTTURN,KAB,LU_SUPERMKTS,467,NB2,0.26033844365353387,0.11305519273108959,1.2973690987089104,1.0395108499258854,1.6191909669868052,2.3027552946883985,0.021292615136027187,0.37037659276325124
seg,LEFTTURN,KAB,LU_COMMSHOPCNTRS,467,NB2,0.06264427250291048,0.059671156810661215,1.0646480472768038,0.9471373163842953,1.1967382606118442,1.0498250050972378,0.29379857654926256,0.7474042812433134
seg,LEFTTURN,KAB,LU_FASTFOOD,467,NB2,0.044786870723272566,0.05921465675050048,1.0458049445032411,0.9312068401521663,1.1745059580626656,0.7563477216794646,0.4494407431253181,0.7755137190228902
seg,LEFTTURN,KAB,LU_RESTOS,467,NB2,0.01925483896573258,0.049418449183705235,1.0194414089117518,0.9253295622275778,1.1231250233723533,0.3896285554035857,0.6968112335180702,0.9290816446907603
seg,LEFTTURN,KAB,LU_BARS,467,NB2,-0.17149358658860261,0.17235061879745306,0.842405670696829,0.6009155924820737,1.1809434185107193,-0.995027391170219,0.31972294253186184,0.7474042812433134
seg,LEFTTURN,KAB,LU_HOTELS,467,NB2,-0.07661169928538478,0.08029635032300816,0.9262494471089946,0.7913677147930561,1.0841205955616602,-0.9541118491338505,0.3400270288372035,0.7475998671817093
seg,LEFTTURN,KAB,LU_OFFBLDGS,467,NB2,-0.12354247046671613,0.06726098298731006,0.8837841057235621,0.7746267356096944,1.0083235055330582,-1.836762785492215,0.06624492195492056,0.5558573818846179
seg,LEFTTURN,KAB,LU_DEPTSTRS,467,NB2,-0.2639751225277391,0.19051853359622797,0.7679926451347832,0.5286696891044613,1.1156544722286474,-1.3855613810632723,0.16588087747037772,0.6608468690028253
seg,LEFTTURN,KAB,LU_BANKINS,467,NB2,0.12495801941522926,0.08145065631320343,1.1331008838306336,0.965909372016921,1.3292319653724938,1.5341560776960017,0.12499126017665974,0.6249563008832987
seg,LEFTTURN,KAB,LU_AUTOSALSER,467,NB2,0.02918859058554278,0.03025076373872608,1.029618752569794,0.9703456736863855,1.0925124977534617,0.9648877244106224,0.3346010505758693,0.7475998671817093
seg,LEFTTURN,KAB,LU_REPAIRSTRS,467,NB2,-0.0729461244142417,0.1980026198815949,0.9296509141641758,0.6306329638931139,1.3704498047025175,-0.36840989507039507,0.7125676203325723,0.9290925808011917
seg,LEFTTURN,KAB,LU_SINGLESTORE,467,NB2,-0.0029581417021763167,0.018309452003822262,0.9970462292879239,0.9619001117669181,1.0334765233691456,-0.16156363945566357,0.8716494925644536,0.9476831760470361
seg,LEFTTURN,KAB,LU_PARKSREC,467,NB2,-0.1861327309898851,0.15220672417557762,0.8301633992591507,0.6160310503084936,1.1187281373631859,-1.2228942709204635,0.2213696327186343,0.6999942980431759
seg,LEFTTURN,KAB,LU_SCHOOLS,467,NB2,0.08798662356317866,0.10836097199811487,1.0919735152157672,0.883025781172882,1.3503639229523536,0.811977060935826,0.41680479419595906,0.7713745412947592
seg,LEFTTURN,KAB,LU_HOSPITALS,467,NB2,-0.04996674419194141,0.4456152443716741,0.9512610589298862,0.3971772504855676,2.2783218352262855,-0.11212979094194916,0.910720496615352,0.9476831760470361
seg,LEFTTURN,KAB,LU_INDUSTRIAL,467,NB2,-0.013967538281505805,0.028541009301301525,0.9861295552033138,0.9324796819341987,1.0428661540682316,-0.4893848754279639,0.6245692417785851,0.8935284606914433
seg,LEFTTURN,KSI,LU_MXDUSE,135,Firth-Poisson,0.7163972384471323,0.38311642341395324,2.047044894821364,0.966077759681865,4.337531590411658,1.8699204593301204,0.06149486422464819,0.3954265393164696
seg,LEFTTURN,KSI,LU_GASSTNS,135,Firth-Poisson,-0.08633877038712896,0.17239490694460252,0.917283430115291,0.6542715576135075,1.2860239473547657,-0.5008197278987663,0.6164980002451848,0.8312307178365749
seg,LEFTTURN,KSI,LU_SUPERMKTS,135,Firth-Poisson,0.18873289864923362,0.1501156886361078,1.2077183262015885,0.8998800061221546,1.6208644991776495,1.2572496610047,0.208663245799251,0.6725592309038287
seg,LEFTTURN,KSI,LU_COMMSHOPCNTRS,135,Firth-Poisson,0.09450030998728166,0.06211435349152716,1.0991095038429046,0.9731239427370096,1.2414057946617327,1.5213924749320973,0.12816137614274725,0.5693229579812877
seg,LEFTTURN,KSI,LU_FASTFOOD,135,Firth-Poisson,0.03155066083069934,0.07174023507525354,1.0320536589669649,0.8966764360265685,1.1878696843055436,0.43979031846778255,0.6600889803198862,0.8312307178365749
seg,LEFTTURN,KSI,LU_RESTOS,135,Firth-Poisson,0.021455257922153286,0.06606609327471766,1.0216870769120026,0.8975968218889352,1.1629324632993778,0.3247544520747958,0.7453669195162547,0.8944403034195056
seg,LEFTTURN,KSI,LU_BARS,135,Firth-Poisson,-0.201322083519951,0.23297501077449684,0.817649037858554,0.5179103585771199,1.2908603545751793,-0.8641359554000253,0.387513209322093,0.808388704562365
seg,LEFTTURN,KSI,LU_HOTELS,135,Firth-Poisson,-0.26429986937104294,0.12600285140800463,0.7677432824396605,0.5997361574089279,0.9828150936868125,-2.097570542393715,0.035943099572406496,0.32348789615165846
seg,LEFTTURN,KSI,LU_OFFBLDGS,135,Firth-Poisson,-0.09972944516509043,0.08809857374985171,0.9050822592942158,0.7615475624390965,1.0756700388685627,-1.1320211090847347,0.25762555986057745,0.6923997484224235
seg,LEFTTURN,KSI,LU_DEPTSTRS,135,Firth-Poisson,-0.24814945703016394,0.25934740380761784,0.7802433217136264,0.46932003375988735,1.297152470141891,-0.9568225992894054,0.3386568034819806,0.7619778078344563
seg,LEFTTURN,KSI,LU_BANKINS,135,Firth-Poisson,0.11691020985554759,0.10490517466680924,1.1240184993759048,0.9151164697239705,1.3806085113082376,1.1144370163518407,0.2650917505837881,0.6923997484224235
seg,LEFTTURN,KSI,LU_AUTOSALSER,135,Firth-Poisson,0.044750810557779186,0.03607912808035586,1.045767233283809,0.9743698930123205,1.1223962419744473,1.2403517750791995,0.2148453098720564,0.6725592309038287
seg,LEFTTURN,KSI,LU_REPAIRSTRS,135,Firth-Poisson,0.07520122931192216,0.17139940635141113,1.0781010745956183,0.7704799804241718,1.508542670251271,0.4387484817639395,0.6608437935216747,0.8312307178365749
seg,LEFTTURN,KSI,LU_SINGLESTORE,135,Firth-Poisson,0.008839210368322975,0.021511937921841844,1.0088783915467643,0.9672249460762502,1.0523256384763946,0.41089791168224815,0.6811473937827489,0.8312307178365749
seg,LEFTTURN,KSI,LU_PARKSREC,135,Firth-Poisson,-0.21577792467887422,0.16547470534888378,0.805914255669261,0.5826851166746332,1.114663424385376,-1.3039934062667287,0.19223583056097737,0.6590942762090654
seg,LEFTTURN,KSI,LU_SCHOOLS,135,Firth-Poisson,-0.018528233839066658,0.14118124893357642,0.9816423586681542,0.7443503296802761,1.2945809008313134,-0.13123721442486957,0.8955876576764052,0.9797517818998515
seg,LEFTTURN,KSI,LU_HOSPITALS,135,Firth-Poisson,-0.4122390048336638,0.6581706983091038,0.6621659962642635,0.1822722968398958,2.40554277424716,-0.6263405616396183,0.5310915868331547,0.8312307178365749
seg,LEFTTURN,KSI,LU_INDUSTRIAL,135,Firth-Poisson,0.01348244872198202,0.030130660265296455,1.0135737467794694,0.955449235541663,1.0752342478751968,0.4474660894673682,0.654538566826352,0.8312307178365749
seg,RIGHTTURN,TOT,LU_MXDUSE,567,NB2,0.10283694094016649,0.3279662481004982,1.108310674244636,0.5827617109040123,2.1078127263013062,0.3135595249077409,0.7538556045981885,0.9315496813145571
seg,RIGHTTURN,TOT,LU_GASSTNS,567,NB2,0.14030053416376567,0.1273128846676611,1.1506195473834882,0.8965217548693095,1.4767353225176096,1.102013629885205,0.2704557461182281,0.598924757211547
seg,RIGHTTURN,TOT,LU_SUPERMKTS,567,NB2,0.23987740031575355,0.11405960173279678,1.2710933051304576,1.0164544890947969,1.5895233949788663,2.103088180841675,0.03545806193470863,0.23595465962662893
seg,RIGHTTURN,TOT,LU_COMMSHOPCNTRS,567,NB2,0.08997617335740103,0.06350959809729557,1.0941482135161953,0.9660857902664886,1.239186338524297,1.4167334710504567,0.1565608672037019,0.4487864304876958
seg,RIGHTTURN,TOT,LU_FASTFOOD,567,NB2,0.0880841748638383,0.054161648611607535,1.0920800438483813,0.9820896746511518,1.2143889228807132,1.6263200460438112,0.10388158953118254,0.35151085874404064
seg,RIGHTTURN,TOT,LU_RESTOS,567,NB2,0.017488661459850237,0.05164209603127765,1.017642483505189,0.9196796769809218,1.1260401313142114,0.33865127103396464,0.7348724536915221,0.9272421944129561
seg,RIGHTTURN,TOT,LU_BARS,567,NB2,-0.0446343159277645,0.17916336737522712,0.9563471388134013,0.6731450022659777,1.358696635699296,-0.24912635089228669,0.8032630468463597,0.9340408863534262
seg,RIGHTTURN,TOT,LU_HOTELS,567,NB2,0.0015138443054907962,0.0812409996780716,1.0015149907462193,0.8540901616501569,1.1743868759142209,0.018633994060752675,0.9851330842004384,0.9925704399322779
seg,RIGHTTURN,TOT,LU_OFFBLDGS,567,NB2,-0.02120007008779587,0.06770544039698305,0.9790230717420478,0.85735540911657,1.1179566429642886,-0.31312210604482743,0.7541878947834821,0.9315496813145571
seg,RIGHTTURN,TOT,LU_DEPTSTRS,567,NB2,0.050998941100382916,0.17709679040805376,1.0523217789794852,0.7437050446632266,1.4890058020461674,0.28797213649595116,0.7733680674697034,0.9340408863534262
seg,RIGHTTURN,TOT,LU_BANKINS,567,NB2,0.15112660874001227,0.0869403753168458,1.163143912945018,0.9809080772845784,1.3792360299104225,1.7382787708155842,0.08216170516487104,0.3314799829065487
seg,RIGHTTURN,TOT,LU_AUTOSALSER,567,NB2,0.03489807399402096,0.030506340884133322,1.0355141575982898,0.9754129549267795,1.0993185657114717,1.1439613202569248,0.25263967849427715,0.5848282189797269
seg,RIGHTTURN,TOT,LU_REPAIRSTRS,567,NB2,-0.24219138176929328,0.21389944642849798,0.784905946487777,0.5161105476735732,1.1936926063784425,-1.1322674546998077,0.2575220083889179,0.5850499996408427
seg,RIGHTTURN,TOT,LU_SINGLESTORE,567,NB2,0.02648969637314726,0.019599286773354554,1.026843666993194,0.9881459141989751,1.0670569004970976,1.3515643033072149,0.17651473619560099,0.4754062530945169
seg,RIGHTTURN,TOT,LU_PARKSREC,567,NB2,-0.11819013124788068,0.15752257906297665,0.8885270997872621,0.6525063642380547,1.209919857223547,-0.7503059685216869,0.4530704487487396,0.7466090493465145
seg,RIGHTTURN,TOT,LU_SCHOOLS,567,NB2,-0.13842214705171654,0.12158633288720079,0.8707310376088386,0.6861003634784918,1.1050461130955695,-1.1384679820891945,0.2549251210937271,0.5848282189797269
seg,RIGHTTURN,TOT,LU_HOSPITALS,567,NB2,0.7500574802821328,0.4029743572417719,2.1171217058682377,0.9610082743418218,4.664064230381597,1.8613032487129746,0.06270136465781306,0.30739108549237565
seg,RIGHTTURN,TOT,LU_INDUSTRIAL,567,NB2,-0.04902597178978354,0.030516658321099795,0.9521564001715049,0.8968751416479751,1.0108450644776612,-1.606531464681572,0.10815718730585866,0.35151085874404064
seg,REAREND,TOT,LU_MXDUSE,10937,NB2,0.244469882105803,0.18502456282843147,1.276944202774784,0.8885376468530877,1.8351349577309837,1.3212833926946967,0.1864068892890015,0.490103506669959
seg,REAREND,TOT,LU_GASSTNS,10937,NB2,0.15832744274432298,0.06914628506333752,1.1715497473728644,1.02306264742101,1.3415882341412475,2.289746189535651,0.022036034145686105,0.19815827941039676
seg,REAREND,TOT,LU_SUPERMKTS,10937,NB2,0.10959953956643627,0.06755362476765037,1.1158311347548033,0.977452516299545,1.2738001084715933,1.6224079750480032,0.10471602269787854,0.35151085874404064
seg,REAREND,TOT,LU_COMMSHOPCNTRS,10937,NB2,0.018978386479549005,0.03338830530786992,1.019159620752053,0.9546001742015953,1.0880852116334476,0.5684141888769548,0.5697537581163867,0.8385055308127957
seg,REAREND,TOT,LU_FASTFOOD,10937,NB2,0.0818306976211694,0.03228059450505912,1.0852720551343218,1.018734053445969,1.1561559463644087,2.534981120262349,0.011245338655996867,0.14626054877112554
seg,REAREND,TOT,LU_RESTOS,10937,NB2,-0.016368267293634445,0.029751901260855716,0.9837649648764124,0.9280385614571466,1.042837599979382,-0.5501586991070723,0.5822105285603256,0.8386294771209598
seg,REAREND,TOT,LU_BARS,10937,NB2,-0.09097115078375258,0.08794156776345241,0.9130440511245909,0.7684831641964044,1.0847985722182267,-1.0344499546386212,0.3009258611960127,0.6260988937201267
seg,REAREND,TOT,LU_HOTELS,10937,NB2,-0.0012258579289569256,0.043871116445918144,0.9987748931279463,0.9164816386008102,1.0884574716256175,-0.02794225513882453,0.9777082068609418,0.9925704399322779
seg,REAREND,TOT,LU_OFFBLDGS,10937,NB2,-0.049055807708933,0.039126549406711245,0.9521279921339237,0.881840706160991,1.0280175399835487,-1.253772910026117,0.20992455833577728,0.5254439081963223
seg,REAREND,TOT,LU_DEPTSTRS,10937,NB2,0.1513026367016935,0.09463409680588716,1.1633486768187107,0.9663973508729105,1.4004385904342425,1.5988173587374588,0.10986119082781318,0.3521577897768258
seg,REAREND,TOT,LU_BANKINS,10937,NB2,-0.04837149036819086,0.04664082482605992,0.9527797728165236,0.8695429875431855,1.0439843785678522,-1.0371062379060663,0.2996863483773553,0.6260988937201267
seg,REAREND,TOT,LU_AUTOSALSER,10937,NB2,0.041647268190103906,0.016943127740873667,1.0425266815644398,1.0084744443346112,1.077728729646562,2.458062574221988,0.013968883247422707,0.16896043103201047
seg,REAREND,TOT,LU_REPAIRSTRS,10937,NB2,0.0031015049199821345,0.10614166853185909,1.0031063195626257,0.8146993207548138,1.2350842362483103,0.029220427405012933,0.9766887894756128,0.9925704399322779
seg,REAREND,TOT,LU_SINGLESTORE,10937,NB2,0.010336617743681838,0.010965435146126367,1.0103902251239913,0.9889063582157519,1.0323408263529241,0.9426545874317934,0.34585760878379557,0.6477642002638713
seg,REAREND,TOT,LU_PARKSREC,10937,NB2,-0.041652069117452985,0.07811870454223341,0.9592034590266402,0.8230282691239158,1.1179096883124735,-0.5331894501007064,0.5939024437339584,0.8473973892301603
seg,REAREND,TOT,LU_SCHOOLS,10937,NB2,-0.10343411244254724,0.06209952936899848,0.9017354339298151,0.79839709700619,1.0184490848647059,-1.6656182984566055,0.09578946417496936,0.3469797356143332
seg,REAREND,TOT,LU_HOSPITALS,10937,NB2,-0.36474399117147516,0.23514170033678564,0.6943743941002822,0.43796261600654507,1.1009062909947742,-1.551166767311219,0.12086172398619635,0.3821843704428371
seg,REAREND,TOT,LU_INDUSTRIAL,10937,NB2,-0.0518730918210578,0.015402883572869308,0.9494493520857176,0.921214156568456,0.9785499557821887,-3.3677519910899827,0.0007578373507935051,0.026748419884604076
seg,REAREND,KAB,LU_MXDUSE,933,NB2,0.11061255562065672,0.2443587352258561,1.1169620623352934,0.6918884294913437,1.803187039294058,0.45266462653123346,0.650790254890073,0.9014764760740461
seg,REAREND,KAB,LU_GASSTNS,933,NB2,0.04125475809823944,0.08067642541853176,1.0421175596183867,0.8896999252735064,1.2206463968524301,0.5113607585390493,0.6090984674803048,0.8932502672585731
seg,REAREND,KAB,LU_SUPERMKTS,933,NB2,0.12258910096691376,0.0729804602796615,1.1304198370874559,0.9797551346100242,1.3042534434784638,1.6797523679235744,0.09300550617110011,0.5612515368574464
seg,REAREND,KAB,LU_COMMSHOPCNTRS,933,NB2,-0.018378094824721986,0.03765132490401254,0.9817897525488327,0.9119458263204,1.0569828715584701,-0.4881128319275536,0.6254699224840103,0.8935284606914433
seg,REAREND,KAB,LU_FASTFOOD,933,NB2,0.042903390929350416,0.03373183231446208,1.0438370458523176,0.9770563027443652,1.115182180630969,1.2718962471231114,0.20340998544643696,0.6999942980431759
seg,REAREND,KAB,LU_RESTOS,933,NB2,-0.04027982504366095,0.03317118876392017,0.9605206238179488,0.900058646483894,1.025044170603533,-1.2143015232385264,0.22463260419710074,0.6999942980431759
seg,REAREND,KAB,LU_BARS,933,NB2,-0.03698545106151541,0.10338869327919449,0.9636901559158576,0.7869210998673128,1.180167512048823,-0.3577320680670428,0.7205438322590448,0.9290925808011917
seg,REAREND,KAB,LU_HOTELS,933,NB2,-0.014688119944696968,0.051889235466770385,0.9854192242847567,0.8901270964429217,1.0909128050032786,-0.2830668020557591,0.7771256293727641,0.9476831760470361
seg,REAREND,KAB,LU_OFFBLDGS,933,NB2,-0.11803591954030972,0.04989686021088712,0.8886641316342293,0.8058692539687102,0.979965341727607,-2.365598136665023,0.01800097180496087,0.37037659276325124
seg,REAREND,KAB,LU_DEPTSTRS,933,NB2,0.06119606270730775,0.1095482305518517,1.0631073294564686,0.8576849233201825,1.3177300465641393,0.5586221009598347,0.576419653429816,0.8792842170963295
seg,REAREND,KAB,LU_BANKINS,933,NB2,0.043806425191438035,0.057112807609021314,1.0447800922062571,0.9341346579771191,1.1685311445721482,0.7670157890209996,0.4430721280837716,0.7755137190228902
seg,REAREND,KAB,LU_AUTOSALSER,933,NB2,0.032280133154836,0.018643837790585864,1.0328067882082772,0.995747279620363,1.0712455696346785,1.7314103199897894,0.08337860728269268,0.5558573818846179
seg,REAREND,KAB,LU_REPAIRSTRS,933,NB2,-0.05058229323635987,0.14532306120902905,0.9506756912738031,0.7150409299751497,1.2639615888986009,-0.34806790343897015,0.7277891882942669,0.9290925808011917
seg,REAREND,KAB,LU_SINGLESTORE,933,NB2,0.0073358288837381165,0.011274989556342785,1.0073628019928078,0.9853452903622892,1.0298722942753287,0.650628441567941,0.5152863660252371,0.8134955444610599
seg,REAREND,KAB,LU_PARKSREC,933,NB2,0.011148976458163208,0.10333591851267276,1.0112113579104278,0.8258109350711264,1.2382354930659523,0.1078906213699154,0.9140824567568514,0.9476831760470361
seg,REAREND,KAB,LU_SCHOOLS,933,NB2,-0.049289891351646686,0.07291362284945532,0.951905140629159,0.825141335026509,1.0981432613930417,-0.6760038717787411,0.4990381868472671,0.8134955444610599
seg,REAREND,KAB,LU_HOSPITALS,933,NB2,-0.005064244142289963,0.2706088098841512,0.9949485575227072,0.5854014009862983,1.6910151401220945,-0.018714261906173667,0.9850690508917843,0.996137242474838
seg,REAREND,KAB,LU_INDUSTRIAL,933,NB2,-0.039842502804937605,0.01857567323709854,0.960940772711028,0.9265837694921829,0.9965717068026604,-2.144875305265699,0.031962818165342216,0.3835538179841066
seg,REAREND,KSI,LU_MXDUSE,167,NB2,-0.4285301291711143,0.5601368638983797,0.651465962129041,0.21731695208378968,1.952944285952807,-0.7650453965637557,0.4442445127909631,0.808388704562365
seg,REAREND,KSI,LU_GASSTNS,167,NB2,0.20735815189274084,0.17401537732660102,1.2304231712629337,0.8748419936055001,1.7305309889632816,1.1916082077250012,0.233414905201909,0.6726532078098358
seg,REAREND,KSI,LU_SUPERMKTS,167,NB2,0.15564588490288436,0.15561733631957655,1.1684123773607442,0.8612554796092685,1.5851132630112723,1.000183453746112,0.3172217351347809,0.756111829451241
seg,REAREND,KSI,LU_COMMSHOPCNTRS,167,NB2,-0.12714482261735607,0.09042466149377365,0.8806061316771256,0.737582627950355,1.051363101246395,-1.4060856907505355,0.15969868089017192,0.6387947235606877
seg,REAREND,KSI,LU_FASTFOOD,167,NB2,-0.01785422970238454,0.07227906609167316,0.9823042126997609,0.8525518937508825,1.131803909369591,-0.2470179910700509,0.8048943005822754,0.9500391744577678
seg,REAREND,KSI,LU_RESTOS,167,NB2,0.054260572805427024,0.06229006992502144,1.0557596685748065,0.9344212136068285,1.192854423206815,0.871095069739695,0.383702245892543,0.808388704562365
seg,REAREND,KSI,LU_BARS,167,NB2,0.23685317138973624,0.18144695792637733,1.2672550348188547,0.8880005948216745,1.808484513004449,1.3053576323161074,0.19177109797952296,0.6590942762090654
seg,REAREND,KSI,LU_HOTELS,167,NB2,-0.073388957760253,0.10019481839623537,0.9292393248786903,0.7635544795823748,1.130876376199491,-0.7324626057010794,0.4638862587282807,0.808388704562365
seg,REAREND,KSI,LU_OFFBLDGS,167,NB2,-0.19399138162683313,0.10548323131242175,0.8236650028903469,0.6698251873801524,1.0128374533657578,-1.8390731798143978,0.0659044232194116,0.3954265393164696
seg,REAREND,KSI,LU_DEPTSTRS,167,NB2,0.4890423573859426,0.19822589706645108,1.6307537926264342,1.1057453131441464,2.4050365853269704,2.467096199958179,0.013621375716908697,0.16345650860290437
seg,REAREND,KSI,LU_BANKINS,167,NB2,-0.09643000926918935,0.1328182128868288,0.9080734521001531,0.6999448683591348,1.1780890634174865,-0.7260300163152702,0.4678203696299078,0.808388704562365
seg,REAREND,KSI,LU_AUTOSALSER,167,NB2,0.055323694165727515,0.03549191902089071,1.0568826660653519,0.98586044873905,1.1330213837649026,1.5587687477018002,0.1190511236111401,0.5693229579812877
seg,REAREND,KSI,LU_REPAIRSTRS,167,NB2,0.23385745770651112,0.2973624763510571,1.2634643822606513,0.7054121790044622,2.2629921806768114,0.7864390308292499,0.43161032475702377,0.808388704562365
seg,REAREND,KSI,LU_SINGLESTORE,167,NB2,-0.003644313028069644,0.021673151963279548,0.9963623194213002,0.9549238395192003,1.0395990030602147,-0.16814873232302074,0.8664662722439698,0.9797517818998515
seg,REAREND,KSI,LU_PARKSREC,167,NB2,0.0843845245260436,0.20458883213083956,1.0880471942119574,0.7286151608354006,1.6247900956043273,0.4124590948936921,0.6800029566023882,0.8312307178365749
seg,REAREND,KSI,LU_SCHOOLS,167,NB2,-0.16688684818618307,0.1510625691770425,0.8462953657753542,0.6294118394895521,1.1379128913648746,-1.1047531436499984,0.26926656883094247,0.6923997484224235
seg,REAREND,KSI,LU_HOSPITALS,167,NB2,0.49594532693088267,0.5044603790463801,1.642049779463412,0.6109152625047471,4.413586701338776,0.9831204739377272,0.3255481487915065,0.756111829451241
seg,REAREND,KSI,LU_INDUSTRIAL,167,NB2,-0.06185306873560467,0.038142995680207195,0.9400209951179958,0.8723074470960329,1.0129908602801903,-1.6216101444727606,0.10488684917008105,0.5394180814461311
seg,SIDESWIPE,TOT,LU_MXDUSE,3471,NB2,0.40717243292056854,0.187115142752501,1.5025631746818437,1.0412550382322938,2.168245061020594,2.176052813957123,0.029551311651814564,0.216093966453894
seg,SIDESWIPE,TOT,LU_GASSTNS,3471,NB2,0.17857231122347378,0.07526353710414332,1.1955093288901932,1.0315430402046635,1.3855384601110885,2.372627145816712,0.01766208307651198,0.17551341684106433
seg,SIDESWIPE,TOT,LU_SUPERMKTS,3471,NB2,0.04153016656571054,0.07235203898201426,1.0424046071442512,0.9045842529501401,1.201222950158357,0.5740013294723371,0.565966901622144,0.8382041454403905
seg,SIDESWIPE,TOT,LU_COMMSHOPCNTRS,3471,NB2,0.0642177891393836,0.035145878842044107,1.066324607392876,0.9953427454091754,1.1423684691288347,1.8271783564723816,0.06767295696934328,0.313302046470004
seg,SIDESWIPE,TOT,LU_FASTFOOD,3471,NB2,0.0609650535688094,0.03381228840979087,1.0628617703124548,0.9947070256997199,1.1356863011971419,1.8030442905827109,0.07138125915230427,0.313302046470004
seg,SIDESWIPE,TOT,LU_RESTOS,3471,NB2,-0.02003140327158242,0.03058376439906548,0.9801678923449267,0.9231388877841213,1.0407199933804165,-0.6549685320030291,0.5124880146470638,0.7910505358850061
seg,SIDESWIPE,TOT,LU_BARS,3471,NB2,-0.05879701895845899,0.09591349453673877,0.9428981401806588,0.7813067283728168,1.137910209230802,-0.6130213401403839,0.5398622293876844,0.8256716449458702
seg,SIDESWIPE,TOT,LU_HOTELS,3471,NB2,0.0028547049842020463,0.04901818351155405,1.0028587835345715,0.9109922082719437,1.1039893981312925,0.058237673852789044,0.9535593122374828,0.9917016847269822
seg,SIDESWIPE,TOT,LU_OFFBLDGS,3471,NB2,-0.03631117426599835,0.03930571355049629,0.964340168945784,0.8928377792117899,1.0415687856122737,-0.9238141477663078,0.3555830878684815,0.6477642002638713
seg,SIDESWIPE,TOT,LU_DEPTSTRS,3471,NB2,-0.1460020507094942,0.10425276806385962,0.8641559310500534,0.7044503144441433,1.0600683367686914,-1.4004621020715846,0.16137498448029963,0.454960799619158
seg,SIDESWIPE,TOT,LU_BANKINS,3471,NB2,0.05124205888922755,0.049454341352639875,1.052577648225466,0.9553395517139461,1.1597130083813314,1.0361488493768454,0.30013270561550154,0.6260988937201267
seg,SIDESWIPE,TOT,LU_AUTOSALSER,3471,NB2,0.07377874348536016,0.018234212735802856,1.0765685813307915,1.0387724573276782,1.115739931428495,4.046171038714256,5.2062199872437486e-05,0.012182554770150372
seg,SIDESWIPE,TOT,LU_REPAIRSTRS,3471,NB2,0.002226409978568328,0.12248144173995143,1.002228890269638,0.7883310084569974,1.2741636923012174,0.018177529158216216,0.9854972288093259,0.9925704399322779
seg,SIDESWIPE,TOT,LU_SINGLESTORE,3471,NB2,0.016719342634691655,0.011182878035953095,1.0168598930547283,0.9948143936038064,1.0393939299144024,1.4950840544749533,0.13489250681586692,0.409933072661206
seg,SIDESWIPE,TOT,LU_PARKSREC,3471,NB2,0.03193214969707443,0.08593408818744754,1.0324474510562354,0.8724074865365093,1.2218461620777354,0.3715888580492181,0.7101989860169666,0.9272421944129561
seg,SIDESWIPE,TOT,LU_SCHOOLS,3471,NB2,-0.0840698149177684,0.0672228935847284,0.919367068318245,0.8058749589064336,1.0488423755653895,-1.250612855749894,0.2110757579933944,0.5254439081963223
seg,SIDESWIPE,TOT,LU_HOSPITALS,3471,NB2,-0.4000571788559419,0.2596804814097902,0.6702817189980506,0.4029144903035082,1.1150693103257443,-1.5405746965811784,0.12342033019533345,0.3850714302094404
seg,SIDESWIPE,TOT,LU_INDUSTRIAL,3471,NB2,-0.06549305677201474,0.017948192939580006,0.9366055498029163,0.9042300101618301,0.9701402807507188,-3.6490056125698915,0.00026325735315336254,0.019330467282605613
seg,SIDESWIPE,KAB,LU_MXDUSE,135,Firth-Poisson,0.43953508779707223,0.43172379034216407,1.5519855137555494,0.6658815072761926,3.6172487275698124,1.0180932754452037,0.3086336307572757,0.7474042812433134
seg,SIDESWIPE,KAB,LU_GASSTNS,135,Firth-Poisson,0.4529680529840213,0.15439733963386584,1.5729739338880686,1.162240104312163,2.128860454488976,2.9337814631921697,0.0033485988862432922,0.3294075413383587
seg,SIDESWIPE,KAB,LU_SUPERMKTS,135,Firth-Poisson,0.20984913309222508,0.138580791412008,1.2334919528017063,0.9400998198038315,1.6184477069084593,1.51427287255369,0.12995664585188144,0.6322215203605043
seg,SIDESWIPE,KAB,LU_COMMSHOPCNTRS,135,Firth-Poisson,0.11222904420765595,0.05588730317184498,1.1187690788784956,1.0026935510986317,1.2482819406619654,2.0081313256889253,0.04462933824154208,0.45346098712046945
seg,SIDESWIPE,KAB,LU_FASTFOOD,135,Firth-Poisson,-0.02699165225601037,0.0753860586084863,0.9733693669287048,0.8396683159155175,1.1283597421943383,-0.3580456752115157,0.7203091324024369,0.9290925808011917
seg,SIDESWIPE,KAB,LU_RESTOS,135,Firth-Poisson,-0.05445513790430448,0.06721037835186527,0.9470009923540113,0.8301179503156483,1.0803415095149722,-0.8102191839959073,0.41781421359985615,0.7713745412947592
seg,SIDESWIPE,KAB,LU_BARS,135,Firth-Poisson,-0.4851708506670774,0.29839536613744355,0.6155920134730738,0.34299967878741794,1.104821813220118,-1.6259329256594535,0.10396392489414132,0.5670759539680436
seg,SIDESWIPE,KAB,LU_HOTELS,135,Firth-Poisson,0.1489600049582213,0.09514360679417677,1.1606265689726865,0.9631737435925437,1.3985576761892726,1.5656333617924008,0.11743447502640547,0.6039487287072282
seg,SIDESWIPE,KAB,LU_OFFBLDGS,135,Firth-Poisson,-0.020767978364916957,0.08748699845281187,0.979446190914418,0.8251067596919578,1.1626554135308618,-0.23738359678802612,0.8123592139653308,0.9476831760470361
seg,SIDESWIPE,KAB,LU_DEPTSTRS,135,Firth-Poisson,-0.07897535519496092,0.21985641996267696,0.9240626975094908,0.6005592717587325,1.4218278013224273,-0.35921332298764735,0.7194355105705257,0.9290925808011917
seg,SIDESWIPE,KAB,LU_BANKINS,135,Firth-Poisson,0.10624456915854985,0.105393940941731,1.1120938271013339,0.9045410824723144,1.3672708782851166,1.0080709404090804,0.3134204070875285,0.7474042812433134
seg,SIDESWIPE,KAB,LU_AUTOSALSER,135,Firth-Poisson,0.03273271462199115,0.03320703093372787,1.0332743232106307,0.9681646956842132,1.1027626102931403,0.9857163890176353,0.324272304816298,0.7475998671817093
seg,SIDESWIPE,KAB,LU_REPAIRSTRS,135,Firth-Poisson,-0.1068722888638128,0.18273333739350525,0.8986404320527457,0.6281164937247926,1.285676517314594,-0.5848538115060513,0.5586460179161017,0.859455412178618
seg,SIDESWIPE,KAB,LU_SINGLESTORE,135,Firth-Poisson,0.009674454864057498,0.019181689109798682,1.0097214036817828,0.9724645507827888,1.0484056331230063,0.5043588606133464,0.6140092219161029,0.8932502672585731
seg,SIDESWIPE,KAB,LU_PARKSREC,135,Firth-Poisson,-0.09007771345089599,0.17083105523770103,0.9138601632846569,0.653830862033594,1.2773034228472226,-0.5272912078284497,0.5979913789128113,0.8895739521017028
seg,SIDESWIPE,KAB,LU_SCHOOLS,135,Firth-Poisson,0.1476176152656678,0.1231605495496795,1.159069601092217,0.9104857216170598,1.4755226889116535,1.1985787316264207,0.2306917922300158,0.7013097715564676
seg,SIDESWIPE,KAB,LU_HOSPITALS,135,Firth-Poisson,0.005731066908390318,0.6336910972234163,1.0057475208902837,0.29045591097733503,3.4825529023435293,0.00904394417643168,0.9927840749416006,0.9980691955919742
seg,SIDESWIPE,KAB,LU_INDUSTRIAL,135,Firth-Poisson,0.009805871099395753,0.037305578667884746,1.0098541061868358,0.9386495711516643,1.0864601094220667,0.26285267377013866,0.7926641347502417,0.9476831760470361
seg,HEADON,TOT,LU_MXDUSE,222,NB2,0.13717539504713863,0.3938648293328282,1.1470293141387786,0.5300416606923907,2.482212899595507,0.3482803866481338,0.7276296220760018,0.9272421944129561
seg,HEADON,TOT,LU_GASSTNS,222,NB2,0.1767048718225794,0.1308131941119201,1.193278870936015,0.9234034907101917,1.5420284611737767,1.3508184172262905,0.17675360691975628,0.4754062530945169
seg,HEADON,TOT,LU_SUPERMKTS,222,NB2,-0.10740823428229328,0.14084813285966435,0.8981589388688839,0.6814921308728231,1.1837106298452917,-0.7625818823548814,0.4457127929776473,0.7396935713246062
seg,HEADON,TOT,LU_COMMSHOPCNTRS,222,NB2,0.10635092111384192,0.06347048476499746,1.1122121067438384,0.9821107184944529,1.2595481823921815,1.6755964840604471,0.09381725796494923,0.3469797356143332
seg,HEADON,TOT,LU_FASTFOOD,222,NB2,-0.06038722015281562,0.0710753683071811,0.9413999339723522,0.8189805515150526,1.0821182921177837,-0.8496223317736139,0.395535092064227,0.6879739927842995
seg,HEADON,TOT,LU_RESTOS,222,NB2,-0.004681095419931098,0.06210178645931706,0.9953298438313513,0.8812617453566503,1.1241626034957517,-0.07537779002537533,0.9399141299200477,0.9862776071806779
seg,HEADON,TOT,LU_BARS,222,NB2,0.06064388877245206,0.16801903460577955,1.062520471337978,0.7643928510291681,1.4769234831177138,0.3609346340713115,0.7181483120551782,0.9272421944129561
seg,HEADON,TOT,LU_HOTELS,222,NB2,-0.09759503035516047,0.10357043481486394,0.9070161433939026,0.7403789845555027,1.111158341252832,-0.9423058861306827,0.34603605546170935,0.6477642002638713
seg,HEADON,TOT,LU_OFFBLDGS,222,NB2,-0.012610976927686117,0.07622773523406744,0.9874682082249507,0.8504264597299681,1.1465935132881584,-0.1654381687841365,0.868599113221691,0.9597605602700506
seg,HEADON,TOT,LU_DEPTSTRS,222,NB2,0.22823495741116262,0.18360606099184001,1.2563804866624084,0.8766627395117658,1.8005691996732631,1.2430687537123628,0.21384249883854134,0.5258557758428127
seg,HEADON,TOT,LU_BANKINS,222,NB2,-0.1637480376830273,0.10853965796312177,0.8489558998300122,0.6862688850827722,1.0502095250453582,-1.5086470766165812,0.1313889968542688,0.40453980610393286
seg,HEADON,TOT,LU_AUTOSALSER,222,NB2,0.09244828975238205,0.03149505339392335,1.0968564213766585,1.0311946506199994,1.1666992341279672,2.935327290799863,0.0033319603839694284,0.06392241364774921
seg,HEADON,TOT,LU_REPAIRSTRS,222,NB2,0.04931090729597832,0.22394660046707043,1.050546922673626,0.6773112047626214,1.6294560446934039,0.22019047037612477,0.8257228180515817,0.9425323874344883
seg,HEADON,TOT,LU_SINGLESTORE,222,NB2,0.006414997335907476,0.02147311821827473,1.006435617500503,0.9649564440397409,1.049697795615636,0.2987454952140105,0.7651342411396618,0.9340408863534262
seg,HEADON,TOT,LU_PARKSREC,222,NB2,-0.16144650867363056,0.18758509248122515,0.8509120466620281,0.5891271230933315,1.2290238944572494,-0.8606574570406722,0.3894267306530418,0.6865193336574087
seg,HEADON,TOT,LU_SCHOOLS,222,NB2,-0.15781154056302563,0.12231147846623457,0.8540107131816788,0.6719696935520535,1.0853678450493727,-1.290243095267557,0.19696626756378155,0.5100378820697917
seg,HEADON,TOT,LU_HOSPITALS,222,NB2,0.4637740032482523,0.4496489082442314,1.5900635806268095,0.6586665562952149,3.8385161145217817,1.0314136090292667,0.3023469016682663,0.6260988937201267
seg,HEADON,TOT,LU_INDUSTRIAL,222,NB2,-0.07963876378698298,0.033665499862463186,0.9234498696764969,0.8644834279889643,0.9864384141975999,-2.36558982080583,0.018001376086263007,0.17551341684106433
seg,OFFROAD,TOT,LU_MXDUSE,1192,NB2,0.31668149755121733,0.19613845322150775,1.3725653368780284,0.9344941886649565,2.015994991569222,1.6145813956918231,0.10640137699707933,0.35151085874404064
seg,OFFROAD,TOT,LU_GASSTNS,1192,NB2,0.15643841950829754,0.07127691089261635,1.1693387516465463,1.016876500062164,1.344659962167199,2.1947979724315347,0.0281780930064067,0.216093966453894
seg,OFFROAD,TOT,LU_SUPERMKTS,1192,NB2,0.0428338420417193,0.07201598346636982,1.0437644506713968,0.9063611015148548,1.2019979968960606,0.5947824355092218,0.5519889099012774,0.8333251930122509
seg,OFFROAD,TOT,LU_COMMSHOPCNTRS,1192,NB2,0.0638325451053016,0.03703431799398412,1.0659138913175217,0.9912834927921299,1.1461629614182574,1.723605254879288,0.08477912925190285,0.33624264821941136
seg,OFFROAD,TOT,LU_FASTFOOD,1192,NB2,-0.008877550776052075,0.03378837706574776,0.9911617383282055,0.9276481471919715,1.0590239354215922,-0.26273978056944025,0.7927511531827033,0.9340408863534262
seg,OFFROAD,TOT,LU_RESTOS,1192,NB2,0.03341674642010851,0.030426573414431817,1.0339813574932823,0.9741214048485346,1.0975197160459553,1.098275049409882,0.2720844034835531,0.598924757211547
seg,OFFROAD,TOT,LU_BARS,1192,NB2,-0.07614113908993893,0.08861321756989173,0.9266854057942154,0.7789386075475715,1.1024563848692583,-0.8592526169121923,0.39020115972835623,0.6865193336574087
seg,OFFROAD,TOT,LU_HOTELS,1192,NB2,0.06690134414409486,0.041542913892788094,1.0691899911175289,0.9855821796429299,1.159890327481432,1.610415300109919,0.10730722263000979,0.35151085874404064
seg,OFFROAD,TOT,LU_OFFBLDGS,1192,NB2,-0.04753664794151521,0.03867628113100843,0.9535755259121544,0.8839611555828714,1.0286722192210564,-1.2290904541854475,0.21903789377806426,0.5284006922068767
seg,OFFROAD,TOT,LU_DEPTSTRS,1192,NB2,-0.02117974737816632,0.10343920109400205,0.9790429683458313,0.7993786172812758,1.1990877828674043,-0.20475551970784153,0.8377631407774618,0.9497909466369936
seg,OFFROAD,TOT,LU_BANKINS,1192,NB2,-0.04941214227395272,0.0515580184958106,0.9517887764607277,0.8603071016587802,1.052998252891225,-0.9583793891917657,0.3378714844603963,0.6477642002638713
seg,OFFROAD,TOT,LU_AUTOSALSER,1192,NB2,0.017554946241243694,0.016792847601799922,1.017709939950388,0.9847583133663178,1.0517641819475987,1.0453823352367044,0.2958462976534455,0.6260988937201267
seg,OFFROAD,TOT,LU_REPAIRSTRS,1192,NB2,-0.023263976805749147,0.09917819480545008,0.9770045431910954,0.8044043296618396,1.1866394078427145,-0.23456745559227235,0.8145444715043025,0.9343304231961117
seg,OFFROAD,TOT,LU_SINGLESTORE,1192,NB2,-0.004796039203533455,0.011027399694226779,0.9952154434281025,0.973935944790655,1.016959877223435,-0.4349202292943409,0.6636203304750857,0.908112031176433
seg,OFFROAD,TOT,LU_PARKSREC,1192,NB2,-0.005929268326196936,0.0749437188445034,0.9940882750949026,0.8582850940303659,1.1513790762002865,-0.07911628109220532,0.9369401336668599,0.9862776071806779
seg,OFFROAD,TOT,LU_SCHOOLS,1192,NB2,-0.023767511855545688,0.06250792882734502,0.9765127109975542,0.8639131359241167,1.1037881415239321,-0.38023195299262963,0.7037732422350872,0.9272421944129561
seg,OFFROAD,TOT,LU_HOSPITALS,1192,NB2,0.43292464447568724,0.21453249551764864,1.5417600361872237,1.0125186638503378,2.347634758795302,2.0179909968001675,0.043592198989327466,0.24879450154884455
seg,OFFROAD,TOT,LU_INDUSTRIAL,1192,NB2,0.000691929875791705,0.015042412625129408,1.00069216931449,0.9716193184999474,1.03063493969361,0.045998596969464026,0.9633113681836848,0.9925704399322779
seg,OFFROAD,KAB,LU_MXDUSE,189,NB2,0.4681561786976044,0.35073276998468494,1.5970468079011262,0.8030967790256107,3.175904291039174,1.334794518111458,0.1819436081651714,0.6968053078666139
seg,OFFROAD,KAB,LU_GASSTNS,189,NB2,0.10288683442963278,0.13511500590343767,1.1083659731111022,0.8504934426746293,1.4444263397107628,0.7614760014380837,0.4463728076581539,0.7755137190228902
seg,OFFROAD,KAB,LU_SUPERMKTS,189,NB2,0.14562601777631534,0.14481459867153496,1.1567634981613562,0.8709152614923039,1.5364316711888535,1.0056031581913978,0.3146065040921332,0.7474042812433134
seg,OFFROAD,KAB,LU_COMMSHOPCNTRS,189,NB2,-0.017557298584826377,0.07345699864850105,0.9825959326956487,0.8508384397742602,1.1347568725340988,-0.23901464677096015,0.8110942253774072,0.9476831760470361
seg,OFFROAD,KAB,LU_FASTFOOD,189,NB2,-0.0408978264290904,0.07621696962827373,0.959927204127678,0.8267250657776674,1.114590902548237,-0.5365973828211452,0.5915457523356369,0.8873186285034553
seg,OFFROAD,KAB,LU_RESTOS,189,NB2,0.007728180155984595,0.06088666529896983,1.0077581196163985,0.8943932855419717,1.1354920079005006,0.1269273020297164,0.8989979375065102,0.9476831760470361
seg,OFFROAD,KAB,LU_BARS,189,NB2,-0.1775460848966065,0.2095989040509045,0.8373224105298646,0.5552371624192775,1.2627195487432328,-0.847075444886327,0.39695307080878994,0.7521216078482336
seg,OFFROAD,KAB,LU_HOTELS,189,NB2,0.010669956584192524,0.08789941306001732,1.0107270835709805,0.8507704800004715,1.2007577384012356,0.12138825747228967,0.9033835172815353,0.9476831760470361
seg,OFFROAD,KAB,LU_OFFBLDGS,189,NB2,-0.06275192534887035,0.07105699037473909,0.9391764306579639,0.8170756230905727,1.0795235385521442,-0.8831210696925154,0.3771708613879087,0.7507151338212112
seg,OFFROAD,KAB,LU_DEPTSTRS,189,NB2,-0.17276294271135004,0.21732175287967223,0.8413370362831987,0.5495180935651127,1.2881250261105788,-0.7949638746334163,0.42663451650713136,0.7755137190228902
seg,OFFROAD,KAB,LU_BANKINS,189,NB2,-0.05316954846695921,0.11454645118164289,0.9482192297357063,0.7575387462187456,1.1868959998792563,-0.46417455904107585,0.6425226869380798,0.9014764760740461
seg,OFFROAD,KAB,LU_AUTOSALSER,189,NB2,0.02960584183042938,0.032245610534846154,1.0300484519161217,0.9669625088903055,1.097250207262339,0.9181355644805015,0.35854789766462414,0.7504490881352599
seg,OFFROAD,KAB,LU_REPAIRSTRS,189,NB2,0.1015931516275917,0.2481046164167485,1.1069330262025567,0.6806603176938137,1.800164770365144,0.4094770709826001,0.6821895902010339,0.9240503331500021
seg,OFFROAD,KAB,LU_SINGLESTORE,189,NB2,-0.021779634045766553,0.02324986093780522,0.9784558296480588,0.9348685372187874,1.024075335148664,-0.936764056526118,0.348879938018131,0.7475998671817093
seg,OFFROAD,KAB,LU_PARKSREC,189,NB2,0.01902544156543776,0.1619076403453641,1.0192075785238615,0.742068639883659,1.399849060166905,0.11750799112910743,0.906457511911468,0.9476831760470361
seg,OFFROAD,KAB,LU_SCHOOLS,189,NB2,0.10405756482823925,0.1132783785329801,1.109664330713666,0.888724440600349,1.3855306218724066,0.9186004087968448,0.35830461808571723,0.7504490881352599
seg,OFFROAD,KAB,LU_HOSPITALS,189,NB2,0.1337596598834767,0.39562729216193115,1.1431180495016082,0.5264126686091348,2.482308943188846,0.33809512774646644,0.7352915020793318,0.9320596505230967
seg,OFFROAD,KAB,LU_INDUSTRIAL,189,NB2,0.01871526993383287,0.026206968317022943,1.0188914982683852,0.9678768818486614,1.0725949805317487,0.7141333445149478,0.4751447288684857,0.7919078814474761
seg,ROLLOVER,TOT,LU_MXDUSE,107,Firth-Poisson,0.04357447739218856,0.4374516355577121,1.0445377858654679,0.4431571957051282,2.4620139234447014,0.09960981706385658,0.9206540997024425,0.9844085796240926
seg,ROLLOVER,TOT,LU_GASSTNS,107,Firth-Poisson,0.336423037953138,0.14678255118319616,1.3999311235590235,1.0499360290866564,1.8665967224822966,2.291982495475607,0.02190665328483521,0.19815827941039676
seg,ROLLOVER,TOT,LU_SUPERMKTS,107,Firth-Poisson,0.37329508918628207,0.1738316120610499,1.4525128974472785,1.0331218385942684,2.042153827782218,2.1474522657891493,0.031757293502676205,0.22518808120079492
seg,ROLLOVER,TOT,LU_COMMSHOPCNTRS,107,Firth-Poisson,0.07243909184009831,0.07799737577210243,1.0751273200691334,0.9227141725265507,1.2527159425697192,0.9287375520396396,0.35302511461883923,0.6477642002638713
seg,ROLLOVER,TOT,LU_FASTFOOD,107,Firth-Poisson,0.036564219279319285,0.0835887969973548,1.0372409127428415,0.8804960625980432,1.2218892926029465,0.4374296627390914,0.661799775926753,0.908112031176433
seg,ROLLOVER,TOT,LU_RESTOS,107,Firth-Poisson,0.031128713144797066,0.07759402430662547,1.0316182781742553,0.8860733229722868,1.2010702097353412,0.40117410358543676,0.6882919454288897,0.9272421944129561
seg,ROLLOVER,TOT,LU_BARS,107,Firth-Poisson,-0.4758737419158112,0.25216346340025936,0.6213419267365279,0.37903977575672065,1.018536350571423,-1.8871637290310226,0.059138307162034415,0.3008339973025229
seg,ROLLOVER,TOT,LU_HOTELS,107,Firth-Poisson,-0.09156814312641091,0.11691604669391145,0.9124991334895716,0.725623789573977,1.1475018881452068,-0.7831956837040355,0.4335122091810586,0.7289118744723786
seg,ROLLOVER,TOT,LU_OFFBLDGS,107,Firth-Poisson,-0.1331035219859361,0.0941111096188842,0.8753744669147493,0.7279220600854873,1.0526957477237182,-1.4143231604106785,0.15726703974355152,0.4487864304876958
seg,ROLLOVER,TOT,LU_DEPTSTRS,107,Firth-Poisson,-0.5407336869760432,0.30182982928720553,0.5823208543782548,0.3222846388331439,1.0521679800549886,-1.791518380582289,0.07321014771046574,0.313302046470004
seg,ROLLOVER,TOT,LU_BANKINS,107,Firth-Poisson,0.0864287314594618,0.12570913180693946,1.0902736627361216,0.8521768810089317,1.3948942832721358,0.6875294596115468,0.491749142952454,0.783992101795913
seg,ROLLOVER,TOT,LU_AUTOSALSER,107,Firth-Poisson,0.10538780803132373,0.03674020162026402,1.1111414363843752,1.0339402745445117,1.1941069731462335,2.8684602529017478,0.00412475021158756,0.06894225353653492
seg,ROLLOVER,TOT,LU_REPAIRSTRS,107,Firth-Poisson,0.18607371140123433,0.20205558804374615,1.2045110433022366,0.8106205275890602,1.7897978203835243,0.920903565215669,0.3571007770685444,0.6477642002638713
seg,ROLLOVER,TOT,LU_SINGLESTORE,107,Firth-Poisson,0.008569224055029395,0.025471469380173833,1.0086060449558494,0.9594885893141485,1.0602378863605317,0.33642440988109623,0.7365508447086037,0.9272421944129561
seg,ROLLOVER,TOT,LU_PARKSREC,107,Firth-Poisson,-0.056812655740634585,0.1691973337493689,0.9447710502205057,0.6781142940937905,1.316285978792982,-0.3357774882244354,0.7370386673538882,0.9272421944129561
seg,ROLLOVER,TOT,LU_SCHOOLS,107,Firth-Poisson,-0.399924375203634,0.17891336722198398,0.6703707407694861,0.47208577889623693,0.9519391393880678,-2.2352962297525485,0.025397907429346823,0.2122539406595413
seg,ROLLOVER,TOT,LU_HOSPITALS,107,Firth-Poisson,0.5364678579976395,0.5505726638392023,1.7099563741525565,0.5812033617628242,5.0308566568445885,0.9743815725553672,0.3298671156158113,0.6477642002638713
seg,ROLLOVER,TOT,LU_INDUSTRIAL,107,Firth-Poisson,-0.03642430220773783,0.03320680770344702,0.9642310812978814,0.9034724650313606,1.0290757207621255,-1.0968926171110638,0.2726883364990088,0.598924757211547
seg,SINGLE,TOT,LU_MXDUSE,566,NB2,0.1348951692914224,0.2847039682441194,1.1444168080379287,0.6549970098531162,1.9995355869081306,0.4738085321513908,0.6356364497251759,0.8853507692600664
seg,SINGLE,TOT,LU_GASSTNS,566,NB2,-0.0124402016087813,0.09376222384058785,0.9876368578233033,0.8218362111108436,1.1868868148467713,-0.13267818423261604,0.8944478967694776,0.9734921295072453
seg,SINGLE,TOT,LU_SUPERMKTS,566,NB2,-0.09926424980306646,0.09743125908533934,0.9055033973116212,0.7480918476197675,1.0960370777354556,-1.0188131687400408,0.3082916726744286,0.6315668934462545
seg,SINGLE,TOT,LU_COMMSHOPCNTRS,566,NB2,0.033033929336562476,0.04496804222943015,1.033585607520324,0.9463872548080327,1.1288182534641737,0.7346090178447401,0.4625776443604883,0.7569452362262536
seg,SINGLE,TOT,LU_FASTFOOD,566,NB2,0.00816891120419687,0.04557438235354224,1.0082023677985938,0.9220490306975335,1.1024055994785074,0.17924348685247615,0.8577465190360694,0.9597605602700506
seg,SINGLE,TOT,LU_RESTOS,566,NB2,0.006956242472567922,0.04383969400539068,1.0069804933262307,0.9240680547017772,1.0973322893050215,0.15867452158111683,0.8739253126629893,0.9600869632072278
seg,SINGLE,TOT,LU_BARS,566,NB2,0.07950377658799564,0.12177717557910497,1.0827496486210426,0.8528432704841667,1.37463334959944,0.6528627077276148,0.5138447925406877,0.7910505358850061
seg,SINGLE,TOT,LU_HOTELS,566,NB2,0.13872865974270338,0.05712619697153338,1.148812338673257,1.0271226133846576,1.2849194169125588,2.4284595701659155,0.015163115605436837,0.16896043103201047
seg,SINGLE,TOT,LU_OFFBLDGS,566,NB2,0.05024091102613026,0.05037769516568461,1.0515243896839435,0.9526579380524834,1.1606511612768133,0.9972848273605116,0.31862627628975637,0.6427461090672671
seg,SINGLE,TOT,LU_DEPTSTRS,566,NB2,0.16676649602377489,0.13050148556172025,1.1814783532030315,0.9148305558880944,1.5258466063502345,1.2778896370869526,0.2012883424949784,0.511972523302445
seg,SINGLE,TOT,LU_BANKINS,566,NB2,0.004739751516492246,0.07050410514814857,1.0047510019063726,0.8750727138154596,1.1536465026205285,0.06722660342305914,0.9464013065582343,0.9886513648867269
seg,SINGLE,TOT,LU_AUTOSALSER,566,NB2,0.008798011336460196,0.02257877945539752,1.0088368275899686,0.9651648179768952,1.0544849187884051,0.38965841151156677,0.6967891531902857,0.9272421944129561
seg,SINGLE,TOT,LU_REPAIRSTRS,566,NB2,-0.020809487090855998,0.17245370414570246,0.979405536194676,0.6985009451191178,1.3732768882155184,-0.1206670926202577,0.9039547247761048,0.9747714543668596
seg,SINGLE,TOT,LU_SINGLESTORE,566,NB2,0.011324593798540158,0.014414082192798133,1.0113889597541883,0.98321544956671,1.0403697667316363,0.7856618026084512,0.43206564683700766,0.7289118744723786
seg,SINGLE,TOT,LU_PARKSREC,566,NB2,0.08184143443934543,0.12017462587461804,1.0852837075656043,0.8575285274990883,1.3735294956803594,0.6810209213776389,0.4958582524179279,0.783992101795913
seg,SINGLE,TOT,LU_SCHOOLS,566,NB2,0.08447417374336219,0.08011870287491164,1.0881447411637628,0.9300113543866472,1.2731661523673032,1.0543627232114665,0.2917168819831767,0.6260988937201267
seg,SINGLE,TOT,LU_HOSPITALS,566,NB2,-0.1930532399919688,0.371257001094252,0.8244380798939016,0.39823342042313625,1.7067832902043767,-0.5199989210249475,0.6030643271235979,0.8552548639207389
seg,SINGLE,TOT,LU_INDUSTRIAL,566,NB2,-0.05092342221074246,0.02330989564626248,0.950351443558558,0.9079092796270543,0.994777657350119,-2.184626777550913,0.02891622291375125,0.216093966453894
seg,SINGLE,KAB,LU_MXDUSE,160,NB2,0.7667084704237455,0.4238362116904754,2.1526690060908624,0.9379951463187316,4.940306853367862,1.8089734885221822,0.07045512218755835,0.5558573818846179
seg,SINGLE,KAB,LU_GASSTNS,160,NB2,0.017151589546341214,0.14854269181892388,1.0172995226104955,0.7603380922343448,1.3611028163305208,0.11546572460965834,0.9080759865296546,0.9476831760470361
seg,SINGLE,KAB,LU_SUPERMKTS,160,NB2,0.09653250983568154,0.14020325701827344,1.1013453851192994,0.8367199319043739,1.4496626781232258,0.6885183118327982,0.49112644281021567,0.8110344927141176
seg,SINGLE,KAB,LU_COMMSHOPCNTRS,160,NB2,0.09264200426743098,0.06516415643096728,1.0970689189676732,0.9655284196947822,1.2465300745319978,1.4216711968883202,0.15512172547563985,0.6608468690028253
seg,SINGLE,KAB,LU_FASTFOOD,160,NB2,0.10882452682698524,0.06553591703516089,1.1149666864327923,0.9805654630947467,1.2677896159338846,1.66053260181893,0.09680735492343491,0.5612515368574464
seg,SINGLE,KAB,LU_RESTOS,160,NB2,0.07619491481325633,0.06230042836561307,1.0791729004431247,0.9551241711725518,1.2193327152647555,1.2230239311695064,0.22132065763229436,0.6999942980431759
seg,SINGLE,KAB,LU_BARS,160,NB2,-0.3263523555280849,0.22352543940099057,0.7215509001861131,0.4655842470680423,1.1182416605330345,-1.4600233262158109,0.14428366322524863,0.6608468690028253
seg,SINGLE,KAB,LU_HOTELS,160,NB2,0.17429949207260886,0.07985247410649511,1.1904120314049338,1.0179478030782854,1.392095744230061,2.1827688374458463,0.029052837649264023,0.37353648406196605
seg,SINGLE,KAB,LU_OFFBLDGS,160,NB2,-0.0087965144725309,0.08739151875480874,0.9912420616661805,0.8352001425033452,1.176437568450588,-0.1006563863160562,0.9198232341448327,0.9476831760470361
seg,SINGLE,KAB,LU_DEPTSTRS,160,NB2,0.030227528461786772,0.20485638015986643,1.0306890183634954,0.689843184092535,1.53994397142961,0.14755473292165822,0.8826941818299702,0.9476831760470361
seg,SINGLE,KAB,LU_BANKINS,160,NB2,-0.14174937738945886,0.11632664186729946,0.8678387292408319,0.6909073153141968,1.0900797303439211,-1.2185461138916103,0.22301651211655882,0.6999942980431759
seg,SINGLE,KAB,LU_AUTOSALSER,160,NB2,-0.0025866555234627885,0.03288971523863684,0.99741668698734,0.9351479776112022,1.0638316836465604,-0.07864633380662849,0.9373139325988861,0.953200609422596
seg,SINGLE,KAB,LU_REPAIRSTRS,160,NB2,-0.10037234289536374,0.28383631312635177,0.9045005709670928,0.5185641604058795,1.5776664593238652,-0.3536275601588803,0.723618017268724,0.9290925808011917
seg,SINGLE,KAB,LU_SINGLESTORE,160,NB2,0.04950388554705673,0.021104686358971374,1.0507496749441994,1.0081719095368749,1.0951256119628652,2.3456347422103794,0.01899471157949704,0.37037659276325124
seg,SINGLE,KAB,LU_PARKSREC,160,NB2,0.35002912506194794,0.1844836889134101,1.4191088796253999,0.9885076422842954,2.037283199528838,1.8973445680947914,0.05778247644551563,0.531057725623977
seg,SINGLE,KAB,LU_SCHOOLS,160,NB2,0.13585509452102454,0.11414812295371038,1.1455158900390199,0.9158751465709328,1.4327353015799513,1.1901649453851888,0.2339815681099383,0.7013097715564676
seg,SINGLE,KAB,LU_HOSPITALS,160,NB2,-1.0201401147990186,1.0214140449955191,0.36054441902497175,0.04869827633799739,2.6693404338959414,-0.9987527778742202,0.3179144667463526,0.7474042812433134
seg,SINGLE,KAB,LU_INDUSTRIAL,160,NB2,-0.09147057873606336,0.0401991890633351,0.9125881652543174,0.8434446578370867,0.9873998864346378,-2.2754334320512926,0.022879941747142998,0.37037659276325124
seg,PED,TOT,LU_MXDUSE,424,NB2,0.6399695618597645,0.35025096182587195,1.8964231548325103,0.9545432517586742,3.767687609292462,1.8271743167344299,0.06767356416864143,0.313302046470004
seg,PED,TOT,LU_GASSTNS,424,NB2,0.19315843153470982,0.13483680292286782,1.213074967624337,0.931348538069448,1.580021674943626,1.4325349411110286,0.15199078576310293,0.44457304835707606
seg,PED,TOT,LU_SUPERMKTS,424,NB2,0.2541722837066173,0.116615372045902,1.2893939266981984,1.025936808295601,1.6205059461393025,2.1795778656571136,0.029288767007833272,0.216093966453894
seg,PED,TOT,LU_COMMSHOPCNTRS,424,NB2,0.015802752552977053,0.06297750803949097,1.0159282763827855,0.8979569396654441,1.1493983922420996,0.25092692684930795,0.8018706056675684,0.9340408863534262
seg,PED,TOT,LU_FASTFOOD,424,NB2,0.03755275499752917,0.05511794547775836,1.03826676939791,0.9319478524778879,1.1567148114240113,0.6813163058242576,0.4956713678724901,0.783992101795913
seg,PED,TOT,LU_RESTOS,424,NB2,-0.020275417434820787,0.05417404575835716,0.9799287466754949,0.8812124399289443,1.089703577764331,-0.3742644129858623,0.7082076056209377,0.9272421944129561
seg,PED,TOT,LU_BARS,424,NB2,0.13236658558666856,0.14320307171197952,1.1415267098131925,0.8621625655546672,1.5114124427086457,0.9243278374146464,0.35531565346057903,0.6477642002638713
seg,PED,TOT,LU_HOTELS,424,NB2,0.12552403182140984,0.07110126558519204,1.1337424145283757,0.9862608074818744,1.303277847755553,1.7654261255168457,0.07749217581127447,0.3181257743831268
seg,PED,TOT,LU_OFFBLDGS,424,NB2,-0.04160185579951606,0.07601307010728181,0.9592516250241716,0.8264734602806817,1.1133614378845436,-0.5472987177178985,0.5841735246611814,0.8386294771209598
seg,PED,TOT,LU_DEPTSTRS,424,NB2,0.13249931138315044,0.18993398431995256,1.141678229910048,0.786807785096637,1.65660432616392,0.6976071810295372,0.4854228894731031,0.7833721112876284
seg,PED,TOT,LU_BANKINS,424,NB2,0.1539470446908703,0.08517293414232338,1.166429116528479,0.9870921242864704,1.3783484341635288,1.8074643810394728,0.07068990354534922,0.313302046470004
seg,PED,TOT,LU_AUTOSALSER,424,NB2,0.041409844019493776,0.03040836728257928,1.0422791899131432,0.9819738936544131,1.1062879744014016,1.3617911029119,0.1732638201974075,0.4754062530945169
seg,PED,TOT,LU_REPAIRSTRS,424,NB2,-0.08640517042796624,0.189533531492372,0.9172225244801626,0.6326164958658326,1.3298691464918544,-0.45588329277473366,0.6484739042361611,0.8978869443269925
seg,PED,TOT,LU_SINGLESTORE,424,NB2,0.033135507640774484,0.018620094808107043,1.033690602726121,0.9966457598914052,1.0721123845253877,1.7795563332119846,0.0751485979057439,0.3140137841061441
seg,PED,TOT,LU_PARKSREC,424,NB2,0.11702084052856196,0.14391843941497476,1.124142857177738,0.8478434248675316,1.4904841227508139,0.8131052629826245,0.41615770923901296,0.7108095179702849
seg,PED,TOT,LU_SCHOOLS,424,NB2,0.13547604277862338,0.11747604740915112,1.1450817625285448,0.9095757380192907,1.4415646636868298,1.153222684678699,0.24881899482412106,0.5848282189797269
seg,PED,TOT,LU_HOSPITALS,424,NB2,0.42231934644749836,0.4556607480710754,1.5254956085081468,0.6245176296619506,3.7262948891247683,0.9268284534827292,0.3540156092304034,0.6477642002638713
seg,PED,TOT,LU_INDUSTRIAL,424,NB2,-0.035797387208388466,0.030904728918968886,0.9648357617474033,0.9081273509280032,1.0250853541581029,-1.15831422764613,0.24673582732896282,0.5848282189797269
seg,PED,KAB,LU_MXDUSE,290,NB2,0.4028067062732294,0.3798391039949591,1.4960176928791562,0.7105770180315554,3.1496500458280865,1.0604666608485236,0.28893234949226476,0.7474042812433134
seg,PED,KAB,LU_GASSTNS,290,NB2,0.25124729891329334,0.14667923980918074,1.2856279794242307,0.9644049392474463,1.713843671070567,1.7129029250502539,0.0867304000761133,0.5575525719178712
seg,PED,KAB,LU_SUPERMKTS,290,NB2,0.33164508413842264,0.12699412618187025,1.3932582712913029,1.0862556476722864,1.7870274043511927,2.611499398511303,0.009014614646477173,0.3294075413383587
seg,PED,KAB,LU_COMMSHOPCNTRS,290,NB2,-0.0858782737300952,0.07031142957469982,0.9177059333416069,0.7995640193368035,1.0533042504700718,-1.221398487408892,0.22193517962785037,0.6999942980431759
seg,PED,KAB,LU_FASTFOOD,290,NB2,0.06849398501457216,0.06099624099379153,1.0708941835186983,0.9502229408567615,1.2068897760563038,1.1229214111988275,0.2614708731348929,0.7470596375282655
seg,PED,KAB,LU_RESTOS,290,NB2,-0.07417803764652166,0.06103296084105931,0.9285063700358918,0.823820476697438,1.0464950842850413,-1.2153766853896286,0.2242224560564865,0.6999942980431759
seg,PED,KAB,LU_BARS,290,NB2,0.07530406812005248,0.16649830024218684,1.0782119509262709,0.7779970081671616,1.4942743981226856,0.4522813026350173,0.6510663438312555,0.9014764760740461
seg,PED,KAB,LU_HOTELS,290,NB2,0.19855178829740758,0.0715294658345311,1.2196351886086079,1.0600902386068385,1.4031918596356736,2.775804152609176,0.005506536743313298,0.3294075413383587
seg,PED,KAB,LU_OFFBLDGS,290,NB2,0.016054099763350614,0.08107728516455419,1.0161836592145306,0.866877694905196,1.1912052130578403,0.19800983383653345,0.8430373697765164,0.9476831760470361
seg,PED,KAB,LU_DEPTSTRS,290,NB2,0.18324060377425133,0.21035510389740533,1.201103363320057,0.7952844736324418,1.8140040918810958,0.8711012967083588,0.3836988461752857,0.7507151338212112
seg,PED,KAB,LU_BANKINS,290,NB2,0.13993712969127212,0.09599592934593362,1.1502014830616536,0.9529289884224218,1.3883127365318157,1.4577402463284745,0.14491215409283623,0.6608468690028253
seg,PED,KAB,LU_AUTOSALSER,290,NB2,0.06513209423103865,0.03254278330594735,1.0672999992456926,1.0013491482341144,1.1375945047726033,2.0014297369314273,0.04534609871204695,0.45346098712046945
seg,PED,KAB,LU_REPAIRSTRS,290,NB2,0.04505642830396285,0.21734116040233178,1.0460868871521374,0.6832241791649623,1.6016672255497473,0.2073073881659438,0.8357698045582548,0.9476831760470361
seg,PED,KAB,LU_SINGLESTORE,290,NB2,0.017173036771417287,0.020214567406773423,1.017321341096299,0.9778025554755562,1.0584373146239383,0.8495376836836492,0.3955821706431162,0.7521216078482336
seg,PED,KAB,LU_PARKSREC,290,NB2,0.08232114380658632,0.16383908880547945,1.0858044532195352,0.7875696480285008,1.4969740309097195,0.5024511818685918,0.6153501841114615,0.8932502672585731
seg,PED,KAB,LU_SCHOOLS,290,NB2,0.16522214824568976,0.12009155758859663,1.1796551479272785,0.9322471615783153,1.4927224510668855,1.3758015264628272,0.16888308874516644,0.6608468690028253
seg,PED,KAB,LU_HOSPITALS,290,NB2,0.24707517918977517,0.5204661226661395,1.2802753592245553,0.46160837467815163,3.5508562785075153,0.4747190420850218,0.634987243542005,0.8999819199807945
seg,PED,KAB,LU_INDUSTRIAL,290,NB2,-0.03713815450877739,0.03298836564396595,0.9635430083422136,0.9032143745204678,1.0279011883729983,-1.1257955277202554,0.260252077624504,0.7470596375282655
seg,PED,KSI,LU_MXDUSE,147,Firth-Poisson,0.4721612457289651,0.44792220672250793,1.6034559133002226,0.6664659160056994,3.8577679730518493,1.0541143945146563,0.2918305466321077,0.7245448054314398
seg,PED,KSI,LU_GASSTNS,147,Firth-Poisson,0.5652306826535056,0.18027235289054644,1.759853703622693,1.2360204089418292,2.5056908735074677,3.135426334601009,0.0017160452080177307,0.030888813744319153
seg,PED,KSI,LU_SUPERMKTS,147,Firth-Poisson,0.41247936764368487,0.1434920003467056,1.510558375607512,1.1402357587706176,2.001153347951645,2.874580928881412,0.00404564074637364,0.05825722674778041
seg,PED,KSI,LU_COMMSHOPCNTRS,147,Firth-Poisson,-0.050704682639085945,0.06615168215559214,0.9505593457636359,0.8349679152965811,1.0821530423688739,-0.7664912060713126,0.4433840823969558,0.808388704562365
seg,PED,KSI,LU_FASTFOOD,147,Firth-Poisson,0.05416953859456986,0.07227234453708142,1.0556635627010507,0.9162332960747154,1.2163120052382355,0.7495195975934696,0.4535440911669063,0.808388704562365
seg,PED,KSI,LU_RESTOS,147,Firth-Poisson,-0.12183237851250175,0.08139066790400443,0.8852967508244974,0.7547580175939699,1.038412734612432,-1.4968838768616075,0.13442347619002626,0.5693229579812877
seg,PED,KSI,LU_BARS,147,Firth-Poisson,-0.16736724457538832,0.21949176443837967,0.8458889061761135,0.5501462632792407,1.300614199080068,-0.7625217511173417,0.44574866635622434,0.808388704562365
seg,PED,KSI,LU_HOTELS,147,Firth-Poisson,0.24600611187505617,0.0733366945679816,1.2789073900400278,1.1076782859487537,1.476605737466507,3.354475045872344,0.000795157247274143,0.019083773934579433
seg,PED,KSI,LU_OFFBLDGS,147,Firth-Poisson,-0.0004890361062712848,0.10158676354402267,0.999511083452395,0.8190590540572096,1.2197196294888903,-0.0048139746676678094,0.9961590187719527,0.9961590187719528
seg,PED,KSI,LU_DEPTSTRS,147,Firth-Poisson,0.03208944315167906,0.25687659847373007,1.0326098610551897,0.6241349363391605,1.7084176242443039,0.12492162907148097,0.9005855949777536,0.9797517818998515
seg,PED,KSI,LU_BANKINS,147,Firth-Poisson,0.17225918580092633,0.12605777650339312,1.1879857023402793,0.927916010567594,1.5209458753725429,1.3665097908203196,0.17177900992609585,0.650952037614679
seg,PED,KSI,LU_AUTOSALSER,147,Firth-Poisson,0.11625405825048257,0.03290393795481514,1.1232812147451157,1.0531254268321286,1.1981105528851608,3.533135104075591,0.0004106625517041537,0.014972544159641013
seg,PED,KSI,LU_REPAIRSTRS,147,Firth-Poisson,0.007709191193011014,0.17781351611569018,1.0077389835164667,0.7111973645741267,1.4279269152057634,0.04335548478775489,0.9654181623031793,0.9797517818998515
seg,PED,KSI,LU_SINGLESTORE,147,Firth-Poisson,0.011051549812291697,0.02105228315353131,1.0111128437785881,0.9702408637464636,1.0537065805560384,0.5249573042360448,0.5996128719360494,0.8312307178365749
seg,PED,KSI,LU_PARKSREC,147,Firth-Poisson,-0.08499944262911055,0.16182698877563906,0.9185127963536089,0.6688601121595275,1.261348586539881,-0.5252488677704797,0.5994101976966087,0.8312307178365749
seg,PED,KSI,LU_SCHOOLS,147,Firth-Poisson,-0.006010145141277988,0.14159910453921318,0.994007879652411,0.753109690830165,1.3119624894508217,-0.04244479624949601,0.9661441182623535,0.9797517818998515
seg,PED,KSI,LU_HOSPITALS,147,Firth-Poisson,-0.6471636049105518,0.8989094761206536,0.5235286067904644,0.08990280127348067,3.0486503006087404,-0.7199430221866835,0.47156007766137953,0.808388704562365
seg,PED,KSI,LU_INDUSTRIAL,147,Firth-Poisson,-0.07860437531593473,0.04177791467006135,0.9244055697726485,0.8517271175085634,1.0032857236321389,-1.8814815420230568,0.05990644381864369,0.3954265393164696
seg,BIKE,TOT,LU_MXDUSE,387,NB2,0.3257682574347885,0.32113948244105106,1.3850943463600456,0.7381079966603903,2.5991946395362975,1.0144135967292254,0.31038543908683447,0.6315668934462545
seg,BIKE,TOT,LU_GASSTNS,387,NB2,0.3485609924972635,0.1164262911806151,1.417026968301243,1.12790898389409,1.7802548410959014,2.9938340297771053,0.002754957619912564,0.05860546209632182
seg,BIKE,TOT,LU_SUPERMKTS,387,NB2,0.06746748617875636,0.11228117085462401,1.069795475893559,0.8584699443967428,1.333142025195249,0.600879788349463,0.5479200560567848,0.8325538514109588
seg,BIKE,TOT,LU_COMMSHOPCNTRS,387,NB2,0.09905613240616364,0.06083457106587506,1.104128275196245,0.9800226190869048,1.2439501133388937,1.628286855164971,0.10346407538536448,0.35151085874404064
seg,BIKE,TOT,LU_FASTFOOD,387,NB2,0.09806549707997804,0.05083418549950318,1.1030350283160906,0.9984317245321557,1.2185973700529122,1.9291249799003167,0.05371534857395483,0.2923114317745449
seg,BIKE,TOT,LU_RESTOS,387,NB2,-0.0062382843802126905,0.049287040835361166,0.9937811333171036,0.9022705273608991,1.094572981149806,-0.12657047926758488,0.8992803631184595,0.9742203933783311
seg,BIKE,TOT,LU_BARS,387,NB2,0.038286611457976884,0.12204650823493289,1.0390289878195498,0.8179741497245292,1.3198231727651673,0.3137050949813102,0.7537450307497273,0.9315496813145571
seg,BIKE,TOT,LU_HOTELS,387,NB2,-0.1458541128235075,0.07618943509314544,0.8642837819084155,0.7443935599316298,1.0034832323623566,-1.9143613894130265,0.05557399541617218,0.29555261198600663
seg,BIKE,TOT,LU_OFFBLDGS,387,NB2,-0.17929511701165568,0.07482730050691207,0.835859186728921,0.7218364956851367,0.9678931229100493,-2.3961190073279943,0.016569709486018568,0.17551341684106433
seg,BIKE,TOT,LU_DEPTSTRS,387,NB2,0.04725836907032326,0.16567108099532937,1.0483928463752104,0.7577081834802125,1.4505948124808912,0.28525418429336846,0.7754494108539464,0.9340408863534262
seg,BIKE,TOT,LU_BANKINS,387,NB2,0.04749156057675443,0.08069081630865906,1.0486373511895033,0.8952408959942325,1.2283177625487096,0.5885621530347319,0.5561550287358472,0.8342325431037708
seg,BIKE,TOT,LU_AUTOSALSER,387,NB2,0.02611518477397066,0.027022433172016986,1.026459174132376,0.9735084402102304,1.0822899860354465,0.9664261026284701,0.3338310078213981,0.6477642002638713
seg,BIKE,TOT,LU_REPAIRSTRS,387,NB2,0.13362918733146753,0.15830686663731705,1.1429689137017178,0.83807115527311,1.558791195077897,0.8441149153536948,0.3986051937425841,0.6879739927842995
seg,BIKE,TOT,LU_SINGLESTORE,387,NB2,0.0051497084694744994,0.016599677541064683,1.0051629910087485,0.9729859278801822,1.0384041634547387,0.3102294280557575,0.7563864933750677,0.9315496813145571
seg,BIKE,TOT,LU_PARKSREC,387,NB2,-0.03135785246257243,0.1253736123930016,0.9691287059221311,0.7579861746509612,1.239086516419371,-0.25011525044262695,0.8024982225751107,0.9340408863534262
seg,BIKE,TOT,LU_SCHOOLS,387,NB2,-0.018835140990810437,0.10366175061355615,0.9813411318345235,0.8009056154972956,1.2024268507997689,-0.18169807937188465,0.8558196733230979,0.9597605602700506
seg,BIKE,TOT,LU_HOSPITALS,387,NB2,0.0017135713624364974,0.45989449259135334,1.0017150403648039,0.40669993165502333,2.46725643156539,0.0037260097479773885,0.9970270812276016,0.9970270812276016
seg,BIKE,TOT,LU_INDUSTRIAL,387,NB2,-0.00962860333248294,0.026941888800950744,0.9904176032480541,0.9394744034328153,1.044123208933993,-0.35738412416516097,0.7208042601498637,0.9272421944129561
seg,BIKE,KAB,LU_MXDUSE,196,NB2,-0.042748166911773064,0.4909395896262355,0.9581526542285134,0.3660483821761571,2.508019577486726,-0.0870741896051168,0.9306125411575674,0.9517628261838756
seg,BIKE,KAB,LU_GASSTNS,196,NB2,0.1531111924730948,0.1729938180765236,1.1654545615132754,0.8303095541155219,1.6358770391351192,0.8850674213419942,0.3761202692284561,0.7507151338212112
seg,BIKE,KAB,LU_SUPERMKTS,196,NB2,0.16599251036822632,0.14994762632267267,1.180564259698574,0.8799371124185718,1.5838995214633775,1.1070032546632425,0.2682925211736462,0.7474042812433134
seg,BIKE,KAB,LU_COMMSHOPCNTRS,196,NB2,0.07169801605121959,0.0816668474128795,1.0743308643957268,0.9154230188321496,1.2608234471378301,0.8779329473652764,0.37998010798944026,0.7507151338212112
seg,BIKE,KAB,LU_FASTFOOD,196,NB2,0.06949779408624229,0.06910014193873941,1.0719696965294614,0.9361884529827322,1.2274441397096152,1.0057547225858874,0.3145335723355508,0.7474042812433134
seg,BIKE,KAB,LU_RESTOS,196,NB2,-0.08505784325907474,0.06758222152703502,0.9184591561939965,0.804512321090397,1.048544813401065,-1.258583120489002,0.20818094700473144,0.6999942980431759
seg,BIKE,KAB,LU_BARS,196,NB2,-0.05424003762148741,0.18070811810264478,0.9472047144448489,0.6646943625914896,1.3497884464802514,-0.3001527446081769,0.7640606484270731,0.9476831760470361
seg,BIKE,KAB,LU_HOTELS,196,NB2,-0.026120273661183968,0.09266629339076814,0.9742179098072652,0.812413193945246,1.1682485499530217,-0.2818745922105286,0.7780396723782266,0.9476831760470361
seg,BIKE,KAB,LU_OFFBLDGS,196,NB2,-0.18957325151138024,0.10680647434279827,0.8273121128151661,0.6710484484771928,1.0199641077539228,-1.774922846932853,0.07591062730591172,0.5558573818846179
seg,BIKE,KAB,LU_DEPTSTRS,196,NB2,0.05337546696930966,0.23701624453515627,1.0548256229562063,0.6628700093689645,1.6785449320661985,0.22519750523425644,0.8218256301442155,0.9476831760470361
seg,BIKE,KAB,LU_BANKINS,196,NB2,0.07170899226960754,0.11015324229427886,1.074342656550632,0.8657220653581383,1.3332363698120435,0.6509930236827169,0.5150509902816852,0.8134955444610599
seg,BIKE,KAB,LU_AUTOSALSER,196,NB2,0.065473819002303,0.034676256382210405,1.0676647844183202,0.9975114580603185,1.142751877861727,1.8881455449121762,0.05900641395821967,0.531057725623977
seg,BIKE,KAB,LU_REPAIRSTRS,196,NB2,0.034756294478725504,0.21307090220291833,1.0353673533101102,0.6819065364632435,1.5720417666918278,0.16312079274731425,0.8704233288149337,0.9476831760470361
seg,BIKE,KAB,LU_SINGLESTORE,196,NB2,0.013637452659660826,0.020897473750539096,1.0137308668781504,0.9730482628772396,1.0561143878134391,0.6525885770909997,0.5140215516837396,0.8134955444610599
seg,BIKE,KAB,LU_PARKSREC,196,NB2,-0.12787825537361575,0.17299839829251612,0.8799605030863105,0.626908227912919,1.235157639531685,-0.7391875106114653,0.45979314365885093,0.780780809986728
seg,BIKE,KAB,LU_SCHOOLS,196,NB2,-0.10758733003399755,0.14317332749427686,0.8979980968220708,0.6782718912249276,1.188904615285972,-0.7514481357451037,0.45238300276335264,0.7755137190228902
seg,BIKE,KAB,LU_HOSPITALS,196,NB2,-1.081884761203901,1.0463934461025002,0.3389560719712187,0.04359486479195447,2.6354300965136015,-1.033917753626607,0.30117461453181515,0.7474042812433134
seg,BIKE,KAB,LU_INDUSTRIAL,196,NB2,8.413329561299939e-05,0.0347671632730373,1.000084136834918,0.9342048804553336,1.0706091368965647,0.0024199068227762663,0.9980691955919742,0.9980691955919742
seg,ALCOHOL,TOT,LU_MXDUSE,435,NB2,0.3037527877777856,0.3137000264950095,1.354934058424082,0.7326411472572001,2.5057919686198895,0.9682906028782814,0.33289925657101216,0.6477642002638713
seg,ALCOHOL,TOT,LU_GASSTNS,435,NB2,0.04610275557923224,0.11945710253049512,1.0471820092226007,0.8285872263663049,1.3234456500717262,0.3859356589321517,0.699544320642185,0.9272421944129561
seg,ALCOHOL,TOT,LU_SUPERMKTS,435,NB2,0.009540600488278251,0.10876492417036769,1.0095862570987644,0.8157570910380848,1.2494704878699077,0.08771762184409748,0.9301011134051956,0.9848129436055013
seg,ALCOHOL,TOT,LU_COMMSHOPCNTRS,435,NB2,-0.0131344757632081,0.053568415563349826,0.986951405052562,0.8885818000704162,1.0962109238091928,-0.2451906711273794,0.8063087993307354,0.9340408863534262
seg,ALCOHOL,TOT,LU_FASTFOOD,435,NB2,-0.01880721555828068,0.05373170039615749,0.9813685365927323,0.8832726507139144,1.090358909942177,-0.3500208521155537,0.7263230485957196,0.9272421944129561
seg,ALCOHOL,TOT,LU_RESTOS,435,NB2,0.008088081895545095,0.04923958306283558,1.008120878791618,0.9153749640196216,1.110263822152994,0.16425975592083583,0.8695266614412425,0.9597605602700506
seg,ALCOHOL,TOT,LU_BARS,435,NB2,0.17910226259527362,0.1291157282160979,1.1961430586071726,0.9287046021767269,1.5405955922913122,1.38714519965774,0.16539749168467832,0.46075015540731823
seg,ALCOHOL,TOT,LU_HOTELS,435,NB2,0.08809520724741583,0.06848877254805308,1.092092092160783,0.9549056044001859,1.2489874729652222,1.2862722453611866,0.19834806524936344,0.5100378820697917
seg,ALCOHOL,TOT,LU_OFFBLDGS,435,NB2,-0.07315875150044122,0.06686049751791172,0.929453266212513,0.8152949522305744,1.0595961274010106,-1.0941999269575016,0.273867303511263,0.598924757211547
seg,ALCOHOL,TOT,LU_DEPTSTRS,435,NB2,0.04197526687203915,0.15644078575516582,1.0428686850271518,0.7674755373348562,1.4170811202491032,0.2683140887423796,0.788457562454099,0.9340408863534262
seg,ALCOHOL,TOT,LU_BANKINS,435,NB2,0.00801810025857896,0.08576199933111738,1.0080503313108033,0.8520795240425733,1.192571164760261,0.09349245961048533,0.925512339817523,0.9844085796240926
seg,ALCOHOL,TOT,LU_AUTOSALSER,435,NB2,0.09164405077070974,0.025949680965745306,1.0959746413137677,1.0416257107609934,1.1531593373643736,3.5316060683629917,0.0004130441727052481,0.019330467282605613
seg,ALCOHOL,TOT,LU_REPAIRSTRS,435,NB2,-0.22717864121787512,0.15722687153022474,0.796778432106225,0.5854682588721107,1.0843557447378744,-1.4449097600609773,0.14848323448974401,0.43981109962784937
seg,ALCOHOL,TOT,LU_SINGLESTORE,435,NB2,0.009134181090431648,0.01647934355169537,1.0091760250288624,0.9771009241034595,1.042304049018808,0.5542806399889598,0.5793867976910057,0.8386294771209598
seg,ALCOHOL,TOT,LU_PARKSREC,435,NB2,0.024476853326110243,0.12139004175803576,1.0247788706103473,0.8077944644347133,1.3000481928089453,0.20163806661257638,0.8401996835634944,0.9497909466369936
seg,ALCOHOL,TOT,LU_SCHOOLS,435,NB2,0.0659501832986936,0.09955562042547922,1.0681735029601858,0.878816790281575,1.2983304882700941,0.6624456059520974,0.5076856839619821,0.7910505358850061
seg,ALCOHOL,TOT,LU_HOSPITALS,435,NB2,0.23254476976713054,0.40260557428387356,1.2618069358971489,0.573176170965709,2.7777790217545597,0.5775994785486137,0.5635345590805099,0.8382041454403905
seg,ALCOHOL,TOT,LU_INDUSTRIAL,435,NB2,-0.07444731841462379,0.027219186003242277,0.9282563747883475,0.8800320752899825,0.9791232859907708,-2.7351045106843324,0.006236047317569622,0.09728233815408611
seg,ALCOHOL,KAB,LU_MXDUSE,123,Firth-Poisson,1.0280455818439411,0.39402680382407457,2.795596726978026,1.2914337642732756,6.051693300963186,2.6090752503805397,0.009078727544964083,0.3294075413383587
seg,ALCOHOL,KAB,LU_GASSTNS,123,Firth-Poisson,0.07622471112001938,0.17828727999981683,1.0792050562889772,0.7609266153170113,1.5306121905520058,0.42753869552610646,0.6689870069949074,0.9192187882372773
seg,ALCOHOL,KAB,LU_SUPERMKTS,123,Firth-Poisson,0.18682827413216846,0.15821634939790652,1.2054202654339385,0.8840198421832651,1.6436712695613898,1.180840506326589,0.2376660892496918,0.7013097715564676
seg,ALCOHOL,KAB,LU_COMMSHOPCNTRS,123,Firth-Poisson,0.013879383086656595,0.07013052796148614,1.0139761488890275,0.8837540741441702,1.1633865807198505,0.19790786537752564,0.8431171502143059,0.9476831760470361
seg,ALCOHOL,KAB,LU_FASTFOOD,123,Firth-Poisson,0.02600320963287436,0.0856023209903792,1.0263442426563771,0.8678144629704467,1.2138337736712337,0.3037675770005914,0.7613049699781431,0.9476831760470361
seg,ALCOHOL,KAB,LU_RESTOS,123,Firth-Poisson,0.0076487967720548534,0.07223530411856077,1.0076781235419021,0.8746491895020504,1.1609399663915754,0.10588723707040508,0.9156718204778732,0.9476831760470361
seg,ALCOHOL,KAB,LU_BARS,123,Firth-Poisson,0.3101511883554141,0.18650038442606937,1.3636312637162293,0.946116502163977,1.965392442824173,1.6630056249474443,0.09631130953919699,0.5612515368574464
seg,ALCOHOL,KAB,LU_HOTELS,123,Firth-Poisson,-0.0171913631701612,0.11400382870401173,0.9829555651428392,0.786125470644095,1.2290679784915781,-0.15079636680269007,0.880136352364285,0.9476831760470361
seg,ALCOHOL,KAB,LU_OFFBLDGS,123,Firth-Poisson,-0.06781967499717777,0.09468043437144695,0.9344289592903848,0.7761625365881772,1.1249673087787782,-0.7163008434362479,0.4738056061150244,0.7919078814474761
seg,ALCOHOL,KAB,LU_DEPTSTRS,123,Firth-Poisson,-0.04035882813314309,0.25140068216070566,0.960444742718616,0.5867806755537166,1.5720594461386328,-0.160535873595379,0.8724589650233296,0.9476831760470361
seg,ALCOHOL,KAB,LU_BANKINS,123,Firth-Poisson,-0.25911974321862896,0.14925747320378624,0.7717306080038598,0.5759903391718186,1.0339897925828725,-1.7360587557639011,0.08255344606825832,0.5558573818846179
seg,ALCOHOL,KAB,LU_AUTOSALSER,123,Firth-Poisson,0.09182831482017166,0.035231987432473,1.0961766086463716,1.0230349181260627,1.1745475506784155,2.6063904284756396,0.009150209481621074,0.3294075413383587
seg,ALCOHOL,KAB,LU_REPAIRSTRS,123,Firth-Poisson,-0.2583899303782546,0.1822200678383878,0.7722940324830928,0.5403483453921879,1.1038029036178474,-1.4180102852745196,0.1561877619495984,0.6608468690028253
seg,ALCOHOL,KAB,LU_SINGLESTORE,123,Firth-Poisson,0.021897003078637695,0.02323928018466005,1.022138501929738,0.9766255298992237,1.069772482022845,0.9422410205756556,0.3460692566530996,0.7475998671817093
seg,ALCOHOL,KAB,LU_PARKSREC,123,Firth-Poisson,-0.06920105338064463,0.17528328266702992,0.9331390504563434,0.6618235579093954,1.3156807083705726,-0.39479551231419896,0.6929938071258366,0.9290816446907603
seg,ALCOHOL,KAB,LU_SCHOOLS,123,Firth-Poisson,0.15434130391309878,0.14539501600581084,1.166889082631727,0.8775398360555027,1.5516448088391888,1.061530911808768,0.28844869250669036,0.7474042812433134
seg,ALCOHOL,KAB,LU_HOSPITALS,123,Firth-Poisson,0.7710273046209963,0.48297479208296784,2.1619861316878843,0.8389507392703218,5.571464228848664,1.5964131405196513,0.11039658424862313,0.5844525048456518
seg,ALCOHOL,KAB,LU_INDUSTRIAL,123,Firth-Poisson,-0.06768028453332949,0.038474471014984656,0.9345592188547133,0.8666758498442294,1.0077596297431284,-1.7590959082184663,0.0785612198004387,0.5558573818846179
