facility,type,sev,var,beta,se,IRR,lo,hi,z,p
int,ALL,TOT,ln_aadt,0.4352303474939374,0.11301921087615416,1.5453189783111863,1.238266842407761,1.9285106109159282,3.8509413056410424,0.00011766469885074946
int,ALL,TOT,lanes,-0.06339206922672756,0.04427623235209076,0.9385754150044198,0.8605586697659352,1.0236650220377452,-1.4317403685712238,0.15221813875227372
int,ALL,TOT,speed10,-0.10383106397154902,0.06853461827793368,0.9013775597046213,0.7880774431876691,1.0309665784274673,-1.5150163024250747,0.1297682756843584
int,ALL,TOT,raised_median,-0.023374410412379507,0.12408158823689441,0.9768966550130466,0.7659990699883621,1.2458593123228967,-0.18837936187400736,0.850579276906721
int,ALL,TOT,shoulder10,0.1800104159547553,0.04827660564698745,1.1972298333486413,1.0891398637359293,1.3160470216775986,3.7287297551746637,0.0001924473993311847
int,ALL,TOT,bikelane,-0.1662837388090259,0.06670239573063214,0.8468059283933733,0.7430288288279947,0.9650773328583208,-2.4929200366436377,0.012669737571614671
int,ALL,TOT,busstops,-0.04378074287914521,0.023759544165993036,0.9571637994463856,0.9136118683220463,1.0027918536711644,-1.8426592098432788,0.0653787831069501
int,ALL,TOT,popden,0.02006728892775574,0.01316561737389366,1.0202699905907067,0.9942791058711051,1.0469402882483039,1.524219363046926,0.12745392262177027
int,ALL,TOT,income,-0.03445213265716986,0.013401353031049492,0.9661345848750599,0.9410878509661963,0.991847929110321,-2.5707950963867585,0.010146534086260582
int,ALL,TOT,ln_aadt_cross,0.47681957802176855,0.036172071997650955,1.610942768351803,1.5006859700011228,1.7293002365465102,13.181981337777211,1.1142550446112853e-39
int,ALL,TOT,cross_missing,-0.6723395158902079,0.054164499881718696,0.5105128267223583,0.45909324763834375,0.5676915258256244,-12.412918375659778,2.2239609880828433e-35
int,ALL,TOT,cty_Hillsborough,-0.2524722706923098,0.12214252788430642,0.776877754822941,0.611480859438039,0.9870121633789092,-2.0670300104763832,0.03873132621224807
int,ALL,TOT,cty_Orange,-0.6094601752799594,0.11199720259465551,0.5436442624886657,0.43649660026183845,0.6770936679908988,-5.441744625405874,5.276127617151017e-08
int,ALL,TOT,cty_PalmBeach,-0.3009310575629957,0.0886974017536237,0.7401287972707908,0.6220231520439298,0.8806595618659868,-3.3927832339316666,0.000691863643408137
int,ALL,TOT,cty_Pasco,-1.566678154187784,0.1941650310382939,0.20873742550072333,0.1426670600057159,0.3054055561453664,-8.068796661324654,7.099438730014858e-16
int,ALL,TOT,cty_Pinellas,-0.3541038605042993,0.10634462703516277,0.7018020740527625,0.5697604159018487,0.8644443127295203,-3.3297766927821857,0.0008691565960328088
int,ALL,TOT,alpha (NB2 dispersion),0.2419784842883143,,,,,,
int,ALL,KAB,ln_aadt,0.45341119449579637,0.1351446647389099,1.5736711384038367,1.207470471024569,2.050932847859961,3.355006247355419,0.0007936319218884185
int,ALL,KAB,lanes,-0.062307903414882876,0.05378674200655495,0.9395935381886533,0.8455821805869947,1.0440570263590658,-1.158424940616211,0.2466906660708501
int,ALL,KAB,speed10,0.08593997887385207,0.08196981872465343,1.0897409188650145,0.9280024873861997,1.279668197435077,1.0484344141657174,0.2944385048551472
int,ALL,KAB,raised_median,0.012436729018034571,0.1444955949574202,1.0125143867344313,0.7627883812389251,1.3439971144802834,0.08606995266325877,0.931410809264142
int,ALL,KAB,shoulder10,0.11897109791465095,0.0555186118495105,1.126337364319281,1.0102063517916695,1.255818532532183,2.142904765651123,0.032120746237108554
int,ALL,KAB,bikelane,-0.11604115224695208,0.07363162163850952,0.8904385789951816,0.7707747272570443,1.0286804106623775,-1.5759689881155934,0.11503295037597334
int,ALL,KAB,busstops,-0.02962282539580696,0.02765699891083706,0.9708116299953163,0.9195870731192229,1.0248895928226827,-1.0710788068983006,0.28413399654208904
int,ALL,KAB,popden,0.048628358094585954,0.015092004778875281,1.0498301173658033,1.0192305997911042,1.081348298956277,3.222127133344967,0.0012724266180701447
int,ALL,KAB,income,-0.03129438517751326,0.01631118351669012,0.969190215841882,0.9386953391491986,1.0006757627400282,-1.9185845800515857,0.05503692861706371
int,ALL,KAB,ln_aadt_cross,0.31969889186351624,0.04240283232695296,1.376713162384281,1.2669207378997682,1.4960202913910121,7.539564560179219,4.715433152666978e-14
int,ALL,KAB,cross_missing,-0.48317016004842844,0.06495232435866169,0.6168248554958481,0.5430919068655296,0.700568168200819,-7.438843256484562,1.0157075353479799e-13
int,ALL,KAB,cty_Hillsborough,-0.010963631334851273,0.13778990065269903,0.9890962502315723,0.7550042983170585,1.2957693014501521,-0.0795677425044759,0.9365810515984849
int,ALL,KAB,cty_Orange,-0.2841796533678707,0.12100204054638163,0.7526314197904235,0.5937222551824904,0.9540724625214522,-2.348552570557197,0.018846538531697533
int,ALL,KAB,cty_PalmBeach,0.12804882323212885,0.1011807505781061,1.136608494242765,0.9321463507701213,1.3859184967226232,1.2655452988884683,0.2056759207291532
int,ALL,KAB,cty_Pasco,-1.3130865584836302,0.23416294118397077,0.2689885249459631,0.16998485685819778,0.425654542939456,-5.60757629642173,2.0517957291527034e-08
int,ALL,KAB,cty_Pinellas,-0.37544827080659976,0.13056949390468656,0.6869812561155458,0.5318655863184956,0.8873355569417885,-2.8754669990577617,0.004034303157643948
int,ALL,KAB,alpha (NB2 dispersion),0.22958589802200752,,,,,,
int,ALL,KSI,ln_aadt,0.3329612645954116,0.21438506382026926,1.395093257921385,0.9164631127263602,2.1236918008710197,1.553099169607036,0.12039944447466451
int,ALL,KSI,lanes,-0.011298173096536402,0.0796530446437197,0.9887654115723032,0.8458458548906046,1.155833575903956,-0.14184232563955376,0.8872045510149915
int,ALL,KSI,speed10,-0.0016448842959750061,0.12104477456921472,0.9983564677847582,0.7874994218418988,1.2656715790805535,-0.013589056626599302,0.9891578352129244
int,ALL,KSI,raised_median,-0.0003801686992036269,0.22490138704475135,0.9996199035557597,0.6432724758778805,1.5533696669069406,-0.001690379522328069,0.9986512729195421
int,ALL,KSI,shoulder10,0.05496274613800697,0.08257051639783966,1.056501255190396,0.8986375769526647,1.2420968484357933,0.6656461475084706,0.5056373024450309
int,ALL,KSI,bikelane,0.0034042632135574185,0.11105000421526212,1.0034100642985098,0.8071435503566736,1.247401105652922,0.030655228134512352,0.9755444971382132
int,ALL,KSI,busstops,-0.0451064034568454,0.042097046461246485,0.9558957658078617,0.8801907668245912,1.0381121337887114,-1.0714861789263352,0.28395088190291307
int,ALL,KSI,popden,0.021904363579404198,0.023027028529603158,1.022146025408653,0.9770390950471005,1.0693354058757911,0.9512457741234097,0.34147962680946076
int,ALL,KSI,income,-0.009754702988641546,0.02519195333314641,0.9902927198028763,0.9425833472054717,1.040416928436146,-0.3872150309125398,0.6985970233855585
int,ALL,KSI,ln_aadt_cross,0.35637123167092477,0.06511248056310205,1.428137619782992,1.2570287104079059,1.622538168104042,5.4731631875943805,4.420726726709534e-08
int,ALL,KSI,cross_missing,-0.35684162433101635,0.09886913510758666,0.6998833334486846,0.5765892549492074,0.8495418120172791,-3.609231778377662,0.0003071051274379829
int,ALL,KSI,cty_Hillsborough,-0.08226977731782828,0.21066813806890117,0.9210234539403216,0.6094616040064228,1.3918583174588635,-0.3905183672859021,0.6961532762158592
int,ALL,KSI,cty_Orange,-0.27160680240387264,0.1961620166254332,0.7621538792546083,0.5188791082709328,1.1194872300766103,-1.3846044564402062,0.16617344805750311
int,ALL,KSI,cty_PalmBeach,0.1989358367817511,0.14947439831623577,1.2201036776097323,0.9102518277915934,1.6354298213588734,1.3309024088584867,0.18322112453791295
int,ALL,KSI,cty_Pasco,-0.04010418084760936,0.3170462754787967,0.9606893485080328,0.5160689590881865,1.7883734490976777,-0.12649314610949097,0.899341574081876
int,ALL,KSI,cty_Pinellas,0.12006668051252828,0.20033577773283548,1.127572036153958,0.7614038003014821,1.6698349761492624,0.5993271989222376,0.5489547137251405
int,ALL,KSI,alpha (NB2 dispersion),0.22455624497032356,,,,,,
int,ALL,FAT,ln_aadt,0.01621312955291892,0.39796714688835877,1.0163452755385827,0.46589151222311775,2.2171636357584226,0.04073986930752143,0.9675032768543258
int,ALL,FAT,lanes,0.10463571340145365,0.15874502681982147,1.1103060670548146,0.8134225691890025,1.515546296887035,0.6591432531629298,0.5098037828451768
int,ALL,FAT,speed10,0.12114980421252577,0.25214777758266665,1.1287939977981167,0.6886240244530302,1.8503215749365192,0.480471433752006,0.6308922109024249
int,ALL,FAT,reg_Southeast Florida,0.7934065845144774,0.31536254881805464,2.2109152819382976,1.191598864374879,4.10217442299482,2.515855441580115,0.011874387562259291
int,ALL,FAT,reg_Tampa Bay,0.14841882718228416,0.3041990243265053,1.1599986335950574,0.6390252819644581,2.105702024504941,0.4879004050420033,0.6256203876011079
int,ANGLE,TOT,ln_aadt,-0.27024000395090303,0.17357601251314939,0.7631963022264685,0.5431069655545259,1.0724749131829674,-1.5568971774278475,0.11949489971388569
int,ANGLE,TOT,lanes,-0.01718745098872289,0.06586001071795214,0.982959410650878,0.8639217581323133,1.1183989683000233,-0.2609694532594106,0.7941160639518811
int,ANGLE,TOT,speed10,-0.18941649589357648,0.10693179835858649,0.8274418088015486,0.6709888087084752,1.0203746144002277,-1.7713766980555656,0.07649808085836735
int,ANGLE,TOT,raised_median,-0.014340946809125305,0.18436466607657098,0.9857613947594658,0.6868113031998974,1.4148362481380206,-0.07778576618997685,0.9379984690752287
int,ANGLE,TOT,shoulder10,0.03543519471259412,0.07215011902770338,1.0360705031056856,0.8994435014897941,1.1934513792446901,0.4911314796166603,0.6233334579476454
int,ANGLE,TOT,bikelane,0.07699480935989629,0.09658829285812696,1.0800364702974345,0.8937597779751111,1.3051368006460284,0.7971443234118402,0.425367217046142
int,ANGLE,TOT,busstops,0.020338045033851334,0.035541219977064144,1.0205462723213201,0.9518738665188871,1.0941730102937715,0.5722382362500811,0.5671605866646786
int,ANGLE,TOT,popden,0.05825927225406431,0.019591285802806564,1.0599897860271041,1.020058880979501,1.1014838137607132,2.97373397746657,0.002942000123818987
int,ANGLE,TOT,income,-0.059968062084448964,0.020633638748195283,0.9417946120607107,0.9044665161345976,0.9806632699873099,-2.9063250944865002,0.003657012844230346
int,ANGLE,TOT,ln_aadt_cross,0.23688426634467785,0.054778522213883046,1.2672944406697204,1.1382800132853272,1.4109315639453317,4.324400454246683,1.5294724723781356e-05
int,ANGLE,TOT,cross_missing,-0.6839630311471983,0.08655166004938293,0.5046132265608235,0.42587717970069794,0.5979059704468774,-7.902367565878646,2.7365502505896524e-15
int,ANGLE,TOT,cty_Hillsborough,-0.09898955890567121,0.18045437495688507,0.9057521650179712,0.6359215108816516,1.2900758511806665,-0.5485572678929076,0.5833093181643578
int,ANGLE,TOT,cty_Orange,-0.23370305046323464,0.1499206131432469,0.7915968453144393,0.5900503231624374,1.0619866491273253,-1.5588453486375144,0.11903298798618779
int,ANGLE,TOT,cty_PalmBeach,-0.36261549708128094,0.13408151299341156,0.6958539399382044,0.535039200638792,0.9050041663291453,-2.704440671840412,0.006841948633184063
int,ANGLE,TOT,cty_Pasco,-0.9726289264856549,0.28398507284183866,0.37808776548675255,0.21670036864692213,0.65966827515499,-3.4249297568796737,0.0006149583935643906
int,ANGLE,TOT,cty_Pinellas,-0.6650801220322865,0.1666882867885897,0.5142323247170967,0.3709124737060679,0.712930684540695,-3.9899631512549276,6.608356096662992e-05
int,ANGLE,TOT,alpha (NB2 dispersion),0.3707221158604466,,,,,,
int,ANGLE,KAB,ln_aadt,-0.4446188727153871,0.25871304191265976,0.641068558196899,0.38608549868364506,1.0644504849569476,-1.7185792777524074,0.08569100759468826
int,ANGLE,KAB,lanes,0.024290943651962934,0.10059950842793457,1.0245883720127538,0.8412351143445306,1.2479047939905703,0.2414618523644575,0.8091971792560022
int,ANGLE,KAB,speed10,-0.1785007332213153,0.16671863947900886,0.8365234435203481,0.603343093409032,1.1598234556813531,-1.070670524778304,0.2843176004530401
int,ANGLE,KAB,raised_median,0.07330010020403467,0.27997272837664533,1.0760534123133811,0.6216074794560171,1.8627365088408658,0.2618115722522251,0.7934667168200018
int,ANGLE,KAB,shoulder10,0.03822284758755714,0.11253177486789757,1.0389627374220214,0.833318438166815,1.2953554371436764,0.3396627097762157,0.7341105470952958
int,ANGLE,KAB,bikelane,0.19504837531126315,0.1480866815469829,1.2153697789590243,0.9091896956246684,1.624659525636214,1.3171230071043283,0.1877973962487811
int,ANGLE,KAB,busstops,0.09999950459265232,0.05380843675446194,1.1051703705659899,0.994549874671764,1.228094818653587,1.8584354169025379,0.06310720672181437
int,ANGLE,KAB,popden,0.033157729855307176,0.030777875343618397,1.0337135738756893,0.9731987954269072,1.0979912406756624,1.07732354768219,0.28133574590987365
int,ANGLE,KAB,income,-0.05266515156396227,0.032480668912755487,0.9486976292200135,0.8901838517114247,1.0110576483243605,-1.6214306332613777,0.10492531545451854
int,ANGLE,KAB,ln_aadt_cross,0.23151336359510072,0.08547482412919746,1.2605061713591537,1.0660739643729524,1.4903992228804341,2.7085561854466307,0.006757666899644332
int,ANGLE,KAB,cross_missing,-0.6624221020525706,0.14282750494749516,0.5156009826646902,0.38970547722827137,0.6821674029720525,-4.637916921506706,3.5193818626231983e-06
int,ANGLE,KAB,cty_Hillsborough,0.015038791441922243,0.27638439392709796,1.0151524430789782,0.5905655625375649,1.7449958955635303,0.05441259265126609,0.9566064462339062
int,ANGLE,KAB,cty_Orange,-0.17446850246994158,0.22743241364344044,0.8399033086922948,0.5378174798253982,1.3116672373335352,-0.7671224152924236,0.44300873586805445
int,ANGLE,KAB,cty_PalmBeach,-0.35029426329767377,0.19533385879037599,0.7044807563843928,0.480394024941817,1.0330959802758473,-1.7933105170138206,0.07292328667840471
int,ANGLE,KAB,cty_Pasco,-0.49838241575065234,0.4721262763371963,0.6075125681001986,0.2408093066606017,1.5326298037138177,-1.0556125357333506,0.2911452713535818
int,ANGLE,KAB,cty_Pinellas,-0.439326332741135,0.24629915014070525,0.6444704335071078,0.3976938992299951,1.0443764424574136,-1.7837103071210663,0.07447075043697833
int,ANGLE,KAB,alpha (NB2 dispersion),0.4107171282515021,,,,,,
int,ANGLE,KSI,ln_aadt,-0.4032906987748326,0.38408195228949765,0.668117850050462,0.3147138942014162,1.418372273295212,-1.0500121038513586,0.29371254786863255
int,ANGLE,KSI,lanes,-0.020253430269143956,0.14505066784118015,0.9799502927680674,0.7374531344927314,1.3021879376196293,-0.1396300380451883,0.888952306180236
int,ANGLE,KSI,speed10,0.009171853133101811,0.25181435976386296,1.0092140434672505,0.6160764031796362,1.6532251199280852,0.036423074290531515,0.9709450157609697
int,ANGLE,KSI,reg_Southeast Florida,0.04033889468340213,0.31728039516281653,1.041163559205296,0.5590419970066614,1.9390699854775364,0.1271395752728488,0.8988299290649177
int,ANGLE,KSI,reg_Tampa Bay,-0.07377530429555539,0.29937894006881455,0.928880385826951,0.5165629980369295,1.6703069605313496,-0.24642783583440292,0.8053510606098829
int,LEFTTURN,TOT,ln_aadt,0.10712863973101433,0.18209096310825804,1.1130774312513718,0.778980202083601,1.5904657970090332,0.588324856447288,0.556314264603802
int,LEFTTURN,TOT,lanes,-0.06049647323946517,0.06757535815177844,0.9412970887419758,0.8245280019511767,1.0746029330445768,-0.8952445816652033,0.37065635773838035
int,LEFTTURN,TOT,speed10,-0.125887761957871,0.10269242518816635,0.8817138030609564,0.720964835070706,1.0783039514430306,-1.2258719348306668,0.2202468716282847
int,LEFTTURN,TOT,raised_median,0.6021539350313174,0.17884863809023027,1.8260477557441672,1.286095139946038,2.5926934195538722,3.366835450698411,0.0007603604339934184
int,LEFTTURN,TOT,shoulder10,0.12904662471354053,0.07147139689382422,1.1377431698784797,0.989023374461515,1.3088260136520173,1.80557020461274,0.07098550024995026
int,LEFTTURN,TOT,bikelane,-0.1644952585113789,0.09646834583201411,0.8483217792428669,0.7021745800516852,1.0248873450884706,-1.7051734130263203,0.08816208702053681
int,LEFTTURN,TOT,busstops,0.0713796583369476,0.03696927576175409,1.0739888973141836,0.998920460965879,1.1546986938668133,1.9307832481476996,0.05350986283581011
int,LEFTTURN,TOT,popden,0.036525709404947676,0.018930390460221654,1.0372009694947084,0.9994223110294774,1.0764076799652647,1.9294746974025172,0.0536719582954027
int,LEFTTURN,TOT,income,-0.022368743050532654,0.020657655014443572,0.977879582260975,0.9390770508295138,1.0182854288242027,-1.0828307005268851,0.27888357596253754
int,LEFTTURN,TOT,ln_aadt_cross,0.1619267371209071,0.0564026957771385,1.1757740975699178,1.0527201711069831,1.3132119688204045,2.870904216364429,0.004092995257276369
int,LEFTTURN,TOT,cross_missing,-0.36285910262062004,0.08273816235477775,0.6956844467094474,0.5915400427867686,0.8181641383284821,-4.385631639541322,1.156496912066226e-05
int,LEFTTURN,TOT,cty_Hillsborough,0.08239943908676364,0.18677008525047636,1.0858894699115773,0.7530151529055511,1.5659126331190112,0.44118113977545276,0.6590818659470381
int,LEFTTURN,TOT,cty_Orange,-0.4397541853180363,0.14706771389388817,0.644194754150662,0.482870438516606,0.859416622293312,-2.9901476923434487,0.002788425868038969
int,LEFTTURN,TOT,cty_PalmBeach,-0.21856787019347618,0.12890392962128022,0.803668932427684,0.6242404974710658,1.0346713415199256,-1.695587332640895,0.08996405838678978
int,LEFTTURN,TOT,cty_Pasco,-1.6737877517756776,0.3099746417297811,0.18753538117453566,0.10214743689993012,0.344301533740221,-5.399757033140776,6.673121167917467e-08
int,LEFTTURN,TOT,cty_Pinellas,-0.40229015600169693,0.15555427190632024,0.668786665070155,0.4930343021619614,0.9071896243615317,-2.586172344041885,0.009704839164362976
int,LEFTTURN,TOT,alpha (NB2 dispersion),0.47643626003265027,,,,,,
int,LEFTTURN,KAB,ln_aadt,0.040468133642153736,0.24213285461810033,1.041298126795078,0.6478395240249767,1.673719723258401,0.1671319396369459,0.8672662352555964
int,LEFTTURN,KAB,lanes,-0.015361785254767363,0.0899362393462883,0.9847556050911918,0.8256066625209224,1.1745830621054905,-0.17080751170413874,0.8643751223931504
int,LEFTTURN,KAB,speed10,0.009565513481979732,0.13629853830237262,1.0096114092281347,0.7729200827369682,1.3187847235566041,0.07018060208950326,0.9440499135414475
int,LEFTTURN,KAB,raised_median,0.5898682825593041,0.24234978802102325,1.803750814309183,1.1217194127221537,2.900473115844101,2.433954192310391,0.014934885015757664
int,LEFTTURN,KAB,shoulder10,0.04127343442080545,0.09370818738703594,1.042137022723831,0.8672789495262229,1.2522494345388846,0.4404464067833994,0.6596138201468044
int,LEFTTURN,KAB,bikelane,-0.2905629206091522,0.12366547823715562,0.7478424731277895,0.5868727528984451,0.9529635885322262,-2.3495879751658273,0.01879420219881436
int,LEFTTURN,KAB,busstops,0.008906956438099778,0.04940156123353395,1.0089467414078654,0.9158340456622229,1.1115261895090087,0.1802970638112891,0.856919360639808
int,LEFTTURN,KAB,popden,0.02157744699077529,0.025437583867336255,1.0218119235316443,0.9721159248450792,1.0740484549081237,0.8482506476757933,0.3962983962144788
int,LEFTTURN,KAB,income,-0.024822243750260625,0.027367615430173648,0.9754832948701138,0.924536479790067,1.0292375469994697,-0.9069932970080151,0.36441034188608956
int,LEFTTURN,KAB,ln_aadt_cross,0.09469154026343242,0.07396656040550774,1.0993197069548035,0.950960342515318,1.2708246222998814,1.2801939111985725,0.20047694680019612
int,LEFTTURN,KAB,cross_missing,-0.38345853121256646,0.11199855997130073,0.6815003384554622,0.5471809599149074,0.8487917989455177,-3.4237809067440375,0.0006175638851270075
int,LEFTTURN,KAB,cty_Hillsborough,0.19338808941729185,0.23275002418253252,1.2133535918457148,0.7688941555852701,1.914732903287919,0.8308832194390178,0.40603960418697516
int,LEFTTURN,KAB,cty_Orange,-0.34503985546400234,0.20005620916908123,0.7081921275794782,0.4784756175310464,1.0481957098535022,-1.7247145534602502,0.08457892697369948
int,LEFTTURN,KAB,cty_PalmBeach,0.03615765639072819,0.15889421335130857,1.036819294794105,0.7593632682597461,1.4156521588421564,0.22755804398480578,0.8199898402374618
int,LEFTTURN,KAB,cty_Pasco,-1.2664079348594797,0.4282850114321801,0.28184220120426984,0.12174256857672405,0.6524835750414363,-2.9569279826642223,0.0031072068180339266
int,LEFTTURN,KAB,cty_Pinellas,-0.30982126960902856,0.206027480541819,0.7335780572010474,0.4898602505714329,1.0985516080945834,-1.5037861395686083,0.13263644114225742
int,LEFTTURN,KAB,alpha (NB2 dispersion),0.5122138606388451,,,,,,
int,LEFTTURN,KSI,ln_aadt,0.28969598654377404,0.40903966103014855,1.3360212578386925,0.5992827538580505,2.978481843346482,0.708234467567735,0.47879966508330585
int,LEFTTURN,KSI,lanes,-0.1197413047414282,0.14072011429716802,0.8871499085092193,0.673307779802254,1.1689081632163274,-0.8509181884869886,0.3948148004278864
int,LEFTTURN,KSI,speed10,0.10625576678410295,0.22000977632812269,1.1121062799813108,0.7225538023706943,1.7116792879865852,0.4829592964343232,0.6291246376108242
int,LEFTTURN,KSI,raised_median,0.5014102804679358,0.42190578283814295,1.6510480704397337,0.7221480874172426,3.7747932569511367,1.188441355543812,0.23465957145299288
int,LEFTTURN,KSI,shoulder10,0.11956931360577208,0.1425266444168736,1.1270113585809847,0.8523288014104291,1.4902166866457074,0.8389260414778724,0.40151081334601557
int,LEFTTURN,KSI,bikelane,-0.29365802669349234,0.20158154216622404,0.7455313996927542,0.5021994892223628,1.106765498285351,-1.4567704142839728,0.14517976525755244
int,LEFTTURN,KSI,busstops,-0.11808717428715373,0.08559238482385058,0.8886185845463952,0.7513766297949364,1.0509283327280836,-1.3796458006185661,0.16769572826119028
int,LEFTTURN,KSI,popden,-0.043724705007813454,0.04430750775527538,0.957217438371114,0.8775973231599391,1.0440610974320066,-0.9868464109811608,0.3237179386079977
int,LEFTTURN,KSI,income,0.003888479833162702,0.04447299698060064,1.0038960497795502,0.9200947783967174,1.0953298534300004,0.0874346254393172,0.9303260476353242
int,LEFTTURN,KSI,ln_aadt_cross,0.10363792082971808,0.12519552944957282,1.1091987644297896,0.8678422531054231,1.417679186061843,0.8278084791475092,0.40777897195442114
int,LEFTTURN,KSI,cross_missing,-0.15541876823056278,0.18136853177910603,0.8560566130980383,0.5999547216575543,1.2214803857268002,-0.8569224589624609,0.39148773972341055
int,LEFTTURN,KSI,cty_Hillsborough,-0.33283913664458603,0.38324299225883673,0.7168855054886268,0.3382414120968915,1.5194024433426467,-0.8684806855379924,0.3851312412995881
int,LEFTTURN,KSI,cty_Orange,-0.5089156510467776,0.33480660966939807,0.6011470787273544,0.311880054436145,1.158707667009277,-1.5200286862595156,0.12850376609828723
int,LEFTTURN,KSI,cty_PalmBeach,0.16429978173452162,0.2602154642570516,1.1785675751715528,0.7077088291016649,1.9627019928646616,0.6313989916149622,0.527779675189713
int,LEFTTURN,KSI,cty_Pasco,-0.7530694933055813,0.6016796527007403,0.4709188497635571,0.14480581911220347,1.5314616803541319,-1.2516120329569103,0.21071126780103477
int,LEFTTURN,KSI,cty_Pinellas,-0.4082038386754925,0.34567197055956234,0.6648433442225782,0.33765827995112324,1.309065106950863,-1.1808994464165135,0.23764267129085037
int,LEFTTURN,KSI,alpha (NB2 dispersion),0.34745572041960554,,,,,,
int,RIGHTTURN,TOT,ln_aadt,0.6309890875971578,0.22955786546271492,1.8794686193313026,1.198481898469624,2.947397282813982,2.7487147361528494,0.00598294307625161
int,RIGHTTURN,TOT,lanes,-0.11791227905168339,0.08174482243062842,0.8887740132944604,0.7571967657264931,1.0432152941774029,-1.4424433933017344,0.14917732980446002
int,RIGHTTURN,TOT,speed10,0.3446141582036654,0.12766460738719476,1.411445220031349,1.0989899467272863,1.812735061937469,2.699371151148282,0.006947065123913226
int,RIGHTTURN,TOT,raised_median,0.18722601845897796,0.23783930119202257,1.205899809867653,0.7565860445704499,1.9220475474993166,0.7871954614759764,0.43116745363739306
int,RIGHTTURN,TOT,shoulder10,0.007049693333102913,0.09068137598360675,1.0070746009170233,0.8430864265860275,1.2029600048467795,0.07774135820763624,0.9380337945474786
int,RIGHTTURN,TOT,bikelane,-0.2189693363050203,0.11438642157888183,0.8033463513434329,0.6420001622286358,1.005241740090047,-1.914294837469124,0.05558249370933502
int,RIGHTTURN,TOT,busstops,-0.21392617786062446,0.047337047177514704,0.807407987407646,0.7358663324039799,0.8859049930983627,-4.519212553719242,6.207005610167315e-06
int,RIGHTTURN,TOT,popden,0.008404317364771449,0.024670779629580936,1.0084397327845733,0.9608370852005691,1.0584007531790254,0.3406587668066413,0.7333604831507645
int,RIGHTTURN,TOT,income,0.008701880744137573,0.026981954319063972,1.0087398521694024,0.9567790903830332,1.063522499166849,0.3225074300118172,0.7470683098803442
int,RIGHTTURN,TOT,ln_aadt_cross,0.4588451459626777,0.07062447379864527,1.5822456666810871,1.377707901475091,1.8171495910349478,6.496970827292442,8.195334589916463e-11
int,RIGHTTURN,TOT,cross_missing,-0.7087757372952667,0.10735754286986426,0.4922464677091921,0.39883937130953967,0.6075292521312354,-6.602011543375432,4.056159205085026e-11
int,RIGHTTURN,TOT,cty_Hillsborough,-0.7147670874263545,0.2159840965715534,0.48930606406003946,0.32042856399803893,0.7471881449601125,-3.3093505437311643,0.0009351267672586297
int,RIGHTTURN,TOT,cty_Orange,-0.6889734881136268,0.18916110550040238,0.5020912072153543,0.3465496242442616,0.7274443910095979,-3.6422576739072885,0.0002702573470752542
int,RIGHTTURN,TOT,cty_PalmBeach,-0.3220305863853771,0.14931365007403952,0.7246760247707552,0.5408110398540198,0.9710514434381712,-2.156739094019155,0.03102599908017877
int,RIGHTTURN,TOT,cty_Pasco,-2.536280323698829,0.45050904480068044,0.07916030354347629,0.03273606015915824,0.19142051995961495,-5.629809995981236,1.8040824975223194e-08
int,RIGHTTURN,TOT,cty_Pinellas,-0.517269356332712,0.19439578292715007,0.5961461902543642,0.4072674879470596,0.8726212886430786,-2.6609083208690745,0.007793017300432064
int,RIGHTTURN,TOT,alpha (NB2 dispersion),0.35401493206181206,,,,,,
int,REAREND,TOT,ln_aadt,0.5854800344288948,0.1345205614634077,1.7958528499582858,1.3796360520127917,2.3376364034544634,4.352346050742266,1.346884457694427e-05
int,REAREND,TOT,lanes,-0.08646521011026888,0.053120573438284864,0.917167456384344,0.8264783688537721,1.0178078153662597,-1.6277160526273986,0.10358510770738366
int,REAREND,TOT,speed10,0.03841468676442386,0.07959033915274874,1.0391620702976798,0.8890672691684612,1.2145962918591566,0.4826551460058349,0.6293406162796864
int,REAREND,TOT,raised_median,0.21015448810360488,0.1484440755274895,1.2338686632632776,0.922381930450476,1.6505439101995167,1.4157148903169772,0.15685899693312766
int,REAREND,TOT,shoulder10,0.18787885953136826,0.0547774369862055,1.2066873278267867,1.0838451941976548,1.3434522890657494,3.4298585305968485,0.0006038960185250947
int,REAREND,TOT,bikelane,-0.11419983367909858,0.07789448714694824,0.8920796705066839,0.7657702963058934,1.0392230442605497,-1.4660836454787893,0.14262550062198365
int,REAREND,TOT,busstops,-0.06581355841988262,0.027521372174699094,0.9363054142803362,0.8871373615118223,0.9881985212714878,-2.391361811544638,0.01678600166759695
int,REAREND,TOT,popden,0.013793213738087003,0.015604213521702276,1.0138887789891704,0.9833491391197602,1.0453768811760318,0.8839416173653006,0.3767277297687358
int,REAREND,TOT,income,-0.038356395686146585,0.01609695920963549,0.9623698952856865,0.932481062727845,0.9932167551401438,-2.382834868786075,0.017179898805406955
int,REAREND,TOT,ln_aadt_cross,0.49198426140075924,0.041544243304240856,1.6355583776048321,1.5076581373634117,1.7743088703328145,11.842417198402487,2.3556428738475377e-32
int,REAREND,TOT,cross_missing,-0.6954716569084588,0.06346940050969349,0.49883911157729255,0.4404881734819266,0.5649197282011308,-10.957589820030543,6.11050664631757e-28
int,REAREND,TOT,cty_Hillsborough,-0.1721871105774853,0.14007915269530324,0.841821644697259,0.6397087720524341,1.1077910956373629,-1.2292129647016248,0.21899196928659792
int,REAREND,TOT,cty_Orange,-0.6469125877514554,0.12331966160729092,0.5236600379490945,0.41122320892252967,0.6668393937767928,-5.245818706602813,1.5558984255356283e-07
int,REAREND,TOT,cty_PalmBeach,-0.3095469725380879,0.1051590728676391,0.7337793031127643,0.5971071175165339,0.9017344625133277,-2.9436069004498195,0.003244117643974763
int,REAREND,TOT,cty_Pasco,-1.9482188823328253,0.23091135050868755,0.14252770425676056,0.09064494299978175,0.2241067820049434,-8.43708582553861,3.253475643519022e-17
int,REAREND,TOT,cty_Pinellas,-0.6032937933793282,0.12162955120625121,0.547006937743909,0.4309825341370058,0.694266162175496,-4.960092242355668,7.045971381015697e-07
int,REAREND,TOT,alpha (NB2 dispersion),0.32043638145064546,,,,,,
int,REAREND,KAB,ln_aadt,0.7708406124293157,0.19201578942968642,2.1615825434331364,1.4836268511981032,3.149335756697607,4.0144647204212704,5.958085428407581e-05
int,REAREND,KAB,lanes,-0.08188037177978716,0.0703377561290674,0.9213821754134829,0.8027255744710171,1.057578256092218,-1.1641026994028563,0.2443823948370366
int,REAREND,KAB,speed10,0.20255492900857294,0.11162147122717914,1.2245273453476795,0.9839077320220293,1.5239917023750584,1.81465919398536,0.0695762996505931
int,REAREND,KAB,raised_median,0.07343051729233552,0.1964924511075183,1.0761937572177593,0.7322050459133541,1.581787792283984,0.3737065565544562,0.708622646783696
int,REAREND,KAB,shoulder10,0.17090538058314309,0.07103196628214475,1.1863784892699931,1.0321899670004027,1.363599690755376,2.4060347689699735,0.016126729800358862
int,REAREND,KAB,bikelane,-0.09150421442123403,0.09237451024851076,0.9125574702423273,0.761429071207032,1.093681825379962,-0.9905786149779261,0.32189138418951213
int,REAREND,KAB,busstops,-0.06683995021463034,0.03662871155368567,0.9353448911066174,0.8705481355534844,1.0049646074573668,-1.8247966521198788,0.06803172127440436
int,REAREND,KAB,popden,0.046425674475301215,0.019697969257397144,1.0475202186851764,1.0078482923796954,1.088753750788561,2.356876176861077,0.018429390910305887
int,REAREND,KAB,income,-0.034126595539837844,0.022840398795255172,0.966449148741104,0.9241380837862937,1.0106973984619347,-1.4941330861056266,0.13514083770971014
int,REAREND,KAB,ln_aadt_cross,0.43247744064593874,0.05785205434996819,1.5410707093407785,1.3758715902538146,1.7261050726034541,7.475576200453053,7.686630199002259e-14
int,REAREND,KAB,cross_missing,-0.49268795642599245,0.08618337560417685,0.6109818922962864,0.5160212291361337,0.723417665081119,-5.716740067003299,1.0858702394167964e-08
int,REAREND,KAB,cty_Hillsborough,0.029423028752257486,0.1762834551158363,1.0298601627993416,0.728991983740425,1.4549020820217176,0.16690748847033626,0.8674428408587715
int,REAREND,KAB,cty_Orange,-0.11121258103412957,0.16153932886526323,0.8947485221443208,0.6519224501547384,1.2280217036388668,-0.688455138543319,0.4911662116322324
int,REAREND,KAB,cty_PalmBeach,0.24283381284894762,0.12965827554330728,1.2748567417029761,0.9887671576155048,1.643723397715777,1.872875540195184,0.061085573543288516
int,REAREND,KAB,cty_Pasco,-1.4891893802021154,0.3085755252086546,0.22555542114262095,0.1231936945724287,0.4129695775696886,-4.826012624284267,1.3929368272414242e-06
int,REAREND,KAB,cty_Pinellas,-0.349018461596147,0.1776033851899508,0.7053801077070675,0.49801698477337314,0.9990845926173652,-1.9651565831521958,0.04939611730588628
int,REAREND,KAB,alpha (NB2 dispersion),0.22966801556574387,,,,,,
int,REAREND,KSI,ln_aadt,-0.2538725733627536,0.38926760780079894,0.7757906521422843,0.36173727704873454,1.6637796935433535,-0.6521800639848475,0.514285019175623
int,REAREND,KSI,lanes,0.11033608775422354,0.14797187203414594,1.116653300900307,0.8355302034648524,1.492363279317412,0.7456558211871674,0.4558753531163543
int,REAREND,KSI,speed10,0.03987007888936347,0.2057871539963919,1.0406755596844424,0.695257677635649,1.5577039353344306,0.19374425524181413,0.8463761376637619
int,REAREND,KSI,raised_median,0.9624110370170071,0.5193177336691178,2.6180009674278835,0.9460576973116135,7.244726283534247,1.853221976875924,0.06385054894107307
int,REAREND,KSI,shoulder10,0.22549184535632416,0.14510411098572865,1.2529388168051352,0.9427895309659996,1.6651178519648484,1.5540003920254324,0.12018432311791921
int,REAREND,KSI,bikelane,0.0034301911881870375,0.18007997576409143,1.003436081026479,0.7050217953135054,1.4281600588788081,0.01904815443045517,0.9848026906858711
int,REAREND,KSI,busstops,0.013169067632070722,0.07828633432275237,1.0132561616991764,0.8691216737975729,1.1812938051991022,0.16821668489136798,0.8664128153358888
int,REAREND,KSI,popden,0.06767597882390172,0.04218970486103329,1.0700185436352765,0.9850963328900956,1.1622616443655926,1.604087514876354,0.1086947635196007
int,REAREND,KSI,income,0.048937353101155545,0.04682140633457259,1.050154559752773,0.9580717546805062,1.151087686263443,1.0451918669734737,0.29593430160074086
int,REAREND,KSI,ln_aadt_cross,0.45928027172588914,0.12264745674604857,1.582934292342908,1.2446959167420086,2.0130868432779647,3.7447190827353714,0.0001805957292820214
int,REAREND,KSI,cross_missing,-0.4062874561196865,0.18223421430688097,0.6661186600159578,0.4660480604501814,0.9520779225920335,-2.229479561041713,0.025782013751831263
int,REAREND,KSI,cty_Hillsborough,0.5302997157406094,0.39491481643618087,1.699441581688439,0.7836965991012708,3.6852293258433515,1.3428205113350238,0.17933010005859928
int,REAREND,KSI,cty_Orange,0.7493534076510617,0.3427677791459926,2.1156316230433116,1.0806130948950556,4.141997895051936,2.1861839217153927,0.028802152089999308
int,REAREND,KSI,cty_PalmBeach,0.3353001550156865,0.27326963802783394,1.3983600470193682,0.8184783482211093,2.389080695109312,1.2269938125417885,0.21982491650509173
int,REAREND,KSI,cty_Pasco,0.9140198391461735,0.5431372929793861,2.4943292094955054,0.860252562870187,7.232385550336721,1.682852293445561,0.09240368882936213
int,REAREND,KSI,cty_Pinellas,0.46438632903392685,0.3612244416683428,1.5910375157104413,0.7837904506940311,3.22969024967904,1.2855894437517101,0.19858638277829466
int,REAREND,KSI,alpha (NB2 dispersion),0.1355142458653308,,,,,,
int,SIDESWIPE,TOT,ln_aadt,0.6165352576681132,0.1434331542836716,1.852498479987339,1.3985084492202404,2.453864773050764,4.298415249578734,1.7202365323999237e-05
int,SIDESWIPE,TOT,lanes,-0.08930966427285504,0.056978732468498515,0.9145623224437776,0.8179222629930765,1.0226207055093162,-1.5674210429695172,0.11701630850476323
int,SIDESWIPE,TOT,speed10,-0.1591266956875952,0.08663253848855333,0.8528882948546889,0.7196959332338045,1.010730240244147,-1.8368005655129271,0.0662393424190475
int,SIDESWIPE,TOT,raised_median,0.2315026397589236,0.15346708861958966,1.260492653969951,0.9330533917056008,1.7028411716159602,1.5084839481953456,0.13143071188224925
int,SIDESWIPE,TOT,shoulder10,0.008488043908681119,0.0570049823750694,1.0085241694928881,0.901908936307591,1.1277424576980093,0.1489000356641332,0.8816325130722572
int,SIDESWIPE,TOT,bikelane,-0.1619344456812251,0.07938160271955373,0.8504969564614244,0.72795038395824,0.9936735921711415,-2.039949309833429,0.04135537474267238
int,SIDESWIPE,TOT,busstops,-0.07538603932566469,0.028671795129519565,0.9273854099789239,0.8767067178342366,0.9809936220933461,-2.629275180891957,0.008556708896726174
int,SIDESWIPE,TOT,popden,0.012572777363156882,0.015870674289419705,1.0126521470119756,0.981636949436058,1.0446472817033672,0.7922018393092858,0.42824299628965423
int,SIDESWIPE,TOT,income,-0.04682547566117197,0.01710154140614007,0.9542539235936174,0.9227983905139319,0.9867816849861157,-2.7380850970755146,0.006179808297418763
int,SIDESWIPE,TOT,ln_aadt_cross,0.6252430221368036,0.04622766385350456,1.8687000377304197,1.7068282113367677,2.0459234314382155,13.525300004737387,1.108903457332109e-41
int,SIDESWIPE,TOT,cross_missing,-0.7676709191996937,0.06970530113308557,0.464092719968838,0.4048278720824675,0.532033655736527,-11.013092357696152,3.304626370462402e-28
int,SIDESWIPE,TOT,cty_Hillsborough,-0.007837270020096675,0.1439447903664203,0.9921933613063596,0.7482867198563133,1.315602215163523,-0.05444636099817453,0.9565795428723141
int,SIDESWIPE,TOT,cty_Orange,-0.40330056241576423,0.12343368486076954,0.6681112600083899,0.5245415768761306,0.8509766917016159,-3.2673460479663903,0.0010856089333966404
int,SIDESWIPE,TOT,cty_PalmBeach,-0.38864778656772864,0.10403583404385233,0.6779730191702424,0.5529111158038507,0.831322434266048,-3.7357107783065304,0.00018718571280528453
int,SIDESWIPE,TOT,cty_Pasco,-1.2235670282859685,0.23918527971029235,0.2941789485451856,0.18408269803189792,0.4701216067147987,-5.115561583756266,3.1280886398763513e-07
int,SIDESWIPE,TOT,cty_Pinellas,-0.47670570857481925,0.13359319595411417,0.6208252059466788,0.4778070100681051,0.8066519080241182,-3.56833823137636,0.00035925255348728433
int,SIDESWIPE,TOT,alpha (NB2 dispersion),0.2996085225843049,,,,,,
int,SIDESWIPE,KAB,ln_aadt,0.23855279946357594,0.483843549585422,1.269410728472538,0.4917520968211189,3.2768616707034566,0.4930370564368963,0.6219864041644119
int,SIDESWIPE,KAB,lanes,0.2371052758648393,0.18634530551735434,1.2675745557588667,0.879737665843021,1.8263913400452187,1.2723973657751075,0.20323196955774514
int,SIDESWIPE,KAB,speed10,0.21291574501485586,0.270938687130472,1.2372803998101058,0.7275125117803534,2.1042425566097274,0.785844750596009,0.4319584457453002
int,SIDESWIPE,KAB,raised_median,-0.20907570865060146,0.4834096003138151,0.8113338083303352,0.3145668942108375,2.092599573108945,-0.432502185547982,0.6653764640987999
int,SIDESWIPE,KAB,shoulder10,-0.02359486671497736,0.1770710718794762,0.9766813157257859,0.690282622381468,1.381907006722674,-0.13325082671345242,0.8939950153004979
int,SIDESWIPE,KAB,bikelane,-0.23361415388510323,0.22554436965656793,0.7916672186931774,0.5088097428725941,1.2317708022158016,-1.0357791428836065,0.3003051901153453
int,SIDESWIPE,KAB,busstops,-0.11095307108325561,0.08897855648418047,0.8949807484205584,0.751750312217814,1.0655007746925178,-1.2469641615615779,0.2124106387073017
int,SIDESWIPE,KAB,popden,-0.05900814054352532,0.05120166722112422,0.9426990950428495,0.8526864293339435,1.0422138235374296,-1.1524652173666015,0.24912995487545397
int,SIDESWIPE,KAB,income,-0.08135873282333393,0.05814643246371962,0.9218629296291225,0.8225666711718513,1.0331457507434567,-1.3992042052467721,0.16175175590393587
int,SIDESWIPE,KAB,ln_aadt_cross,0.2626059778663577,0.13573232187636203,1.3003142653980753,0.996576500572159,1.696625585519021,1.934734293468908,0.053022909813603566
int,SIDESWIPE,KAB,cross_missing,-0.751040294709054,0.23309253240185585,0.4718754078274852,0.2988236561874152,0.7451431501551014,-3.222069308570755,0.0012726834502200526
int,SIDESWIPE,KAB,cty_Hillsborough,0.050141338159793394,0.41089333636080655,1.0514196915990701,0.46991211030888513,2.3525321940641652,0.12203005919707627,0.9028752123700754
int,SIDESWIPE,KAB,cty_Orange,-0.28596766053679584,0.36480574560560863,0.7512869117694659,0.36751655198674016,1.535800280952967,-0.7838902319426607,0.43310452187491066
int,SIDESWIPE,KAB,cty_PalmBeach,-0.29730634188406996,0.3126080967185614,0.7428164217212987,0.4025168935496195,1.3708151017289292,-0.951051316344287,0.34157832651225484
int,SIDESWIPE,KAB,cty_Pasco,-1.805003410457778,0.7603888954851472,0.1644738956449217,0.03705449375694201,0.7300507875255636,-2.3737898083139948,0.01760657005690521
int,SIDESWIPE,KAB,cty_Pinellas,-0.8045053279717072,0.39501074059278407,0.44730914316113435,0.20623759943351824,0.970169697984905,-2.036666969521901,0.041683426693970155
int,SIDESWIPE,KAB,alpha (NB2 dispersion),0.3401429891628953,,,,,,
int,HEADON,TOT,ln_aadt,0.6100028601122954,0.3100932009697748,1.8404366626296376,1.0022226526499236,3.379695220613288,1.967159738441841,0.04916479800036359
int,HEADON,TOT,lanes,-0.032239019717400876,0.11829496711552781,0.9682751175730405,0.7678989306092318,1.2209376337680942,-0.27253078050155755,0.7852139272047387
int,HEADON,TOT,speed10,-0.20578137825742973,0.17070373688542828,0.8140110173384021,0.5825380914967394,1.1374602725906193,-1.2054884211207668,0.22801480532173746
int,HEADON,TOT,raised_median,-0.222655020607503,0.3036657867287545,0.8003909200458137,0.4413840315684406,1.4514019064426653,-0.7332239268903438,0.4634218642588799
int,HEADON,TOT,shoulder10,-0.20047613034868753,0.1250890465934601,0.818341023307486,0.6404074518579638,1.0457124264951128,-1.6026673462484349,0.10900811643560965
int,HEADON,TOT,bikelane,0.1421054454196362,0.1416171300974749,1.1526981888731962,0.8733104883881536,1.5214670295371324,1.0034481373957036,0.3156446881970447
int,HEADON,TOT,busstops,-0.02247097278617459,0.055021924185551005,0.9777796189994868,0.8778198012303198,1.089122143281358,-0.4084003443862758,0.6829797806270677
int,HEADON,TOT,popden,0.01092495745326642,0.028118733637111152,1.0109848527199692,0.9567742962101572,1.068266963773778,0.3885294976032506,0.6976242292882504
int,HEADON,TOT,income,-0.0576386373133011,0.03441145605292436,0.9439910089368462,0.8824218130791991,1.009856070810463,-1.6749839711709278,0.09393737661305669
int,HEADON,TOT,ln_aadt_cross,0.3779705474024616,0.08507162181357991,1.4593199614793377,1.2351966258822262,1.724109915254181,4.442968634484484,8.872610427853866e-06
int,HEADON,TOT,cross_missing,-0.7331660393735376,0.14411410468464783,0.4803856599871212,0.3621743024512503,0.6371804425641833,-5.087399605873832,3.630064352318042e-07
int,HEADON,TOT,cty_Hillsborough,-0.5562553941745769,0.27668893786016446,0.5733520264078145,0.33334885912410084,0.9861517062026751,-2.0103998319430545,0.04438888826467352
int,HEADON,TOT,cty_Orange,-0.9141621753618103,0.23905931796245197,0.4008523293987763,0.25089558094763986,0.6404361104229986,-3.8239972537083617,0.0001313053775861423
int,HEADON,TOT,cty_PalmBeach,0.44869002731507823,0.1779822488935109,1.5662590844125106,1.104999430388206,2.220062248034711,2.520981896253796,0.01170278728480009
int,HEADON,TOT,cty_Pasco,-1.372522243791307,0.5125478459391762,0.2534668474504791,0.09281787661242981,0.6921666935427493,-2.677842185203883,0.007409812176916596
int,HEADON,TOT,cty_Pinellas,-1.1716252473116755,0.273283253874349,0.3098629279126766,0.1813619673817278,0.5294110748838852,-4.287219325375747,1.8092363931741953e-05
int,HEADON,TOT,alpha (NB2 dispersion),0.1900854494721646,,,,,,
int,OFFROAD,TOT,ln_aadt,-0.1683021809016599,0.19248025809185823,0.8450984234928077,0.5795151422086721,1.2323946233191998,-0.8743867166955912,0.3819076888106915
int,OFFROAD,TOT,lanes,-0.06131020612196237,0.07328368861203612,0.9405314359093596,0.8146911164488246,1.0858095345259464,-0.8366146312113004,0.402809218693876
int,OFFROAD,TOT,speed10,0.23642373084210747,0.11787535278134302,1.2667109409590611,1.0054025809800675,1.595934442878858,2.005709635335471,0.04488723660007775
int,OFFROAD,TOT,raised_median,0.5901617316302713,0.22042687142236292,1.8042802009801127,1.1713126741773192,2.7792980605586894,2.677358381136093,0.0074205215256718995
int,OFFROAD,TOT,shoulder10,0.022799186676590144,0.0755799255439521,1.0230610746234146,0.8821991389041808,1.1864146270984934,0.3016566437781379,0.7629138226568573
int,OFFROAD,TOT,bikelane,-0.0907076087246507,0.10495868643129531,0.9132847083441317,0.7434701705991632,1.1218862457158607,-0.86422202686413,0.38746593421347775
int,OFFROAD,TOT,busstops,-0.14610434653645635,0.04062354458125507,0.8640675360257606,0.7979363122596254,0.9356795715930557,-3.596543532635833,0.0003224736371961273
int,OFFROAD,TOT,popden,0.04284928334226152,0.021426435757146645,1.0437805678764098,1.000853833566776,1.088548434683806,1.9998325352815354,0.04551835008891746
int,OFFROAD,TOT,income,-0.04147037918428887,0.024991883371243428,0.9593777524722042,0.9135159247934633,1.0075420109909003,-1.6593539017554075,0.0970444996033185
int,OFFROAD,TOT,ln_aadt_cross,0.19268113807540688,0.06295013229189217,1.212496113029391,1.0717564865585953,1.3717172161299584,3.060853584579738,0.0022070699285064153
int,OFFROAD,TOT,cross_missing,-0.5056591718651123,0.09574323382762405,0.6031078926163403,0.4999156423133647,0.7276010177495478,-5.281408948182179,1.2819418807761568e-07
int,OFFROAD,TOT,cty_Hillsborough,-0.2060235248189587,0.20106007152893196,0.8138139312323314,0.5487560634889279,1.2068989460581783,-1.0246864195973018,0.30551117292121055
int,OFFROAD,TOT,cty_Orange,-0.5355316190790235,0.16403138080485435,0.5853580199220801,0.42441941537997346,0.8073240739477875,-3.264811991774533,0.0010953675601371173
int,OFFROAD,TOT,cty_PalmBeach,-0.49141804948303475,0.14082887163006552,0.6117582753060852,0.4641986757617621,0.8062241599274813,-3.489469480192313,0.0004839803204008271
int,OFFROAD,TOT,cty_Pasco,-0.8041709318519421,0.2980228087147264,0.44745874661495605,0.2495001813510765,0.8024817009671628,-2.698353643870631,0.006968337107191713
int,OFFROAD,TOT,cty_Pinellas,-0.34804871861244835,0.16867155472680742,0.7060644768948342,0.5073039409918461,0.9826989409112216,-2.063470151657599,0.039067980849041374
int,OFFROAD,TOT,alpha (NB2 dispersion),0.33820540387712045,,,,,,
int,OFFROAD,KAB,ln_aadt,-0.4916019714995751,0.3939795156919768,0.6116457698368891,0.2825776716602102,1.3239211207360209,-1.247785613006139,0.21210957875013003
int,OFFROAD,KAB,lanes,-0.07570353816249463,0.15869610998098238,0.9270910129277964,0.6792623060500735,1.265339970429814,-0.47703461774561895,0.6333374710116426
int,OFFROAD,KAB,speed10,0.5146565923567525,0.25040842599237156,1.6730638602177814,1.0241429099848225,2.7331563330437025,2.0552686688443584,0.0398530617685487
int,OFFROAD,KAB,raised_median,0.6176482517551061,0.4804480989215587,1.8545614476641816,0.7232285291921519,4.755617380033503,1.2855670636256333,0.19859419763212938
int,OFFROAD,KAB,shoulder10,0.10353666556917442,0.16639669247252784,1.1090864579058117,0.8004342775402568,1.5367567402161824,0.6222279062804591,0.5337920186909869
int,OFFROAD,KAB,bikelane,-0.4629040774345838,0.22324932538089853,0.6294530083597841,0.406377497253945,0.9749828482397253,-2.0734847760224873,0.038127186492085886
int,OFFROAD,KAB,busstops,-0.31172345367739407,0.09575253898757856,0.7321839830209336,0.6068956400747547,0.8833370180849629,-3.2555111015680973,0.001131884713061899
int,OFFROAD,KAB,popden,0.04095482859322651,0.04569402635681959,1.0418050446831328,0.9525568744396106,1.139415168008462,0.8962840847819972,0.37010105698010365
int,OFFROAD,KAB,income,-0.11251773081421818,0.058385974051585396,0.8935815030404327,0.7969572502551208,1.0019206203599857,-1.9271363138483584,0.05396264421959642
int,OFFROAD,KAB,ln_aadt_cross,0.07323972789472408,0.1374057905792089,1.075988450444907,0.821950075114802,1.4085419303953817,0.5330177686544026,0.5940212803553828
int,OFFROAD,KAB,cross_missing,-0.42395711557078736,0.20636407746433197,0.654451947105273,0.4367341124451539,0.9807050534063123,-2.054413349358559,0.039935702115733995
int,OFFROAD,KAB,cty_Hillsborough,-0.4006982435838879,0.4444276237275633,0.6698521627316105,0.28033319921836286,1.6006021447595435,-0.9016051707657089,0.36726664326358704
int,OFFROAD,KAB,cty_Orange,-0.45441350430102384,0.3454314410210834,0.6348201780918088,0.32256225303683983,1.2493608744309261,-1.3154954944396295,0.18834343058582437
int,OFFROAD,KAB,cty_PalmBeach,-0.7357646373478366,0.31502191000533164,0.47913895133304313,0.25841005870399214,0.8884102106393028,-2.3355982996083795,0.019512187297736575
int,OFFROAD,KAB,cty_Pasco,-1.5151960933092854,0.6565380631314255,0.21976508615920723,0.06068791485411086,0.7958206046568805,-2.307857195792126,0.021007080482782707
int,OFFROAD,KAB,cty_Pinellas,-0.6880745091311535,0.37648899087435833,0.502542779604557,0.2402697733614747,1.0511070194115752,-1.8276085776988293,0.06760831752744847
int,OFFROAD,KAB,alpha (NB2 dispersion),0.6318699025664078,,,,,,
int,ROLLOVER,TOT,ln_aadt,1.0717352521466812,0.3814860139591272,2.9204428103022666,1.3826786448810344,6.168451534145183,2.8093697093217895,0.004963860668506165
int,ROLLOVER,TOT,lanes,-0.18553498021728904,0.14901743189003705,0.8306597784131704,0.6202645820556796,1.1124215172606424,-1.2450555472879108,0.21311133265590376
int,ROLLOVER,TOT,speed10,-0.0110118270555765,0.21598548903688633,0.9890485811736573,0.6476898099620454,1.5103172550745365,-0.05098410594470948,0.9593381856944674
int,ROLLOVER,TOT,raised_median,-0.12681594441464206,0.4449010223850108,0.8808957914677954,0.3683130775493474,2.1068418221498164,-0.2850430501031697,0.7756111601663744
int,ROLLOVER,TOT,shoulder10,0.22423411823664577,0.17205994737438202,1.2513639522584703,0.8931476425069816,1.7532507129689912,1.30323251668059,0.19249539202870503
int,ROLLOVER,TOT,bikelane,0.05860184472466152,0.1822072508772729,1.0603529715520408,0.7419122034590493,1.5154736895243732,0.32162191374114546,0.7477391404650271
int,ROLLOVER,TOT,busstops,0.05384966748811721,0.07432228087303974,1.0553259404298911,0.9122675159543148,1.2208182589721932,0.724542719297129,0.46873261054431503
int,ROLLOVER,TOT,popden,-0.029974244511769294,0.03714169666580941,0.970470528168899,0.9023327089722917,1.043753636191573,-0.8070241050501585,0.41965259555916923
int,ROLLOVER,TOT,income,0.039245683035079505,0.04546397226148072,1.0400259690012903,0.951359083436416,1.1369566287105988,0.8632260025446644,0.3880132197793633
int,ROLLOVER,TOT,ln_aadt_cross,0.8195588903033483,0.12112670011762633,2.269498518899739,1.7898835432025297,2.877630529007722,6.7661290987657825,1.3227352771730722e-11
int,ROLLOVER,TOT,cross_missing,-0.49442422227641136,0.178710381753472,0.6099219857075433,0.4296877183560409,0.8657562521747201,-2.7666228308910523,0.005664024300195569
int,ROLLOVER,TOT,cty_Hillsborough,-2.2120497573802957,0.44445834577121773,0.10947601909814501,0.04581296656802586,0.261607131242666,-4.976956284940446,6.459190200339975e-07
int,ROLLOVER,TOT,cty_Orange,-2.1063051537117023,0.3844094970030687,0.121686750667477,0.05728320711060328,0.25849923624942733,-5.479326525834735,4.269478108360755e-08
int,ROLLOVER,TOT,cty_PalmBeach,-0.7388868636144194,0.2524273917071076,0.4776453040795683,0.2912292412383941,0.7833864331037712,-2.927126325782237,0.003421098919033871
int,ROLLOVER,TOT,cty_Pasco,-2.0450052573452773,0.6634432730690349,0.12937950978282833,0.035247732692926,0.4748974266649611,-3.08241162486319,0.00205330689524382
int,ROLLOVER,TOT,cty_Pinellas,-1.7888594523981254,0.35830736079785824,0.16715070432443158,0.08281534741098634,0.33736932621316384,-4.992527779543228,5.959413886639727e-07
int,ROLLOVER,TOT,alpha (NB2 dispersion),0.13482838775866002,,,,,,
int,SINGLE,TOT,ln_aadt,0.9711111941644002,0.25570318987669083,2.640877357051018,1.5998869044138155,4.359203888564903,3.7978063341044144,0.00014598230832380446
int,SINGLE,TOT,lanes,-0.22816293813523383,0.09028087051211237,0.7959945514006539,0.6669011504067617,0.9500768224392377,-2.527256736017214,0.011495743244435733
int,SINGLE,TOT,speed10,-0.1194244664831098,0.14687470277507594,0.887431036074731,0.6654452696836634,1.1834689938708935,-0.8131043959693762,0.41615820629027955
int,SINGLE,TOT,raised_median,-0.01902361674440497,0.241334204772598,0.9811561902542171,0.6113787306362556,1.5745844947408152,-0.07882685656734963,0.937170342057265
int,SINGLE,TOT,shoulder10,-0.06641262339981932,0.09634474671374009,0.9357446744726764,0.7747240891949878,1.1302321794509138,-0.6893227255778126,0.4906201998879143
int,SINGLE,TOT,bikelane,0.0590505516104203,0.12465056758822739,1.0608288659922824,0.8308844352689055,1.3544096328609931,0.47372870218681074,0.635693382957915
int,SINGLE,TOT,busstops,0.06853002560549284,0.04668728453664064,1.0709327798733992,0.9772849101657132,1.173554412922321,1.4678520347806867,0.14214441951002862
int,SINGLE,TOT,popden,0.0845975454291944,0.023979018031967864,1.0882789956963432,1.0383144426034925,1.1406478845697008,3.5279820598329903,0.00041874053553827287
int,SINGLE,TOT,income,-0.094802865109062,0.030664312586689543,0.9095522212737516,0.856496611212198,0.9658943566083237,-3.0916350999569797,0.0019905737828917547
int,SINGLE,TOT,ln_aadt_cross,0.4251384738284916,0.07354105713954376,1.5298022425704396,1.324450957461047,1.7669924946559414,5.780967671185277,7.4272163761265555e-09
int,SINGLE,TOT,cross_missing,-0.6736716882404524,0.11680970614173668,0.5098331884483239,0.405506363621614,0.6410007421879323,-5.767257794682066,8.057175735584644e-09
int,SINGLE,TOT,cty_Hillsborough,-0.1640175974025167,0.23613201261842304,0.8487270863566285,0.5342794073441514,1.3482414953930886,-0.6946012765645654,0.487305212024436
int,SINGLE,TOT,cty_Orange,-0.5109609771202938,0.20339510190454155,0.5999187934833293,0.40267907394487007,0.8937702057588596,-2.5121596947801654,0.011999477448974833
int,SINGLE,TOT,cty_PalmBeach,0.28279587262247324,0.17087211887698317,1.3268342909677917,0.9492211427581402,1.8546671122100913,1.655014723765835,0.09792151127412357
int,SINGLE,TOT,cty_Pasco,-1.6599478100307055,0.43547352588912,0.19014890370800783,0.08098624765402461,0.44645364649834374,-3.811822559457634,0.00013794589112227528
int,SINGLE,TOT,cty_Pinellas,-0.8005671472694558,0.2212490833495762,0.4490742006731598,0.2910630552327854,0.6928658037652643,-3.6183975777406956,0.0002964327700875744
int,SINGLE,TOT,alpha (NB2 dispersion),0.3024638973972606,,,,,,
int,SINGLE,KAB,ln_aadt,0.7142261967342104,0.42768359805259365,2.042605495770473,0.8833501108379723,4.723197699487275,1.6699873457536234,0.09492186728690832
int,SINGLE,KAB,lanes,-0.04172697150159894,0.1600390412821999,0.9591316150913526,0.7008905821128321,1.3125207821948621,-0.2607299516873572,0.7943007666217405
int,SINGLE,KAB,speed10,-0.08656093214925482,0.25568931916366333,0.9170796674470625,0.5555970388776379,1.5137501779055385,-0.3385394917253009,0.7349566719462527
int,SINGLE,KAB,raised_median,-0.27305453249592204,0.4081568341811459,0.7610512844712423,0.3419666957562716,1.6937294326700683,-0.6689941454581562,0.5034992125894897
int,SINGLE,KAB,shoulder10,0.13095072436411842,0.16779664295619606,1.1399116100586302,0.8204267101597661,1.5838081118707354,0.7804132553373168,0.435147668129354
int,SINGLE,KAB,bikelane,-0.42293029226487355,0.21182067410265099,0.6551242987512559,0.4325320663512084,0.9922682737372629,-1.9966431230405592,0.04586396481053363
int,SINGLE,KAB,busstops,-0.05486849251429786,0.08068816517044916,0.946609626020265,0.8081421592680941,1.1088021752085857,-0.6800066948900286,0.4965002218073884
int,SINGLE,KAB,popden,0.08556954360977842,0.03896835735553017,1.0893373151591008,1.0092339353324704,1.1757985385292458,2.195872482616588,0.028101071811276225
int,SINGLE,KAB,income,-0.2205812047826268,0.06142169843608021,0.8020525057177222,0.7110818518042773,0.904661285189345,-3.5912586333342653,0.00032908486153607446
int,SINGLE,KAB,ln_aadt_cross,0.4152741075770621,0.12567739338079353,1.514785898082847,1.1840566913824324,1.937893965492184,3.3042864464797677,0.0009521848841026525
int,SINGLE,KAB,cross_missing,-0.40873387237467146,0.19552725666301954,0.6644910482180904,0.45295282615983584,0.9748219409633729,-2.0904188978578153,0.036580186767990484
int,SINGLE,KAB,cty_Hillsborough,-0.26536306957366385,0.4118924188417827,0.7669274513989247,0.3420931500275268,1.719349585520557,-0.6442533473178488,0.5194111625166464
int,SINGLE,KAB,cty_Orange,0.06077693143640331,0.33896350060375297,1.0626618412958968,0.5468440981280406,2.065031318454456,0.17930228867753908,0.8577003498708402
int,SINGLE,KAB,cty_PalmBeach,0.1403155238938915,0.295001650694445,1.150636794989249,0.6453982496111328,2.0513923531414133,0.47564318221129764,0.6343286057259848
int,SINGLE,KAB,cty_Pasco,-1.1075034434369695,0.7020978618045027,0.330382751554254,0.08344101928555407,1.3081427271521509,-1.5774203336704518,0.11469883975959262
int,SINGLE,KAB,cty_Pinellas,-0.2610546681825669,0.36722454198670224,0.7702388109081515,0.37500543099003575,1.5820246236512956,-0.7108856798356905,0.47715508061765044
int,SINGLE,KAB,alpha (NB2 dispersion),0.3829953365647991,,,,,,
int,PED,TOT,ln_aadt,0.33098813569861574,0.27803670195075836,1.392343273029978,0.8073776114623987,2.4011314686326517,1.1904476401005337,0.2338704979931695
int,PED,TOT,lanes,0.06992983308001645,0.09915165288785062,1.0724329292986106,0.8830200194245769,1.3024760056895126,0.7052815666029626,0.48063502955360693
int,PED,TOT,speed10,-0.38723267770650294,0.1693331809510795,0.6789331039493646,0.48717800352172475,0.9461637354441097,-2.2868092096986876,0.022206961702197183
int,PED,TOT,raised_median,0.06003455877633188,0.2829107078130976,1.0618732429511604,0.6098938041442133,1.8488051139948818,0.21220320446829172,0.8319485068658589
int,PED,TOT,shoulder10,0.053548578989829815,0.10579733570584948,1.0550082417573916,0.8574313178139846,1.2981125917043908,0.5061429820757682,0.6127562786230091
int,PED,TOT,bikelane,-0.031193991846145967,0.14966573880490777,0.9692875209606897,0.7228606312672744,1.2997225988680756,-0.20842440023503273,0.83489760601383
int,PED,TOT,busstops,0.026667387054638062,0.053298161425314176,1.0270261437558965,0.925152204741871,1.140118020096385,0.5003434704217072,0.6168332501699483
int,PED,TOT,popden,0.03718464182249533,0.029172610366969675,1.037884640058632,0.9802048735762439,1.0989585494912837,1.2746422536324409,0.20243589466178813
int,PED,TOT,income,-0.13532568522731137,0.0362723223380329,0.8734314016556028,0.8134917961486458,0.9377874700271385,-3.7308249514924845,0.00019085380190621612
int,PED,TOT,ln_aadt_cross,0.23971795655746836,0.08181914212604408,1.270890653392963,1.08258579920638,1.491949233091394,2.929851747750886,0.003391237553601479
int,PED,TOT,cross_missing,-0.5516702691943399,0.13371796890271398,0.575986953224699,0.4431896537521204,0.7485756210153504,-4.1256255514597715,3.6972841203088074e-05
int,PED,TOT,cty_Hillsborough,-0.3052651423805334,0.26701658368465625,0.7369279576531691,0.43665247743683794,1.2436957141722056,-1.1432441317616748,0.2529372438121865
int,PED,TOT,cty_Orange,-0.3426560490257123,0.2263700599414949,0.7098823342951861,0.4555082882491331,1.1063090212504856,-1.5136986274345263,0.13010229324449996
int,PED,TOT,cty_PalmBeach,-0.7972330091256268,0.20800121903682015,0.4505739749329668,0.29971735499712737,0.6773611988162634,-3.832828542146676,0.00012667824869010317
int,PED,TOT,cty_Pasco,-1.089365280837308,0.43142079120535204,0.33642996449793633,0.14443148565351066,0.783659605105859,-2.5250643989449753,0.011567708938116105
int,PED,TOT,cty_Pinellas,-0.2843649084788809,0.2339900305890954,0.7524920038873535,0.4756916787051961,1.190359725138954,-1.2152864280711502,0.22425686642524
int,PED,TOT,alpha (NB2 dispersion),0.4300414834967785,,,,,,
int,PED,KAB,ln_aadt,0.5153896575246617,0.32127662684969066,1.674290774706589,0.8919791410927355,3.1427299912343436,1.6041928184392538,0.10867155723650236
int,PED,KAB,lanes,-0.03814564950708377,0.10869904784051977,0.9625727324367895,0.7778700627016671,1.1911324392827045,-0.35092901239622637,0.7256416052187981
int,PED,KAB,speed10,-0.4589829192418636,0.19172111732822036,0.6319260385831387,0.43398022553413407,0.9201583269096891,-2.394013375459833,0.016665141048534924
int,PED,KAB,raised_median,0.5099190582402808,0.32662860019697926,1.66515640880111,0.8778557452144511,3.158543850611875,1.561158630728494,0.1184863271990741
int,PED,KAB,shoulder10,0.1476461541388642,0.12093682933239398,1.1591026801046052,0.9144888246940918,1.469147557352713,1.2208535229004545,0.2221414844849382
int,PED,KAB,bikelane,-0.0512759649898389,0.16248496731263365,0.9500164630704732,0.6909094533486843,1.306294588575339,-0.3155735932862021,0.7523261836778857
int,PED,KAB,busstops,0.05485011994122815,0.059650069418633565,1.0563822721725602,0.9398227210618949,1.1873978782930137,0.9195315357687412,0.3578176185541091
int,PED,KAB,popden,0.07599659813037225,0.03127574305152099,1.0789589036735165,1.0148046609936001,1.1471688695995246,2.4298894515529796,0.01510342877284552
int,PED,KAB,income,-0.14360758445169153,0.04435539114224594,0.8662276025523657,0.794101373786627,0.9449048751113688,-3.237657943115592,0.001205152095945696
int,PED,KAB,ln_aadt_cross,0.35595496345720545,0.09202152520173325,1.4275432552031833,1.1919525658028494,1.709698694346507,3.8681706554729107,0.00010965491378083513
int,PED,KAB,cross_missing,-0.41036111859690033,0.14913930776363357,0.6634106369561492,0.49525912832900004,0.8886533292410042,-2.7515289211833367,0.005931778175441765
int,PED,KAB,cty_Hillsborough,0.03473520847264148,0.302190278401455,1.0353455217779697,0.5726058114178423,1.8720388932334453,0.11494482435499233,0.9084888558314003
int,PED,KAB,cty_Orange,0.18039054502526647,0.2616064732283876,1.1976850217220658,0.7172304061583555,1.9999841040490924,0.6895492408851136,0.49047769729673063
int,PED,KAB,cty_PalmBeach,-0.19710137942147968,0.22760858554303032,0.8211073857011968,0.5256003178440382,1.282756718296192,-0.8659663648066425,0.38650860724620273
int,PED,KAB,cty_Pasco,-0.7987814597689121,0.49338480018171244,0.4498768232634065,0.17104721181081706,1.1832356339922236,-1.6189827077662766,0.10545098376935329
int,PED,KAB,cty_Pinellas,0.12936644814314022,0.2667006991427085,1.1381071049954603,0.6747811100034614,1.919567343007725,0.48506227602319746,0.6276321705792929
int,PED,KAB,alpha (NB2 dispersion),0.1873889199013144,,,,,,
int,PED,KSI,ln_aadt,1.064332552367521,0.411393346811785,2.898903471945863,1.2943408800111378,6.4926028911236005,2.587140897187284,0.009677601084516563
int,PED,KSI,lanes,0.06632540108056126,0.1479457093054842,1.0685743758552324,0.7995963915714264,1.4280344543455836,0.44830905466551874,0.6539301667664168
int,PED,KSI,speed10,-0.6452456260847016,0.24345696861089103,0.5245336871263057,0.3254907340490005,0.8452946893686295,-2.650347738108806,0.008040896219575818
int,PED,KSI,reg_Southeast Florida,0.13988304514283467,0.2912006664265047,1.150139276616049,0.6499432282549699,2.0352860036199223,0.48036650073443204,0.6309668100942485
int,PED,KSI,reg_Tampa Bay,-0.2605922205815494,0.29299279350853913,0.7705950883719465,0.43393605438751554,1.3684430786953576,-0.8894151199454486,0.3737800219648201
int,BIKE,TOT,ln_aadt,0.3107434488216667,0.2620841983856753,1.3644391278136434,0.8163259297817994,2.280576992092459,1.185662663890884,0.2357555446473879
int,BIKE,TOT,lanes,0.054584065753466256,0.10466182265073012,1.0561012546297759,0.8602320447591212,1.2965686024204115,0.5215279494569883,0.6019990405772466
int,BIKE,TOT,speed10,-0.1228930680247391,0.169195737063517,0.8843582236766233,0.6347546627180476,1.232112993759716,-0.7263366687460001,0.46763240524915795
int,BIKE,TOT,raised_median,-0.37675980886143734,0.29773113490762526,0.6860808446462126,0.3827731230714449,1.2297282568154677,-1.265436377617449,0.20571494174831562
int,BIKE,TOT,shoulder10,0.03810944973871034,0.11269603869471682,1.0388449279623617,0.8329557278199234,1.2956256236783283,0.3381613957341067,0.735241565677818
int,BIKE,TOT,bikelane,-0.1512244914779521,0.15985170077836866,0.859654691843523,0.6284279943335634,1.1759600079437664,-0.9460299186157675,0.34413332649634865
int,BIKE,TOT,busstops,-0.04193320257558745,0.05369338236309074,0.95893383274341,0.8631453033653289,1.065352602852271,-0.7809752474154555,0.4348170531020129
int,BIKE,TOT,popden,0.034279216948732025,0.030684412086702438,1.034873520618164,0.9744693322789072,1.0990219683692504,1.1171541058656116,0.26392843972142743
int,BIKE,TOT,income,-0.05232989141025374,0.0356568166475818,0.9490157430554759,0.8849560891015996,1.0177125076131746,-1.4675985219730119,0.14221330973182547
int,BIKE,TOT,ln_aadt_cross,0.2670480289864135,0.08180942550761487,1.3061031756359072,1.1126021543655502,1.5332574170494717,3.2642697015584896,0.00109746642489695
int,BIKE,TOT,cross_missing,-0.5418042211813358,0.1372972261561172,0.5816977935486571,0.44445485868601303,0.7613198875128525,-3.946213891934451,7.939669313433028e-05
int,BIKE,TOT,cty_Hillsborough,-0.20034971801890958,0.28615034105706355,0.818444478241647,0.46710351493293395,1.4340533576597432,-0.7001554402444561,0.483830236072079
int,BIKE,TOT,cty_Orange,-0.4111259160163384,0.264876584464994,0.6629034561829721,0.39444166452070134,1.1140836066425905,-1.552141412751691,0.12062839083878246
int,BIKE,TOT,cty_PalmBeach,-0.322914984738787,0.22012530162405597,0.7240354058106246,0.47031124694003557,1.1146390231535217,-1.4669598740188523,0.14238697121662156
int,BIKE,TOT,cty_Pasco,-0.759154841269526,0.4414478024253084,0.46806184644620347,0.1970313286863592,1.111913996415113,-1.719693329763427,0.08548820094897858
int,BIKE,TOT,cty_Pinellas,0.3542489075049366,0.24673237365224115,1.425109862877478,0.8786694144148629,2.3113791011186358,1.435761761868491,0.15107014399150542
int,BIKE,TOT,alpha (NB2 dispersion),0.1772475363792785,,,,,,
int,BIKE,KAB,ln_aadt,0.3474838997203071,0.3552476460256729,1.415501520460835,0.7055331742360156,2.8399012655876543,0.978145537648954,0.32800234826008123
int,BIKE,KAB,lanes,0.12192425697412479,0.13642701279917588,1.129668534026776,0.8646135039784411,1.47597856255785,0.8936958632496079,0.3714846393251392
int,BIKE,KAB,speed10,-0.13906386509536395,0.22183470228816626,0.8701724530369094,0.5633467848534309,1.3441100905923822,-0.6268805721600677,0.5307375231260969
int,BIKE,KAB,raised_median,-0.5684634092977715,0.3814085683421174,0.5663950878067712,0.26819949173097046,1.1961372239043475,-1.4904316695577455,0.13611077059267845
int,BIKE,KAB,shoulder10,-0.139167123843828,0.14681538985034173,0.8700826047573512,0.6525123009381483,1.1601984177354188,-0.9479055566701142,0.3431775358878246
int,BIKE,KAB,bikelane,0.08504725403625502,0.20692616909288133,1.0887685141896812,0.7257657044503438,1.6333327273828366,0.41100289252482375,0.6810704137238996
int,BIKE,KAB,busstops,-0.057266520911196314,0.07237138714053262,0.9443423488403272,0.8194561096499464,1.0882614228042256,-0.7912867664121832,0.42877666905110556
int,BIKE,KAB,popden,0.03139931014841357,0.04269707023763654,1.0318974687615698,0.9490564983609951,1.1219694379369916,0.735397299478777,0.4620975660471248
int,BIKE,KAB,income,-0.006797914297299582,0.0461511376979683,0.9932251392538294,0.9073253853581698,1.087257331454874,-0.14729678695654005,0.8828977684555346
int,BIKE,KAB,ln_aadt_cross,0.3269707815082685,0.10866475667479747,1.3867609575247724,1.1207385172715274,1.7159274207840067,3.0089864599503824,0.002621207974476996
int,BIKE,KAB,cross_missing,-0.706993672985135,0.19845826895347557,0.4931244646622438,0.33421463249428346,0.7275915355159797,-3.5624299088836406,0.0003674380275417503
int,BIKE,KAB,cty_Hillsborough,0.16619024472076138,0.3901373232129056,1.1807977208889795,0.5496470638768807,2.5366882665071846,0.42597884086590737,0.6701232641819324
int,BIKE,KAB,cty_Orange,0.24099203703579283,0.32630532090747805,1.2725109023091166,0.6712817114154103,2.4122271901036463,0.7385476778790399,0.46018170566664984
int,BIKE,KAB,cty_PalmBeach,0.04892278541480176,0.29002383036272245,1.0501392615419536,0.594803653451262,1.85404454433507,0.1686853985536836,0.8660441044552516
int,BIKE,KAB,cty_Pasco,-0.07038179391207072,0.592703735635479,0.9320379055691427,0.2916849155185836,2.9781953443607825,-0.11874700576437147,0.905475794768522
int,BIKE,KAB,cty_Pinellas,0.7162244380501517,0.33661346392677505,2.0466911952114986,1.0580864583384209,3.9589816272050533,2.1277355626094474,0.033359014609942665
int,BIKE,KAB,alpha (NB2 dispersion),0.27650986010944734,,,,,,
int,ALCOHOL,TOT,ln_aadt,0.3805844987679936,0.21922436949705337,1.4631395428104619,0.9520904240589166,2.2485021040429385,1.7360501464373426,0.08255496820061489
int,ALCOHOL,TOT,lanes,-0.09761759791746787,0.07515927182449632,0.9069956744815404,0.7827595089690539,1.0509500607813724,-1.2988097881710958,0.19400921467825027
int,ALCOHOL,TOT,speed10,-0.09546094277808931,0.12087532674168383,0.9089538621730924,0.7172171800571451,1.151948317096298,-0.7897471332763697,0.4296754591549514
int,ALCOHOL,TOT,raised_median,0.01473836167576776,0.20882014622280637,1.0148475068761424,0.6739838532757698,1.5281010920469602,0.070579213463639,0.943732654401011
int,ALCOHOL,TOT,shoulder10,0.35262318282408756,0.07526112447662421,1.4227949088492908,1.227661792907301,1.6489438413274113,4.685329714062548,2.79509605045642e-06
int,ALCOHOL,TOT,bikelane,-0.07756257809097573,0.10510015358925509,0.9253691147520692,0.7530987790367979,1.137046058728489,-0.7379872953763726,0.4605221694618299
int,ALCOHOL,TOT,busstops,-0.01772594636698786,0.038928799028825935,0.9824302340435865,0.9102587379532334,1.060323976601611,-0.4553427490496735,0.6488626760429412
int,ALCOHOL,TOT,popden,0.04581752074513202,0.022797101172234192,1.0468833590306712,1.0011358470337404,1.0947213314382547,2.0097959121634124,0.0444527936311258
int,ALCOHOL,TOT,income,-0.009094633919875783,0.02484447196539847,0.9909465971746153,0.9438483244745665,1.0403950857237658,-0.36606267714371676,0.7143183067852391
int,ALCOHOL,TOT,ln_aadt_cross,0.6156595755907754,0.06392465715817414,1.8508769903284508,1.6329157941948866,2.0979315929860163,9.631018811213917,5.9140169973716025e-22
int,ALCOHOL,TOT,cross_missing,-0.7028149329499305,0.10396411241133945,0.4951894150456623,0.4039013583731626,0.6071100076536866,-6.76016864520717,1.3783120936310297e-11
int,ALCOHOL,TOT,cty_Hillsborough,0.634409604880124,0.1964322735838047,1.8859083816068647,1.2832582464445557,2.7715780776544516,3.229660754343727,0.0012393718407341834
int,ALCOHOL,TOT,cty_Orange,0.1072457316378523,0.19309607580507598,1.1132077712409854,0.762446774447626,1.6253351492622088,0.5554008862723511,0.5786204865236563
int,ALCOHOL,TOT,cty_PalmBeach,0.12671300442483566,0.1846402619021853,1.135091204877084,0.7904270508319193,1.6300454824176935,0.6862696311163321,0.492543095738045
int,ALCOHOL,TOT,cty_Pasco,-0.31441391434869964,0.33446701315144867,0.7302167184211569,0.3790946912475076,1.406552157475692,-0.9400446142242767,0.3471946766214087
int,ALCOHOL,TOT,cty_Pinellas,0.30149581744886544,0.2155787662300196,1.3518794608213087,0.8859997909173883,2.062729692857137,1.3985413439428145,0.16195056636597505
int,ALCOHOL,TOT,alpha (NB2 dispersion),0.11329243810103376,,,,,,
int,ALCOHOL,KAB,ln_aadt,1.1522860925051248,0.43047281677938626,3.165421089826562,1.361462339369363,7.359653209768586,2.6767917684699283,0.007433081551201054
int,ALCOHOL,KAB,lanes,-0.24608818600253593,0.13751242621073687,0.7818532733704928,0.5971347128524003,1.0237129544188035,-1.7895705339778345,0.07352297899097884
int,ALCOHOL,KAB,speed10,-0.23195888758198202,0.222441818147592,0.792978723909311,0.5127612964573267,1.2263313571389467,-1.042784533563178,0.2970480961006986
int,ALCOHOL,KAB,raised_median,0.26689835166307835,0.3616251476743174,1.3059076962383598,0.6428223102654406,2.652980277536372,0.7380525203502971,0.460482534389693
int,ALCOHOL,KAB,shoulder10,0.37607060982717766,0.1318759587433658,1.4565499768823194,1.1247870520697083,1.8861684362849547,2.8516995319747496,0.004348618432683139
int,ALCOHOL,KAB,bikelane,-0.35683422311154733,0.19806272407452416,0.6998885134580073,0.47471665805037877,1.0318658992970817,-1.8016223132288283,0.07160484822180087
int,ALCOHOL,KAB,busstops,0.10162014404575151,0.07488626256699021,1.106962905404929,0.9558474683596512,1.2819690531224595,1.3569931328172007,0.17478339251789787
int,ALCOHOL,KAB,popden,0.034155758255195096,0.04310169504206813,1.0347457643718045,0.9509216906657602,1.1259589589714494,0.7924458242734627,0.4281007689557582
int,ALCOHOL,KAB,income,-0.07690467494899068,0.04854406522791251,0.9259781183108713,0.8419361972943946,1.0184090888905302,-1.5842240362014637,0.1131427453441433
int,ALCOHOL,KAB,ln_aadt_cross,0.3570944039592367,0.11955707951813843,1.4291707828659435,1.1306158995639373,1.8065632434369876,2.9868110311699327,0.0028190391454131357
int,ALCOHOL,KAB,cross_missing,-0.558286946643527,0.19547690183304112,0.5721884140529699,0.3900728844022239,0.8393292491432313,-2.856025143678437,0.004289811606513657
int,ALCOHOL,KAB,cty_Hillsborough,0.813273196532364,0.37632286501578815,2.2552778862884835,1.0786177724332306,4.715552139390233,2.1611049238218465,0.030687235321146995
int,ALCOHOL,KAB,cty_Orange,0.5355637562316155,0.35006190941837023,1.7084110982234684,0.8602281912839618,3.392900290999255,1.5299115437079618,0.12603862560452916
int,ALCOHOL,KAB,cty_PalmBeach,1.1485793272869007,0.2782265213628423,3.153709336799203,1.8280600917052077,5.4406759526909125,4.128216539748951,3.655877560405847e-05
int,ALCOHOL,KAB,cty_Pasco,0.5089439998836208,0.5375074017455526,1.6635335754367535,0.5800908745026987,4.770535235496992,0.9468595190146736,0.34371036803282884
int,ALCOHOL,KAB,cty_Pinellas,0.6551146428974705,0.3401433767513064,1.92536323394415,0.9885002578367906,3.75014933302722,1.9259955879618764,0.05410492475271872
int,ALCOHOL,KAB,alpha (NB2 dispersion),0.08148298381662102,,,,,,
seg,ALL,TOT,ln_aadt,0.29271835298803545,0.13588666508761293,1.3400653118853947,1.026731534644106,1.7490210240215969,2.154135969112976,0.03122951049378521
seg,ALL,TOT,lanes,-0.07917544025837873,0.05111936432076783,0.923877824861802,0.8357971036581654,1.0212409585239124,-1.5488346013374192,0.12142148538632164
seg,ALL,TOT,speed10,-0.23931490164997865,0.08916443856975928,0.7871669631641436,0.6609499231381432,0.9374867992344903,-2.6839725061774113,0.0072753088914069295
seg,ALL,TOT,raised_median,0.2082106027477751,0.17206461267980905,1.2314724937317059,0.8789422895606023,1.7253971288330223,1.2100721903534533,0.22625119319302034
seg,ALL,TOT,shoulder10,0.02947468015885846,0.05914420399888624,1.0299133578991415,0.9171832780550154,1.1564989791663645,0.49835280832274803,0.6182353928294401
seg,ALL,TOT,bikelane,-0.17599670082210445,0.08058305104558466,0.8386207500915515,0.7160971184894267,0.9821080749042289,-2.1840411667032273,0.028959223198463186
seg,ALL,TOT,busstops,0.023479442734654778,0.015065716100847941,1.0237572548807696,0.9939688997200835,1.0544383402902884,1.5584684177961703,0.11912224899328959
seg,ALL,TOT,popden,0.005562370645524545,0.01800200479519765,1.0055778693523156,0.9707157832355379,1.0416919852283735,0.3089861773066745,0.7573320416019046
seg,ALL,TOT,income,-0.031387534289079304,0.016726744006672636,0.9690999408389213,0.937843721053023,1.0013978600608486,-1.876487992914711,0.06058830192327831
seg,ALL,TOT,ln_length,0.5687347373446565,0.09972180946715839,1.7660311439722742,1.452490966996091,2.147253285801958,5.703213172560404,1.1756979682198096e-08
seg,ALL,TOT,int_per_mile,0.013766366611563191,0.004107479651293245,1.013861559354226,1.005732072311274,1.02205675829143,3.3515361682263802,0.0008036454057129101
seg,ALL,TOT,cty_Hillsborough,-0.1258734981473629,0.1819313926064291,0.8817263797492612,0.6172636556350727,1.2594964917315057,-0.6918734383552164,0.4890168125287764
seg,ALL,TOT,cty_Orange,-0.3052987410272674,0.14196223192827312,0.7369031982869945,0.55791719949864,0.9733098820641847,-2.1505631242929497,0.03151069855983866
seg,ALL,TOT,cty_PalmBeach,-0.5972538528515723,0.10797487033751353,0.5503208248823136,0.44535453831382654,0.6800267747260267,-5.531415328257814,3.176571905246538e-08
seg,ALL,TOT,cty_Pasco,-1.2895784311146754,0.31059779470997734,0.2753868531509861,0.14981559486477952,0.5062084421641988,-4.151923977177067,3.296917908246481e-05
seg,ALL,TOT,cty_Pinellas,-0.7915768452041969,0.1587775438620136,0.45312971622612214,0.33194671126920994,0.6185527157117862,-4.98544583793361,6.181909556822171e-07
seg,ALL,TOT,alpha (NB2 dispersion),0.2807000143834463,,,,,,
seg,ALL,KAB,ln_aadt,0.16468078025623303,0.15887239845610565,1.1790166932266548,0.8635451282743747,1.6097367901141644,1.0365600435102147,0.2999409428857094
seg,ALL,KAB,lanes,-0.03300983702159094,0.05784499607457865,0.967529041938144,0.8638241773469186,1.0836840083231343,-0.5706601998733282,0.5682300027102211
seg,ALL,KAB,speed10,-0.2916455706562887,0.10872599388532644,0.7470332595655997,0.6036573648961976,0.9244626560518584,-2.6823904775144016,0.007309808262722762
seg,ALL,KAB,raised_median,0.24818885473814753,0.20173846647258256,1.2817019648277477,0.8631053341543625,1.9033133751314633,1.2302505272185056,0.21860330416833618
seg,ALL,KAB,shoulder10,0.05004407947478144,0.06779767644535027,1.0513174368751301,0.9204989984513477,1.2007273825796687,0.7381385631279047,0.4604302519413258
seg,ALL,KAB,bikelane,-0.1512433107876268,0.09595568355685981,0.8596385138878934,0.7122570192904226,1.0375164505863121,-1.5761787648358063,0.11498461092846032
seg,ALL,KAB,busstops,0.022193730144912972,0.015910322682763413,1.0224418430912834,0.991049791408604,1.0548282554179895,1.3949264629910205,0.1630380161310363
seg,ALL,KAB,popden,0.0523237161545076,0.01934654081357207,1.0537167924566926,1.0145087408440334,1.0944401304827363,2.7045515091670156,0.006839666472416853
seg,ALL,KAB,income,-0.011090551778768472,0.0199100051151489,0.9889707216626554,0.9511208366315688,1.0283268441156246,-0.5570340999224566,0.577504131138102
seg,ALL,KAB,ln_length,0.7955202687511069,0.11167521755745984,2.2155934010098357,1.7800417913919835,2.757718466126366,7.1235166239259025,1.0520755544540737e-12
seg,ALL,KAB,int_per_mile,0.010737103783747662,0.004504935332795055,1.0107949533427638,1.0019092508342686,1.0197594611013392,2.383409081498602,0.01715312099848769
seg,ALL,KAB,cty_Hillsborough,0.46901136643226,0.213854256066652,1.598413166906372,1.0511208011536604,2.4306670073843963,2.193135526309484,0.028297616075798414
seg,ALL,KAB,cty_Orange,0.3062686902301292,0.17755014213954345,1.3583472321501269,0.959129105179774,1.9237318449887657,1.7249701213385733,0.08453285724218156
seg,ALL,KAB,cty_PalmBeach,-0.16347098415470232,0.134367220698369,0.8491911386428191,0.6525739996936301,1.1050479949983316,-1.2165986860862903,0.2237569428992613
seg,ALL,KAB,cty_Pasco,-0.6989672683670937,0.38844073972519877,0.49709840804696553,0.2321640330298129,1.0643630887093336,-1.7994180241278912,0.07195258054410528
seg,ALL,KAB,cty_Pinellas,-0.2659071030659616,0.1872788461521161,0.7665103306533171,0.5310104163129072,1.1064530354749957,-1.4198459064083522,0.155652546960581
seg,ALL,KAB,alpha (NB2 dispersion),0.21285827296004947,,,,,,
seg,ALL,KSI,ln_aadt,-0.056502556775864354,0.22153182139855143,0.9450640681750581,0.6121946896495079,1.4589249270798679,-0.25505390791787086,0.7986814631703478
seg,ALL,KSI,lanes,-0.006831056908968678,0.08014881838357826,0.9931922217242286,0.8488075974234557,1.1621370877072814,-0.0852296646006237,0.9320788074368392
seg,ALL,KSI,speed10,-0.272528069913614,0.15458716265648595,0.7614520549818162,0.5624129520891771,1.0309315066131255,-1.7629411474432004,0.07791041619765104
seg,ALL,KSI,raised_median,0.5343132778088056,0.2939415365903649,1.7062761021693071,0.9590499366126763,3.0356898277027664,1.8177535710219177,0.06910180581017566
seg,ALL,KSI,shoulder10,-0.009427567358668832,0.09643384441349645,0.9906167328308398,0.8200106898477454,1.1967179495509421,-0.09776201929941301,0.9221212670739475
seg,ALL,KSI,bikelane,0.04676543832729238,0.12915057103070837,1.0478761886591559,0.8135322733485866,1.3497245809796448,0.36210012819976517,0.7172772078481309
seg,ALL,KSI,busstops,0.021499781916735867,0.021227990729689353,1.0217325675145843,0.98009371933698,1.06514042374045,1.0128034344139027,0.31115405993972145
seg,ALL,KSI,popden,0.031476006271493405,0.027574102406084006,1.0319766143318803,0.9776835454729637,1.0892847051166215,1.1415061062712408,0.2536593723849968
seg,ALL,KSI,income,-0.0030376303310083444,0.027377652243821098,0.9969669786000815,0.9448795416857342,1.0519257879641548,-0.11095291531778119,0.9116536842442432
seg,ALL,KSI,ln_length,0.735504347480745,0.1576072075711428,2.086534065376937,1.5320308690736857,2.8417341281189374,4.666692334795307,3.060871243828675e-06
seg,ALL,KSI,int_per_mile,0.011988573006517568,0.005965722800173259,1.0120607239887052,1.00029580005839,1.0239640204235116,2.009575940432464,0.044476089800318176
seg,ALL,KSI,cty_Hillsborough,-0.01612498779792312,0.2998430402628471,0.9840043238353489,0.5467206253944875,1.7710407552815637,-0.05377809597910862,0.9571119611369459
seg,ALL,KSI,cty_Orange,0.1477447121171497,0.23724552528348972,1.15921692455114,0.728143949546492,1.8454920610172596,0.6227502581581104,0.5334486503444534
seg,ALL,KSI,cty_PalmBeach,-0.6416850352493745,0.1827274962381138,0.5264046658837578,0.3679416445881923,0.7531136427199716,-3.511704852635802,0.0004452421716968291
seg,ALL,KSI,cty_Pasco,-0.8452514479600327,0.5410231959945806,0.4294493604677751,0.14872491132999657,1.2400528704768756,-1.5623201633826058,0.11821258427801537
seg,ALL,KSI,cty_Pinellas,-0.1430154113857562,0.2282300988733035,0.8667407111171086,0.5541352961479237,1.35569682265331,-0.6266281795949613,0.5309029921143904
seg,ALL,KSI,alpha (NB2 dispersion),0.22621831145243493,,,,,,
seg,ALL,FAT,ln_aadt,1.0381714363354844,0.4281220717283772,2.8240483379871684,1.2202456314673595,6.535773462018264,2.4249425687030546,0.01531080866158767
seg,ALL,FAT,lanes,-0.01941983631256049,0.13993542717611585,0.9807675139778794,0.7455051224968979,1.2902727123492734,-0.1387771253102307,0.889626270409793
seg,ALL,FAT,speed10,-0.46957790211128264,0.24537936343070993,0.6252661361056943,0.386539408203593,1.0114304846108328,-1.9136813118511564,0.05566088834751949
seg,ALL,FAT,ln_length,0.6910065787855629,0.24362116066712536,1.9957233753594028,1.2380147689521979,3.2171763139198184,2.836398024265749,0.004562554606887964
seg,ALL,FAT,reg_Southeast Florida,0.09017138287501789,0.3138018995503643,1.0943618225097331,0.5916261539728045,2.0242982676216785,0.2873512971215958,0.7738433485576024
seg,ALL,FAT,reg_Tampa Bay,-0.43428404054523484,0.30990138521347543,0.6477282482690304,0.3528575814065437,1.189011957553156,-1.40136205020858,0.16110583457493366
seg,ANGLE,TOT,ln_aadt,-0.3404438383558667,0.2771525811711407,0.7114544818891319,0.41326638355063333,1.2247971283106251,-1.228362503128354,0.21931091733909525
seg,ANGLE,TOT,lanes,-0.13449927350257984,0.09974287015088718,0.8741535139466141,0.7189271131015497,1.0628954618898572,-1.3484600282618149,0.17751046809207438
seg,ANGLE,TOT,speed10,-0.32050289530383536,0.17974699703783975,0.7257839519405558,0.5102742210168357,1.0323122807277212,-1.7830778849471633,0.07457362584247425
seg,ANGLE,TOT,raised_median,0.9970548839101441,0.35511204859518813,2.7102879501371673,1.3512569977260822,5.436168534201953,2.8077191068409566,0.004989372548437535
seg,ANGLE,TOT,shoulder10,-0.15568186023054653,0.12088934166431542,0.8558314210760076,0.6752819511663506,1.0846542248551019,-1.287804682259274,0.19781396198507128
seg,ANGLE,TOT,bikelane,-0.10214848765408235,0.158387542898465,0.9028954728839509,0.6619348963687374,1.2315716234730838,-0.6449275352390881,0.5189741468238511
seg,ANGLE,TOT,busstops,0.01657730823387363,0.026783562462591858,1.0167154742255662,0.964718939767508,1.071514523990621,0.6189358961126576,0.5359585898203192
seg,ANGLE,TOT,popden,0.023872612703398657,0.03299601778214415,1.0241598446265852,0.9600215161169379,1.0925832074973898,0.7234998132507178,0.46937286878727025
seg,ANGLE,TOT,income,-0.01689926461736237,0.0325427678903738,0.9832427269786196,0.9224859904540045,1.0480010213277657,-0.5192940156255484,0.6035557259219753
seg,ANGLE,TOT,ln_length,1.0408341931541034,0.19030025174533707,2.8315781124854347,1.9500318382172082,4.111642922936468,5.469431509459929,4.514813443551786e-08
seg,ANGLE,TOT,int_per_mile,0.014003147016145606,0.007586022268452008,1.0141016503277376,0.9991349177695522,1.02929257991826,1.8459143040458101,0.06490464939164761
seg,ANGLE,TOT,cty_Hillsborough,0.22904341117834864,0.36238978618772444,1.2573966228941067,0.6180162238098114,2.558260133559303,0.6320360559491598,0.5273633170642896
seg,ANGLE,TOT,cty_Orange,-0.10387567842744751,0.282445986367862,0.901337346132296,0.5181607214859777,1.5678706969586373,-0.36777183405310715,0.7130433725216844
seg,ANGLE,TOT,cty_PalmBeach,-0.4993022415565097,0.2103137200547979,0.6069540192858655,0.4019140043140734,0.9165970271575506,-2.3740830670790993,0.017592592164948923
seg,ANGLE,TOT,cty_Pasco,-0.522463492453844,0.6291136087915077,0.593057753617822,0.17281628836461616,2.035210352302826,-0.8304755852563218,0.4062699460742495
seg,ANGLE,TOT,cty_Pinellas,-0.7249829672146844,0.30741165931947306,0.4843328184220241,0.2651366781163722,0.8847447311596082,-2.358345707575315,0.01835658895839038
seg,ANGLE,TOT,alpha (NB2 dispersion),0.6292809193393217,,,,,,
seg,ANGLE,KAB,ln_aadt,-0.553189427473646,0.396902847735179,0.5751126021829028,0.26418147437996675,1.2519973475273762,-1.393765327284183,0.16338848165020392
seg,ANGLE,KAB,lanes,-0.16367699954495735,0.1328656626653071,0.8490162102185831,0.6543625663311454,1.1015735958972082,-1.2318984172552165,0.2179870327315958
seg,ANGLE,KAB,speed10,-0.035305921027723265,0.2588603294424141,0.9653100624360256,0.5811931305769273,1.6032940990119056,-0.13638984816164115,0.8915130986783447
seg,ANGLE,KAB,raised_median,2.5152860639351378,0.6307614093370912,12.370146925927825,3.593022253325398,42.58825138848464,3.987698084730037,6.671749295360601e-05
seg,ANGLE,KAB,shoulder10,-0.29600329662289976,0.17560398704802102,0.7437849760375534,0.5271937709351544,1.0493600665991751,-1.6856297035098304,0.09186714432697024
seg,ANGLE,KAB,bikelane,-0.09461070670342629,0.24082687142006698,0.9097270161720505,0.5674336943021709,1.458502116218332,-0.3928577660189743,0.6944245365464845
seg,ANGLE,KAB,busstops,0.008353153237875893,0.038617056247464,1.0083881381660267,0.9348807695644173,1.0876752098213747,0.2163073535265767,0.8287481774629942
seg,ANGLE,KAB,popden,0.06008572808790863,0.046998579614663825,1.0619275796641583,0.968476086265877,1.1643965198969208,1.278458382796776,0.20108784982585148
seg,ANGLE,KAB,income,0.09391086402794331,0.05047112028656745,1.0984618290903796,0.9950000100393663,1.212681786727664,1.860685150135989,0.06278865212880501
seg,ANGLE,KAB,ln_length,1.1078768267648114,0.285862229695198,3.0279227603072867,1.7290754722569548,5.302438435737877,3.8755621123717203,0.00010637883901292606
seg,ANGLE,KAB,int_per_mile,0.022261141424810598,0.01091703604440754,1.0225107695277305,1.0008641239179006,1.0446255878444843,2.039119531552183,0.04143809933663232
seg,ANGLE,KAB,cty_Hillsborough,1.0709163080889508,0.5205565046865972,2.9180521100753145,1.0519289341067326,8.094680012149023,2.057252764008202,0.03966191847739328
seg,ANGLE,KAB,cty_Orange,0.19892340467084824,0.448675283329344,1.2200885092397868,0.5063737982746136,2.939757103252938,0.44335717179417533,0.6575074088242081
seg,ANGLE,KAB,cty_PalmBeach,-0.5790142362695371,0.31821003818669485,0.560450566192374,0.3003803088176057,1.0456905060846735,-1.819597645533192,0.06882030050289774
seg,ANGLE,KAB,cty_Pasco,0.1905495592069877,1.1542874748300285,1.209914334546599,0.12595206367285,11.622617798019403,0.16507981188572335,0.8688811627782429
seg,ANGLE,KAB,cty_Pinellas,0.2449144583552997,0.3863545971706261,1.2775120280507335,0.5990917311549288,2.724185457656139,0.6339110758584761,0.5261388568938714
seg,ANGLE,KAB,alpha (NB2 dispersion),0.4123964339447883,,,,,,
seg,LEFTTURN,TOT,ln_aadt,-0.08408695837868746,0.2445352228909832,0.9193513073199384,0.5692839162384051,1.4846841833432782,-0.34386440278247543,0.7309482636551727
seg,LEFTTURN,TOT,lanes,-0.049427949308192255,0.0898830192894045,0.9517737316218567,0.7980383164245518,1.135124990318729,-0.549914207365961,0.5823782190782492
seg,LEFTTURN,TOT,speed10,-0.32691524914334374,0.15453390696035135,0.7211448580812895,0.5326974208185645,0.9762576014315092,-2.1154920339082617,0.03438803316568812
seg,LEFTTURN,TOT,raised_median,0.5140310174003451,0.2928229642385385,1.6720175606698777,0.941856838088195,2.968224692048863,1.7554327364216107,0.07918531662743356
seg,LEFTTURN,TOT,shoulder10,-0.02755959060688176,0.1078307318810403,0.9728167100880251,0.7874874656107987,1.201761796541681,-0.2555819674606838,0.7982736439211104
seg,LEFTTURN,TOT,bikelane,-0.1170951910260336,0.13853833203192353,0.889500516666415,0.677984859909113,1.1670041853971267,-0.8452187153447988,0.3979887348379215
seg,LEFTTURN,TOT,busstops,0.024377072842239132,0.02657859516785968,1.0246766227800306,0.9726636172454562,1.0794710140853623,0.917169349556791,0.35905390538308957
seg,LEFTTURN,TOT,popden,-0.019012368101529578,0.03092119644791605,0.9811672269918802,0.9234691244049845,1.0424702915143176,-0.6148652149846202,0.5386437366475876
seg,LEFTTURN,TOT,income,0.02331487289092397,0.028878608102277683,1.0235887891718836,0.9672607233914241,1.083197098756147,0.8073406034096603,0.41947027708284834
seg,LEFTTURN,TOT,ln_length,0.8434179328481642,0.1777698013443681,2.3242977091941053,1.640480394164015,3.293157211865367,4.744438743081739,2.090852369345284e-06
seg,LEFTTURN,TOT,int_per_mile,0.014885005110419791,0.006832874734878985,1.0149963385125234,1.0014936850679899,1.028681041682144,2.1784396301659137,0.02937332214356916
seg,LEFTTURN,TOT,cty_Hillsborough,0.010761389473186802,0.31649663260335453,1.0108195014931705,0.5435834673509143,1.8796672930070915,0.03400159232238461,0.9728758809470366
seg,LEFTTURN,TOT,cty_Orange,-0.026347613782016246,0.2484397684235185,0.9739964561635355,0.598523458123767,1.5850157312012212,-0.10605231984076369,0.9155408409761033
seg,LEFTTURN,TOT,cty_PalmBeach,-0.6245538798594831,0.18889919869742525,0.5355002726953318,0.3697987614393198,0.775450250132407,-3.306281255644077,0.0009454313678697457
seg,LEFTTURN,TOT,cty_Pasco,-0.41487203553440277,0.5459321783373045,0.6604247862028507,0.22652519476593744,1.9254410030714455,-0.7599332884131147,0.4472944623910029
seg,LEFTTURN,TOT,cty_Pinellas,-0.07678879494012757,0.24005374896637222,0.9260854268807671,0.5785130681352785,1.4824802845774006,-0.31988167346173996,0.7490580309914798
seg,LEFTTURN,TOT,alpha (NB2 dispersion),0.7045905212191058,,,,,,
seg,LEFTTURN,KAB,ln_aadt,0.18394432700442345,0.3034711143433001,1.201948905137478,0.6630803814813241,2.178742141840721,0.6061345489255936,0.5444254106728439
seg,LEFTTURN,KAB,lanes,-0.040409027866279895,0.10470773127014826,0.9603965298589854,0.7822067547211392,1.1791786365920702,-0.3859221031350943,0.699554360393853
seg,LEFTTURN,KAB,speed10,-0.20999740314204146,0.1981670989847624,0.8105863509450705,0.5496877346605906,1.1953154325776365,-1.0596986291765251,0.28928172664834795
seg,LEFTTURN,KAB,raised_median,0.9437367104136744,0.38297715143254224,2.569565222352548,1.2130058996144928,5.443226149206778,2.4642115251094934,0.013731504825511248
seg,LEFTTURN,KAB,shoulder10,-0.13875082761057622,0.12639326905114717,0.8704448922725614,0.6794432032678974,1.115140024713218,-1.097770701337176,0.2723046281380793
seg,LEFTTURN,KAB,bikelane,0.11629431568646502,0.1744132023537484,1.12332643607695,0.7980727175561299,1.5811369744018255,0.6667747287306526,0.5049160371591781
seg,LEFTTURN,KAB,busstops,0.025619376329050453,0.02899260769425565,1.0259503731498103,0.9692757510653376,1.085938822888475,0.8836520191361213,0.3768840887904682
seg,LEFTTURN,KAB,popden,-0.006564038604305368,0.036496856263269324,0.9934574576373242,0.9248738983414497,1.067126796317962,-0.17985216471675836,0.8572686297479649
seg,LEFTTURN,KAB,income,0.008974887566271551,0.036577280971129764,1.0090152826262895,0.9392096238167821,1.0840091655321673,0.24536781652401604,0.8061716461323176
seg,LEFTTURN,KAB,ln_length,1.0435711685086366,0.20983914803653783,2.839338687400322,1.8819085317416218,4.283866110276524,4.973195794365915,6.585808483209912e-07
seg,LEFTTURN,KAB,int_per_mile,0.002964203819304722,0.008488757104624888,1.0029686014154962,0.9864193011035175,1.0197955517496404,0.349191734758172,0.7269453708499044
seg,LEFTTURN,KAB,cty_Hillsborough,0.16487600315099313,0.37568474471539665,1.1792468867472687,0.5646969313224657,2.46260098606596,0.4388679749982833,0.6607572028519704
seg,LEFTTURN,KAB,cty_Orange,-0.4805672318064753,0.35061670180672794,0.6184324977135431,0.3110579756337253,1.229541706651372,-1.370634169251243,0.17048902574077873
seg,LEFTTURN,KAB,cty_PalmBeach,-0.7734531869974374,0.2419328635255519,0.46141695502897934,0.28718128731836196,0.7413630894139469,-3.1969744652559307,0.0013887721985118117
seg,LEFTTURN,KAB,cty_Pasco,-0.14031327763431997,0.6757856329400674,0.8690859275636478,0.23111193512217706,3.2681581290463093,-0.2076298618895968,0.8355179860345903
seg,LEFTTURN,KAB,cty_Pinellas,-0.11511187883809545,0.2965931536966932,0.8912664244766845,0.49835905883201165,1.5939428115567118,-0.3881137423550005,0.6979318626046421
seg,LEFTTURN,KAB,alpha (NB2 dispersion),0.4792171579108308,,,,,,
seg,LEFTTURN,KSI,ln_aadt,0.5792417108882664,0.3958171090066179,1.784684610613303,0.8215521823022596,3.876928609007234,1.4634074619512765,0.1433559180736485
seg,LEFTTURN,KSI,lanes,-0.10974802911618445,0.12756175642702341,0.8960598878556926,0.6978374578740157,1.1505878819834179,-0.8603521320982281,0.3895949638325227
seg,LEFTTURN,KSI,speed10,-0.04948326542407448,0.2630247812907241,0.951721084651951,0.5683534192581763,1.5936792007925549,-0.18813157141030032,0.8507735125482732
seg,LEFTTURN,KSI,ln_length,0.9473710384342698,0.2458503932303004,2.5789208556633403,1.5928171926725063,4.175515439167406,3.8534452842905154,0.0001164672996433596
seg,LEFTTURN,KSI,reg_Southeast Florida,-0.40662238442815796,0.34525135448591604,0.6658955953773336,0.33847161708803947,1.3100565056466666,-1.1777575356181418,0.2388932821416555
seg,LEFTTURN,KSI,reg_Tampa Bay,-0.47745563221249815,0.29008320656363074,0.6203598089777774,0.3513337273439536,1.0953867011412268,-1.645926483882019,0.0997788956173232
seg,RIGHTTURN,TOT,ln_aadt,0.2589113030703962,0.32753131342045916,1.2955188911839883,0.6817787609276502,2.461750487989604,0.7904932825095293,0.42923974374889196
seg,RIGHTTURN,TOT,lanes,-0.09111447121729606,0.12292241584033221,0.9129132026321947,0.7174568975424811,1.161617538830371,-0.7412356045430112,0.45855059882180293
seg,RIGHTTURN,TOT,speed10,-0.02363783427263203,0.20584569929121754,0.9766393510166091,0.6524013069880625,1.462021016416505,-0.11483278180706953,0.9085776647979558
seg,RIGHTTURN,TOT,raised_median,1.0374717231773956,0.4325673854145813,2.822073005369705,1.2088139203651982,6.588355671177535,2.398404868603447,0.01646665318617524
seg,RIGHTTURN,TOT,shoulder10,0.021144708938596574,0.13921145642220467,1.0213698422897488,0.7774703694796864,1.3417827813002499,0.15188914391117544,0.8792743708502864
seg,RIGHTTURN,TOT,bikelane,-0.14936277717564714,0.17138199408220514,0.8612566139763588,0.6155300665434551,1.2050799716144422,-0.8715196597841179,0.3834704761277832
seg,RIGHTTURN,TOT,busstops,-0.029875506012705163,0.031215729710189922,0.9705663557030919,0.9129644504282111,1.0318025530796424,-0.957065757875035,0.3385340655543094
seg,RIGHTTURN,TOT,popden,0.09359846256897007,0.03958474225260428,1.0981187216087749,1.0161412527132863,1.1867097448586075,2.364508576857343,0.018054009306094087
seg,RIGHTTURN,TOT,income,0.06140705128271292,0.03804007089606842,1.0633316566218158,0.9869346152665303,1.1456424716329832,1.6142727875162703,0.1064682699529816
seg,RIGHTTURN,TOT,ln_length,1.169676205510685,0.2312664502261403,3.2209495439507827,2.0470381899830876,5.068061756465065,5.057699481991164,4.2434444633869246e-07
seg,RIGHTTURN,TOT,int_per_mile,0.01532202949497189,0.008399532057184913,1.0154400136040398,0.99885959741671,1.032295653858552,1.8241527493029226,0.0681289827065889
seg,RIGHTTURN,TOT,cty_Hillsborough,-1.0559098972986658,0.4160430494543815,0.34787575205000415,0.15391507738395657,0.786261754996657,-2.5379823041952894,0.011149362183575135
seg,RIGHTTURN,TOT,cty_Orange,0.0429703421246284,0.31244854895306134,1.0439069343297454,0.5658485512825896,1.92585398526098,0.13752773782631253,0.8906136694301868
seg,RIGHTTURN,TOT,cty_PalmBeach,-0.6361299501978466,0.23692611529966373,0.5293370257878008,0.33270298092967115,0.8421856819164026,-2.684929643122163,0.007254507568679668
seg,RIGHTTURN,TOT,cty_Pasco,-0.7433130888393106,0.7079321679510393,0.4755358103772247,0.11873512132491262,1.9045275267148527,-1.0499778403779474,0.29372830107302805
seg,RIGHTTURN,TOT,cty_Pinellas,-0.6519770966067134,0.3131709758882544,0.521014661470382,0.28201579207452915,0.9625570095569621,-2.081856707051141,0.037355560224501025
seg,RIGHTTURN,TOT,alpha (NB2 dispersion),0.6437719340885001,,,,,,
seg,REAREND,TOT,ln_aadt,0.6579663382715344,0.17180170374412487,1.9308616195059685,1.3788295663010883,2.7039067661442187,3.8298010085597594,0.0001282469231770714
seg,REAREND,TOT,lanes,-0.1186460903522485,0.0636124913664265,0.888122060114417,0.784015433349711,1.0060526363516729,-1.8651382425632796,0.06216202933448002
seg,REAREND,TOT,speed10,-0.27957584703502225,0.1037366349437619,0.7561043773650746,0.6169917344469201,0.9265826388794358,-2.69505413576011,0.007037719576832859
seg,REAREND,TOT,raised_median,0.32561139103682796,0.19380210636614278,1.3848770886397601,0.9472040515729174,2.02478499480077,1.6801230757609158,0.09293337202432987
seg,REAREND,TOT,shoulder10,-0.015658609369173834,0.065487071069788,0.9844633492572391,0.8658762589601413,1.1192916724552373,-0.23910993595188934,0.8110203374437575
seg,REAREND,TOT,bikelane,-0.05259153537114312,0.09152475791926043,0.9487674712983357,0.792961934101992,1.1351865403390957,-0.5746153998848849,0.5655514346224821
seg,REAREND,TOT,busstops,0.02271777701716054,0.01719120253877224,1.022977790959847,0.9890830472457672,1.0580340687378684,1.3214768987756336,0.18634240027770754
seg,REAREND,TOT,popden,-0.021835143082358805,0.020325648044345775,0.9784015180150141,0.9401898902180438,1.0181661602764938,-1.0742655306595719,0.2827036893008532
seg,REAREND,TOT,income,-0.013198005928766497,0.01947908448115848,0.9868887058580671,0.9499204720608994,1.0252956393677666,-0.6775475480653377,0.49805861267177076
seg,REAREND,TOT,ln_length,0.5734561456481562,0.11361641776380295,1.7743890130098834,1.420157763972714,2.2169764862481016,5.047300002366855,4.4809744248438017e-07
seg,REAREND,TOT,int_per_mile,0.009133011381472456,0.004521104304348289,1.0091748445873148,1.0002716838443222,1.0181572500720069,2.020084202146928,0.0433746542290336
seg,REAREND,TOT,cty_Hillsborough,0.047800256382195705,0.20565030816217028,1.0489611111103383,0.700981104331328,1.5696848400377923,0.23243464505047914,0.8162004427813481
seg,REAREND,TOT,cty_Orange,-0.2901463485414221,0.16031699495633878,0.7481540683095753,0.5464198412751265,1.0243671031819983,-1.8098290117054743,0.07032230741542166
seg,REAREND,TOT,cty_PalmBeach,-0.7640730309225034,0.13052591630429866,0.46576548112495747,0.3606296213815905,0.6015520371744965,-5.853803233537154,4.804570203072724e-09
seg,REAREND,TOT,cty_Pasco,-1.4081229350885116,0.3687831602171729,0.24460198631674446,0.11872588514955652,0.5039350233921615,-3.8182951039827344,0.0001343771248506424
seg,REAREND,TOT,cty_Pinellas,-0.6293685776930968,0.16435348411379042,0.5329281975434886,0.3861608036282846,0.7354771925799591,-3.8293595118272785,0.00012847720230476173
seg,REAREND,TOT,alpha (NB2 dispersion),0.34643810224253063,,,,,,
seg,REAREND,KAB,ln_aadt,0.7881594354360936,0.21494925307661966,2.1993446627835054,1.4431942691791968,3.3516741640509395,3.6667233040123683,0.00024567838306898125
seg,REAREND,KAB,lanes,-0.0704819372129715,0.07703486335417727,0.9319445728901136,0.8013397461155285,1.0838357777078518,-0.9149355777905662,0.36022545119964466
seg,REAREND,KAB,speed10,-0.47232903485763944,0.13687000231265445,0.6235483100307299,0.4768304798613611,0.8154103216204357,-3.4509317372457575,0.000558654849590986
seg,REAREND,KAB,raised_median,0.43141228178637225,0.26239676225722625,1.5394300981324025,0.9204566510592959,2.5746405594534325,1.6441219703902479,0.10015101057245011
seg,REAREND,KAB,shoulder10,0.07551751114137858,0.08102599590161359,1.0784421123050028,0.9200811182401741,1.2640596209792905,0.9320158339439144,0.35132834254291556
seg,REAREND,KAB,bikelane,0.0008616723050437213,0.11417949533585704,1.0008620436512763,0.8001707484280776,1.2518888404627155,0.007546646641843413,0.9939787043127064
seg,REAREND,KAB,busstops,0.02563059495648416,0.01846598269980899,1.0259618829693744,0.9894928586106997,1.0637750198459917,1.3879897632931975,0.1651401622777312
seg,REAREND,KAB,popden,0.03316628661469867,0.023614335378077438,1.0337224191518641,0.9869678527711716,1.082691839310528,1.4044979917363614,0.16017060927942062
seg,REAREND,KAB,income,0.00013161576580203,0.024074162054880853,1.000131624427537,0.9540361245351057,1.0484542885286279,0.0054670964456412265,0.9956379098834698
seg,REAREND,KAB,ln_length,0.9262449577085428,0.1348377264441369,2.525009834846733,1.9385940888331177,3.288813631898766,6.869330877455019,6.450373789496541e-12
seg,REAREND,KAB,int_per_mile,0.01065840228523018,0.005453456280046284,1.0107154053955543,0.9999696284375647,1.0215766575831378,1.9544306835700391,0.050650304941140374
seg,REAREND,KAB,cty_Hillsborough,0.3796652277078614,0.24799450258525108,1.4617951390022532,0.8990613562826781,2.376751056508274,1.530942112627464,0.12578369997688266
seg,REAREND,KAB,cty_Orange,0.23747480618978548,0.20632287414022002,1.2680430495523505,0.8462689795952337,1.9000261315109188,1.1509863226720762,0.2497378624240435
seg,REAREND,KAB,cty_PalmBeach,-0.45208106100704193,0.1611272195805539,0.6363025883059029,0.4639908664220186,0.8726055040845042,-2.805739850683817,0.0050201204257506685
seg,REAREND,KAB,cty_Pasco,-1.5672164174907393,0.5546975615334514,0.2086251000376723,0.07033936791634536,0.6187777009525076,-2.8253529962493396,0.004722855378574682
seg,REAREND,KAB,cty_Pinellas,-0.5484865958285319,0.21468310329903012,0.5778236296843516,0.37936158510991064,0.8801105861176356,-2.5548661604008487,0.010622863521250797
seg,REAREND,KAB,alpha (NB2 dispersion),0.11884035431683447,,,,,,
seg,REAREND,KSI,ln_aadt,0.6371399188976846,0.43738545775146953,1.891064539458934,0.8024100012073941,4.456730458266971,1.4567011948067996,0.14519887983632687
seg,REAREND,KSI,lanes,-0.03160473097772758,0.14584735654287567,0.9688894783975018,0.7279917598027599,1.2895019877748684,-0.21669731784570626,0.8284442383922411
seg,REAREND,KSI,speed10,-0.41620396162560075,0.2930535146394278,0.6595457347445748,0.37135795237753005,1.171378109543028,-1.4202319400185215,0.15554016787816954
seg,REAREND,KSI,raised_median,1.01121263499577,0.6110262919659749,2.748932446389047,0.8299424671692648,9.105004134303822,1.6549412820554692,0.09793640923855117
seg,REAREND,KSI,shoulder10,-0.02830042904509131,0.1706026721670203,0.9720962769710823,0.695807897216065,1.3580920473623237,-0.1658850279753247,0.8682474301895213
seg,REAREND,KSI,bikelane,0.2683559232137426,0.2356542713442182,1.3078125380285526,0.8240480409726255,2.075575148028902,1.1387696122925663,0.2547992593489623
seg,REAREND,KSI,busstops,0.08728517898337289,0.03830591841853989,1.0912078248882875,1.012280370944681,1.1762892487841186,2.27863428386375,0.022688814182377177
seg,REAREND,KSI,popden,0.029255426314994497,0.05358034471845901,1.0296875701898913,0.9270367693342368,1.1437048963710459,0.546010416109094,0.5850587772706262
seg,REAREND,KSI,income,0.09312686144624355,0.05337262876563747,1.097600969682568,0.9885821926814592,1.218642109444005,1.7448430703154867,0.08101218928776902
seg,REAREND,KSI,ln_length,0.7547661228853245,0.29586699526036436,2.1271139818951137,1.1910875676850277,3.7987248080908356,2.55103183179025,0.010740451565826354
seg,REAREND,KSI,int_per_mile,-0.009131401096131215,0.012086987496739227,0.9909101635362024,0.9677108968525244,1.014665594231685,-0.7554736942182362,0.4499648103302839
seg,REAREND,KSI,cty_Hillsborough,0.23222566335729491,0.5291228192884384,1.2614043494533027,0.44715273108513215,3.558383572785955,0.4388880140712713,0.6607426819995058
seg,REAREND,KSI,cty_Orange,0.27133603643449317,0.43003258068445205,1.311715780627082,0.564662076358217,3.0471291790004718,0.630966230518225,0.5280626049682586
seg,REAREND,KSI,cty_PalmBeach,-0.5910602079055128,0.34213988965148956,0.5537398939981621,0.2831851396228662,1.0827823473133147,-1.7275395993947926,0.08407079974465712
seg,REAREND,KSI,cty_Pasco,-2.2642339506352367,1.3149083322901385,0.10390960394595525,0.007895563323219308,1.3675029064047663,-1.7219709503944542,0.08507478094364664
seg,REAREND,KSI,cty_Pinellas,0.05431547046087307,0.4276171298118639,1.0558176288962542,0.45666093318767353,2.441090937441719,0.12701893042678136,0.8989254155912126
seg,REAREND,KSI,alpha (NB2 dispersion),0.04316636714414587,,,,,,
seg,SIDESWIPE,TOT,ln_aadt,0.33375928711274677,0.16871809078790884,1.3962070180987316,1.00307655207041,1.943415019885059,1.9782068748769033,0.047905373483059295
seg,SIDESWIPE,TOT,lanes,-0.050518599787575766,0.06715331012637613,0.9507362450156734,0.833485404839326,1.0844813866425778,-0.7522875595038365,0.45187814756139244
seg,SIDESWIPE,TOT,speed10,-0.04668778170467571,0.1167511686378923,0.9543853276384229,0.7591771935581201,1.1997875612444462,-0.39989134369592005,0.6892365482630634
seg,SIDESWIPE,TOT,raised_median,0.2060737511567823,0.22060149397419715,1.2288438293073263,0.7974746935656913,1.8935486843787896,0.9341448575179908,0.3502291755477325
seg,SIDESWIPE,TOT,shoulder10,-0.029638744255203194,0.07340064989796848,0.9707961759044843,0.8407137731207289,1.1210060371110784,-0.4037940303853292,0.6863641866493647
seg,SIDESWIPE,TOT,bikelane,-0.2824750205261617,0.10353419963180922,0.7539154741359735,0.6154497043510152,0.9235336992175973,-2.7283257274476074,0.0063656716058212316
seg,SIDESWIPE,TOT,busstops,0.025208282539127675,0.018282882876712425,1.0255286980025953,0.9894300903765899,1.0629443359930606,1.3787914471210874,0.16795906450474274
seg,SIDESWIPE,TOT,popden,-0.013040442602089168,0.021472951595689713,0.9870442155766149,0.9463645471840455,1.0294725076105216,-0.6072962323776108,0.543654338242145
seg,SIDESWIPE,TOT,income,-0.04955550482819659,0.020234237642495684,0.9516523353711388,0.9146492590764896,0.9901524091669396,-2.449091767318219,0.014321695453232135
seg,SIDESWIPE,TOT,ln_length,0.34472231022583427,0.12409487611299476,1.4115978789411119,1.1068258818396879,1.8002909080144318,2.7778931816003984,0.005471260129466693
seg,SIDESWIPE,TOT,int_per_mile,0.015976863172211135,0.00488655079001308,1.0161051756836605,1.006419742400008,1.0258838182059038,3.2695583978916076,0.0010771550052783734
seg,SIDESWIPE,TOT,cty_Hillsborough,-0.15145272436632815,0.21818229163043223,0.8594585127583088,0.5604080970300115,1.3180911180038966,-0.6941568137109226,0.48758387246913537
seg,SIDESWIPE,TOT,cty_Orange,-0.5643052204606125,0.17759308557220874,0.5687551689692957,0.4015642762258401,0.8055558260052128,-3.1775179683511268,0.001485414852871127
seg,SIDESWIPE,TOT,cty_PalmBeach,-0.8028748485706856,0.16246564542378492,0.4480390664056483,0.32585345813485617,0.6160407386027128,-4.941813061317792,7.739941073331856e-07
seg,SIDESWIPE,TOT,cty_Pasco,-2.228512057055028,0.44981321298847915,0.10768854539644472,0.044594446104620884,0.26005083194430517,-4.954305459924553,7.258909880908049e-07
seg,SIDESWIPE,TOT,cty_Pinellas,-1.0242709546941908,0.1989569908392549,0.35905813965939964,0.2431135509955468,0.5302984845054172,-5.148202887335279,2.6299394618029427e-07
seg,SIDESWIPE,TOT,alpha (NB2 dispersion),0.3199003165909021,,,,,,
seg,SIDESWIPE,KAB,ln_aadt,1.159477650258211,0.4497382943477532,3.188267450402773,1.320473775898355,7.698031964612272,2.5781163508430587,0.009934054260570794
seg,SIDESWIPE,KAB,lanes,-0.016585599772493277,0.13901241733117378,0.9835511840295835,0.7489748023586248,1.2915960971712332,-0.11931020329630601,0.9050296001806296
seg,SIDESWIPE,KAB,speed10,-0.49447974311603876,0.25915406038622935,0.6098881232668338,0.36698962485646447,1.0135532388617843,-1.908053234354471,0.05638433620016511
seg,SIDESWIPE,KAB,ln_length,0.49331986473282813,0.2472476785271683,1.6377442942575937,1.008752495870048,2.658934063959766,1.9952456891465644,0.046016090145754994
seg,SIDESWIPE,KAB,reg_Southeast Florida,-0.1941703067967182,0.3762649860137327,0.8235176416734848,0.393903359832294,1.7216946472256462,-0.5160467064815633,0.6058217883725775
seg,SIDESWIPE,KAB,reg_Tampa Bay,0.012805476970887754,0.34539516755927496,1.0128878181885848,0.5147010401470281,1.9932769748080625,0.03707485852039358,0.9704253182369399
seg,HEADON,TOT,ln_aadt,0.5852940176265159,0.37900664202489154,1.7955188222219425,0.8542264121292482,3.7740437373241535,1.5442843283682512,0.1225194674234592
seg,HEADON,TOT,lanes,-0.13362151963020433,0.1373572264858904,0.8749211424236805,0.6684179125033594,1.1452221598805687,-0.9728029827679302,0.3306512299689083
seg,HEADON,TOT,speed10,-0.03626575479874161,0.2444264119514554,0.9643839697572091,0.5972965697280648,1.5570764813668652,-0.1483708512071282,0.8820501028048207
seg,HEADON,TOT,raised_median,-0.5695918358717138,0.4037935665325779,0.5657563130113484,0.25639726362664,1.248376059809626,-1.4106015624836838,0.1583621306579428
seg,HEADON,TOT,shoulder10,-0.12591413419932504,0.14814707772867258,0.8816905505982598,0.6594939987601476,1.178749508677468,-0.8499265468464617,0.39536592525327485
seg,HEADON,TOT,bikelane,-0.37416990478416207,0.20257255327595866,0.6878600311898376,0.46245218590310977,1.0231358763814262,-1.847090826141888,0.06473397784765134
seg,HEADON,TOT,busstops,0.007852286516726571,0.033296991924217194,1.0078831965703945,0.9442070373520282,1.0758535975094894,0.23582570265200245,0.8135679227482305
seg,HEADON,TOT,popden,0.0440650715741322,0.04044146528191222,1.0450503557476543,0.9654121210373652,1.1312580630070928,1.0896012611551111,0.2758888273074315
seg,HEADON,TOT,income,-0.07703063844938998,0.043808305423737925,0.9258614862116437,0.849680470628482,1.008872771920926,-1.7583569531920364,0.0786867926955774
seg,HEADON,TOT,ln_length,0.5968548269246352,0.25214851077921147,1.816396924261562,1.1080965746878375,2.9774460654716033,2.3670765497689517,0.017929223988632715
seg,HEADON,TOT,int_per_mile,0.02360498359123707,0.009281016729547346,1.0238857863112838,1.005428874019629,1.0426815168129029,2.543361818979108,0.010979147340332066
seg,HEADON,TOT,cty_Hillsborough,0.30940129028378277,0.43636846422266834,1.3626090625823846,0.5793312258570572,3.2049083055808962,0.7090367788949632,0.4783016536018698
seg,HEADON,TOT,cty_Orange,0.19519360158072122,0.36018065503030733,1.2155462953951361,0.6000390861654373,2.4624275823282984,0.5419324965253802,0.5878650092173984
seg,HEADON,TOT,cty_PalmBeach,0.09298237486455076,0.27741707973493424,1.0974423925268073,0.6371468594367268,1.8902703310500526,0.33517177440334,0.7374955125763255
seg,HEADON,TOT,cty_Pasco,-0.491257612168219,0.9139465030633507,0.611856432034882,0.1020193520031512,3.6695811732943824,-0.5375124370207993,0.5909136963769139
seg,HEADON,TOT,cty_Pinellas,-0.3194511497112316,0.3861727320921202,0.7265476935737378,0.3408374148783507,1.5487488403399676,-0.8272234758279816,0.4081104079838648
seg,HEADON,TOT,alpha (NB2 dispersion),0.19932113627920087,,,,,,
seg,OFFROAD,TOT,ln_aadt,0.2708211633551234,0.17526284533593545,1.3110405873181974,0.929885318849742,1.8484294640997396,1.5452286126932742,0.12229097575796807
seg,OFFROAD,TOT,lanes,-0.04863620651857646,0.06186236435281237,0.9525275900028027,0.8437606280645404,1.0753154147495327,-0.7862002532136548,0.43175017777462377
seg,OFFROAD,TOT,speed10,-0.4305729936779435,0.11565738616649415,0.6501364638923457,0.5182686869299953,0.8155565488360985,-3.722831787484059,0.0001970007767669412
seg,OFFROAD,TOT,raised_median,0.7121789225287912,0.22508023049300538,2.0384279999259833,1.3113034870231153,3.168746786691797,3.1641113969399592,0.0015555724322101226
seg,OFFROAD,TOT,shoulder10,-0.012316875071123648,0.07230699176840522,0.9877586671684497,0.8572389490059429,1.138150787126249,-0.1703414119422065,0.864741645111848
seg,OFFROAD,TOT,bikelane,0.11972283708687902,0.09901541518731373,1.127184394570205,0.9283491509764112,1.368606475296796,1.2091333138420088,0.22661163236685977
seg,OFFROAD,TOT,busstops,0.002901033658281885,0.01777513046048715,1.0029052457285594,0.9685664162841451,1.038461498354067,0.16320744675999294,0.8703551031572686
seg,OFFROAD,TOT,popden,0.004271270560092935,0.021352058985906027,1.0042804054374053,0.9631185546498701,1.04720143525028,0.20004021920847526,0.8414491263930476
seg,OFFROAD,TOT,income,-0.02123005884934499,0.022086970736765934,0.9789937124928242,0.9375168748182745,1.0223055337390716,-0.961202833216303,0.3364501921184404
seg,OFFROAD,TOT,ln_length,0.7829546194553407,0.1232186921244861,2.187927217162157,1.7184899735846595,2.785599905254909,6.354187063309621,2.0953173027540022e-10
seg,OFFROAD,TOT,int_per_mile,-0.001644510373149491,0.004750339742464693,0.9983568410930993,0.9891046131414687,1.0076956157263766,-0.3461879491373482,0.7292014706505716
seg,OFFROAD,TOT,cty_Hillsborough,-0.21000187979275725,0.24951706897424403,0.8105827222412245,0.4970546322003802,1.321875518365789,-0.8416333225460993,0.3999932311301373
seg,OFFROAD,TOT,cty_Orange,-0.18594201870951668,0.18924624798565573,0.8303217367120703,0.5730028062778073,1.2031951308145814,-0.9825400539703725,0.32583386039028606
seg,OFFROAD,TOT,cty_PalmBeach,-0.28286985740299353,0.14121470119930768,0.7536178592633003,0.5714086381658396,0.9939294576008255,-2.003119044976461,0.045164512249110424
seg,OFFROAD,TOT,cty_Pasco,-0.1750494111492744,0.3693241144536948,0.8394155432577789,0.4070070892125775,1.73121911862998,-0.4739723302612069,0.635519638729402
seg,OFFROAD,TOT,cty_Pinellas,0.01651247420120247,0.18057494700759866,1.016649558598104,0.71361304171767,1.4483708460679146,0.09144388230393677,0.9271398947514349
seg,OFFROAD,TOT,alpha (NB2 dispersion),0.15513253211480615,,,,,,
seg,OFFROAD,KAB,ln_aadt,0.3045740371216749,0.35402057661739983,1.3560472541736492,0.6775267165061049,2.7140836084436897,0.8603286284425122,0.38960791611251466
seg,OFFROAD,KAB,lanes,-0.09663644084996455,0.12087825966213613,0.9078860164089647,0.7163704698898431,1.1506016138795976,-0.7994526155494851,0.424028011904105
seg,OFFROAD,KAB,speed10,-0.2079950197589018,0.22870405094880708,0.812211081708876,0.5187905926440548,1.271585974388162,-0.9094505274218305,0.36311236092532806
seg,OFFROAD,KAB,raised_median,0.5913886804727649,0.44892292816053336,1.806495319124674,0.7493866112647644,4.354795360583728,1.3173501360155218,0.18772128696109558
seg,OFFROAD,KAB,shoulder10,-0.0687341293442763,0.1521551752266935,0.9335748572446898,0.6928385546620682,1.257958305314789,-0.45173704569608264,0.6514584269834884
seg,OFFROAD,KAB,bikelane,0.24426562987427522,0.19923942365329117,1.2766834107064184,0.863947185028121,1.8865974210216572,1.225990446044137,0.22020227034684947
seg,OFFROAD,KAB,busstops,0.019144293610068017,0.03503711743620042,1.0193287206273225,0.9516780762622088,1.0917883542895208,0.546400360843843,0.5847907621221654
seg,OFFROAD,KAB,popden,-0.010253397295388197,0.0430554227567815,0.9897989895819554,0.9096985247001709,1.0769524333353862,-0.2381441555761573,0.8117692884965225
seg,OFFROAD,KAB,income,-0.011742213197272507,0.04429434179982616,0.9883264575431524,0.9061421170769159,1.0779646683135953,-0.2650951051567176,0.7909361980067873
seg,OFFROAD,KAB,ln_length,0.8512377701049965,0.23686275944426963,2.34254458985228,1.4725369971018178,3.7265720088843075,3.593801626318047,0.00032588799061247727
seg,OFFROAD,KAB,int_per_mile,0.0020083047757190877,0.009497698668644153,1.002010322770445,0.9835299544614718,1.0208379342023006,0.21145172591644076,0.8325347976327271
seg,OFFROAD,KAB,cty_Hillsborough,-0.6165806271836847,0.4705701483450212,0.5397870186217069,0.2146174543092457,1.35762501894497,-1.3102841932327778,0.19009971275622894
seg,OFFROAD,KAB,cty_Orange,-0.67518303957078,0.3547660708239778,0.509063233363598,0.25397370564987076,1.020363013169009,-1.9031781647061212,0.057017301325343564
seg,OFFROAD,KAB,cty_PalmBeach,-0.5547963189321851,0.255618478024804,0.5741892007563824,0.3479110150235529,0.9476366772777618,-2.170407723335049,0.029975972234260472
seg,OFFROAD,KAB,cty_Pasco,-1.6749617509929358,1.050571682400789,0.18731534397085364,0.02389509076421956,1.4683785231508069,-1.594333617640709,0.11086133190215124
seg,OFFROAD,KAB,cty_Pinellas,-0.6772567043776095,0.3543971560164866,0.5080087006037387,0.25363092238186935,1.0175133121210744,-1.9110105509596795,0.05600322500971437
seg,OFFROAD,KAB,alpha (NB2 dispersion),0.001273746171472992,,,,,,
seg,ROLLOVER,TOT,ln_aadt,-0.2813568291737283,0.42152763039204433,0.7547589674051691,0.3303670451003965,1.7243278569307683,-0.6674694821595696,0.5044722967672833
seg,ROLLOVER,TOT,lanes,-0.26090209217750415,0.1474070850232996,0.7703563398346832,0.5770536829136698,1.028411927512597,-1.7699426871935307,0.0767366887425272
seg,ROLLOVER,TOT,speed10,0.40204267228266144,0.26864526929217786,1.4948751210487443,0.8829364464621627,2.5309314577334767,1.4965559354235303,0.13450884309227534
seg,ROLLOVER,TOT,ln_length,0.7936691515809438,0.2615825041182227,2.211495871696621,1.324410485075625,3.6927478645353164,3.0341064065287924,0.0024124932323800656
seg,ROLLOVER,TOT,reg_Southeast Florida,0.2877276885971937,0.3429066408478701,1.3333941562477933,0.6808799130848564,2.611238695323627,0.8390846204837531,0.4014218257843605
seg,ROLLOVER,TOT,reg_Tampa Bay,-1.2605360315759782,0.3868881493761914,0.2835020197287673,0.13280985911743995,0.6051764208199221,-3.258140714851138,0.0011214478298935224
seg,SINGLE,TOT,ln_aadt,0.3113881988087033,0.2730573916138692,1.3653191335849832,0.7994715846389144,2.3316605272158335,1.1403763764397108,0.25412953047566345
seg,SINGLE,TOT,lanes,-0.09682154791258162,0.09272641013229387,0.9077179758485033,0.7568688336910033,1.0886323851655488,-1.0441636614039642,0.29640967625181547
seg,SINGLE,TOT,speed10,-0.35745731721805063,0.16823377853327662,0.6994525528863987,0.5029847018594219,0.9726615380760334,-2.1247654325694505,0.03360619054423174
seg,SINGLE,TOT,raised_median,0.4145105072293423,0.3220120183809642,1.5136296485568026,0.8052253935251104,2.8452588944821247,1.2872516662994407,0.1980065842544152
seg,SINGLE,TOT,shoulder10,-0.08454887522899443,0.104841634091493,0.9189267415243321,0.7482347764107729,1.1285580180316903,-0.8064436992198203,0.41998705861059993
seg,SINGLE,TOT,bikelane,-0.01680701648021146,0.14104384664262823,0.9833334334722387,0.7458334538611088,1.296461879496718,-0.11916164285278227,0.9051472946408602
seg,SINGLE,TOT,busstops,0.012662065508402924,0.02388680461575151,1.012742568880702,0.9664206621071556,1.0612847500453801,0.530086200816214,0.5960521660739871
seg,SINGLE,TOT,popden,0.012558192093450637,0.029512255475485936,1.012637377315003,0.9557242694222822,1.0729396445642885,0.4255246470023945,0.670454258260478
seg,SINGLE,TOT,income,-0.13328961676989143,0.032898838502141876,0.8752115794491727,0.8205574601646816,0.933505995604725,-4.051499166489225,5.0890507465850194e-05
seg,SINGLE,TOT,ln_length,0.9100474532427711,0.18106561188346135,2.484440425342271,1.7422177209619776,3.5428661715521557,5.02606455072486,5.006474305267455e-07
seg,SINGLE,TOT,int_per_mile,0.023258186384191817,0.006464478145907986,1.0235307671436438,1.0106440584135359,1.036581794122607,3.597844382676774,0.0003208654935287842
seg,SINGLE,TOT,cty_Hillsborough,0.43885171439060433,0.3154426182021979,1.5509252904336972,0.8357583043844032,2.878068029821825,1.3912251834953435,0.1641571528809972
seg,SINGLE,TOT,cty_Orange,0.14657980536615153,0.2599871993700804,1.157867331157704,0.6955898381253369,1.9273667944537938,0.5637962396660213,0.5728928112340216
seg,SINGLE,TOT,cty_PalmBeach,0.5308311957645659,0.19064654809146706,1.7003450410050103,1.1701874638705272,2.4706923871047533,2.784373496811951,0.005363123713791017
seg,SINGLE,TOT,cty_Pasco,-1.586676588320969,0.7275824534989886,0.20460446792837236,0.049156893043882696,0.8516198991437678,-2.180751584498147,0.029201795355334646
seg,SINGLE,TOT,cty_Pinellas,-0.3742527070467455,0.2620712460237867,0.6878030771809074,0.4115139540417787,1.1495918141611712,-1.4280571131896582,0.15327542027103264
seg,SINGLE,TOT,alpha (NB2 dispersion),0.19944619120895285,,,,,,
seg,SINGLE,KAB,ln_aadt,-0.1282940367757351,0.41566408681518113,0.8795947079252099,0.3894594032601923,1.9865661060779318,-0.3086483553552201,0.7575890332474875
seg,SINGLE,KAB,lanes,0.006173859830835647,0.1522129035718511,1.0061929573850867,0.7466465006902655,1.3559619800740685,0.04056068628847433,0.9676461261445158
seg,SINGLE,KAB,speed10,-0.19908416157248224,0.2742078310651948,0.8194809216275993,0.4787716534076013,1.402649835536311,-0.7260338291547501,0.46781803227092345
seg,SINGLE,KAB,raised_median,-0.008005966825546584,0.5428465025896002,0.9920259955733478,0.3423282825231536,2.874771458086378,-0.014748122696480206,0.988233127164308
seg,SINGLE,KAB,shoulder10,-0.16553213033805192,0.1852578633671094,0.8474426341491708,0.589407465470759,1.2184423514216818,-0.8935228299056397,0.37157725182595813
seg,SINGLE,KAB,bikelane,0.004669345712190508,0.22592841723149235,1.0046802640941659,0.6452287640891493,1.564379161684211,0.020667367874339468,0.9835110001211491
seg,SINGLE,KAB,busstops,0.0008021616316884025,0.03816469876918713,1.0008024834493743,0.9286710921031619,1.0785364370609387,0.021018419051064025,0.9832309626430432
seg,SINGLE,KAB,popden,0.052106704447816184,0.04298462801670921,1.0534881483873093,0.9683679343406663,1.1460904883722502,1.2122171774421544,0.22542925777401612
seg,SINGLE,KAB,income,-0.1508827469676939,0.05387775758852115,0.8599485243201365,0.7737680310163164,0.9557276016031039,-2.800464490746364,0.005102912132781458
seg,SINGLE,KAB,ln_length,0.5020924795113195,0.2903547547407024,1.6521747981365489,0.935192545591491,2.918844441677062,1.7292380142343693,0.08376650536098224
seg,SINGLE,KAB,int_per_mile,0.013465785999029475,0.009907779958435038,1.0135568580216414,0.9940642240231455,1.033431723641613,1.3591123395473987,0.17411099325722812
seg,SINGLE,KAB,cty_Hillsborough,0.31816378407335455,0.5159007166503589,1.374601380604928,0.5000727852964836,3.7785078714905644,0.6167151426714989,0.537422631464058
seg,SINGLE,KAB,cty_Orange,-0.14184318773709448,0.4387347516958568,0.8677573208064867,0.36723133053752555,2.050486179136903,-0.3233005527572709,0.7464676354191332
seg,SINGLE,KAB,cty_PalmBeach,0.527387284356402,0.2938799280488982,1.6944992752479884,0.9525455280752074,3.0143732863016015,1.7945672161341042,0.07272268037828382
seg,SINGLE,KAB,cty_Pasco,-2.1199033998716117,1.3495076486829045,0.12004322414224229,0.008523413342725085,1.6906813131108067,-1.5708717189862538,0.11621244890396988
seg,SINGLE,KAB,cty_Pinellas,-0.3659506217833143,0.4215376593664256,0.6935370459868121,0.3035635092664445,1.5844909532058895,-0.8681326891014693,0.3853216975733835
seg,SINGLE,KAB,alpha (NB2 dispersion),1.077046229276779e-06,,,,,,
seg,PED,TOT,ln_aadt,-0.1544629099829782,0.32095864766684096,0.8568752730711793,0.4567852735674063,1.6073969019766559,-0.48125486291091496,0.6303353727734189
seg,PED,TOT,lanes,0.061099268113543874,0.11922632552006031,1.0630044313944549,0.8414873232728748,1.342834752125936,0.5124645739691414,0.6083259077311778
seg,PED,TOT,speed10,-0.24382091547217646,0.22939003132598423,0.783627957340371,0.4998609211909227,1.228487264142212,-1.0629098137472444,0.28782285211538117
seg,PED,TOT,raised_median,-0.019296339382778346,0.386847167657523,0.9808886432340774,0.4595457451319514,2.093681729442028,-0.04988104087622908,0.9602171856827416
seg,PED,TOT,shoulder10,-0.3182237819670789,0.13972920294464156,0.7274399822485734,0.5531682801188025,0.9566147351401939,-2.2774321706619483,0.022760430825720452
seg,PED,TOT,bikelane,0.15416046004634631,0.19743940028538332,1.166678076978067,0.792295568280709,1.7179671195876125,0.7807988670119508,0.4349208005327626
seg,PED,TOT,busstops,0.04416077479086424,0.031832156264451766,1.0451503752143623,0.9819349143526763,1.1124355503040932,1.3873007666835417,0.1653500694351162
seg,PED,TOT,popden,0.09881369227223434,0.039697256242223956,1.1038606226355034,1.0212292717412277,1.1931779747437585,2.4891819139664175,0.012803743361042263
seg,PED,TOT,income,-0.048622388296278754,0.04145024645212095,0.9525407523317259,0.8782140947946193,1.033157962540878,-1.173030137527465,0.24078372029946615
seg,PED,TOT,ln_length,0.10781443287232584,0.24660655984762309,1.1138410339262834,0.6869220727412674,1.8060881984866224,0.4371920720152125,0.6619720588096618
seg,PED,TOT,int_per_mile,0.01338338740479911,0.009025510109183694,1.01347334580206,0.9957026477479487,1.03156120451658,1.4828399993903016,0.13811692591752717
seg,PED,TOT,cty_Hillsborough,0.8819115665451289,0.42943844111186347,2.4155127092659248,1.0410316805407536,5.604730151530479,2.053639083314858,0.040010636467414706
seg,PED,TOT,cty_Orange,1.0330913980205947,0.33916512477874566,2.8097384424103575,1.4453156685556288,5.462218591076408,3.0459835712605527,0.002319205069445525
seg,PED,TOT,cty_PalmBeach,-0.06050693859263352,0.281947923897932,0.9412872377870528,0.5416556186501615,1.6357656664372815,-0.2146032421736776,0.8300766659413441
seg,PED,TOT,cty_Pasco,0.6442331917946801,0.7013082060275162,1.9045260629906964,0.4817495566304604,7.5292638564755405,0.9186163604784674,0.3582962715028324
seg,PED,TOT,cty_Pinellas,0.7697624258821321,0.3169103781008093,2.1592532101677264,1.1602297951942049,4.018492237427174,2.4289593496280846,0.015142229987115771
seg,PED,TOT,alpha (NB2 dispersion),0.44823042452666106,,,,,,
seg,PED,KAB,ln_aadt,-0.1539209075541213,0.35086201370039605,0.8573398274338352,0.43101583284801676,1.7053470515164633,-0.4386935648313175,0.660883590552483
seg,PED,KAB,lanes,0.005459698811716897,0.13171011642535002,1.0054746301284039,0.7767069702726618,1.3016224529013145,0.04145238771246031,0.9669352493028577
seg,PED,KAB,speed10,-0.04534935509340345,0.251675680609222,0.955663557576007,0.5835450118570996,1.5650769293226003,-0.18018965910265125,0.8570036764028852
seg,PED,KAB,raised_median,-0.1933243286683031,0.419505106984925,0.8242146143569604,0.3622015919355458,1.8755569982157352,-0.46083903497091455,0.6449140937662656
seg,PED,KAB,shoulder10,-0.3115906444971639,0.1542732578800083,0.7322812302330145,0.5412000826648015,0.9908272694845487,-2.0197320571236976,0.04341118800953416
seg,PED,KAB,bikelane,0.2257475128334374,0.20895121253974058,1.253259193464606,0.8321048173165182,1.8875730236351989,1.0803838374017682,0.2799712901240279
seg,PED,KAB,busstops,0.041736493685140104,0.03333488471945938,1.0426197056736903,0.9766764189997601,1.1130153544327146,1.2520365387907355,0.2105565500681258
seg,PED,KAB,popden,0.07868617419761931,0.043244707938351376,1.0818647517163575,0.9939449527745298,1.1775615316915853,1.819556147998327,0.06882662488684685
seg,PED,KAB,income,0.0010042381395177233,0.045214016745259135,1.0010047425554753,0.9161132975443186,1.093762635368885,0.022210770283377257,0.9822798262670442
seg,PED,KAB,ln_length,0.17773527472623707,0.26350721010368133,1.1945090626372068,0.7126685331347568,2.0021255806626423,0.6744987154480674,0.4999943021231291
seg,PED,KAB,int_per_mile,0.021149933364728594,0.010008527611407553,1.0213751783749823,1.0015343952279343,1.0416090150983868,2.113191289058568,0.03458439857941662
seg,PED,KAB,cty_Hillsborough,0.9163449395818124,0.488314666236086,2.5001355229423043,0.9600673831128902,6.510665546006782,1.8765460121133986,0.06058034275437738
seg,PED,KAB,cty_Orange,1.1660488522333357,0.38087526596515997,3.209287186598909,1.5212514689532106,6.770428463845728,3.061497966475981,0.002202324879382539
seg,PED,KAB,cty_PalmBeach,-0.16988011286716587,0.310608900508635,0.8437659672155261,0.4590144638032768,1.551020857887986,-0.5469260944840284,0.5844295075145318
seg,PED,KAB,cty_Pasco,0.21292620655001873,0.8912165708978126,1.2372933437302212,0.21570182335805718,7.097273424053917,0.23891634592870803,0.8111704503389269
seg,PED,KAB,cty_Pinellas,0.7004675402843038,0.35359072917224643,2.014694438115197,1.007457379891511,4.028948281077067,1.9810121773387377,0.04758990798859778
seg,PED,KAB,alpha (NB2 dispersion),0.3748701074136641,,,,,,
seg,PED,KSI,ln_aadt,-1.0005227481605448,0.3909337789901859,0.36768718312591564,0.17088696661697853,0.7911303437089533,-2.5593151626471813,0.010487861192891117
seg,PED,KSI,lanes,0.2617239810437964,0.1425497143944795,1.2991678979681933,0.9824818004066884,1.7179323081734754,1.836018978750982,0.06635484980154106
seg,PED,KSI,speed10,-0.3493015006331608,0.28411631049099056,0.7051804858523748,0.4040690623598053,1.230679514840427,-1.2294313551711324,0.21891012023087686
seg,PED,KSI,ln_length,0.24760506720836667,0.27337148566441266,1.2809539415683553,0.7496093725802806,2.1889307423831297,0.9057457715700586,0.3650704297729086
seg,PED,KSI,reg_Southeast Florida,-1.131866885833475,0.40015512420605986,0.3224307527898352,0.14716940668957404,0.7064076201917907,-2.8285702652919675,0.004675643582079403
seg,PED,KSI,reg_Tampa Bay,-0.14864409189046998,0.3070585968729457,0.8618758089080765,0.4721403708405004,1.573324282053177,-0.48409031176539813,0.6283217766736988
seg,BIKE,TOT,ln_aadt,-0.2088871205362869,0.30448380891053495,0.8114868306719718,0.4467860715783594,1.4738840761703305,-0.6860368742879962,0.4926898559078383
seg,BIKE,TOT,lanes,-0.03864948807384215,0.10324336620830799,0.9620878733264945,0.7858365295601495,1.1778697492212322,-0.37435323443311,0.7081415310978174
seg,BIKE,TOT,speed10,-0.4699669470581415,0.2064043098207928,0.6250229267877461,0.4170624140898952,0.9366791295801525,-2.2769240984656895,0.022790758544944903
seg,BIKE,TOT,raised_median,0.3149545047338042,0.3672826307828118,1.3701969720629603,0.6670305369368338,2.8146233767229973,0.8575262708789755,0.39115410238485004
seg,BIKE,TOT,shoulder10,-0.13838817059978303,0.12746163829768964,0.8707606224626763,0.678267869260566,1.1178829132186197,-1.0857240848934817,0.27760108166135566
seg,BIKE,TOT,bikelane,0.22300657851824304,0.17275227842532478,1.249828795730473,0.8908422751673711,1.753477649389285,1.2909038338075614,0.19673702585696695
seg,BIKE,TOT,busstops,0.03423819156441066,0.027560543760064296,1.0348310654051334,0.980413875819849,1.0922686432115498,1.2422901326795441,0.21412953465680418
seg,BIKE,TOT,popden,0.09249291986120411,0.03608830693159811,1.0969053752905078,1.021998310118019,1.1773027317454818,2.5629609068808765,0.010378373350729539
seg,BIKE,TOT,income,0.010754734953753715,0.03815633877445428,1.0108127749975353,0.9379752755198266,1.0893063951306898,0.2818597197526201,0.7780510767314072
seg,BIKE,TOT,ln_length,0.4011548063118011,0.21254704661721202,1.4935484613332386,0.984681140881687,2.2653901996675994,1.887369468060704,0.05911064875968247
seg,BIKE,TOT,int_per_mile,0.008940018961221296,0.007945493942429313,1.0089801002842929,0.9933888016069223,1.024816105358649,1.1251684320695499,0.26051766739180937
seg,BIKE,TOT,cty_Hillsborough,0.13240048008603866,0.42261800553003126,1.1415654019452608,0.4986101202566385,2.6136083364045883,0.3132864155183996,0.7540630698934457
seg,BIKE,TOT,cty_Orange,1.1167915093171725,0.30815590531369225,3.055036405715908,1.6699704554123773,5.588869797067667,3.624111983771061,0.00028995596287740823
seg,BIKE,TOT,cty_PalmBeach,-0.06374431469290791,0.24522627977068256,0.9382448642907291,0.5801968577911638,1.517249556847454,-0.25994079734242537,0.7949094409087998
seg,BIKE,TOT,cty_Pasco,0.806314228961533,0.609302588905207,2.239637962591961,0.6784674018533705,7.393101259958715,1.3233395748577335,0.1857224765381813
seg,BIKE,TOT,cty_Pinellas,0.46953069935609404,0.3473510940576321,1.599243491078514,0.8095494302814205,3.1592632248137242,1.3517467121557132,0.17645635622098155
seg,BIKE,TOT,alpha (NB2 dispersion),0.21178283722043614,,,,,,
seg,BIKE,KAB,ln_aadt,0.28994704524482845,0.414876159253033,1.336356719708815,0.5926150622769097,3.0135063989926656,0.698876131534928,0.48462944514959094
seg,BIKE,KAB,lanes,-0.139659041895788,0.13669926685055853,0.8696547006728753,0.6652518388875599,1.136861642753395,-1.0216517258169728,0.30694576667824436
seg,BIKE,KAB,speed10,-0.2689254212535939,0.2849644649353016,0.764200246619411,0.43716010738700295,1.3358996099252294,-0.9437156359641221,0.34531498162917773
seg,BIKE,KAB,raised_median,0.6847567535315823,0.5322612017881984,1.983289348728004,0.6987409530205725,5.6293203135928715,1.2865051054464536,0.1982668381833016
seg,BIKE,KAB,shoulder10,-0.26091452197896164,0.16798451170891585,0.7703467645178373,0.5542362911046638,1.0707240704507281,-1.5532058243028692,0.12037397033560868
seg,BIKE,KAB,bikelane,0.6333351128291322,0.23724244356400304,1.883883076324,1.183338786884858,2.9991541599027345,2.669569168630957,0.007594862839806899
seg,BIKE,KAB,busstops,0.0604518297213604,0.03628645216381502,1.0623164242596586,0.9893871019379943,1.1406214847973144,1.6659614295839917,0.0957210969604229
seg,BIKE,KAB,popden,0.11808475324016654,0.048260001350546894,1.1253394834932502,1.0237733360411059,1.2369817698182441,2.446845212092568,0.01441127151756361
seg,BIKE,KAB,income,0.06406446166914105,0.050740536050550775,1.066161123072006,0.9652318098882883,1.1776440940976842,1.2625893744070062,0.20673678847823973
seg,BIKE,KAB,ln_length,0.2685228769850481,0.28425731658013964,1.3080309004916482,0.749295787522056,2.2834037841039234,0.9446471957718086,0.3448390235582053
seg,BIKE,KAB,int_per_mile,0.0013632151974604706,0.010815936520101684,1.001364144797665,0.980359419089984,1.0228189080053314,0.12603764777344076,0.8997021235713116
seg,BIKE,KAB,cty_Hillsborough,0.33518664684644867,0.5628558055639488,1.3982013307384633,0.463935042086736,4.213880789184522,0.5955106859217898,0.55150215832575
seg,BIKE,KAB,cty_Orange,1.097917086265845,0.42385079699838707,2.997915117584807,1.3062618704937274,6.880316462767551,2.5903386145337906,0.00958815671880852
seg,BIKE,KAB,cty_PalmBeach,-0.1393804413564808,0.35363253782540793,0.8698970206951709,0.4349604308934207,1.7397463605137808,-0.39413918813458954,0.6934782798971134
seg,BIKE,KAB,cty_Pasco,1.2705528414823353,0.7623206537300805,3.562821693623042,0.7996384109297612,15.874297991503004,1.6666908278890835,0.09557589766386246
seg,BIKE,KAB,cty_Pinellas,0.8290896588310945,0.40991261102876253,2.2912319877739598,1.0259930175460215,5.11674439496186,2.0226010045173246,0.04311430055903732
seg,BIKE,KAB,alpha (NB2 dispersion),0.27615795167081253,,,,,,
seg,ALCOHOL,TOT,ln_aadt,1.245330970264203,0.3092669507454422,3.474084427720833,1.8949031836425536,6.369329428077567,4.0267185590394226,5.6560665071137296e-05
seg,ALCOHOL,TOT,lanes,-0.4248827367146564,0.1036980936457613,0.6538464528177746,0.5335881457383088,0.8012081739013286,-4.097305184472151,4.179876815845251e-05
seg,ALCOHOL,TOT,speed10,-0.00311535992664323,0.18416297465101797,0.9968894877716781,0.6948392256052649,1.430242585921949,-0.016916320626047237,0.9865033726533845
seg,ALCOHOL,TOT,raised_median,0.44898545900525744,0.3377134134398113,1.566721875339264,0.8082104218069953,3.0371019334031244,1.3294866035437396,0.18368748262892098
seg,ALCOHOL,TOT,shoulder10,-0.003218369375720488,0.11566828012766472,0.9967868040235407,0.7945906533147792,1.2504349611092815,-0.027824130973230762,0.9778024196778177
seg,ALCOHOL,TOT,bikelane,-0.1590813561701563,0.16502348491418514,0.8529269652750494,0.6172214615843592,1.1786440578814446,-0.9639922236091497,0.33504982462501953
seg,ALCOHOL,TOT,busstops,-0.033303417694335535,0.02682943232531682,0.9672450358025079,0.9176959934271002,1.019469373284252,-1.2413016157225856,0.21449434804934286
seg,ALCOHOL,TOT,popden,0.01905303266860785,0.036235105040650854,1.0192356999732615,0.9493594611568842,1.0942550789287526,0.5258169569877869,0.5990153916213099
seg,ALCOHOL,TOT,income,-0.006132463470703976,0.036645199152748324,0.9938863017048929,0.9250041510944639,1.0678978894828242,-0.16734698166441953,0.86709703928837
seg,ALCOHOL,TOT,ln_length,0.8243251796334253,0.18989738367720174,2.280341425162228,1.5716504474785182,3.3085964017339013,4.340898034881089,1.4190156556857222e-05
seg,ALCOHOL,TOT,int_per_mile,0.02343577691538786,0.007636145192083702,1.0237125526574915,1.0085048951970323,1.0391495325997115,3.069058579410387,0.002147344810197446
seg,ALCOHOL,TOT,cty_Hillsborough,0.3713101316908806,0.36107877066785854,1.4496325806832155,0.7143342715097386,2.941808482094689,1.0283355374343885,0.3037920199127956
seg,ALCOHOL,TOT,cty_Orange,0.033595151174670566,0.31691519165096727,1.034165841139478,0.5556822591356065,1.9246592263776559,0.10600675530780612,0.9155769924291859
seg,ALCOHOL,TOT,cty_PalmBeach,0.5210936498372528,0.23816938346830308,1.6838682052424168,1.055781929960262,2.685603960595384,2.1879119904032622,0.028676013725483156
seg,ALCOHOL,TOT,cty_Pasco,0.3043258886614572,0.5614133790047264,1.3557107948831977,0.4511098793695897,4.074288423767853,0.5420709588377928,0.5877696239738751
seg,ALCOHOL,TOT,cty_Pinellas,0.5588983274136282,0.2909339299241623,1.7487448943850632,0.9887317920027436,3.0929608316158395,1.9210489734192095,0.05472553366253751
seg,ALCOHOL,TOT,alpha (NB2 dispersion),0.29469408257287066,,,,,,
seg,ALCOHOL,KAB,ln_aadt,1.146384722499176,0.4387064387869866,3.146795780226556,1.3317849398008155,7.435377429581588,2.613102113725305,0.008972448987173478
seg,ALCOHOL,KAB,lanes,-0.42769742617552664,0.14206649047797162,0.6520086657113195,0.4935417876953606,0.8613562433036741,-3.0105440398828183,0.002607801274202132
seg,ALCOHOL,KAB,speed10,0.2048507878042071,0.2729771370126677,1.2273419169171444,0.718791175585289,2.095696541899339,0.750432032682286,0.452994544488157
seg,ALCOHOL,KAB,ln_length,0.5694362106978675,0.2667607754271738,1.7672704023632648,1.0476872238833026,2.981085006928653,2.134632461560394,0.032791043711185325
seg,ALCOHOL,KAB,reg_Southeast Florida,0.6281506584132776,0.37986863520062125,1.8741414447325413,0.8901263441786956,3.9459636014986326,1.6535996926451437,0.0982088751939801
seg,ALCOHOL,KAB,reg_Tampa Bay,0.35002411856454657,0.34820973080653866,1.4191017748782666,0.7171523676213102,2.8081199175877964,1.0052106176177367,0.314795443627762
