facility,type,sev,lu,events,estimator,n_eigvec,beta,se,IRR,lo,hi,z,p,LR,p_LR,d_aic,q
int,ALL,TOT,LU_MXDUSE,51277,NB2,10.0,-0.06867490454901902,0.28721178838424344,0.9336301496617924,0.5317350129010819,1.6392850483961938,-0.23910893398687028,0.8110211143660659,0.05677264583937358,0.8116716017283838,-1.9432273541606264,0.9499854593531257
int,ALL,TOT,LU_GASSTNS,51277,NB2,10.0,0.15653980664541087,0.05130056763636355,1.1694573135651165,1.0575878418609992,1.293160108425953,3.051424455086346,0.002277583538961475,9.662014751351307,0.0018811719695545853,7.6620147513513075,0.04441287900974877
int,ALL,TOT,LU_SUPERMKTS,51277,NB2,10.0,0.07097708521135666,0.06418944369282166,1.073556625263335,0.946642065077779,1.2174863870560262,1.1057438907091521,0.2688373869569376,1.2412551364523097,0.2652292954786256,-0.7587448635476903,0.6552911307075354
int,ALL,TOT,LU_REGSHOPCNTRS,51277,NB2,10.0,0.32274107542271085,0.21078664378656117,1.3809077536558787,0.9135650040176535,2.0873240718731347,1.5311267812087408,0.12573806209218386,2.492945036211495,0.11435755569792977,0.4929450362114949,0.42443139694579046
int,ALL,TOT,LU_COMMSHOPCNTRS,51277,NB2,10.0,0.16114937206503974,0.041354338880032246,1.1748604470388806,1.0833898416759236,1.274053915699617,3.8967947845213886,9.747414567336487e-05,15.54768422691177,8.0450132599733e-05,13.54768422691177,0.0057022375218918455
int,ALL,TOT,LU_FASTFOOD,51277,NB2,10.0,0.08986480724132975,0.041676349285505884,1.0940263692640362,1.0082127033751735,1.1871440348234377,2.156254297268373,0.03106381383692262,4.7672811421307415,0.029005597935349074,2.7672811421307415,0.18673998096151356
int,ALL,TOT,LU_RESTOS,51277,NB2,10.0,-0.013501761125716874,0.05010639005651251,0.9865889788089801,0.8943033124875398,1.0883978617946892,-0.26946186126138616,0.7875742874209268,0.07238332512588386,0.7878977523816698,-1.9276166748741161,0.9499854593531257
int,ALL,TOT,LU_BARS,51277,NB2,10.0,-0.2090279055131447,0.1872566889543888,0.8113725935589186,0.5621137677459407,1.171160578788866,-1.1162640260293124,0.26430913537597,1.1803952151294652,0.2772755523045516,-0.8196047848705348,0.6510351334523893
int,ALL,TOT,LU_HOTELS,51277,NB2,10.0,0.11872394474838956,0.076229862311871,1.12605902087156,0.9697794685117193,1.3075229571854905,1.5574466639158695,0.11936447441324774,2.507934306014249,0.11327432466417334,0.5079343060142492,0.42443139694579046
int,ALL,TOT,LU_OFFBLDGS,51277,NB2,10.0,-0.014938922342951364,0.08020103062713023,0.985172109769772,0.8418672459000408,1.152870705678296,-0.18626845847412163,0.8522342410650696,0.03450624997549312,0.852634087632924,-1.9654937500245069,0.9499854593531257
int,ALL,TOT,LU_DEPTSTRS,51277,NB2,10.0,0.11268595198234772,0.118113072659277,1.1192803699662617,0.8879714650758764,1.410843248757731,0.9540514817306888,0.34005758364389327,0.9326000745022611,0.3341882075138084,-1.0673999254977389,0.7116795902865384
int,ALL,TOT,LU_BANKINS,51277,NB2,10.0,0.08844009578389131,0.045057971265624046,1.0924688071627535,1.0001264801012018,1.193337161218691,1.9628068752257533,0.04966861863760988,3.938518594006382,0.047192318557885055,1.938518594006382,0.24213451585834814
int,ALL,TOT,LU_AUTOSALSER,51277,NB2,10.0,0.02390067593017315,0.02821188172027211,1.0241885862598479,0.9690930816198654,1.0824164160490928,0.8471847488641259,0.3968921529283672,0.7252142418483345,0.39443885119550215,-1.2747857581516655,0.7255684670721713
int,ALL,TOT,LU_REPAIRSTRS,51277,NB2,10.0,-0.16656282883888104,0.1821701149404892,0.8465696262778525,0.592374493266141,1.209842996758191,-0.9143257602559745,0.36054569859361685,0.8036269588637879,0.3700111760251794,-1.1963730411362121,0.7255684670721713
int,ALL,TOT,LU_SINGLESTORE,51277,NB2,10.0,0.054636493610693004,0.016715464090232765,1.0561566252070382,1.0221151779307012,1.0913318195968988,3.2686196037248156,0.001080734901479753,10.764668234883175,0.0010345610774202788,8.764668234883175,0.02809910743847358
int,ALL,TOT,LU_PARKSREC,51277,NB2,10.0,0.07316160066998904,0.09548010336352736,1.0759043897371845,0.8922763348701969,1.297322601326348,0.7662497011700575,0.4435277405554695,0.5931317736403798,0.4412106301570956,-1.4068682263596202,0.7525171571399879
int,ALL,TOT,LU_SCHOOLS,51277,NB2,10.0,-0.1253701235463566,0.07708551339798748,0.8821703301411656,0.7584656789451573,1.026051030369226,-1.626377227314798,0.10386943222746695,2.5565428851432443,0.10983853800944636,0.5565428851432443,0.39861149515771677
int,ALL,TOT,LU_HOSPITALS,51277,too rare (<5 sites),,,,,,,,,,,,
int,ALL,TOT,LU_INDUSTRIAL,51277,NB2,10.0,-0.10189757118553465,0.043049070699433735,0.9031220526525836,0.830046338894609,0.9826312143893168,-2.3670097758202013,0.0179324591376684,5.390103107797586,0.020251274150430446,3.390103107797586,0.14986412279337163
int,ALL,KAB,LU_MXDUSE,4623,NB2,8.0,0.2937628560567209,0.3397040992491595,1.3414657454671635,0.6893148274290802,2.610607337395359,0.8647609984866785,0.3871699817699249,0.7541012964629772,0.38518083449853324,-1.2458987035370228,0.8343465698687513
int,ALL,KAB,LU_GASSTNS,4623,NB2,8.0,0.13059072102264088,0.05414663758259113,1.1395013119288002,1.024764993184356,1.2670839153595697,2.411797423680239,0.015874098668475802,5.896788084493437,0.015168521558187138,3.896788084493437,0.2785948274749051
int,ALL,KAB,LU_SUPERMKTS,4623,NB2,8.0,0.05091051437483277,0.07220100935918873,1.052228729724426,0.9133798271097342,1.2121849714603572,0.7051219204091861,0.48073436614287113,0.49952588374435436,0.4797085188498996,-1.5004741162556456,0.8376640849714798
int,ALL,KAB,LU_REGSHOPCNTRS,4623,NB2,8.0,-0.10923088672591025,0.25349154432134824,0.8965233982480333,0.5454880864718782,1.473458767550257,-0.43090544506462725,0.666537124114402,0.18485929916641908,0.6672300700562558,-1.815140700833581,0.9275894732577673
int,ALL,KAB,LU_COMMSHOPCNTRS,4623,NB2,8.0,0.15916314608333582,0.046562685386188504,1.1725292246277643,1.070258579889894,1.2845725401684003,3.418255299565412,0.0006302396038237856,11.800469228001475,0.0005921579450119593,9.800469228001475,0.029495213458953163
int,ALL,KAB,LU_FASTFOOD,4623,NB2,8.0,0.07036734411406334,0.0456158566159863,1.072902233193784,0.9811403759993774,1.173246183880358,1.542607096178103,0.12292613524296493,2.400243114542718,0.12131639544204895,0.4002431145427181,0.7990198790792721
int,ALL,KAB,LU_RESTOS,4623,NB2,8.0,0.008555188597044875,0.05871905642242544,1.0085918888074268,0.8989443379083735,1.1316135552230584,0.14569696991550357,0.8841606135016256,0.021240971697352506,0.8841244110498488,-1.9787590283026475,0.9800263849771178
int,ALL,KAB,LU_BARS,4623,NB2,8.0,-0.30310230686903633,0.21599454560965714,0.738523536474674,0.4836220255690982,1.1277753805469137,-1.4032868562190424,0.1605313160578773,1.9078633049280143,0.1672007994745588,-0.09213669507198574,0.8242292770157517
int,ALL,KAB,LU_HOTELS,4623,NB2,8.0,0.07775545126121226,0.08672013093195562,1.0808583038125714,0.9119081512160747,1.2811100233753405,0.8966251598746151,0.3699189679274957,0.8103907969266402,0.36800473669174694,-1.1896092030733598,0.8343465698687513
int,ALL,KAB,LU_OFFBLDGS,4623,NB2,8.0,-0.001858662839755902,0.09802695590324315,0.9981430634043524,0.8236649083473822,1.2095811839564716,-0.018960732001006772,0.9848724310974039,0.00035945634090239764,0.9848735464417784,-1.9996405436590976,0.9999025320875652
int,ALL,KAB,LU_DEPTSTRS,4623,NB2,8.0,0.030571451292254963,0.13519189529585313,1.0310435568114622,0.7910416454482105,1.3438620105014796,0.2261337576883036,0.8210973896957241,0.05129594896288836,0.8208233767519179,-1.9487040510371116,0.9657360746195793
int,ALL,KAB,LU_BANKINS,4623,NB2,8.0,0.07136201950900485,0.05103544743886259,1.0739699535758844,0.9717395554720223,1.1869553469226823,1.398283410652807,0.16202797753301101,1.9702630348979255,0.1604199450638772,-0.029736965102074464,0.8242292770157517
int,ALL,KAB,LU_AUTOSALSER,4623,NB2,8.0,-0.002321102736738821,0.03196132770676306,0.9976815889392635,0.9370999754576931,1.0621796809056805,-0.07262222514766407,0.9421067403058851,0.005270871890843409,0.9421238134950355,-1.9947291281091566,0.9939886349587852
int,ALL,KAB,LU_REPAIRSTRS,4623,NB2,8.0,-0.4091643720848541,0.22751783048760563,0.6642050465806415,0.42524095412106133,1.0374549761206595,-1.7983837627492847,0.07211621407207902,3.1648666945843615,0.07523857800563534,1.1648666945843615,0.5966266319648683
int,ALL,KAB,LU_SINGLESTORE,4623,NB2,8.0,0.025678443767116397,0.019070008988434955,1.0260109751997215,0.9883693907316348,1.0650861217495105,1.3465354831604506,0.17812988500979332,1.8162920670947642,0.17775527682725606,-0.1837079329052358,0.825642678219077
int,ALL,KAB,LU_PARKSREC,4623,NB2,8.0,0.08719056839575778,0.1074655507706549,1.0911045899584004,0.8838729829491763,1.3469234258705074,0.8113350536101891,0.41717328493437567,0.6640803337709258,0.41512311717595074,-1.3359196662290742,0.8343465698687513
int,ALL,KAB,LU_SCHOOLS,4623,NB2,8.0,-0.09392443600707126,0.08894698159694676,0.9103515494398611,0.7647085333309892,1.083733092342585,-1.0559597899867954,0.2909865859469539,1.1035692475416,0.2934841359201096,-0.8964307524584001,0.825642678219077
int,ALL,KAB,LU_HOSPITALS,4623,too rare (<5 sites),,,,,,,,,,,,
int,ALL,KAB,LU_INDUSTRIAL,4623,NB2,8.0,-0.07395266225111073,0.05128578687029284,0.92871565610926,0.8398996953966055,1.0269235417393143,-1.441971874939636,0.14931030801346393,2.0600450973347506,0.15120569537394143,0.06004509733475061,0.8105012532521055
int,ALL,KSI,LU_MXDUSE,958,NB2,7.0,-0.18480325997864497,0.5320793971594769,0.8312678114123594,0.29297181228124813,2.3586097546713445,-0.3473227134243933,0.7283488888127436,0.12181053643894302,0.727079052750462,-1.878189463561057,0.9415569434393954
int,ALL,KSI,LU_GASSTNS,958,NB2,7.0,0.1550646253981637,0.07519465935779707,1.167733423904161,1.0077126837504806,1.3531648170070822,2.06217604710892,0.03919097829266236,4.211133862971792,0.040159484420057255,2.211133862971792,0.3878873824430667
int,ALL,KSI,LU_SUPERMKTS,958,NB2,7.0,0.0348810692215237,0.1042330858228005,1.035496549065337,0.8441578473120819,1.2702045080081026,0.33464488694906924,0.7378929803302428,0.11164907608940666,0.7382744406935497,-1.8883509239105933,0.9415569434393954
int,ALL,KSI,LU_REGSHOPCNTRS,958,NB2,7.0,-0.4071256596479388,0.4122302243148078,0.6655605509420718,0.29668126469281564,1.4930866882644815,-0.9876171994051294,0.32334015965416163,1.02346064533981,0.3116995384787792,-0.9765393546601899,0.807450772269646
int,ALL,KSI,LU_COMMSHOPCNTRS,958,NB2,7.0,0.17894317648610225,0.06651928857665765,1.1959527839973916,1.0497639935690677,1.362499638312282,2.690094562269498,0.007143177471080927,7.148968873675813,0.007500709837840907,5.148968873675813,0.1744257489509254
int,ALL,KSI,LU_FASTFOOD,958,NB2,7.0,0.10658782693975895,0.06359605186267818,1.1124756274851484,0.9821016775336299,1.2601567129551063,1.6760132715457265,0.09373559307789418,2.7794784368136334,0.09547925719609641,0.7794784368136334,0.7018905748648743
int,ALL,KSI,LU_RESTOS,958,NB2,7.0,-0.07461447276648157,0.09196695309826156,0.928101225662949,0.7750174755090548,1.1114225321323148,-0.8113183078573907,0.4171828990059838,0.6623575921182692,0.41572885644622637,-1.3376424078817308,0.807450772269646
int,ALL,KSI,LU_BARS,958,NB2,7.0,-0.20553702336104698,0.32273547644452394,0.8142099492201981,0.4325321772151409,1.5326902282218258,-0.6368590947155368,0.5242166293378077,0.41434759442245195,0.5197710456670606,-1.585652405577548,0.8340484256693534
int,ALL,KSI,LU_HOTELS,958,NB2,7.0,0.10918856608857704,0.13088548804798944,1.1153726519712348,0.8629944745853032,1.4415574947489143,0.8342297356032535,0.40415153783006086,0.6887324131114383,0.4065958689035758,-1.3112675868885617,0.807450772269646
int,ALL,KSI,LU_OFFBLDGS,958,NB2,7.0,-0.39267617405988425,0.18586052799788888,0.6752473748015967,0.46908897848986625,0.9720096571961947,-2.112746467955501,0.03462247374017437,4.945455634668633,0.026159342917181215,2.945455634668633,0.3878873824430667
int,ALL,KSI,LU_DEPTSTRS,958,NB2,7.0,0.17202959967551115,0.1818957232209192,1.1877129886126725,0.8315315664276154,1.6964625280308512,0.9457594528848527,0.34427129089500175,0.8852992490949418,0.34675435394893883,-1.1147007509050582,0.807450772269646
int,ALL,KSI,LU_BANKINS,958,NB2,7.0,0.1007110371354781,0.07628128610993007,1.1059570150784113,0.9523713148387132,1.2843109616424047,1.3202587721232435,0.1867486354365101,1.729407613432386,0.18848656847031536,-0.2705923865676141,0.7536644166128217
int,ALL,KSI,LU_AUTOSALSER,958,NB2,7.0,-0.03647971616992381,0.04760323907244978,0.9641776509136121,0.8782868197205574,1.0584680558192507,-0.7663284448859349,0.4434808972712644,0.5896062811145839,0.442571407760464,-1.410393718885416,0.8278530920367171
int,ALL,KSI,LU_REPAIRSTRS,958,NB2,7.0,0.07977228760528579,0.3108019220572239,1.0830404178662905,0.5889585451083698,1.9916113900956451,0.25666600475719825,0.7974366168263375,0.06536214106154148,0.798213224948454,-1.9346378589384585,0.9548617741809673
int,ALL,KSI,LU_SINGLESTORE,958,NB2,7.0,0.026379799825842157,0.02847539831634539,1.0267308266200665,0.9709969217568147,1.0856637819454824,0.9264067014191573,0.3542346627744247,0.8570680989855646,0.35456046595520485,-1.1429319010144354,0.807450772269646
int,ALL,KSI,LU_PARKSREC,958,NB2,7.0,0.13123686133459098,0.1411666737395673,1.14023782758256,0.864633276979252,1.503692187273281,0.9296589475268403,0.3525476961957873,0.8641904419648654,0.3525686770279176,-1.1358095580351346,0.807450772269646
int,ALL,KSI,LU_SCHOOLS,958,NB2,7.0,-0.01914849042233663,0.13650648433982776,0.981033677321594,0.7507360154522662,1.2819780272021903,-0.14027531743230004,0.8884424653213286,0.01971387435582983,0.8883391344465208,-1.9802861256441702,0.9566608675227726
int,ALL,KSI,LU_HOSPITALS,958,too rare (<5 sites),,,,,,,,,,,,
int,ALL,KSI,LU_INDUSTRIAL,958,NB2,7.0,-0.07055437746452115,0.07627299300090422,0.9318770650359955,0.8024791194075727,1.082140137155457,-0.9250243721743648,0.3549532299693713,0.863633545717903,0.35272386337470607,-1.136366454282097,0.807450772269646
int,ALL,FAT,LU_MXDUSE,113,Firth-Poisson,0.0,-0.4156207969145715,1.278980585565526,0.6599304707137044,0.05380317790875125,8.094470310192865,-0.3249625534626835,0.7452094128905986,,,-1.7210351312919556,0.9692846538992661
int,ALL,FAT,LU_GASSTNS,113,Firth-Poisson,0.0,0.30679614532462746,0.141500523860594,1.3590638883031765,1.0298932113420247,1.7934428852899265,2.168162611375788,0.03014631642241297,,,2.472842244397498,0.23180764013740754
int,ALL,FAT,LU_SUPERMKTS,113,Firth-Poisson,0.0,-0.09009267751584643,0.25197594756446146,0.9138464883241346,0.5576824666585614,1.497474735445912,-0.3575447513409929,0.720684030431094,,,-1.796291806492718,0.9692846538992661
int,ALL,FAT,LU_REGSHOPCNTRS,113,Firth-Poisson,0.0,-1.3421524856126887,1.512411997746288,0.26128265570190123,0.01348091899396316,5.064092900581139,-0.8874251775393804,0.37485003317892096,,,0.6941456096958518,0.7497000663578419
int,ALL,FAT,LU_COMMSHOPCNTRS,113,Firth-Poisson,0.0,0.19677376485049147,0.14012580866811847,1.2174685753619428,0.9250820708715539,1.602268359387157,1.404264972461576,0.16023996066669155,,,-0.08949843215850706,0.540809867250084
int,ALL,FAT,LU_FASTFOOD,113,Firth-Poisson,0.0,0.42706853377534715,0.1263679529977,1.5327577037966464,1.1964841076344546,1.963541482546571,3.3795635969755726,0.0007260100824888069,,,8.270421647126568,0.03920454445439558
int,ALL,FAT,LU_RESTOS,113,Firth-Poisson,0.0,-0.24105325883887888,0.22894836716409395,0.785799774490283,0.5016803784007454,1.2308260641115443,-1.0528717100048546,0.292399793438442,,,-0.4610595542969804,0.6578995352364946
int,ALL,FAT,LU_BARS,113,Firth-Poisson,0.0,-0.26553847362674643,0.8784289595026062,0.7667929410127073,0.13707058946901957,4.289551950309583,-0.3022879320566828,0.7624325771164083,,,-1.6623230456352758,0.9692846538992661
int,ALL,FAT,LU_HOTELS,113,Firth-Poisson,0.0,-0.05915883777835896,0.3477287167843295,0.9425570435995951,0.47677665670823394,1.8633751630648283,-0.17012928447623965,0.8649084635388067,,,-1.9323467737542614,0.9692846538992661
int,ALL,FAT,LU_OFFBLDGS,113,Firth-Poisson,0.0,-0.9665415075056022,0.557089003641497,0.3803963636997161,0.12765346965734406,1.1335484566489555,-1.7349857943482219,0.08274332140662297,,,4.277391491454409,0.3720021624122976
int,ALL,FAT,LU_DEPTSTRS,113,Firth-Poisson,0.0,0.11236976034685449,0.4111312716973406,1.1189265188208408,0.4998498467405223,2.5047453003830786,0.2733184461569659,0.7846084369878391,,,-2.031171176355997,0.9692846538992661
int,ALL,FAT,LU_BANKINS,113,Firth-Poisson,0.0,-0.07734518131644491,0.18586685775643058,0.9255703088815517,0.6429783519853988,1.3323627366890654,-0.416132183273911,0.6773132810547071,,,-1.7421557444490645,0.9692846538992661
int,ALL,FAT,LU_AUTOSALSER,113,Firth-Poisson,0.0,0.07883650807110133,0.10459716499656847,1.0820274048608989,0.8814615161562009,1.3282296315957838,0.7537155340079029,0.4510200522024217,,,-1.5692041399786376,0.8398304420320956
int,ALL,FAT,LU_REPAIRSTRS,113,Firth-Poisson,0.0,0.6700821698838357,0.5989037080374973,1.9543979066871418,0.6042488891048503,6.321354075340775,1.1188479231153499,0.26320502292967507,,,-1.422889114805571,0.6546214810590711
int,ALL,FAT,LU_SINGLESTORE,113,Firth-Poisson,0.0,0.1793404472840438,0.0586233793584003,1.1964279955017674,1.0665601147664925,1.3421090181435946,3.0591966762548233,0.002219313994300438,,,7.4836872301148105,0.039947651897407885
int,ALL,FAT,LU_PARKSREC,113,Firth-Poisson,0.0,-0.03279098378501313,0.2979661901634251,0.9677408119728887,0.5396660716668397,1.7353736473841248,-0.11004934407836103,0.9123702416180242,,,-1.9772363151764694,0.9692846538992661
int,ALL,FAT,LU_SCHOOLS,113,Firth-Poisson,0.0,-0.739554260470057,0.43055349110422475,0.4773266314578969,0.20526794530247858,1.1099673295954788,-1.7176826474530478,0.0858545161532949,,,3.1085879352557413,0.3720021624122976
int,ALL,FAT,LU_HOSPITALS,113,too rare (<5 sites),,,,,,,,,,,,
int,ALL,FAT,LU_INDUSTRIAL,113,Firth-Poisson,0.0,-0.0906297399424126,0.18387830909692995,0.9133558274811514,0.6369709519574722,1.309665480082169,-0.49287890663948764,0.6220981522977593,,,-1.5850668259507756,0.9598085778308286
int,ANGLE,TOT,LU_MXDUSE,2693,NB2,5.0,-0.41727375571865777,0.46751165053968746,0.6588405338905543,0.26352775334056483,1.6471542127717678,-0.8925419403708209,0.3721025232185732,0.7881584779920559,0.3746575427676261,-1.2118415220079441,0.7255684670721713
int,ANGLE,TOT,LU_GASSTNS,2693,NB2,5.0,0.30314512629460344,0.07146900871284481,1.354110967290243,1.1771142227275926,1.5577218220054185,4.241630487874956,2.219018151265751e-05,18.55860551612932,1.6475972567179397e-05,16.55860551612932,0.0051925024739618575
int,ANGLE,TOT,LU_SUPERMKTS,2693,NB2,5.0,0.1881050606533731,0.09445285587393683,1.2069603127278317,1.002981900186454,1.4524222184161597,1.9915232727788648,0.04642338925076552,4.034085640731519,0.044589832172675835,2.0340856407315187,0.2311292145676411
int,ANGLE,TOT,LU_REGSHOPCNTRS,2693,NB2,5.0,0.403449078253498,0.3260532717929784,1.4969790014528377,0.7900845337800978,2.836337170238105,1.2373716602655676,0.215949134954327,1.5772580458469747,0.20915609233846869,-0.4227419541530253,0.6162450924306405
int,ANGLE,TOT,LU_COMMSHOPCNTRS,2693,NB2,5.0,0.2340740413635881,0.05976236485774422,1.2637380576328845,1.1240517667545469,1.4207832108309577,3.916746633450131,8.975198957652046e-05,15.609619748964178,7.785748536181027e-05,13.609619748964178,0.0057022375218918455
int,ANGLE,TOT,LU_FASTFOOD,2693,NB2,5.0,0.08384324780633493,0.06216254849569545,1.0874584189553307,0.9627174201688496,1.2283623295706223,1.3487742995630367,0.1774094720677627,1.8383092477897662,0.17514924308392452,-0.16169075221023377,0.5254913476437528
int,ANGLE,TOT,LU_RESTOS,2693,NB2,5.0,0.028116252194572578,0.07890769351740469,1.0285152446260615,0.8811364122185963,1.2005446531992512,0.35631826177216763,0.7216022347186319,0.12722183178721025,0.7213301103946496,-1.8727781682127898,0.9261910556572756
int,ANGLE,TOT,LU_BARS,2693,NB2,5.0,-0.1769800435648099,0.2858525079741875,0.8377965037877951,0.47842732562565005,1.4671047077864103,-0.6191306307544842,0.5358303059716549,0.37548300483285857,0.5400306251092819,-1.6245169951671414,0.8037454589574824
int,ANGLE,TOT,LU_HOTELS,2693,NB2,5.0,0.10333399060186796,0.11496906182856932,1.108861696621728,0.8851436147533839,1.3891240265879312,0.8987982415299652,0.36876013692770826,0.8175936021343659,0.3658846807149865,-1.182406397865634,0.7255684670721713
int,ANGLE,TOT,LU_OFFBLDGS,2693,NB2,5.0,0.051039492985777556,0.13446842777104706,1.0523644534769243,0.8085452566656147,1.3697080451735257,0.3795648824918222,0.7042684329476538,0.14458363169160293,0.7037661234862691,-1.855416368308397,0.9155489628319501
int,ANGLE,TOT,LU_DEPTSTRS,2693,NB2,5.0,0.2739562608786031,0.17594124173652467,1.3151572771568838,0.9315656879844465,1.856700698585183,1.5570895042838095,0.11944923660085671,2.4922942838784365,0.11440484166920065,0.49229428387843654,0.42443139694579046
int,ANGLE,TOT,LU_BANKINS,2693,NB2,5.0,0.17053883966525366,0.06726610448959262,1.1859437126961418,1.0394557666295834,1.3530758449144382,2.5352863966076606,0.011235542652476638,6.5389480520348116,0.01055377375361781,4.5389480520348116,0.11430943394258841
int,ANGLE,TOT,LU_AUTOSALSER,2693,NB2,5.0,0.024129052211831117,0.04266143427303895,1.0244225133515774,0.9422474445004495,1.1137642155325178,0.5655940223997609,0.5716697922841929,0.32172747274080393,0.5705713419266575,-1.678272527259196,0.8274664452982164
int,ANGLE,TOT,LU_REPAIRSTRS,2693,NB2,5.0,0.0009558101679024617,0.2830717887758504,1.0009562671000094,0.574724262987383,1.743294155424896,0.003376564552885619,0.9973058963940297,1.1402025847928599e-05,0.9973057974256304,-1.999988597974152,0.9989592520917983
int,ANGLE,TOT,LU_SINGLESTORE,2693,NB2,5.0,0.046211403596954234,0.025491646594471732,1.047295789652994,0.9962548070667887,1.1009517477302946,1.8128057528843944,0.06986178636038577,3.2946370871241015,0.06950646604014454,1.2946370871241015,0.31437803862173597
int,ANGLE,TOT,LU_PARKSREC,2693,NB2,5.0,-0.07748373652876413,0.14422643969917953,0.9254420751748177,0.6975594343779286,1.2277706992345876,-0.5372367000833961,0.5911041236241771,0.2866138965018763,0.5923986410579971,-1.7133861034981237,0.8282536822039367
int,ANGLE,TOT,LU_SCHOOLS,2693,NB2,5.0,-0.2242148549243909,0.12138510209706682,0.7991434160245322,0.6299406596688457,1.0137942194604186,-1.8471365188216855,0.06472735694115458,3.338624359822461,0.06767116314494039,1.338624359822461,0.2969843436123563
int,ANGLE,TOT,LU_HOSPITALS,2693,too rare (<5 sites),,,,,,,,,,,,
int,ANGLE,TOT,LU_INDUSTRIAL,2693,NB2,5.0,-0.05628553413455654,0.06623311023288216,0.945269190732653,0.8301885542544551,1.0763022910509725,-0.849809618431794,0.39543094120658684,0.7163957430211667,0.39732872167270494,-1.2836042569788333,0.7255684670721713
int,ANGLE,KAB,LU_MXDUSE,473,NB2,0.0,-0.17402244651046733,0.6684020964982277,0.8402780361370109,0.22670842564834243,3.1144284822897763,-0.26035592560552173,0.7945892371319255,0.06843899362138472,0.7936233102588446,-1.9315610063786153,0.9644621534966332
int,ANGLE,KAB,LU_GASSTNS,473,NB2,0.0,0.1234088008727056,0.1034364329521964,1.131346821994238,0.9237381751575942,1.3856151732801312,1.1930883282657236,0.23283478211511943,1.4111041274391027,0.2348731882735339,-0.5888958725608973,0.825642678219077
int,ANGLE,KAB,LU_SUPERMKTS,473,NB2,0.0,0.14031820342841747,0.14106373480148407,1.1506398781643987,0.8726971271028414,1.5171038016562204,0.9947149324089868,0.31987492981130106,0.9761934302789541,0.3231403972876765,-1.023806569721046,0.8340388372099032
int,ANGLE,KAB,LU_REGSHOPCNTRS,473,NB2,0.0,-0.33035379450054214,0.5330921652487847,0.7186694271574621,0.25278538310220905,2.043178838872987,-0.6196935840285176,0.5354595405448378,0.4026441368087035,0.5257268642991321,-1.5973558631912965,0.8409230368288056
int,ANGLE,KAB,LU_COMMSHOPCNTRS,473,NB2,0.0,0.11151714259634263,0.09027490463661146,1.1179729087995607,0.9366724129760332,1.3343655770096128,1.2353061246116925,0.21671659520014563,1.5109755633077384,0.21899028440405807,-0.4890244366922616,0.825642678219077
int,ANGLE,KAB,LU_FASTFOOD,473,NB2,0.0,0.04949783638158527,0.08931880544944604,1.0507433188047712,0.8819966490026125,1.2517751890116249,0.5541703802745187,0.5794622472478921,0.30521239599556793,0.5806330189464598,-1.694787604004432,0.8636571073631003
int,ANGLE,KAB,LU_RESTOS,473,NB2,0.0,0.07996824805457384,0.11070754327483685,1.0832526717491766,0.8719540627755284,1.3457547833615782,0.722337843375756,0.47008679157513567,0.518522026051869,0.4714728253951799,-1.481477973948131,0.8376640849714798
int,ANGLE,KAB,LU_BARS,473,NB2,0.0,-0.425455282068572,0.4633914000427661,0.6534722032166982,0.263499864257569,1.6205925630362805,-0.9181337461793789,0.3585488494893626,0.884529855215078,0.34696398296226816,-1.115470144784922,0.8343465698687513
int,ANGLE,KAB,LU_HOTELS,473,NB2,0.0,0.16367793578404527,0.1681992530507721,1.1778349155218972,0.8470525021891532,1.6377911459290886,0.9731192785656305,0.3304940235344762,0.9298683220522435,0.3348971438476891,-1.0701316779477565,0.8343465698687513
int,ANGLE,KAB,LU_OFFBLDGS,473,NB2,0.0,-0.0008513896532201011,0.1998072415844243,0.9991489726761156,0.6753841876338352,1.4781196952466593,-0.004261055037188752,0.9966001802612878,1.8159880937673734e-05,0.9965998721660354,-1.9999818401190623,0.9999025320875652
int,ANGLE,KAB,LU_DEPTSTRS,473,NB2,0.0,-0.1882300460711662,0.2817770367313433,0.8284241095987303,0.4768692007005987,1.4391504092866179,-0.6680105953794656,0.5041268291897034,0.45444404357795065,0.500232069221202,-1.5455559564220493,0.8409230368288056
int,ANGLE,KAB,LU_BANKINS,473,NB2,0.0,0.03128615389419782,0.10268468896217557,1.0317807097154028,0.8436852027613835,1.261811193862919,0.30468178080300007,0.7606085270748227,0.09258189027605113,0.760920124064753,-1.9074181097239489,0.944937990780602
int,ANGLE,KAB,LU_AUTOSALSER,473,NB2,0.0,-0.024048916197570346,0.06524525110545211,0.9762379547412521,0.8590487484594752,1.109413809153977,-0.3685925916462714,0.7124314183725469,0.13653791859883313,0.7117473399958081,-1.8634620814011669,0.944937990780602
int,ANGLE,KAB,LU_REPAIRSTRS,473,NB2,0.0,-0.9831094665915059,0.6337924659284474,0.3741458940496439,0.10803039029602422,1.2957941709793042,-1.5511536022305683,0.12086487816319905,2.9591024413875857,0.08539533240989676,0.9591024413875857,0.7990198790792721
int,ANGLE,KAB,LU_SINGLESTORE,473,NB2,0.0,0.023807116743793023,0.03683067695188022,1.0240927684914036,0.9527707026690386,1.1007538283224214,0.6463936781530609,0.5180244335244336,0.4167339365239968,0.5185712617992804,-1.5832660634760032,0.8409230368288056
int,ANGLE,KAB,LU_PARKSREC,473,NB2,0.0,-0.28209191256695393,0.23745774339723802,0.7542043604884819,0.4735446421361988,1.2012050538969825,-1.1879667874003517,0.23484649494739818,1.4516925591656218,0.22825656115473894,-0.5483074408343782,0.825642678219077
int,ANGLE,KAB,LU_SCHOOLS,473,NB2,0.0,-0.19233413352992249,0.18639260423983342,0.8250311518600949,0.5725451753033911,1.1888606015741991,-1.0318764218908816,0.3021300126654818,1.0982834502751757,0.2946431240406945,-0.9017165497248243,0.825642678219077
int,ANGLE,KAB,LU_HOSPITALS,473,too rare (<5 sites),,,,,,,,,,,,
int,ANGLE,KAB,LU_INDUSTRIAL,473,NB2,0.0,-0.07238886550370147,0.09820130556655395,0.9301691147923343,0.7673107387335735,1.127593474765607,-0.7371476894942235,0.4610325406724065,0.5479968255772292,0.4591373471883935,-1.4520031744227708,0.8376640849714798
int,ANGLE,KSI,LU_MXDUSE,115,Firth-Poisson,0.0,-0.0794235038497387,1.0535616668939911,0.9236486728339016,0.11713778693688469,7.28310558989392,-0.07538571907602468,0.9399078214022285,,,-1.9886036429079468,0.9779387737133013
int,ANGLE,KSI,LU_GASSTNS,115,Firth-Poisson,0.0,0.4755482664097092,0.13105705920725125,1.6088960593821373,1.2444285522420404,2.080108597019638,3.62855895963365,0.000285007664551121,,,10.070937513846616,0.02565068980960089
int,ANGLE,KSI,LU_SUPERMKTS,115,Firth-Poisson,0.0,0.23867581629790893,0.2213880118153662,1.269566896967303,0.822633345857297,1.959317737351711,1.0780882593451377,0.280994370597222,,,-0.9890409214211786,0.807450772269646
int,ANGLE,KSI,LU_REGSHOPCNTRS,115,Firth-Poisson,0.0,-0.3257318163335774,0.8984940529127468,0.7219987897526539,0.12408603044338479,4.200974521802726,-0.36253085401914104,0.7169553711974432,,,-1.5528027225699361,0.9415569434393954
int,ANGLE,KSI,LU_COMMSHOPCNTRS,115,Firth-Poisson,0.0,0.10684837890085835,0.14765493565188975,1.1127655229563418,0.8331385742764583,1.4862438822445116,0.7236356741420642,0.46928943402705836,,,-1.5557256382328433,0.8278530920367171
int,ANGLE,KSI,LU_FASTFOOD,115,Firth-Poisson,0.0,0.01930795734625716,0.16860314285674757,1.0194955614266672,0.7326008981567623,1.4187413670714204,0.11451718526185496,0.908827824146634,,,-2.0404295706117637,0.9566608675227726
int,ANGLE,KSI,LU_RESTOS,115,Firth-Poisson,0.0,-0.5239744523721988,0.26192656601695596,0.5921623437573925,0.3543923941209771,0.9894575819946818,-2.000463184548752,0.04545027149450737,,,3.968361483931062,0.3998320526134534
int,ANGLE,KSI,LU_BARS,115,Firth-Poisson,0.0,0.6129433337541328,0.5900152504849465,1.8458563824921905,0.5807200051156726,5.867174808466405,1.0388601536152517,0.2988697803576499,,,-1.5728438388254062,0.807450772269646
int,ANGLE,KSI,LU_HOTELS,115,Firth-Poisson,0.0,-0.3834759338866221,0.4127812486564275,0.6814884786303999,0.3034534124500954,1.5304706668354058,-0.9290052179812139,0.3528863821577133,,,-0.4039856058687974,0.807450772269646
int,ANGLE,KSI,LU_OFFBLDGS,115,Firth-Poisson,0.0,-0.7126574969532485,0.47365591466241197,0.4903393890342508,0.19378168479530902,1.240740148855918,-1.504589037933116,0.13242976631684378,,,2.360141838885397,0.7095687598679016
int,ANGLE,KSI,LU_DEPTSTRS,115,Firth-Poisson,0.0,0.5408400401826278,0.37726000433969165,1.7174489825374761,0.8198863316076336,3.5976096855223507,1.433600259665071,0.1516863693729291,,,-0.3448065627599135,0.7095687598679016
int,ANGLE,KSI,LU_BANKINS,115,Firth-Poisson,0.0,0.18889702425937674,0.1650240622777615,1.2079165599759318,0.8741090518686636,1.6691995269296394,1.1446635215016903,0.2523485679035551,,,-0.7807625555018376,0.807450772269646
int,ANGLE,KSI,LU_AUTOSALSER,115,Firth-Poisson,0.0,0.021502978020905294,0.11434659672219923,1.021735833083522,0.8165914653840429,1.2784166340948857,0.18805087897059125,0.8508367669286122,,,-2.0302882988229385,0.9548617741809673
int,ANGLE,KSI,LU_REPAIRSTRS,115,Firth-Poisson,0.0,-1.360295387403243,1.5203215033969322,0.2565849737893383,0.01303489177782375,5.050739959842392,-0.8947419242337002,0.37092506191820684,,,0.7370771233721598,0.807450772269646
int,ANGLE,KSI,LU_SINGLESTORE,115,Firth-Poisson,0.0,0.10300776303637676,0.06106643484005391,1.1085000143685408,0.9834559322238006,1.2494431540786404,1.6868147502990176,0.09163897829067266,,,0.9693959807701731,0.7018905748648743
int,ANGLE,KSI,LU_PARKSREC,115,Firth-Poisson,0.0,-0.6438640630309539,0.46554615024994017,0.5252588643125429,0.2109077346834889,1.3081401445657896,-1.3830295077840924,0.16665581830782328,,,1.6514068929521954,0.7142392213192427
int,ANGLE,KSI,LU_SCHOOLS,115,Firth-Poisson,0.0,-0.20334405121124705,0.31711170785527026,0.8159974482143248,0.438286269568964,1.519216735096737,-0.6412379176616627,0.5213681176798906,,,-1.3023083033352805,0.8340484256693534
int,ANGLE,KSI,LU_HOSPITALS,115,too rare (<5 sites),,,,,,,,,,,,
int,ANGLE,KSI,LU_INDUSTRIAL,115,Firth-Poisson,0.0,0.02956170869441305,0.15940878742671216,1.030002993650805,0.7536105814156266,1.4077644251448165,0.18544591657473075,0.8528792967175003,,,-2.0377674746449657,0.9548617741809673
int,LEFTTURN,TOT,LU_MXDUSE,4650,NB2,4.0,0.45530826937466756,0.42917605320610547,1.576659343916727,0.6798542820290916,3.6564522022875954,1.0608892690385325,0.28874022659432896,1.1601207461781087,0.28144050014819194,-0.8398792538218913,0.6608916153076985
int,LEFTTURN,TOT,LU_GASSTNS,4650,NB2,4.0,0.11942534310191244,0.07024105733569194,1.1268491138673409,0.9819183416026461,1.2931716127749637,1.7002213182976709,0.08908930378441507,2.961855584128898,0.08525005502257194,0.961855584128898,0.36573503658865136
int,LEFTTURN,TOT,LU_SUPERMKTS,4650,NB2,4.0,0.04141079362576524,0.09345853496419933,1.0422801796684684,0.8678226244603707,1.2518087709516073,0.4430926896257068,0.6576986926470325,0.19766448117889013,0.6566126507487392,-1.8023355188211099,0.8844913452839402
int,LEFTTURN,TOT,LU_REGSHOPCNTRS,4650,NB2,4.0,0.13443842743552137,0.31787932852196793,1.1438942243331114,0.6134815697329292,2.1328986248638007,0.42292283697909794,0.6723515602852016,0.18213371876663587,0.6695459326812099,-1.8178662812333641,0.893921960833734
int,LEFTTURN,TOT,LU_COMMSHOPCNTRS,4650,NB2,4.0,0.19065663591272083,0.060489217580255744,1.2100438951240977,1.0747604176679773,1.3623559298026096,3.1519110932417314,0.0016220565380049524,10.197682216535668,0.0014061728085184514,8.197682216535668,0.034617225611808716
int,LEFTTURN,TOT,LU_FASTFOOD,4650,NB2,4.0,0.13875433951651403,0.059594852464458274,1.148841840293061,1.0221910673747812,1.2911848050067483,2.328294035114285,0.01989649582372273,5.565379828737605,0.018319035759371827,3.565379828737605,0.1605441387155558
int,LEFTTURN,TOT,LU_RESTOS,4650,NB2,4.0,-0.09163893626231458,0.07485472016761446,0.9124345371009198,0.7879235687576583,1.0566212479304997,-1.22422388403987,0.2208677815659309,1.4753057984062252,0.22451042044821373,-0.5246942015937748,0.6163201633841736
int,LEFTTURN,TOT,LU_BARS,4650,NB2,4.0,-0.05031363886980461,0.2766019979903863,0.9509311287601034,0.5529688794341504,1.6353000056174922,-0.18189904351867092,0.8556619551374671,0.032776986741737346,0.856332916475252,-1.9672230132582627,0.9499854593531257
int,LEFTTURN,TOT,LU_HOTELS,4650,NB2,4.0,0.09475943695445349,0.11427416300047118,1.0993943496592475,0.8787824381881308,1.3753892699024632,0.8292288866212284,0.40697490215564625,0.7011371806697753,0.40240184870379303,-1.2988628193302247,0.7382335434451258
int,LEFTTURN,TOT,LU_OFFBLDGS,4650,NB2,4.0,0.02515020407137773,0.12038378814140882,1.025469138596758,0.8099344012666299,1.2983606481831547,0.2089168687883043,0.8345131353349746,0.04389990361778473,0.8340399524502399,-1.9561000963822153,0.9499854593531257
int,LEFTTURN,TOT,LU_DEPTSTRS,4650,NB2,4.0,-0.007793450132741053,0.17473879948021148,0.9922368400602971,0.7044897499725615,1.3975135150102458,-0.0446005704281128,0.96442568797799,0.001986702844988031,0.96444810660234,-1.998013297155012,0.9908339584051887
int,LEFTTURN,TOT,LU_BANKINS,4650,NB2,4.0,0.14735520004721672,0.0652738381686285,1.1587654834939347,1.0196082421910462,1.3169150563666594,2.257492499009161,0.023977317669309915,5.22973874408035,0.022203867281403746,3.2297387440803504,0.18099007531027483
int,LEFTTURN,TOT,LU_AUTOSALSER,4650,NB2,4.0,0.048073891905763895,0.04211176686427885,1.0492481834079777,0.9661219880200413,1.139526647810963,1.1415786010760425,0.25362922301352653,1.3254495818873693,0.24961635804118143,-0.6745504181126307,0.6451004150561436
int,LEFTTURN,TOT,LU_REPAIRSTRS,4650,NB2,4.0,-0.3426696575307248,0.290191997882075,0.7098726739236133,0.4019426053249666,1.2537093766808993,-1.1808377213419066,0.23766719581457219,1.3330744630266054,0.2482590032819414,-0.6669255369733946,0.6214467055979339
int,LEFTTURN,TOT,LU_SINGLESTORE,4650,NB2,4.0,0.010159987924163632,0.025198731342599173,1.0102117758410811,0.9615299881584416,1.0613582983537975,0.4031944222123549,0.6868052026848066,0.16287834151535208,0.6865202055828195,-1.837121658484648,0.9028787495968806
int,LEFTTURN,TOT,LU_PARKSREC,4650,NB2,4.0,0.007242984097705212,0.14264564049942174,1.0072692779506762,0.7615933925575238,1.332195641687692,0.05077606348393503,0.9595039648395569,0.002581141726750502,0.9594809559935068,-1.9974188582732495,0.9908339584051887
int,LEFTTURN,TOT,LU_SCHOOLS,4650,NB2,4.0,-0.1167924971848583,0.11457719722936804,0.8897698037482468,0.7108002693557358,1.1138013557307398,-1.0193345622781778,0.3080441609420985,1.0164725618124066,0.3133571911374753,-0.9835274381875934,0.6736666697238416
int,LEFTTURN,TOT,LU_HOSPITALS,4650,too rare (<5 sites),,,,,,,,,,,,
int,LEFTTURN,TOT,LU_INDUSTRIAL,4650,NB2,4.0,-0.04490119065875769,0.06590153637856322,0.9560919479815012,0.8402395897166852,1.0879180464506377,-0.6813375397020845,0.49565793502011335,0.45960314335252406,0.49780950305857796,-1.540396856647476,0.7767214459622239
int,LEFTTURN,KAB,LU_MXDUSE,938,NB2,2.0,0.44603126728791637,0.5393341544720769,1.562100308410261,0.5427732273455992,4.495721694802228,0.8270035627995981,0.408235042103531,0.6845190333260689,0.4080349410994061,-1.315480966673931,0.8343465698687513
int,LEFTTURN,KAB,LU_GASSTNS,938,NB2,2.0,0.05774887783752651,0.08819664336946723,1.0594489112002163,0.8912622673269647,1.259373403980933,0.6547741005925695,0.5126132080645649,0.43026853114861296,0.511857213522476,-1.569731468851387,0.8409230368288056
int,LEFTTURN,KAB,LU_SUPERMKTS,938,NB2,2.0,0.026184558446152507,0.11868112025819451,1.0265303858447108,0.8134828475846905,1.295374126438216,0.22062951874053074,0.8253809147567731,0.048729532879860926,0.8252889132694947,-1.951270467120139,0.9657360746195793
int,LEFTTURN,KAB,LU_REGSHOPCNTRS,938,NB2,2.0,-0.23940208515054487,0.4670622411210015,0.7870983381842913,0.31510666521416786,1.9660764508151636,-0.512569983340878,0.6082521546174315,0.26675685173586317,0.6055156474990331,-1.7332431482641368,0.8840435042265774
int,LEFTTURN,KAB,LU_COMMSHOPCNTRS,938,NB2,2.0,0.12421674860679416,0.07766343612323194,1.1322612604550337,0.972384879633453,1.3184239993637972,1.599423806200051,0.10972646612562621,2.5708591507668643,0.10884860091859298,0.5708591507668643,0.7979145616597298
int,LEFTTURN,KAB,LU_FASTFOOD,938,NB2,2.0,0.16271337992725518,0.07918432743838405,1.1766993756896358,1.0075403847435132,1.374258979307175,2.0548684972271545,0.03989170797915779,4.225074602195946,0.03983086822432234,2.2250746021959458,0.4667329833561461
int,LEFTTURN,KAB,LU_RESTOS,938,NB2,2.0,-0.3818160209674458,0.10822048222371528,0.6826206295363536,0.5521540662480415,0.8439146831516438,-3.528130841056031,0.0004185052382659505,12.554616435098524,0.0003952287134983221,10.554616435098524,0.024482556438558102
int,LEFTTURN,KAB,LU_BARS,938,NB2,2.0,-0.27615340132171795,0.3849023176178286,0.7586965367824493,0.3568063990597295,1.613257039230744,-0.7174635970779267,0.47308809039189337,0.5136653011009003,0.47355646554974695,-1.4863346988990997,0.8376640849714798
int,LEFTTURN,KAB,LU_HOTELS,938,NB2,2.0,-0.009099526940769834,0.15342171985577524,0.9909417484640729,0.7335891869490545,1.3385769124173696,-0.05931055230852505,0.9527047563856587,0.003517650888852586,0.9527053655720461,-1.9964823491111474,0.9939886349587852
int,LEFTTURN,KAB,LU_OFFBLDGS,938,NB2,2.0,0.06157480914801437,0.15421199202271793,1.0635100538339874,0.7860925894434344,1.4388300434262764,0.39928677621221187,0.6896819097245899,0.15958303723368772,0.6895406946054394,-1.8404169627663123,0.932864548413607
int,LEFTTURN,KAB,LU_DEPTSTRS,938,NB2,2.0,0.10716594504538356,0.22712590136730199,1.1131189557293988,0.713194701912649,1.7373009169603484,0.47183497963130866,0.6370445810774497,0.2234318996975162,0.6364373331289552,-1.7765681003024838,0.9145302574976885
int,LEFTTURN,KAB,LU_BANKINS,938,NB2,2.0,0.10230126592439641,0.08482349838896278,1.1077171388919544,0.9380492829309774,1.3080733412652308,1.2060486524062988,0.22779873163765818,1.458628764235982,0.22714842475680386,-0.5413712357640179,0.825642678219077
int,LEFTTURN,KAB,LU_AUTOSALSER,938,NB2,2.0,-0.0037546637929078263,0.05728796477665386,0.9962523761435701,0.8904404288759519,1.1146380653724544,-0.06554018470626376,0.9477439123278327,0.004294984748867137,0.9477471380631789,-1.9957050152511329,0.9939886349587852
int,LEFTTURN,KAB,LU_REPAIRSTRS,938,NB2,2.0,-0.5848134153033533,0.4641350902609441,0.5572098189385031,0.22435667548668908,1.3838802952841047,-1.2600068979368957,0.20766687387561122,1.6517435414352803,0.19872179183071798,-0.34825645856471965,0.825642678219077
int,LEFTTURN,KAB,LU_SINGLESTORE,938,NB2,2.0,-0.04950507217220696,0.03417371392162521,0.9517003309362521,0.8900429567062896,1.0176289954093303,-1.4486301455482142,0.14744089789564022,2.1051695571313758,0.146802069848674,0.10516955713137577,0.8105012532521055
int,LEFTTURN,KAB,LU_PARKSREC,938,NB2,2.0,0.040263025788043943,0.196680746313435,1.0410845702726113,0.7080566056606401,1.530749199703367,0.20471259410354206,0.8377966801186949,0.04199335070916277,0.8376324475904147,-1.9580066492908372,0.9657360746195793
int,LEFTTURN,KAB,LU_SCHOOLS,938,NB2,2.0,0.042940387170103775,0.14431493013464947,1.0438756646133434,0.7866932515221333,1.385135058758403,0.29754639474958905,0.7660493930120091,0.08874052715691505,0.765784462159522,-1.911259472843085,0.944937990780602
int,LEFTTURN,KAB,LU_HOSPITALS,938,too rare (<5 sites),,,,,,,,,,,,
int,LEFTTURN,KAB,LU_INDUSTRIAL,938,NB2,2.0,0.05029233747547577,0.0870345290318342,1.0515784672402015,0.8866585328208315,1.24717377866447,0.5778435068808218,0.5633697789705353,0.33425779802155375,0.5631626331948787,-1.6657422019784462,0.8556065247965307
int,LEFTTURN,KSI,LU_MXDUSE,189,NB2,0.0,-0.1579103574684211,0.9599384617707797,0.853926326655304,0.1301080860865574,5.60449541060738,-0.16450050056034526,0.8693371527255891,0.0274933758125826,0.8683054801545576,-1.9725066241874174,0.9548617741809673
int,LEFTTURN,KSI,LU_GASSTNS,189,NB2,0.0,0.018504570096547643,0.14929300713638463,1.0186768406104496,0.760248653244088,1.3649514552483124,0.12394800300085751,0.9013564450652507,0.015307323318211274,0.901534783918367,-1.9846926766817887,0.9566608675227726
int,LEFTTURN,KSI,LU_SUPERMKTS,189,NB2,0.0,0.11403375924296966,0.18351113109072925,1.1207899612661059,0.7821974648672068,1.6059501515875387,0.6213996860309826,0.5343366785849426,0.3796371689611533,0.5377974813499965,-1.6203628310388467,0.8363530621329537
int,LEFTTURN,KSI,LU_REGSHOPCNTRS,189,NB2,0.0,-0.8584067034768069,1.0517199905887975,0.423836842395951,0.05394566811015621,3.3299739398046353,-0.8161931989105146,0.4143896460354666,0.8414710699612442,0.3589763827686858,-1.1585289300387558,0.807450772269646
int,LEFTTURN,KSI,LU_COMMSHOPCNTRS,189,NB2,0.0,0.29408863160276305,0.1121281430005629,1.3419028333953034,1.0771487150462997,1.6717312931083455,2.6227905299500653,0.00872128744754627,6.531527777509837,0.010597889212205228,4.531527777509837,0.1744257489509254
int,LEFTTURN,KSI,LU_FASTFOOD,189,NB2,0.0,0.06295444735823653,0.12981149572044015,1.064978325550201,0.82573937304359,1.3735312508004116,0.48496819953306886,0.6276989034024232,0.2314119526313334,0.6304788575826885,-1.7685880473686666,0.9093446669928208
int,LEFTTURN,KSI,LU_RESTOS,189,NB2,0.0,-0.1595951774278615,0.17773147337430864,0.852488825841338,0.6017285402190166,1.207749258361297,-0.897956756886545,0.3692086040354904,0.8342453649502204,0.36104780310577955,-1.1657546350497796,0.807450772269646
int,LEFTTURN,KSI,LU_BARS,189,NB2,0.0,0.09115248272193384,0.5808008131324992,1.0954360275913233,0.3509129433168668,3.4195948408249577,0.15694276016989503,0.8752899596658867,0.024231434214925685,0.876297486827153,-1.9757685657850743,0.9548617741809673
int,LEFTTURN,KSI,LU_HOTELS,189,NB2,0.0,0.10817452816287709,0.24930672429545586,1.114242195060806,0.6835423587383707,1.8163258697609508,0.43390136575168503,0.664360067945114,0.18337538677565135,0.668488390939679,-1.8166246132243486,0.9342563455478167
int,LEFTTURN,KSI,LU_OFFBLDGS,189,NB2,0.0,-0.2855652205597887,0.3042633544961404,0.7515893205035648,0.41398671486398647,1.3645039476220902,-0.938546217741812,0.34796377700644743,0.9729378541403548,0.3239485779073054,-1.0270621458596452,0.807450772269646
int,LEFTTURN,KSI,LU_DEPTSTRS,189,NB2,0.0,-0.2166031610329105,0.38991287844190226,0.8052494602716397,0.3749988188391179,1.7291432951044974,-0.5555168167270084,0.5785412108069126,0.320159669233135,0.5715117053983765,-1.679840330766865,0.8678118162103688
int,LEFTTURN,KSI,LU_BANKINS,189,NB2,0.0,0.02329552678199146,0.1406727290515057,1.0235689869032152,0.7769160158551004,1.3485286048543443,0.16560087331114526,0.8684710599799592,0.027275807981482103,0.8688228558170662,-1.972724192018518,0.9548617741809673
int,LEFTTURN,KSI,LU_AUTOSALSER,189,NB2,0.0,0.07916016371388773,0.09102235275263712,1.0823776658150412,0.9055220527950604,1.2937745777024856,0.869678285827371,0.3844762420229587,0.7358929742247255,0.3909796895956469,-1.2641070257752745,0.807450772269646
int,LEFTTURN,KSI,LU_REPAIRSTRS,189,NB2,0.0,0.26310438233591926,0.5425743588988621,1.300962509370212,0.44917560686173025,3.7680217378942436,0.48491857018433654,0.6277341090309472,0.22579171354482241,0.6346619199717702,-1.7742082864551776,0.9093446669928208
int,LEFTTURN,KSI,LU_SINGLESTORE,189,NB2,0.0,-0.022280890860920995,0.058553225248977575,0.9779654948972045,0.8719308032012086,1.09689496654797,-0.3805237160921388,0.7035566953321439,0.14567781946561809,0.7027004887828603,-1.854322180534382,0.9415569434393954
int,LEFTTURN,KSI,LU_PARKSREC,189,NB2,0.0,-0.06006957279691172,0.2966749871672136,0.9416990146708084,0.5264744125972418,1.6844067119181727,-0.2024760272865706,0.8395445977335363,0.04132103746496796,0.838919495211679,-1.958678962535032,0.9548617741809673
int,LEFTTURN,KSI,LU_SCHOOLS,189,NB2,0.0,0.23209078987100623,0.21775989643374802,1.2612342309235698,0.8230662304343427,1.9326655941332078,1.0658105265108733,0.2865093014589245,1.087071979351549,0.29712087529794184,-0.9129280206484509,0.807450772269646
int,LEFTTURN,KSI,LU_HOSPITALS,189,too rare (<5 sites),,,,,,,,,,,,
int,LEFTTURN,KSI,LU_INDUSTRIAL,189,NB2,0.0,0.05641622276205535,0.14444574518736447,1.058037971588236,0.7971619368714178,1.4042872565089808,0.3905703327493402,0.696114858237523,0.15018619883744577,0.6983574835181224,-1.8498138011625542,0.9415569434393954
int,LEFTTURN,FAT,LU_MXDUSE,20,Firth-Poisson,0.0,-0.13203058246034183,2.4662743378121967,0.8763141948254562,0.006971476190673741,110.15264874316006,-0.05353442657862005,0.9573061015232754,,,-2.1007292080393256,0.9692846538992661
int,LEFTTURN,FAT,LU_GASSTNS,20,Firth-Poisson,0.0,-0.012538591131866594,0.32563125284034344,0.9875396894841323,0.5216409063474164,1.8695516905204197,-0.03850549055871565,0.9692846538992661,,,-2.0832356930271487,0.9692846538992661
int,LEFTTURN,FAT,LU_SUPERMKTS,20,Firth-Poisson,0.0,0.571548068333927,0.39258975475547003,1.7710065695955364,0.8204290441484595,3.8229561616823924,1.4558405088536344,0.14543671455576426,,,-1.086319869295835,0.5274272895081655
int,LEFTTURN,FAT,LU_REGSHOPCNTRS,20,Firth-Poisson,0.0,0.16798101993329445,1.4113412202145883,1.1829141586451033,0.07440383656882729,18.806636475373715,0.11902225877577194,0.9052577211768081,,,-2.280031855604051,0.9692846538992661
int,LEFTTURN,FAT,LU_COMMSHOPCNTRS,20,Firth-Poisson,0.0,0.5788957150416152,0.2316046474812056,1.784067223963216,1.1330924836900063,2.809034483446983,2.4994995624541247,0.012436885269131915,,,1.9769196254514725,0.14946778645633838
int,LEFTTURN,FAT,LU_FASTFOOD,20,Firth-Poisson,0.0,0.2703677436361162,0.3034222810033528,1.3104462704111732,0.7230044317815618,2.3751852023963593,0.8910609423344513,0.37289647696972805,,,-1.897891205917432,0.7497000663578419
int,LEFTTURN,FAT,LU_RESTOS,20,Firth-Poisson,0.0,-0.14403495131074762,0.4790435452743362,0.8658574846763256,0.3385917075283993,2.2141983016732083,-0.30067193834803146,0.7636646691189372,,,-1.9542261874750295,0.9692846538992661
int,LEFTTURN,FAT,LU_BARS,20,Firth-Poisson,0.0,1.6827194260986742,0.8229932031153644,5.380167061950183,1.072135815291436,26.99862946619808,2.0446334425714525,0.04089100988401534,,,-1.2260495679520034,0.24534605930409203
int,LEFTTURN,FAT,LU_HOTELS,20,Firth-Poisson,0.0,0.33308982666396414,0.6144184940847097,1.3952726255261352,0.41846148609175754,4.652245820098521,0.5421220713093332,0.5877344149341384,,,-2.459366128591597,0.9334605413659844
int,LEFTTURN,FAT,LU_OFFBLDGS,20,Firth-Poisson,0.0,-6.067634106499517,3.531394786784579,0.0023166476737243574,2.284946634495742e-06,2.348788528865085,-1.7181976167621422,0.08576057610214816,,,4.445923874779709,0.3720021624122976
int,LEFTTURN,FAT,LU_DEPTSTRS,20,Firth-Poisson,0.0,0.08694904089014242,0.8292156589584383,1.0908410900109458,0.214742927851206,5.541203594284446,0.10485696929476396,0.9164893041971709,,,-2.1781860294559863,0.9692846538992661
int,LEFTTURN,FAT,LU_BANKINS,20,Firth-Poisson,0.0,0.4004636696114367,0.3064704928027083,1.4925165718072746,0.818551882994516,2.72139831744088,1.3066956820186826,0.19131608576108527,,,-1.2121298213296257,0.5739482572832558
int,LEFTTURN,FAT,LU_AUTOSALSER,20,Firth-Poisson,0.0,0.1376860684133875,0.21648474384892089,1.1476152210506105,0.7507939521346144,1.754170624100745,0.6360081822184895,0.5247710889906034,,,-2.100439459970829,0.9272920184768026
int,LEFTTURN,FAT,LU_REPAIRSTRS,20,Firth-Poisson,0.0,2.159419441481752,0.8773136135416739,8.666105016645822,1.5525282931956847,48.373595823459766,2.461399672990684,0.013839609857068369,,,-0.38271975639742095,0.14946778645633838
int,LEFTTURN,FAT,LU_SINGLESTORE,20,Firth-Poisson,0.0,0.27943435816051465,0.12257499242755489,1.3223816063847533,1.0399653268212026,1.6814917457391028,2.2797012067993223,0.022625415691117826,,,1.4581631051810575,0.20362874122006044
int,LEFTTURN,FAT,LU_PARKSREC,20,Firth-Poisson,0.0,-0.1105851875427827,0.6855064885992312,0.895310057676956,0.23359232001952102,3.431534475579194,-0.161318950851586,0.8718421981185299,,,-2.0247624969043443,0.9692846538992661
int,LEFTTURN,FAT,LU_SCHOOLS,20,Firth-Poisson,0.0,-0.3938580487754186,0.7141381210925816,0.6744497884190183,0.16636538981701665,2.7342376776730926,-0.5515152281366008,0.5812805305507667,,,-1.4095103911555782,0.9334605413659844
int,LEFTTURN,FAT,LU_HOSPITALS,20,too rare (<5 sites),,,,,,,,,,,,
int,LEFTTURN,FAT,LU_INDUSTRIAL,20,Firth-Poisson,0.0,-0.043573877434607604,0.36994099631964,0.9573618240427703,0.46363474223189344,1.9768614787631231,-0.11778601957637179,0.9062372071929922,,,-2.0622432673028186,0.9692846538992661
int,RIGHTTURN,TOT,LU_MXDUSE,1358,NB2,5.0,0.6496415614270658,0.5196602303844349,1.914854348330675,0.691499749504791,5.302485182310959,1.250127532265598,0.21125296374366653,1.553875202483141,0.21256426663772054,-0.44612479751685896,0.6102863397039255
int,RIGHTTURN,TOT,LU_GASSTNS,1358,NB2,5.0,0.2706053044637306,0.08017638119436299,1.3107576180922584,1.1201466310553432,1.5338041339893163,3.3751249486769828,0.0007378218371482377,11.436856040502107,0.0007200151635071064,9.436856040502107,0.02809910743847358
int,RIGHTTURN,TOT,LU_SUPERMKTS,1358,NB2,5.0,0.049581198827338746,0.11333349512017285,1.0508309149887511,0.8415141488837462,1.3122127695189185,0.43748054160656974,0.6617628847347236,0.19154096363536155,0.6616371696546826,-1.8084590363646385,0.8848715144452874
int,RIGHTTURN,TOT,LU_REGSHOPCNTRS,1358,NB2,5.0,0.5513667940158451,0.38630098458584883,1.7356236374254235,0.8140095867030952,3.7006805079417413,1.4272984434843272,0.15349388908242328,2.0107745922432514,0.15618555658705907,0.01077459224325139,0.4853725681795547
int,RIGHTTURN,TOT,LU_COMMSHOPCNTRS,1358,NB2,5.0,0.2037599273182085,0.07175003132148393,1.2260037881057877,1.065165158911546,1.411128852529959,2.8398583744896175,0.004513356683608056,8.103708527390381,0.004417478450998286,6.103708527390381,0.06214031352195019
int,RIGHTTURN,TOT,LU_FASTFOOD,1358,NB2,5.0,0.01635511013687818,0.07385052796542758,1.0164895870787838,0.8795086104607487,1.1748049630785384,0.22146233192177947,0.8247324631911941,0.04906687738457549,0.8246950044098529,-1.9509331226154245,0.9499854593531257
int,RIGHTTURN,TOT,LU_RESTOS,1358,NB2,5.0,-0.09235929701308784,0.09738371811269525,0.9117774917559942,0.7533454552195505,1.1035285189721782,-0.9484059430366686,0.3429228350894783,0.8986328234968823,0.34314856608928734,-1.1013671765031177,0.7116795902865384
int,RIGHTTURN,TOT,LU_BARS,1358,NB2,5.0,0.2660329793811456,0.3835882217791377,1.304778088751271,0.6152048757775326,2.7672827832090356,0.6935379249843652,0.4879720341850541,0.478802277525574,0.4889653371131124,-1.521197722474426,0.7767214459622239
int,RIGHTTURN,TOT,LU_HOTELS,1358,NB2,5.0,0.18116766938658968,0.14810606858036915,1.19861613367767,0.8966226145364895,1.602324782601095,1.2232292108157594,0.22124313557380593,1.493676051593411,0.22164697451327917,-0.5063239484065889,0.6163201633841736
int,RIGHTTURN,TOT,LU_OFFBLDGS,1358,NB2,5.0,-0.0826433930299977,0.15210263342000765,0.9206794093808816,0.6833387596943418,1.240454405421235,-0.5433396593587626,0.5868959628961203,0.2960171941435874,0.5863901234227404,-1.7039828058564126,0.8274664452982164
int,RIGHTTURN,TOT,LU_DEPTSTRS,1358,NB2,5.0,0.4533465654846016,0.2055865659310979,1.5735694368806858,1.0516884247546114,2.3544242899343,2.205137108212315,0.027444474809680056,4.976764434740289,0.02568998681776186,2.9767644347402893,0.18673998096151356
int,RIGHTTURN,TOT,LU_BANKINS,1358,NB2,5.0,0.20586531045939924,0.07687702437855198,1.228587714935827,1.056737511627037,1.428384775484313,2.6778522207843656,0.007409590179014576,7.230667769429147,0.007166854418831669,5.230667769429147,0.08669220509447054
int,RIGHTTURN,TOT,LU_AUTOSALSER,1358,NB2,5.0,-0.052032490509671014,0.05776198053630182,0.9492980231652266,0.8476851713194948,1.0630913070977326,-0.9008086292499964,0.3676900786596329,0.8109853640603433,0.3678290878041819,-1.1890146359396567,0.7255684670721713
int,RIGHTTURN,TOT,LU_REPAIRSTRS,1358,NB2,5.0,0.07452663176768798,0.38882743870797437,1.0773740355152208,0.5027937925530347,2.3085702918257853,0.19167019697820398,0.8480005524820047,0.036650925974527127,0.8481775032509293,-1.9633490740254729,0.9499854593531257
int,RIGHTTURN,TOT,LU_SINGLESTORE,1358,NB2,5.0,0.09088239538399939,0.03148585561961014,1.095140204141636,1.0295997334054838,1.1648527362769385,2.8864515064153338,0.0038961278290155963,8.371126676419408,0.003812291994369355,6.371126676419408,0.060779594132643305
int,RIGHTTURN,TOT,LU_PARKSREC,1358,NB2,5.0,0.11766883430672849,0.17495272235751685,1.1248715308174548,0.7983257941414282,1.584986944088947,0.6725750403944648,0.5012176852149394,0.4587510369992742,0.49820825681701564,-1.5412489630007258,0.7767214459622239
int,RIGHTTURN,TOT,LU_SCHOOLS,1358,NB2,5.0,-0.2951916738129824,0.15623394294746945,0.7443888939333976,0.5480382462787555,1.0110878742020144,-1.8894208789970481,0.058835455385715586,3.6397239562490995,0.05641628745859418,1.6397239562490995,0.2809693175562744
int,RIGHTTURN,TOT,LU_HOSPITALS,1358,too rare (<5 sites),,,,,,,,,,,,
int,RIGHTTURN,TOT,LU_INDUSTRIAL,1358,NB2,5.0,-0.1007033761224911,0.08875160614766396,0.9042012007776208,0.7598330626996211,1.0759992577618311,-1.1346653936036033,0.2565155423472154,1.2925040572058606,0.2555869971636665,-0.7074959427941394,0.6454262033252517
int,RIGHTTURN,KAB,LU_MXDUSE,68,Firth-Poisson,0.0,-1.6065451985018926,1.8927237181064105,0.20057938037326922,0.00491097056323291,8.192288532969684,-0.8488006903137308,0.39599220599622587,,,-0.4085232738176501,0.8343465698687513
int,RIGHTTURN,KAB,LU_GASSTNS,68,Firth-Poisson,0.0,0.25045643659473393,0.2008604118643167,1.2846116266501484,0.8665547638088303,1.9043540007458721,1.2469178683349502,0.21242761424514345,,,-0.7583820675611719,0.825642678219077
int,RIGHTTURN,KAB,LU_SUPERMKTS,68,Firth-Poisson,0.0,-0.04209224261910255,0.32283545382224804,0.9587813359917888,0.5092329362169685,1.8051889123183702,-0.13038296172476266,0.8962634460901846,,,-1.9951398654098966,0.9800263849771178
int,RIGHTTURN,KAB,LU_REGSHOPCNTRS,68,Firth-Poisson,0.0,0.34265338949828705,0.8813994722773295,1.4086804138730522,0.25035144303179924,7.926379350557611,0.3887606020604381,0.6974532476859179,,,-2.2112791053594947,0.9379543675776137
int,RIGHTTURN,KAB,LU_COMMSHOPCNTRS,68,Firth-Poisson,0.0,0.19139611478112323,0.18472484408476067,1.2109390279394916,0.8431043204167377,1.7392549105456223,1.0361146370398422,0.3001486644164846,,,-1.1380230569831724,0.825642678219077
int,RIGHTTURN,KAB,LU_FASTFOOD,68,Firth-Poisson,0.0,0.025246288826708672,0.20187909121207073,1.0255676752819003,0.6904327321317411,1.5233765834590094,0.12505648145695214,0.9004788355190951,,,-2.0651417775106893,0.9800560349370616
int,RIGHTTURN,KAB,LU_RESTOS,68,Firth-Poisson,0.0,-0.18095844168014072,0.2785620345277071,0.8344700371479122,0.48338587591495025,1.440547350663916,-0.6496163125278356,0.5159400934101068,,,-1.4219659401159106,0.8409230368288056
int,RIGHTTURN,KAB,LU_BARS,68,Firth-Poisson,0.0,0.8969157204844318,0.6725935952202803,2.452028694478362,0.656148773979965,9.163233944759064,1.3335180811388547,0.18236184591264282,,,-1.4291636367519231,0.825642678219077
int,RIGHTTURN,KAB,LU_HOTELS,68,Firth-Poisson,0.0,-0.6497531504840834,0.5787490075617813,0.5221746594149517,0.1679479439046398,1.6235171958397998,-1.1226855545229122,0.26157106521377926,,,0.5236578254149435,0.825642678219077
int,RIGHTTURN,KAB,LU_OFFBLDGS,68,Firth-Poisson,0.0,-0.13418871342898825,0.4124908828541389,0.8744250332855864,0.3895859214313772,1.96264571375478,-0.3253131620764544,0.7449440702775572,,,-1.7134448176163914,0.944937990780602
int,RIGHTTURN,KAB,LU_DEPTSTRS,68,Firth-Poisson,0.0,0.14258793779934986,0.5862313992496139,1.153254491160452,0.3655231716297867,3.638609053022812,0.24322808021178127,0.8078287150460577,,,-2.0978747192838227,0.9657360746195793
int,RIGHTTURN,KAB,LU_BANKINS,68,Firth-Poisson,0.0,0.2582874139776753,0.19596746323321837,1.2947108831582708,0.8817834153487427,1.9010068025667128,1.3180117235598992,0.18749972340984344,,,-0.5985051839884363,0.825642678219077
int,RIGHTTURN,KAB,LU_AUTOSALSER,68,Firth-Poisson,0.0,-0.044696067099252765,0.15101843928684128,0.9562880850805674,0.7112778000625811,1.2856958302179518,-0.2959643028382646,0.7672573429415145,,,-1.877294779596582,0.944937990780602
int,RIGHTTURN,KAB,LU_REPAIRSTRS,68,Firth-Poisson,0.0,0.27945520828232273,0.8727363001964304,1.322409178489763,0.2390439291172345,7.315668052361711,0.3202057806228807,0.748812341414919,,,-2.2165557625561405,0.944937990780602
int,RIGHTTURN,KAB,LU_SINGLESTORE,68,Firth-Poisson,0.0,0.04837130758444793,0.07764597439621994,1.0495602926793486,0.9013922177907862,1.222083779100073,0.622972510301871,0.5333025866172489,,,-1.7154734063684032,0.8409230368288056
int,RIGHTTURN,KAB,LU_PARKSREC,68,Firth-Poisson,0.0,0.4404030394432841,0.30595058470857056,1.553333146892708,0.8527745178511625,2.829404273612131,1.4394580741291425,0.15002078053045112,,,-0.627948743444108,0.8105012532521055
int,RIGHTTURN,KAB,LU_SCHOOLS,68,Firth-Poisson,0.0,-1.3844308978573723,0.8066628409634442,0.25046630014729104,0.051535207395173886,1.2172914533637385,-1.7162447897114812,0.08611724860358588,,,4.845777575103398,0.6622943094585574
int,RIGHTTURN,KAB,LU_HOSPITALS,68,too rare (<5 sites),,,,,,,,,,,,
int,RIGHTTURN,KAB,LU_INDUSTRIAL,68,Firth-Poisson,0.0,-0.050561487058238555,0.2214605061484316,0.9506954714073451,0.615928693712521,1.4674131739286769,-0.22830927255422348,0.8194058164536795,,,-1.908655236500465,0.9657360746195793
int,REAREND,TOT,LU_MXDUSE,25212,NB2,7.0,-0.25555800590804556,0.34127788734696546,0.7744842105976448,0.3967445464974696,1.5118690294811217,-0.7488267344090435,0.45396164395584926,0.5482645244801461,0.4590276767588196,-1.451735475519854,0.7637985245904917
int,REAREND,TOT,LU_GASSTNS,25212,NB2,7.0,0.1268366577020559,0.058188152360861334,1.1352315713027166,1.0128699936508165,1.2723752589779325,2.1797677457682796,0.02927468194641101,4.902794851185718,0.02681326609831428,2.9027948511857176,0.18673998096151356
int,REAREND,TOT,LU_SUPERMKTS,25212,NB2,7.0,-0.045844124871303044,0.07360562290702866,0.9551908410824389,0.8268672260421049,1.1034293223290932,-0.6228345479693692,0.533393252845176,0.38398149441127316,0.5354800728492073,-1.6160185055887268,0.8037454589574824
int,REAREND,TOT,LU_REGSHOPCNTRS,25212,NB2,7.0,0.052658695000233006,0.23759792838324414,1.0540698244173694,0.6616402864750908,1.6792556581862446,0.22162943658033424,0.8246023652356511,0.04963266806134925,0.8237036956332489,-1.9503673319386508,0.9499854593531257
int,REAREND,TOT,LU_COMMSHOPCNTRS,25212,NB2,7.0,0.10552030819979748,0.04832933361662597,1.1112886725660882,1.0108532885359394,1.2217030184096704,2.1833594693616263,0.029009348252293028,4.854717468276249,0.02757062886430125,2.854717468276249,0.18673998096151356
int,REAREND,TOT,LU_FASTFOOD,25212,NB2,7.0,0.10049711119288288,0.048295500901876676,1.1057204474863656,1.0058550033444664,1.2155009458860833,2.080879363836927,0.03744494945536751,4.442241697006466,0.035060183284362424,2.442241697006466,0.2037701900594418
int,REAREND,TOT,LU_RESTOS,25212,NB2,7.0,-0.07738259797197569,0.057060202155023686,0.9255356777840288,0.8276039219352864,1.0350558620457138,-1.3561570946022803,0.17504919008042918,1.806932303564281,0.17887666748653092,-0.19306769643571897,0.5251475702412876
int,REAREND,TOT,LU_BARS,25212,NB2,7.0,-0.374511630968651,0.2155274577034667,0.6876250115643837,0.4507035610930611,1.049089018471921,-1.7376515965029502,0.08227222242436107,2.762471613015805,0.09649904580115266,0.7624716130158049,0.35003090995091796
int,REAREND,TOT,LU_HOTELS,25212,NB2,7.0,0.049030957695701004,0.08700362382361722,1.050252863645325,0.8855944673102082,1.2455261615911082,0.5635507527261353,0.5730599105744262,0.32206440800109704,0.570369644674505,-1.677935591998903,0.8274664452982164
int,REAREND,TOT,LU_OFFBLDGS,25212,NB2,7.0,0.011448473618365212,0.08944058565943133,1.0115142581971097,0.8488650353475051,1.2053283524832556,0.1280008793989599,0.8981482771070726,0.016450395860374556,0.8979439338752739,-1.9835496041396254,0.9657837415385031
int,REAREND,TOT,LU_DEPTSTRS,25212,NB2,7.0,0.10595495607893983,0.13509982797286596,1.1117717968175937,0.8531322463558849,1.448821719585321,0.7842715839743355,0.43288076946534837,0.628416241170271,0.4279368427696342,-1.371583758829729,0.7448095592271435
int,REAREND,TOT,LU_BANKINS,25212,NB2,7.0,0.04435382003586165,0.051482899435996245,1.0453521560003887,0.9450167159029099,1.1563405299244782,0.8615252932869972,0.3889487967228382,0.7508458124593744,0.3862085736093962,-1.2491541875406256,0.7255684670721713
int,REAREND,TOT,LU_AUTOSALSER,25212,NB2,7.0,0.034997442972490286,0.032387892223846235,1.035617060694924,0.9719189859472158,1.1034898092428462,1.080571799196081,0.2798876326133688,1.1851812672202868,0.276303711151182,-0.8148187327797132,0.6608916153076985
int,REAREND,TOT,LU_REPAIRSTRS,25212,NB2,7.0,-0.24467352472199702,0.2089773549996324,0.7829601136408395,0.519821840507379,1.1793012370432987,-1.170813577970816,0.24167371884364097,1.29864159302997,0.2544615014004119,-0.70135840697003,0.6214467055979339
int,REAREND,TOT,LU_SINGLESTORE,25212,NB2,7.0,0.0474524995540214,0.01939432953077184,1.0485963911420657,1.0094843073465036,1.0892238576807751,2.4467202889757704,0.014416267001136946,6.028176140881442,0.0140792736189565,4.028176140881442,0.1316465846792749
int,REAREND,TOT,LU_PARKSREC,25212,NB2,7.0,0.09049622619623547,0.11198383572445576,1.094717376385295,0.878980916654153,1.3634040414911912,0.8081186504354781,0.4190222821013534,0.6596983521158108,0.41666645651453116,-1.3403016478841892,0.7448095592271435
int,REAREND,TOT,LU_SCHOOLS,25212,NB2,7.0,-0.13643906267389136,0.08823837423858004,0.8724594839878702,0.7338972282481241,1.037182757887499,-1.5462554002296742,0.12204289859376571,2.3068229546861403,0.128807083957871,0.3068229546861403,0.42443139694579046
int,REAREND,TOT,LU_HOSPITALS,25212,too rare (<5 sites),,,,,,,,,,,,
int,REAREND,TOT,LU_INDUSTRIAL,25212,NB2,7.0,-0.1338218595388285,0.048960982666838855,0.8747458783587335,0.794704139182024,0.9628493347136456,-2.7332347565292165,0.006271561425759247,7.1112096214747,0.007660340163482526,5.1112096214747,0.07723923019092967
int,REAREND,KAB,LU_MXDUSE,1578,NB2,6.0,-0.42253227310113056,0.4875426626504955,0.6553851026758295,0.25205300106565764,1.7041242555867002,-0.8666570240316201,0.3861299591731857,0.7612483934813099,0.3829381232800867,-1.23875160651869,0.8343465698687513
int,REAREND,KAB,LU_GASSTNS,1578,NB2,6.0,0.05791587126276561,0.06748636999756054,1.059625846975908,0.9283398329486197,1.2094783566629028,0.8581861976701239,0.39078965620362494,0.7359653057455944,0.39095640789607655,-1.2640346942544056,0.8343465698687513
int,REAREND,KAB,LU_SUPERMKTS,1578,NB2,6.0,-0.06857151337742155,0.09004803647342424,0.9337266837671058,0.7826531437411939,1.113961563881505,-0.7614992626480975,0.4463589191172125,0.5798960007095957,0.4463530882185607,-1.4201039992904043,0.8376640849714798
int,REAREND,KAB,LU_REGSHOPCNTRS,1578,NB2,6.0,0.17566582187940086,0.3095672499566401,1.1920396385166523,0.6498030330860267,2.1867526426377757,0.5674560920252569,0.5704043498643537,0.31860011527851384,0.5724501413259444,-1.6813998847214862,0.8556065247965307
int,REAREND,KAB,LU_COMMSHOPCNTRS,1578,NB2,6.0,0.11057881204006727,0.05889414211224161,1.1169243726718232,0.9951580536989229,1.2535898690980933,1.8775859206731291,0.0604378332770734,3.511969349898891,0.06092699232500203,1.5119693498988909,0.5892688744514657
int,REAREND,KAB,LU_FASTFOOD,1578,NB2,6.0,0.056825984514199984,0.057486138123437044,1.0584716039182138,0.9456839598846802,1.184710943429575,0.9885162992194824,0.3228998559381214,0.9779538708976361,0.3227044850766538,-1.022046129102364,0.8340388372099032
int,REAREND,KAB,LU_RESTOS,1578,NB2,6.0,-0.0012089750632062538,0.07582033806063722,0.9987917554527239,0.8608656401488949,1.1588161081534072,-0.015945260785297177,0.9872780616987002,0.00025425301555515034,0.9872780198203672,-1.9997457469844448,0.9999025320875652
int,REAREND,KAB,LU_BARS,1578,NB2,6.0,-0.250226928187628,0.2858200249048613,0.7786240712723816,0.4446649610057639,1.36339828304331,-0.8754702483526796,0.38131809151799556,0.7738745392871351,0.3790210950427534,-1.2261254607128649,0.8343465698687513
int,REAREND,KAB,LU_HOTELS,1578,NB2,6.0,-0.09773674064405224,0.12503344938213368,0.9068876189810237,0.7097785198866188,1.158734915776895,-0.781684750177084,0.43439986602604275,0.6155906922272152,0.4326905474319438,-1.3844093077727848,0.8356092831286352
int,REAREND,KAB,LU_OFFBLDGS,1578,NB2,6.0,-0.12344944710051049,0.1391396853057529,0.8838663221200392,0.6728968498180019,1.160979837532753,-0.887233910506813,0.37495297894587143,0.8037004701072874,0.3699892876614568,-1.1962995298927126,0.8343465698687513
int,REAREND,KAB,LU_DEPTSTRS,1578,NB2,6.0,-0.03392633752184296,0.16453246064030577,0.9666427073123047,0.7001855130711948,1.3345007946559053,-0.20619844491362316,0.8366359025269292,0.04254981175586181,0.8365752799776772,-1.9574501882441382,0.9657360746195793
int,REAREND,KAB,LU_BANKINS,1578,NB2,6.0,0.028702920969571475,0.06318422065345058,1.0291188194366296,0.9092473119007713,1.1647937042614247,0.45427356185968826,0.6496319424816039,0.20597412849110697,0.6499413085369588,-1.794025871508893,0.9212962093375474
int,REAREND,KAB,LU_AUTOSALSER,1578,NB2,6.0,-0.0031897303553003373,0.040429449617206334,0.9968153514299586,0.9208745601663862,1.0790186718448362,-0.0788962102007647,0.9371151776684877,0.006224121496870794,0.9371176501811764,-1.9937758785031292,0.9939886349587852
int,REAREND,KAB,LU_REPAIRSTRS,1578,NB2,6.0,-0.3173327586976325,0.30207896740514856,0.7280884370511398,0.4027627762837878,1.316191076689899,-1.0504960389116582,0.2934901111688182,1.1274920223363551,0.2883109279237635,-0.8725079776636449,0.825642678219077
int,REAREND,KAB,LU_SINGLESTORE,1578,NB2,6.0,0.05427808603669143,0.024036565253630647,1.0557781584999506,1.0071921583657204,1.106707901473555,2.2581465140279517,0.023936526542643773,5.0900701665764245,0.02406321803649289,3.0900701665764245,0.35007170068616517
int,REAREND,KAB,LU_PARKSREC,1578,NB2,6.0,0.08559072816879867,0.13606551419282983,1.089360392534188,0.8343538553233909,1.422305484957913,0.6290405667927061,0.5293224983677469,0.39678433665403645,0.5287546495423536,-1.6032156633459635,0.8409230368288056
int,REAREND,KAB,LU_SCHOOLS,1578,NB2,6.0,-0.1248167293182966,0.12020620502585716,0.8826586532151547,0.6973827420543777,1.1171574102916964,-1.038355127270241,0.29910475235082223,1.0863751717715786,0.297275751387069,-0.9136248282284214,0.825642678219077
int,REAREND,KAB,LU_HOSPITALS,1578,too rare (<5 sites),,,,,,,,,,,,
int,REAREND,KAB,LU_INDUSTRIAL,1578,NB2,6.0,-0.08983496179349207,0.06620471713137098,0.9140820312822522,0.8028429145712913,1.0407340523883928,-1.356926903187748,0.17480443758813946,1.849527741630709,0.17383833079382696,-0.150472258369291,0.825642678219077
int,REAREND,KSI,LU_MXDUSE,224,NB2,2.0,-0.47758637720623104,1.1831304136558773,0.6202787053405033,0.061021928977757045,6.305039495541571,-0.40366334234489615,0.6864602995292781,0.17279982400043536,0.677635409059355,-1.8272001759995646,0.9360822266308338
int,REAREND,KSI,LU_GASSTNS,224,NB2,2.0,0.20974665436736578,0.1285235075345869,1.2333655525960354,0.9587169293522357,1.5866941948739008,1.6319711342372207,0.1026855672338341,2.547003905128463,0.11050362939653252,0.547003905128463,0.7095687598679016
int,REAREND,KSI,LU_SUPERMKTS,224,NB2,2.0,0.00377319839084322,0.18014898897601553,1.0037803258655307,0.7051682726771009,1.428843272783039,0.020944876861593555,0.9832896279060637,0.0004384020761563079,0.9832950711237308,-1.9995615979238437,0.9887828660507904
int,REAREND,KSI,LU_REGSHOPCNTRS,224,NB2,2.0,-0.4034864629083266,0.7498999212303977,0.6679870693399788,0.1536173807846912,2.90466301746684,-0.5380537475538156,0.5905399429013398,0.32172275880566303,0.5705741647874675,-1.678277241194337,0.8784891712581915
int,REAREND,KSI,LU_COMMSHOPCNTRS,224,NB2,2.0,0.014595969099237955,0.12148054948304585,1.0147030104127095,0.7997101672559136,1.287494196645781,0.1201506674224832,0.9043637962690168,0.014395136911048212,0.904499200777963,-1.9856048630889518,0.9566608675227726
int,REAREND,KSI,LU_FASTFOOD,224,NB2,2.0,0.08846505108992678,0.10899661815812554,1.0924960703963502,0.8823483727653619,1.3526943559614415,0.8116311550289309,0.41700330876308733,0.646249805993989,0.42145667137436815,-1.353750194006011,0.807450772269646
int,REAREND,KSI,LU_RESTOS,224,NB2,2.0,-0.06601500039694834,0.15984953831261922,0.9361168220623787,0.6843265277690965,1.2805505398204446,-0.41298211489258224,0.6796197174583944,0.17341889224132956,0.6770910339077785,-1.8265811077586704,0.934733053047581
int,REAREND,KSI,LU_BARS,224,NB2,2.0,0.07059636493483519,0.5474189128920093,1.073147978283135,0.36701788309570904,3.1378486889502857,0.1289622321630709,0.8973875335829516,0.016358715456135542,0.8982271660416836,-1.9836412845438645,0.9566608675227726
int,REAREND,KSI,LU_HOTELS,224,NB2,2.0,-0.17087276203254134,0.25612952813821416,0.8429288191982782,0.5102335906793479,1.392556286403985,-0.667134177283667,0.5046864309785855,0.46890253261574344,0.49349248854391814,-1.5310974673842566,0.8340484256693534
int,REAREND,KSI,LU_OFFBLDGS,224,NB2,2.0,-0.32793572057198217,0.3425328509033684,0.7204093257164192,0.3681370070468427,1.409772955841813,-0.9573847288139257,0.3383731035141576,1.0412734507207233,0.3075254858315203,-0.9587265492792767,0.807450772269646
int,REAREND,KSI,LU_DEPTSTRS,224,NB2,2.0,0.04112724734158586,0.3157520738599682,1.041984686891369,0.5611613421322496,1.9347948730585016,0.1302517093199687,0.8963672848766415,0.016814040257372653,0.8968283382531677,-1.9831859597426273,0.9566608675227726
int,REAREND,KSI,LU_BANKINS,224,NB2,2.0,0.09147581906023697,0.1313937549809702,1.095790279133442,0.8469988511533716,1.4176599344949026,0.696196094506055,0.48630603317394816,0.4744847976427309,0.49093115488299777,-1.5255152023572691,0.833667485441054
int,REAREND,KSI,LU_AUTOSALSER,224,NB2,2.0,0.027113892379069048,0.08181865263936332,1.0274848187902155,0.8752456695829202,1.2062042573114875,0.33139011098826665,0.7403498335979274,0.10845920437861878,0.7419051746126579,-1.8915407956213812,0.9415569434393954
int,REAREND,KSI,LU_REPAIRSTRS,224,NB2,2.0,-0.09375424850111118,0.5136699846423266,0.9105064930839692,0.33268891380813564,2.491883677332789,-0.18251844823363228,0.855175877918513,0.03399980057758967,0.8537072408786888,-1.9660001994224103,0.9548617741809673
int,REAREND,KSI,LU_SINGLESTORE,224,NB2,2.0,0.002119052776077135,0.04926254854858596,1.0021212995551452,0.909886381847296,1.1037060440263118,0.04301549226563433,0.9656891842420766,0.0018496902794140624,0.9656951361468802,-1.998150309720586,0.9887828660507904
int,REAREND,KSI,LU_PARKSREC,224,NB2,2.0,0.3036180357695836,0.20338568060513176,1.3547514906396922,0.9093566584602504,2.0182967643280247,1.4928191348881168,0.13548453708379002,2.1229266308067736,0.1451090265952776,0.12292663080677357,0.7095687598679016
int,REAREND,KSI,LU_SCHOOLS,224,NB2,2.0,-0.10407485782216741,0.23522673978966135,0.9011578361831898,0.5682923637298471,1.4289923594687173,-0.4424448424325851,0.6581673357005091,0.20149364030328343,0.6535179142454756,-1.7985063596967166,0.9328355939062334
int,REAREND,KSI,LU_HOSPITALS,224,too rare (<5 sites),,,,,,,,,,,,
int,REAREND,KSI,LU_INDUSTRIAL,224,NB2,2.0,-0.13902187860507015,0.14242419832059328,0.870208989291172,0.6582481393222767,1.1504228265997554,-0.9761113648127083,0.32900928007671626,1.0018088633252091,0.3168732113983766,-0.9981911366747909,0.807450772269646
int,SIDESWIPE,TOT,LU_MXDUSE,7429,NB2,5.0,-0.2527546212304408,0.37286401755948,0.7766584339349472,0.3739743392146539,1.612940407272331,-0.6778734587606616,0.4978519296580569,0.45358055657652585,0.5006394913462346,-1.5464194434234741,0.7767214459622239
int,SIDESWIPE,TOT,LU_GASSTNS,7429,NB2,5.0,0.19842206358877532,0.06029609528818367,1.2194769820509996,1.0835489480335363,1.3724567888244463,3.290794580319373,0.0009990483827321932,11.20639566447062,0.0008151589482727871,9.20639566447062,0.02809910743847358
int,SIDESWIPE,TOT,LU_SUPERMKTS,7429,NB2,5.0,0.08293869056845773,0.07853018245353187,1.0864751953296392,0.9314800865127342,1.2672609615154022,1.0561377546465587,0.2909052836610809,1.1293397310942055,0.2879162192464702,-0.8706602689057945,0.6608916153076985
int,SIDESWIPE,TOT,LU_REGSHOPCNTRS,7429,NB2,5.0,0.26036977349508805,0.2548965628753557,1.297409745713939,0.7872357739387832,2.138205737083795,1.0214722809832815,0.30703073529821534,1.0789637798593503,0.2989294811881549,-0.9210362201406497,0.6736666697238416
int,SIDESWIPE,TOT,LU_COMMSHOPCNTRS,7429,NB2,5.0,0.15121284904695975,0.050228775542447535,1.1632442271585968,1.054181302394736,1.2835905255992877,3.010482485665457,0.002608329903404033,9.207624215904616,0.002410092630744659,7.207624215904616,0.04694993826127259
int,SIDESWIPE,TOT,LU_FASTFOOD,7429,NB2,5.0,0.12069356448324137,0.04943469054716899,1.1282791145941615,1.0240870891620875,1.2430717796383612,2.4414750683647846,0.01462739829769721,6.109527611278281,0.013445506056105906,4.109527611278281,0.1316465846792749
int,SIDESWIPE,TOT,LU_RESTOS,7429,NB2,5.0,-0.021118524420473888,0.06200331036915996,0.9791029100869479,0.8670618101628916,1.105621879898774,-0.34060317577782273,0.733402338338689,0.11565782984826001,0.7337924924880451,-1.88434217015174,0.9261910556572756
int,SIDESWIPE,TOT,LU_BARS,7429,NB2,5.0,0.036525778806718576,0.23518966314196363,1.0372010414782948,0.6541320994783995,1.6446005345120414,0.15530350406884647,0.8765820532857586,0.02425978005703655,0.8762257374641336,-1.9757402199429634,0.9602188469105948
int,SIDESWIPE,TOT,LU_HOTELS,7429,NB2,5.0,0.16787409027802044,0.09588107177714499,1.1827876768043508,0.9801469099844905,1.4273234697259525,1.7508574650501176,0.07997046513060686,3.155556856223484,0.07566887033409063,1.155556856223484,0.34653868223262974
int,SIDESWIPE,TOT,LU_OFFBLDGS,7429,NB2,5.0,-0.022980989288660356,0.101331979284685,0.9772810624048551,0.8012424699364508,1.1919965687926062,-0.2267891089356589,0.8205877328807507,0.05120236037009818,0.8209841304839448,-1.9487976396299018,0.9499854593531257
int,SIDESWIPE,TOT,LU_DEPTSTRS,7429,NB2,5.0,0.11751538456107136,0.14446967357112733,1.1246989328100527,0.8473468401567503,1.4928334296143353,0.8134259713905599,0.4159738738949672,0.6743507961828072,0.4115388214613632,-1.3256492038171928,0.7448095592271435
int,SIDESWIPE,TOT,LU_BANKINS,7429,NB2,5.0,0.014469413078807763,0.05500590891310507,1.0145746017634085,0.9108817720171888,1.1300716011297613,0.263051976864261,0.7925105176053048,0.06939704564410931,0.7922167117495765,-1.9306029543558907,0.9499854593531257
int,SIDESWIPE,TOT,LU_AUTOSALSER,7429,NB2,5.0,0.0070836117734452446,0.03486754374572188,1.007108759896101,0.9405816918723202,1.078341267987539,0.20315775109092327,0.8390117339209727,0.04137168388660939,0.8388221617968232,-1.9586283161133906,0.9499854593531257
int,SIDESWIPE,TOT,LU_REPAIRSTRS,7429,NB2,5.0,-0.1826712712094823,0.23274980181732335,0.8330419556061923,0.5278934141618801,1.3145814688784596,-0.7848396423248264,0.43254759408125065,0.6012274087484002,0.4381100968898419,-1.3987725912515998,0.7448095592271435
int,SIDESWIPE,TOT,LU_SINGLESTORE,7429,NB2,5.0,0.06788596398911408,0.020682347334000057,1.0702432552481689,1.0277259678052204,1.1145194938007859,3.2823142795554547,0.0010295878300310576,10.855339838946293,0.000985112828935629,8.855339838946293,0.02809910743847358
int,SIDESWIPE,TOT,LU_PARKSREC,7429,NB2,5.0,0.0073805007910464175,0.119869857845439,1.0074078038156753,0.7964711107090789,1.2742087811385996,0.06157094805737473,0.9509045131239489,0.0037951426506879216,0.9508776108003469,-1.996204857349312,0.9908339584051887
int,SIDESWIPE,TOT,LU_SCHOOLS,7429,NB2,5.0,-0.08422902176306747,0.09639724331620375,0.9192207104385234,0.7609652249648251,1.1103880792163159,-0.8737700256300702,0.38224350714380206,0.7541432827902099,0.3851676050576823,-1.24585671720979,0.7255684670721713
int,SIDESWIPE,TOT,LU_HOSPITALS,7429,too rare (<5 sites),,,,,,,,,,,,
int,SIDESWIPE,TOT,LU_INDUSTRIAL,7429,NB2,5.0,-0.07589508471237812,0.054747901017233896,0.9269134488492783,0.8326008105490713,1.0319093265007413,-1.3862647389620906,0.16566607969071834,1.8874423458150886,0.16949068194277644,-0.11255765418491137,0.5097853693003237
int,SIDESWIPE,KAB,LU_MXDUSE,161,NB2,0.0,0.7552719339745895,0.9536373468408953,2.128190171886758,0.3282902130767299,13.796309567890772,0.7919907252757782,0.4283660841998479,0.5894327361352225,0.4426385599992455,-1.4105672638647775,0.8356092831286352
int,SIDESWIPE,KAB,LU_GASSTNS,161,NB2,0.0,0.3784789765107834,0.1487052685821811,1.4600621108752994,1.0909148433970708,1.954122616001211,2.5451618501439923,0.010922709802448359,6.243416137999702,0.012465580469948178,4.243416137999702,0.23565226646966064
int,SIDESWIPE,KAB,LU_SUPERMKTS,161,NB2,0.0,0.08710533931587143,0.21068916255290351,1.0910116000809156,0.7219167732159274,1.6488137631276447,0.41343056406140255,0.6792911854602457,0.16883450768159491,0.6811497014231929,-1.831165492318405,0.9287534083574267
int,SIDESWIPE,KAB,LU_REGSHOPCNTRS,161,NB2,0.0,-24.957244283295296,204303.13266046706,1.4494609658669307e-11,0.0,inf,-0.00012215791289295564,0.9999025320875652,2.987867559029837,0.08389057388788343,0.9878675590298371,0.9999025320875652
int,SIDESWIPE,KAB,LU_COMMSHOPCNTRS,161,NB2,0.0,0.1684065221044804,0.13295625445900058,1.183417598287668,0.9119339300659893,1.5357222335565595,1.2666310644033036,0.20528723948033278,1.5630728340831865,0.21121586489103314,-0.43692716591681346,0.825642678219077
int,SIDESWIPE,KAB,LU_FASTFOOD,161,NB2,0.0,0.11140982715662634,0.13017572338078623,1.117852939482657,0.8661175932466991,1.4427546606296575,0.8558418133827731,0.3920852833840325,0.7216447089705298,0.39560494418728254,-1.2783552910294702,0.8343465698687513
int,SIDESWIPE,KAB,LU_RESTOS,161,NB2,0.0,0.14026631104166654,0.16964695146769856,1.1505801702640361,0.8251074045110017,1.6044392778045502,0.8268130362977597,0.4083430399493817,0.6704246429078466,0.41290359637607343,-1.3295753570921534,0.8343465698687513
int,SIDESWIPE,KAB,LU_BARS,161,NB2,0.0,-0.5522729837024659,0.7877724053358526,0.5756399021283706,0.12290950843405428,2.695977724946709,-0.7010565233838246,0.48326774132969985,0.549592654957678,0.45848418286248216,-1.450407345042322,0.8376640849714798
int,SIDESWIPE,KAB,LU_HOTELS,161,NB2,0.0,0.33907477600020425,0.23693319586672631,1.4036483004942135,0.8822195880681603,2.2332632126142204,1.4310986468562727,0.15240194505595148,1.9668329263888609,0.16078443060783,-0.03316707361113913,0.8105012532521055
int,SIDESWIPE,KAB,LU_OFFBLDGS,161,NB2,0.0,-0.2887093535538176,0.39404045583393493,0.7492299347779187,0.3460996128363197,1.621918876380831,-0.7326896243250002,0.4637477536734357,0.5952967384826024,0.4403781810977567,-1.4047032615173976,0.8376640849714798
int,SIDESWIPE,KAB,LU_DEPTSTRS,161,NB2,0.0,-0.5365802199078819,0.5034695160786828,0.5847445347239684,0.21797378593628733,1.5686573017064247,-1.0657650617798764,0.2865298582986463,1.2549261053317196,0.2626136992973293,-0.7450738946682804,0.825642678219077
int,SIDESWIPE,KAB,LU_BANKINS,161,NB2,0.0,-0.051437528338961,0.15521772126999248,0.9498629876273155,0.7007078349751596,1.2876118265414778,-0.3313895341208387,0.7403502692794481,0.11098956973182794,0.7390203252309255,-1.889010430268172,0.944937990780602
int,SIDESWIPE,KAB,LU_AUTOSALSER,161,NB2,0.0,0.08185425242361713,0.0981796374228364,1.085297618804255,0.8953166387830472,1.31559145709969,0.8337192372293074,0.40443921513254133,0.6821877205351257,0.40883440690671513,-1.3178122794648743,0.8343465698687513
int,SIDESWIPE,KAB,LU_REPAIRSTRS,161,NB2,0.0,-0.17524516241705024,0.7959146181561484,0.839251242682543,0.17635825483636744,3.9938172953554747,-0.22018085661377984,0.8257303050160213,0.05021164068989492,0.8226954116496971,-1.949788359310105,0.9657360746195793
int,SIDESWIPE,KAB,LU_SINGLESTORE,161,NB2,0.0,0.12041761722936369,0.05537140658277357,1.1279678120244019,1.011960623301485,1.2572736089396899,2.1747256329736517,0.029650682838072543,4.636055905553462,0.031306873829291246,2.6360559055534623,0.38179205843863456
int,SIDESWIPE,KAB,LU_PARKSREC,161,NB2,0.0,0.46952068397648145,0.3110909458290541,1.599227474128066,0.869169109834025,2.942498168733143,1.5092714534819192,0.13122942668260118,2.2516941417367207,0.13346821120871022,0.25169414173672067,0.8105012532521055
int,SIDESWIPE,KAB,LU_SCHOOLS,161,NB2,0.0,0.12588038933587456,0.27155413493799535,1.134146504153171,0.6660665322602431,1.9311708824611606,0.4635554135996388,0.6429663047816256,0.2083392588293691,0.6480722014093443,-1.791660741170631,0.917403142188417
int,SIDESWIPE,KAB,LU_HOSPITALS,161,too rare (<5 sites),,,,,,,,,,,,
int,SIDESWIPE,KAB,LU_INDUSTRIAL,161,NB2,0.0,0.04633632932838675,0.15317476920470346,1.0474266320181616,0.7757800665897844,1.4141927547631012,0.30250627808332237,0.7622661482942406,0.09040412490753624,0.7636640218359299,-1.9095958750924638,0.944937990780602
int,SIDESWIPE,KSI,LU_MXDUSE,34,Firth-Poisson,0.0,-2.7326485822196394,3.0794889346517746,0.06504677957156858,0.00015556500204060052,27.198171035461908,-0.8873708073669843,0.37487929509127593,,,-0.19484360593898487,0.807450772269646
int,SIDESWIPE,KSI,LU_GASSTNS,34,Firth-Poisson,0.0,0.6324570241512716,0.2089184458087559,1.8822295859860811,1.249791666177997,2.834703023101104,3.0272914471622254,0.002467559199897594,,,4.504289195402805,0.10715025809815752
int,SIDESWIPE,KSI,LU_SUPERMKTS,34,Firth-Poisson,0.0,0.07136289979467766,0.3980537280065737,1.0739708989766636,0.4922234951996116,2.3432719142774747,0.17927956648480162,0.8577181904952932,,,-2.138389310581829,0.9548617741809673
int,SIDESWIPE,KSI,LU_REGSHOPCNTRS,34,Firth-Poisson,0.0,-0.46002859170034016,1.4018035020934267,0.6312655962921341,0.040455063834758546,9.850342955575316,-0.32816909860286564,0.7427838109355231,,,-1.5598226905365493,0.9415569434393954
int,SIDESWIPE,KSI,LU_COMMSHOPCNTRS,34,Firth-Poisson,0.0,0.19985021495567745,0.2394524915339957,1.2212198239946461,0.7637790994639992,1.9526298370355062,0.8346132198307246,0.40393551641720293,,,-1.6843504085694576,0.807450772269646
int,SIDESWIPE,KSI,LU_FASTFOOD,34,Firth-Poisson,0.0,0.13329316352423437,0.2274511502034489,1.1425849134560122,0.7316075147344973,1.7844271117568455,0.5860298503876865,0.5578554554051232,,,-1.959615475067011,0.8656377756286394
int,SIDESWIPE,KSI,LU_RESTOS,34,Firth-Poisson,0.0,0.385014942330564,0.26825997047832406,1.4696362810682004,0.86868509141975,2.486321936413131,1.435230689260342,0.15122137109497308,,,-0.6552880726867727,0.7095687598679016
int,SIDESWIPE,KSI,LU_BARS,34,Firth-Poisson,0.0,-0.3811285401908476,1.3847924879795874,0.6830900794472742,0.045260444552506975,10.309489030713415,-0.2752242978635118,0.7831439205471648,,,-1.6505410884728917,0.9548617741809673
int,SIDESWIPE,KSI,LU_HOTELS,34,Firth-Poisson,0.0,0.9218790783773814,0.31037972792707447,2.5140099760980386,1.368253093067291,4.619208384723621,2.970165237705158,0.0029763960582821535,,,3.044938310127776,0.10715025809815752
int,SIDESWIPE,KSI,LU_OFFBLDGS,34,Firth-Poisson,0.0,-0.6786978909823722,0.7840701184423358,0.5072770925877923,0.10910164338717852,2.358626695943652,-0.8656086681771522,0.3867048004402458,,,-0.2585355159631604,0.807450772269646
int,SIDESWIPE,KSI,LU_DEPTSTRS,34,Firth-Poisson,0.0,0.1919254885279754,0.6526213952542045,1.2115802369745619,0.3371550227737999,4.353862678807486,0.2940839664829222,0.7686937423421447,,,-2.153875036807108,0.9477046138464797
int,SIDESWIPE,KSI,LU_BANKINS,34,Firth-Poisson,0.0,-0.06511065797766098,0.305985233746128,0.9369637751240462,0.5143549353585312,1.70680021818545,-0.21279019637817703,0.8314906107910826,,,-1.9779224637144353,0.9548617741809673
int,SIDESWIPE,KSI,LU_AUTOSALSER,34,Firth-Poisson,0.0,0.2701702081118279,0.13579868198488293,1.310187436285405,1.0040128213143924,1.7097302761063005,1.989490650151547,0.04664707280490289,,,0.5970639848839312,0.3998320526134534
int,SIDESWIPE,KSI,LU_REPAIRSTRS,34,Firth-Poisson,0.0,-0.22323068911759583,1.3896464829300559,0.7999302927944016,0.05250022647100129,12.188299295881741,-0.1606384730646863,0.8723781512601755,,,-1.8917718845019067,0.9548617741809673
int,SIDESWIPE,KSI,LU_SINGLESTORE,34,Firth-Poisson,0.0,0.03054808815112367,0.09754548362471926,1.0310194686767202,0.8515976889391346,1.2482433414240997,0.3131676323288267,0.7541533081039882,,,-2.0505323477331956,0.9426916351299853
int,SIDESWIPE,KSI,LU_PARKSREC,34,Firth-Poisson,0.0,0.7616814779652489,0.33072459602452575,2.141874709387234,1.1201485044286676,4.095552734815791,2.3030687379198262,0.02127497591215822,,,1.0736689458321393,0.29457658955295996
int,SIDESWIPE,KSI,LU_SCHOOLS,34,Firth-Poisson,0.0,-0.23311648285930578,0.565701534661733,0.7920613065849234,0.26135085802048974,2.400455533763089,-0.4120838791761457,0.6802779441624062,,,-1.661632243421593,0.934733053047581
int,SIDESWIPE,KSI,LU_HOSPITALS,34,too rare (<5 sites),,,,,,,,,,,,
int,SIDESWIPE,KSI,LU_INDUSTRIAL,34,Firth-Poisson,0.0,0.08955408822346592,0.2462153875366934,1.0936864872716952,0.6750097988849029,1.772048545690309,0.36372254845412416,0.7160652037718463,,,-2.1276776346600457,0.9415569434393954
int,HEADON,TOT,LU_MXDUSE,485,NB2,3.0,1.325034804100777,0.5756086085829486,3.762316296756789,1.2175515686742164,11.625810586614437,2.3019718335394415,0.021336760646803687,5.065261370034477,0.024410024195002298,3.0652613700344773,0.16642673304506875
int,HEADON,TOT,LU_GASSTNS,485,NB2,3.0,0.06336509895779051,0.0934961803180045,1.065415750411541,0.8870202967498779,1.2796896817176953,0.6777292798729269,0.49794335805357626,0.46013518501285944,0.49756080106536493,-1.5398648149871406,0.7767214459622239
int,HEADON,TOT,LU_SUPERMKTS,485,NB2,3.0,-0.030352800066068653,0.1480925829465033,0.9701032206877067,0.7257031278149826,1.2968116337354332,-0.20495827314345139,0.8376047261041532,0.04209564812208555,0.8374375572298869,-1.9579043518779145,0.9499854593531257
int,HEADON,TOT,LU_REGSHOPCNTRS,485,NB2,3.0,-0.8928652401624586,0.7530582638489204,0.40948080944780507,0.09358740773390653,1.7916356202831492,-1.1856522702492864,0.23575965090093487,1.7670780713349359,0.1837441044838219,-0.23292192866506412,0.6214467055979339
int,HEADON,TOT,LU_COMMSHOPCNTRS,485,NB2,3.0,0.17031260150446964,0.08531730410781192,1.185675437319996,1.0030954665457923,1.40148798349672,1.9962257748938328,0.045909353101893625,3.879278993879325,0.04888554678049136,1.8792789938793248,0.2311292145676411
int,HEADON,TOT,LU_FASTFOOD,485,NB2,3.0,0.04628872262415202,0.08919801160450347,1.0473767686752076,0.8793789316880904,1.2474691580962471,0.518943435974698,0.6038001865945837,0.2671723560772534,0.6052349179019292,-1.7328276439227466,0.8410074027567415
int,HEADON,TOT,LU_RESTOS,485,NB2,3.0,0.06213881137542746,0.11254410949944475,1.064110045055514,0.8534676474189887,1.326740610979667,0.5521285090068089,0.5808603107247166,0.30270268315780413,0.5821930212439664,-1.6972973168421959,0.8274664452982164
int,HEADON,TOT,LU_BARS,485,NB2,3.0,-0.37352127631355914,0.4877496721990647,0.6883063415190027,0.2646067191994728,1.790451962854834,-0.7658052841522246,0.4437921695953775,0.6195391729945641,0.4312185836926823,-1.380460827005436,0.7525171571399879
int,HEADON,TOT,LU_HOTELS,485,NB2,3.0,0.29069328523731375,0.1743089478493399,1.3373543347211025,0.9503240450014612,1.8820071174717805,1.6676899770433362,0.09537728612054006,2.6110876646864654,0.1061189563846027,0.6110876646864654,0.38479801641735123
int,HEADON,TOT,LU_OFFBLDGS,485,NB2,3.0,0.29902061247590583,0.17321433441369,1.3485374198815088,0.9603288674007412,1.8936775041896161,1.726304081518745,0.0842927214732752,2.811310573420542,0.09360187920785008,0.8113105734205419,0.3522231575847571
int,HEADON,TOT,LU_DEPTSTRS,485,NB2,3.0,-0.08312265212589848,0.2586946108198479,0.9202382711177335,0.5542363330025105,1.5279374974248021,-0.3213157470210471,0.7479711242159076,0.10400463148039307,0.7470758384629268,-1.895995368519607,0.9261910556572756
int,HEADON,TOT,LU_BANKINS,485,NB2,3.0,0.011041463454489142,0.10127378901782806,1.0111026453840994,0.8290662901753492,1.2331083432260879,0.10902587492352461,0.9131819674420378,0.011866103979400577,0.913256704368527,-1.9881338960205994,0.9757286775408076
int,HEADON,TOT,LU_AUTOSALSER,485,NB2,3.0,0.13411637814148372,0.06262233399893519,1.1435258933192662,1.0114415631635882,1.2928591391889728,2.1416700652480345,0.03222004119777603,4.468641660864478,0.034522426134273525,2.4686416608644777,0.18848724100698977
int,HEADON,TOT,LU_REPAIRSTRS,485,NB2,3.0,-0.20778023907107815,0.6281443265003491,0.8123855476989554,0.23717829549633582,2.7825913696235656,-0.33078423270764457,0.7408074715550537,0.11486975784919196,0.7346666727147564,-1.885130242150808,0.9261910556572756
int,HEADON,TOT,LU_SINGLESTORE,485,NB2,3.0,0.07667194330993424,0.03767701245165527,1.0796878194752402,1.0028289929742908,1.1624372606796822,2.0349793765711857,0.04185294815417527,4.119700224545795,0.04238658854821588,2.119700224545795,0.22258158791084123
int,HEADON,TOT,LU_PARKSREC,485,NB2,3.0,0.019913965079422613,0.22128060109283476,1.0201135708611544,0.6611358005789052,1.574005970549311,0.08999417473142178,0.9282918439368354,0.008086330180958612,0.9283475897070748,-1.9919136698190414,0.9852984824064949
int,HEADON,TOT,LU_SCHOOLS,485,NB2,3.0,-0.6034033016637297,0.2196187135958415,0.5469470392323524,0.35563299944402404,0.8411791487086738,-2.7475040345339456,0.006005077007274464,8.488528686716563,0.003573927148627313,6.488528686716563,0.07723923019092967
int,HEADON,TOT,LU_HOSPITALS,485,too rare (<5 sites),,,,,,,,,,,,
int,HEADON,TOT,LU_INDUSTRIAL,485,NB2,3.0,-0.032098483881853324,0.09994063379597071,0.9684112044880487,0.7961384897905538,1.1779612127843646,-0.321175508526217,0.7480773911077995,0.1039005215823181,0.7471981342390395,-1.896099478417682,0.9261910556572756
int,HEADON,KAB,LU_MXDUSE,56,Firth-Poisson,0.0,1.7950223748985012,0.9137386967432227,6.019609408449975,1.0041029233194385,36.087632640794226,1.9644810724295454,0.049474329159722406,,,0.06990420220807891,0.5262269556079565
int,HEADON,KAB,LU_GASSTNS,56,Firth-Poisson,0.0,-0.15596287111334048,0.2699718545516438,0.8555909569209529,0.5040359389389034,1.4523485906699312,-0.577700484268466,0.5634663521592804,,,-1.5346772596489586,0.8556065247965307
int,HEADON,KAB,LU_SUPERMKTS,56,Firth-Poisson,0.0,0.15876845263185227,0.29245058278545843,1.1720665263391297,0.6607136834492263,2.0791758617637903,0.5428898486700049,0.5872056457203303,,,-1.9323915243047054,0.8650910569582101
int,HEADON,KAB,LU_REGSHOPCNTRS,56,Firth-Poisson,0.0,-0.8289848178092819,1.4101698510836724,0.43649218056242034,0.02751792341870224,6.923684639759126,-0.5878616800467209,0.5566251392523819,,,-0.8365737283331782,0.8556065247965307
int,HEADON,KAB,LU_COMMSHOPCNTRS,56,Firth-Poisson,0.0,0.39713513248423576,0.16473242189339063,1.4875569337338348,1.0770863652913147,2.0544551508653774,2.4107891325804003,0.01591804870306646,,,2.4529710323433846,0.2785948274749051
int,HEADON,KAB,LU_FASTFOOD,56,Firth-Poisson,0.0,0.06901008309690651,0.19161486112277493,1.0714470125979383,0.7359780053731033,1.5598274573749926,0.3601499523186207,0.7187349990666689,,,-2.0276324247125785,0.944937990780602
int,HEADON,KAB,LU_RESTOS,56,Firth-Poisson,0.0,0.0502672748764885,0.23920062367791708,1.0515521122810367,0.6579897353620445,1.680515341526245,0.21014692229303397,0.8335530043415317,,,-2.0589127898640527,0.9657360746195793
int,HEADON,KAB,LU_BARS,56,Firth-Poisson,0.0,0.3398351693018519,0.8122028139661969,1.4047160311559534,0.2859088154569926,6.901595968744635,0.4184117112847082,0.6756461254588194,,,-2.233029238101608,0.9287534083574267
int,HEADON,KAB,LU_HOTELS,56,Firth-Poisson,0.0,-0.3033056840758971,0.46451627123622535,0.7383733528931011,0.2970788831245344,1.8351866767792315,-0.6529495366625249,0.5137888119317058,,,-1.2273343219389972,0.8409230368288056
int,HEADON,KAB,LU_OFFBLDGS,56,Firth-Poisson,0.0,-0.07676874280588586,0.4195183455158418,0.9261039970562515,0.406966380552312,2.1074679736433892,-0.18299257619232515,0.8548038436052434,,,-1.9073422269133289,0.9729192822880525
int,HEADON,KAB,LU_DEPTSTRS,56,Firth-Poisson,0.0,-0.7036656855554202,0.8229365311661684,0.494768310513889,0.09860618544422498,2.4825590807103355,-0.8550667747830666,0.3925141819509398,,,-0.5494990747259862,0.8343465698687513
int,HEADON,KAB,LU_BANKINS,56,Firth-Poisson,0.0,0.12353938435272885,0.21613725220690538,1.1314945668456757,0.7407518241403487,1.7283520783591229,0.5715783979453306,0.5676076337323022,,,-1.8898943148086005,0.8556065247965307
int,HEADON,KAB,LU_AUTOSALSER,56,Firth-Poisson,0.0,0.009517179214085578,0.1386040636346872,1.009562611579121,0.7693980789291174,1.3246935424079123,0.06866450351101971,0.945256673583529,,,-2.0695689749771873,0.9939886349587852
int,HEADON,KAB,LU_REPAIRSTRS,56,Firth-Poisson,0.0,-0.8768057488702521,1.3977762532574465,0.41610995078555757,0.02687799907546179,6.44197846188758,-0.6272861960753023,0.5304716502537514,,,-0.7389318144846584,0.8409230368288056
int,HEADON,KAB,LU_SINGLESTORE,56,Firth-Poisson,0.0,0.014887204644062627,0.07738285149701479,1.0149985710335725,0.87215930347244,1.1812315652638667,0.1923837692209744,0.8474416052179843,,,-2.0446838908815153,0.9720653706912172
int,HEADON,KAB,LU_PARKSREC,56,Firth-Poisson,0.0,0.23387165735011917,0.34150167144754195,1.2634823231319676,0.6469594769379083,2.467523295929965,0.6848331264640506,0.4934492289899082,,,-1.9273385881958802,0.8409230368288056
int,HEADON,KAB,LU_SCHOOLS,56,Firth-Poisson,0.0,-0.3854970472012749,0.4945163133655146,0.6801125041610109,0.2580120418280216,1.792757481546061,-0.7795436404872256,0.43565954077646796,,,-0.9782378093667603,0.8356092831286352
int,HEADON,KAB,LU_HOSPITALS,56,too rare (<5 sites),,,,,,,,,,,,
int,HEADON,KAB,LU_INDUSTRIAL,56,Firth-Poisson,0.0,-0.7386030064569712,0.36409215197948336,0.47778090636278164,0.23404927137991505,0.9753270887748232,-2.028615564607368,0.04249746198849692,,,4.704929868550721,0.4735431478718229
int,OFFROAD,TOT,LU_MXDUSE,1263,NB2,0.0,-0.554398145145231,0.5473062664160465,0.5744178733675743,0.1964949736634815,1.679207804110099,-1.0129577882884926,0.31108032380791684,1.0502969375079374,0.30543870940613227,-0.9497030624920626,0.6740073682504865
int,OFFROAD,TOT,LU_GASSTNS,1263,NB2,0.0,0.014609709236219912,0.08085505643058356,1.0147169526668527,0.866003610406539,1.188967899967694,0.18069011242064714,0.8566108201859381,0.03266266330911094,0.8565809640499771,-1.967337336690889,0.9499854593531257
int,OFFROAD,TOT,LU_SUPERMKTS,1263,NB2,0.0,0.01319118812160782,0.1047080544241271,1.013278575669403,0.825276664009977,1.2441082084179726,0.12598064393571878,0.8997472463905712,0.015870118972088676,0.8997503996498373,-1.9841298810279113,0.9657837415385031
int,OFFROAD,TOT,LU_REGSHOPCNTRS,1263,NB2,0.0,-0.6588685051397538,0.43171271034850656,0.5174364801023843,0.22201165079623322,1.2059750467171775,-1.526173516197548,0.1269666572060057,2.5014637586155004,0.11374053861135547,0.5014637586155004,0.42443139694579046
int,OFFROAD,TOT,LU_COMMSHOPCNTRS,1263,NB2,0.0,0.08592400173729015,0.06795507522835723,1.0897235080646244,0.9538317882111926,1.2449756222275763,1.264423612931777,0.20607802200742154,1.5981114270059606,0.2061710545100392,-0.40188857299403935,0.602778214371708
int,OFFROAD,TOT,LU_FASTFOOD,1263,NB2,0.0,0.18166391966840115,0.0619785262772454,1.1992110948844146,1.0620340751833128,1.3541065053356707,2.9310784005378436,0.0033778752072857843,8.579279974909014,0.003400097952033532,6.579279974909014,0.05645877132177668
int,OFFROAD,TOT,LU_RESTOS,1263,NB2,0.0,-0.13613602207714406,0.08412697331818003,0.8727239146951318,0.7400593526024237,1.0291701991231632,-1.6182208476971887,0.10561501153751471,2.629491070252243,0.10489533121975758,0.6294910702522429,0.39861149515771677
int,OFFROAD,TOT,LU_BARS,1263,NB2,0.0,-0.19210617393770033,0.32115430869124967,0.8252192470632819,0.4397413266288821,1.5486077029517078,-0.5981740513479666,0.549723803696019,0.3588846961595209,0.5491263000398653,-1.641115303840479,0.8165235189281694
int,OFFROAD,TOT,LU_HOTELS,1263,NB2,0.0,0.002357461524410935,0.12971846953664426,1.002360242521766,0.7773296654265996,1.2925353302152673,0.01817367667712865,0.9855003021368237,0.00033025193897628924,0.9855009734326209,-1.9996697480610237,0.9989592520917983
int,OFFROAD,TOT,LU_OFFBLDGS,1263,NB2,0.0,-0.3947724383460636,0.16485273180004634,0.673833360437173,0.4877834153385987,0.9308463210518746,-2.3946975827182055,0.016634078572243773,6.058801900506296,0.013837152821365498,4.058801900506296,0.14416201429277936
int,OFFROAD,TOT,LU_DEPTSTRS,1263,NB2,0.0,0.10232925647486214,0.18838933843910186,1.1077481449383684,0.7657390394419036,1.6025119386739806,0.5431796582689353,0.5870061107671108,0.2954248401854329,0.5867649542735912,-1.704575159814567,0.8274664452982164
int,OFFROAD,TOT,LU_BANKINS,1263,NB2,0.0,0.033559216184744105,0.07152690547825233,1.034128679068108,0.8988550263266992,1.189760410242681,0.46918311312863586,0.6389387549087495,0.220104616207891,0.6389602176362918,-1.779895383792109,0.8649923530451668
int,OFFROAD,TOT,LU_AUTOSALSER,1263,NB2,0.0,0.007334875166465973,0.046838226200435235,1.0073618412539622,0.9190010186569824,1.1042184487429165,0.15660019094399044,0.875559952049975,0.024526997845441656,0.8755514515937924,-1.9754730021545583,0.9602188469105948
int,OFFROAD,TOT,LU_REPAIRSTRS,1263,NB2,0.0,-0.17136457375741043,0.3147591569050028,0.8425143588483504,0.4546203875726186,1.5613695827758327,-0.5444307814343582,0.5861450685791256,0.2971630267952605,0.5856664386225774,-1.7028369732047395,0.8274664452982164
int,OFFROAD,TOT,LU_SINGLESTORE,1263,NB2,0.0,0.05995158388391056,0.02740676805417562,1.0617851377883702,1.0062537923089057,1.1203810484444627,2.1874736840696727,0.02870796227432992,4.778254199089588,0.028821325631514513,2.778254199089588,0.18673998096151356
int,OFFROAD,TOT,LU_PARKSREC,1263,NB2,0.0,0.12322963343057082,0.14045639247208758,1.131144139635556,0.8589325378055703,1.4896246309410266,0.8773515484890432,0.3802957212931235,0.773878871830675,0.3790197606861073,-1.226121128169325,0.7255684670721713
int,OFFROAD,TOT,LU_SCHOOLS,1263,NB2,0.0,-0.20546887712033118,0.1318749479010669,0.8142654364579927,0.6287989076877681,1.0544359936123708,-1.5580584515147997,0.11921939267208058,2.447130586766889,0.11773992243420262,0.4471305867668889,0.42443139694579046
int,OFFROAD,TOT,LU_HOSPITALS,1263,too rare (<5 sites),,,,,,,,,,,,
int,OFFROAD,TOT,LU_INDUSTRIAL,1263,NB2,0.0,-0.0031533344950986915,0.07275270189249967,0.9968516320423642,0.8643749536338167,1.1496320805316869,-0.04334319431542349,0.9654279594717223,0.0018786673092563433,0.9654276393202734,-1.9981213326907437,0.9908339584051887
int,OFFROAD,KAB,LU_MXDUSE,180,NB2,0.0,-0.2180837755566465,1.2060203511311958,0.8040580784318061,0.07563140562235707,8.548160491946968,-0.18082926656427745,0.8565015903903368,0.03333141733082812,0.8551362580976525,-1.9666685826691719,0.9729192822880525
int,OFFROAD,KAB,LU_GASSTNS,180,NB2,0.0,0.04416165472603671,0.16910482345061073,1.0451512948793424,0.7502987644019457,1.455875020744115,0.261149586539941,0.7939771534806273,0.06790017718753916,0.7944190180729704,-1.9320998228124608,0.9644621534966332
int,OFFROAD,KAB,LU_SUPERMKTS,180,NB2,0.0,-0.03344794643103223,0.23429974002431847,0.9671052512010965,0.6109895415608666,1.5307832676012545,-0.14275707872130203,0.8864820360132548,0.020461960074953822,0.8862543986752592,-1.9795380399250462,0.9800263849771178
int,OFFROAD,KAB,LU_REGSHOPCNTRS,180,NB2,0.0,-25.167322356520142,204192.15766101942,1.1748184986310641e-11,0.0,inf,-0.00012325312903691706,0.9999016582315198,3.5013526234106394,0.061318727861862654,1.5013526234106394,0.9999025320875652
int,OFFROAD,KAB,LU_COMMSHOPCNTRS,180,NB2,0.0,-0.0035678768970471664,0.15219034810972548,0.996438480412782,0.7394408701982795,1.342757325519609,-0.02344351623714544,0.9812964935955073,0.0005496953306192154,0.9812948455478556,-1.9994503046693808,0.9999025320875652
int,OFFROAD,KAB,LU_FASTFOOD,180,NB2,0.0,0.12277757378157758,0.13196477904848528,1.1306329105745527,0.8729531473377706,1.4643750152832216,0.930381384084823,0.35217365366967757,0.8455803882334294,0.357805638681726,-1.1544196117665706,0.8343465698687513
int,OFFROAD,KAB,LU_RESTOS,180,NB2,0.0,-0.31220889125724793,0.20081107010638202,0.7318286396556978,0.4937141422645087,1.0847839103085168,-1.554739442859657,0.12000813672842206,2.562948770025173,0.10939436778112674,0.562948770025173,0.7990198790792721
int,OFFROAD,KAB,LU_BARS,180,NB2,0.0,-0.6057528908706797,0.8008057798759225,0.5456634469200337,0.11357041710375072,2.6217091113845976,-0.7564292192852748,0.449391894778723,0.6407140240909257,0.4234523569396723,-1.3592859759090743,0.8376640849714798
int,OFFROAD,KAB,LU_HOTELS,180,NB2,0.0,0.011076462337760582,0.2887027118441061,1.0111380334668287,0.5741980812671006,1.7805704269631202,0.03836632592402408,0.9693956092241226,0.001468562564923559,0.9694310866776693,-1.9985314374350764,0.9999025320875652
int,OFFROAD,KAB,LU_OFFBLDGS,180,NB2,0.0,-0.2464519971980758,0.3493430099881779,0.7815688781325937,0.3940946000812677,1.550008325766137,-0.70547281654903,0.48051604289835326,0.5323901415449654,0.4656037241629236,-1.4676098584550346,0.8376640849714798
int,OFFROAD,KAB,LU_DEPTSTRS,180,NB2,0.0,0.4721024141407276,0.38801047183982107,1.6033615822170253,0.7494631635604838,3.4301463878711553,1.2167259607767016,0.2237084982104438,1.4163198806552373,0.23401008363973325,-0.5836801193447627,0.825642678219077
int,OFFROAD,KAB,LU_BANKINS,180,NB2,0.0,-0.07656101354167304,0.160241357911093,0.9262963959408921,0.6766277057053547,1.2680902746047509,-0.47778560129371545,0.632802810403795,0.23084379024248847,0.6308988753900656,-1.7691562097575115,0.9140485039165929
int,OFFROAD,KAB,LU_AUTOSALSER,180,NB2,0.0,-0.04681020028612793,0.104703129639553,0.9542685002915196,0.7772227156334528,1.1716440504527001,-0.44707546419362,0.6548205737971156,0.2029310312882444,0.652365331546187,-1.7970689687117556,0.9230603269188256
int,OFFROAD,KAB,LU_REPAIRSTRS,180,NB2,0.0,-0.795849846869162,0.8035276752653255,0.4511976230526826,0.0934093258352039,2.1794322272227142,-0.9904448488427878,0.32195673337112574,1.1328106242755211,0.287176620778653,-0.8671893757244789,0.8340388372099032
int,OFFROAD,KAB,LU_SINGLESTORE,180,NB2,0.0,0.047340854805714955,0.05978782119538862,1.0484793273967994,0.9325399610240659,1.178833021558928,0.791814350467856,0.42846893353514803,0.6214725495591438,0.43050060320930916,-1.3785274504408562,0.8356092831286352
int,OFFROAD,KAB,LU_PARKSREC,180,NB2,0.0,0.4559424855805577,0.25328541474312183,1.5776596039808506,0.9603121152425885,2.591875897977456,1.8001134650527255,0.07184272388758989,3.169704316244861,0.07501602613199826,1.1697043162448608,0.5966266319648683
int,OFFROAD,KAB,LU_SCHOOLS,180,NB2,0.0,-0.5321147030932948,0.3353088124517103,0.5873615601126492,0.3044282123370742,1.1332510861903151,-1.5869392134450018,0.11252641254175678,2.8706484796422274,0.0902085153587389,0.8706484796422274,0.7979145616597298
int,OFFROAD,KAB,LU_HOSPITALS,180,too rare (<5 sites),,,,,,,,,,,,
int,OFFROAD,KAB,LU_INDUSTRIAL,180,NB2,0.0,0.022039468268410176,0.15675124099896998,1.0222841314587119,0.751869156573231,1.3899557340473314,0.14060155522822942,0.8881847195500086,0.019668913938289734,0.8884657031434212,-1.9803310860617103,0.9800263849771178
int,OFFROAD,KSI,LU_MXDUSE,49,Firth-Poisson,0.0,-11.562827046755647,6.977447345088201,9.51323047409355e-06,1.093968794977024e-11,8.27277290437912,-1.6571715234648585,0.09748480206456588,,,5.294064060241453,0.7018905748648743
int,OFFROAD,KSI,LU_GASSTNS,49,Firth-Poisson,0.0,-0.22034710379253963,0.2936983393178764,0.8022402889826792,0.45113175211221207,1.4266109141147965,-0.7502497436802084,0.45310430450019723,,,-1.202420790545716,0.8278530920367171
int,OFFROAD,KSI,LU_SUPERMKTS,49,Firth-Poisson,0.0,-0.018985789377147896,0.3150023501139232,0.9811933055117441,0.5291991803443986,1.81923997341515,-0.060271897559753214,0.951939083741723,,,-2.0408794941622546,0.9847645693879892
int,OFFROAD,KSI,LU_REGSHOPCNTRS,49,Firth-Poisson,0.0,-0.11850969438270026,1.408507044148714,0.8882432046455085,0.056180615533466684,14.043562590177237,-0.08413851735780718,0.9329463007802864,,,-1.9496589503860378,0.9763391519793695
int,OFFROAD,KSI,LU_COMMSHOPCNTRS,49,Firth-Poisson,0.0,0.2683218608301667,0.1770949692428104,1.3077679915749203,0.9242392808691291,1.8504484230313414,1.5151297745916057,0.1297395427768186,,,-0.3341358548494213,0.7095687598679016
int,OFFROAD,KSI,LU_FASTFOOD,49,Firth-Poisson,0.0,0.3938274954981833,0.18095158891110139,1.4826447637170228,1.0399393365716334,2.1138112754003773,2.176424633063954,0.02952352353040191,,,1.2855605485328852,0.379588159676596
int,OFFROAD,KSI,LU_RESTOS,49,Firth-Poisson,0.0,-0.14710816264583218,0.3067107209253014,0.8632006063053154,0.4731886297171935,1.5746686203579967,-0.4796316287935041,0.6314893520783478,,,-1.7064133169089928,0.9093446669928208
int,OFFROAD,KSI,LU_BARS,49,Firth-Poisson,0.0,0.521456549926947,0.8115818695021986,1.6844793920583,0.34326795932240745,8.266052059942078,0.6425187273426817,0.5205364337830548,,,-2.231754763381332,0.8340484256693534
int,OFFROAD,KSI,LU_HOTELS,49,Firth-Poisson,0.0,-0.11014791062510107,0.46131414954773886,0.8957016417084359,0.3626476258956281,2.212289213193659,-0.2387698507255574,0.81128404974961,,,-1.884679838036277,0.9548617741809673
int,OFFROAD,KSI,LU_OFFBLDGS,49,Firth-Poisson,0.0,-3.08806677303847,1.5107219595405477,0.04559000509323835,0.002360027957213345,0.880688111362745,-2.044100010287556,0.04094366814676815,,,6.742239319360408,0.3878873824430667
int,OFFROAD,KSI,LU_DEPTSTRS,49,Firth-Poisson,0.0,0.5640659015657223,0.5010779519375532,1.7578050526580171,0.6583313623410193,4.693500537726896,1.125704891593432,0.26029045256919214,,,-1.3978049830554937,0.807450772269646
int,OFFROAD,KSI,LU_BANKINS,49,Firth-Poisson,0.0,-0.23403802467378124,0.2767970248328929,0.7913317251927897,0.45998555445708667,1.361359923651727,-0.8455221829608681,0.3978193525953426,,,-1.0601966596891543,0.807450772269646
int,OFFROAD,KSI,LU_AUTOSALSER,49,Firth-Poisson,0.0,0.12088426919082505,0.13918571474974925,1.1284943032508759,0.8590572330213931,1.4824383562788368,0.868510604038428,0.3851148697779886,,,-1.6343142162662616,0.807450772269646
int,OFFROAD,KSI,LU_REPAIRSTRS,49,Firth-Poisson,0.0,0.26228049731687975,0.8250805184611348,1.299891107265086,0.25797894165939556,6.549824880581729,0.31788472936685197,0.7505723764568013,,,-2.218784927126592,0.9426916351299853
int,OFFROAD,KSI,LU_SINGLESTORE,49,Firth-Poisson,0.0,0.1011336379847304,0.0867271786955859,1.106424492223382,0.9334651659228587,1.3114310010502672,1.166112394128621,0.2435690062017296,,,-0.9710075598544563,0.807450772269646
int,OFFROAD,KSI,LU_PARKSREC,49,Firth-Poisson,0.0,0.6262129139475675,0.26007209335648424,1.87051335381185,1.123525614210804,3.114143694219312,2.4078435554760165,0.016047055849199132,,,1.7606276380540749,0.28751329575191104
int,OFFROAD,KSI,LU_SCHOOLS,49,Firth-Poisson,0.0,-0.3794385658572262,0.49683784572628803,0.6842454601559812,0.2584014893167075,1.811877520451267,-0.7637070507431954,0.44504183811303666,,,-1.0304028886474725,0.8278530920367171
int,OFFROAD,KSI,LU_HOSPITALS,49,too rare (<5 sites),,,,,,,,,,,,
int,OFFROAD,KSI,LU_INDUSTRIAL,49,Firth-Poisson,0.0,0.17890714141582661,0.20984366913893593,1.1959096885312526,0.7926397484039405,1.804350571621936,0.8525734521796487,0.39389588990797264,,,-1.7443787987417636,0.807450772269646
int,ROLLOVER,TOT,LU_MXDUSE,300,NB2,8.0,0.9728707733160292,0.64523551258738,2.645528280424412,0.7469247528732486,9.370180671617168,1.5077762372607781,0.1316118058782645,2.1468879194502506,0.1428592041571971,0.1468879194502506,0.43376285317625196
int,ROLLOVER,TOT,LU_GASSTNS,300,NB2,8.0,0.025121840206464144,0.11417245148007413,1.0254400527411334,0.8198317319711481,1.2826135666126472,0.22003416656818056,0.8258445456234296,0.048278503965889286,0.8260863464242504,-1.9517214960341107,0.9499854593531257
int,ROLLOVER,TOT,LU_SUPERMKTS,300,NB2,8.0,0.09772584464581903,0.197933159779952,1.1026604434017004,0.7480966122973349,1.6252714334703933,0.4937315442973965,0.6214957844669353,0.24023356465806955,0.6240374729564472,-1.7597664353419304,0.8605326246465258
int,ROLLOVER,TOT,LU_REGSHOPCNTRS,300,NB2,8.0,0.36456608029043286,0.4901137894031651,1.439889076324097,0.5509799014786582,3.7628968798197957,0.7438396718737139,0.4569734762507215,0.5343000871006325,0.4648046028287459,-1.4656999128993675,0.7637985245904917
int,ROLLOVER,TOT,LU_COMMSHOPCNTRS,300,NB2,8.0,0.037248690716889764,0.12351668303686315,1.0379511175512188,0.8147744047589114,1.3222586720119243,0.3015680942935701,0.762981333294481,0.09038637258765903,0.7636865363874394,-1.909613627412341,0.9347519999524008
int,ROLLOVER,TOT,LU_FASTFOOD,300,NB2,8.0,0.1156899600598295,0.10832809629778445,1.122647752528526,0.9078890416410448,1.388207058848558,1.0679589507583327,0.28553902882740234,1.1027388901744644,0.293665817198657,-0.8972611098255356,0.6608916153076985
int,ROLLOVER,TOT,LU_RESTOS,300,NB2,8.0,-0.16275085593396862,0.15641849758872647,0.8498028853881636,0.6254204651430135,1.1546871013389568,-1.040483436696163,0.2981153553302328,1.1133628008982441,0.2913521167568029,-0.8866371991017559,0.664371363307376
int,ROLLOVER,TOT,LU_BARS,300,NB2,8.0,0.571601706685079,0.5344679980553654,1.7711015660155116,0.6212910859056919,5.048842367615659,1.0694778897236557,0.2848543865691595,1.037884020793399,0.3083141038103085,-0.962115979206601,0.6608916153076985
int,ROLLOVER,TOT,LU_HOTELS,300,NB2,8.0,0.6440445225453385,0.2267938177859837,1.9041667713827453,1.2208271730357598,2.9699954041995933,2.8397798883261345,0.0045144672216801416,7.137648448721961,0.007548207703713009,5.137648448721961,0.06214031352195019
int,ROLLOVER,TOT,LU_OFFBLDGS,300,NB2,8.0,-0.0402985574914932,0.20778685858502371,0.9605026310839958,0.6391853523960985,1.4433455035552372,-0.1939418005831372,0.8462214529067176,0.03805465703362643,0.8453334282596433,-1.9619453429663736,0.9499854593531257
int,ROLLOVER,TOT,LU_DEPTSTRS,300,NB2,8.0,0.22924725255052625,0.2870946581434009,1.2576529584720992,0.7164417898230606,2.2077033841706157,0.7985075515965175,0.4245760126495379,0.6194830423338544,0.4312394555234005,-1.3805169576661456,0.7448095592271435
int,ROLLOVER,TOT,LU_BANKINS,300,NB2,8.0,0.08742562931693199,0.12235586926952771,1.0913610961545237,0.8586517311268032,1.387138695494821,0.7145192939159235,0.47490612997444015,0.5015354713701754,0.4788262252725384,-1.4984645286298246,0.7767214459622239
int,ROLLOVER,TOT,LU_AUTOSALSER,300,NB2,8.0,-0.028244773932283147,0.08592660049206889,0.9721503806045954,0.8214691373242842,1.1504709301532532,-0.3287081505672992,0.7423762931216613,0.1091766756691186,0.7410834326539675,-1.8908233243308814,0.9261910556572756
int,ROLLOVER,TOT,LU_REPAIRSTRS,300,NB2,8.0,-0.8340455199736319,1.0506680783746145,0.4342888036591591,0.05539006942305837,3.4050646072161888,-0.7938239841300802,0.4272979079695064,0.794016438395488,0.37288839918698313,-1.205983561604512,0.7448095592271435
int,ROLLOVER,TOT,LU_SINGLESTORE,300,NB2,8.0,0.003986239356658638,0.04574486490010642,1.0039941949762516,0.9178936948835237,1.0981711162902397,0.08714069579970198,0.9305596778283562,0.007591616511376742,0.9305682725054851,-1.9924083834886233,0.9852984824064949
int,ROLLOVER,TOT,LU_PARKSREC,300,NB2,8.0,-0.34413253936827937,0.24946721332280503,0.7088349732837222,0.4347047223918888,1.1558351990875693,-1.3794700104457396,0.16774988647916633,1.985491066090617,0.15881312758322802,-0.014508933909382904,0.5097853693003237
int,ROLLOVER,TOT,LU_SCHOOLS,300,NB2,8.0,-0.38326205189341334,0.25971200005837614,0.6816342523331874,0.4097133246527546,1.1340252464271414,-1.4757194577349777,0.14001922024358912,2.382719992275838,0.12268377063864908,0.3827199922758382,0.45506246579166465
int,ROLLOVER,TOT,LU_HOSPITALS,300,too rare (<5 sites),,,,,,,,,,,,
int,ROLLOVER,TOT,LU_INDUSTRIAL,300,NB2,8.0,0.00015639770596826682,0.11990154250396898,1.000156409936727,0.7906889494939532,1.2651154982976935,0.0013043844366146479,0.9989592520917983,1.7013531987686292e-06,0.998959272143227,-1.9999982986468012,0.9989592520917983
int,ROLLOVER,KAB,LU_MXDUSE,57,Firth-Poisson,3.0,-3.2463160437813294,2.248683398346344,0.03891731375191282,0.00047426918124369836,3.1934550452827835,-1.4436518925557207,0.14883692005203766,,,1.6857864939797764,0.8105012532521055
int,ROLLOVER,KAB,LU_GASSTNS,57,Firth-Poisson,3.0,0.13062765299178572,0.19564329329747435,1.1395433967332254,0.7765974060153458,1.6721136884825458,0.6676827546199973,0.5043361204884124,,,-1.7547539745525,0.8409230368288056
int,ROLLOVER,KAB,LU_SUPERMKTS,57,Firth-Poisson,3.0,0.1503896868083511,0.28882035098714887,1.162287082433264,0.6598793912926237,2.0472093534319318,0.5207032201655442,0.6025735308131048,,,-1.9548768510029504,0.8812637888141659
int,ROLLOVER,KAB,LU_REGSHOPCNTRS,57,Firth-Poisson,3.0,0.1967466689190178,1.4003077012199119,1.2174355873637757,0.0782492193889256,18.94139546636226,0.14050245438743011,0.888263013406564,,,-2.2878580380951234,0.9800263849771178
int,ROLLOVER,KAB,LU_COMMSHOPCNTRS,57,Firth-Poisson,3.0,0.20969182888872606,0.18373474139187246,1.2332979345928883,0.8603394448983065,1.76793451060572,1.141274792672399,0.2537555885067627,,,-1.1280134774121962,0.825642678219077
int,ROLLOVER,KAB,LU_FASTFOOD,57,Firth-Poisson,3.0,0.5508878540449449,0.16649634086832085,1.734792576920954,1.2517655890349706,2.404208352827606,3.3087084747443956,0.0009372737563235697,,,6.003314809910989,0.03655367649661922
int,ROLLOVER,KAB,LU_RESTOS,57,Firth-Poisson,3.0,-0.3146364637976328,0.2924100909718428,0.7300542271747098,0.41157655301764823,1.294969722419559,-1.076010963752719,0.28192235309644753,,,-0.6623120173561574,0.825642678219077
int,ROLLOVER,KAB,LU_BARS,57,Firth-Poisson,3.0,0.7367917863296781,0.6712953709087743,2.0892220803484944,0.5604881712310336,7.787584332830633,1.0975672085035195,0.272393518246434,,,-1.7441134708711843,0.825642678219077
int,ROLLOVER,KAB,LU_HOTELS,57,Firth-Poisson,3.0,0.7757108364904649,0.33435905565974816,2.1721356117909587,1.1279108174403285,4.183108312337908,2.3199935020747486,0.020341228853147,,,0.994061478349181,0.3173231701090932
int,ROLLOVER,KAB,LU_OFFBLDGS,57,Firth-Poisson,3.0,-0.04855432204280459,0.36800455123037057,0.9526055904186363,0.46308565479251995,1.9595886884110334,-0.1319394607497928,0.8950321762823045,,,-1.996183719607302,0.9800263849771178
int,ROLLOVER,KAB,LU_DEPTSTRS,57,Firth-Poisson,3.0,0.3813717441910641,0.51183220948538,1.4642918462321382,0.536966598604023,3.993080047280729,0.7451108725152586,0.4562046968818615,,,-1.8507473537933947,0.8376640849714798
int,ROLLOVER,KAB,LU_BANKINS,57,Firth-Poisson,3.0,0.4792520080618104,0.18866413271875773,1.6148660435461406,1.1156869433919139,2.337387162271658,2.5402391072193518,0.01107767064600969,,,2.772496123172232,0.23565226646966064
int,ROLLOVER,KAB,LU_AUTOSALSER,57,Firth-Poisson,3.0,0.10617500932471916,0.1412675327105796,1.1120164727299264,0.8430665711284788,1.4667651143699052,0.7515881907716483,0.45229874722836316,,,-1.7925140036887228,0.8376640849714798
int,ROLLOVER,KAB,LU_REPAIRSTRS,57,Firth-Poisson,3.0,0.5524891401528687,0.8326032639108278,1.7375727014678675,0.33979483937152544,8.885240571841793,0.6635683093022807,0.5069666459195686,,,-2.202654733419365,0.8409230368288056
int,ROLLOVER,KAB,LU_SINGLESTORE,57,Firth-Poisson,3.0,0.04519745938193481,0.08339009652444429,1.0462344283171852,0.8884764564670574,1.2320039220271364,0.5420003245671505,0.5878182822921172,,,-1.917137939480142,0.8650910569582101
int,ROLLOVER,KAB,LU_PARKSREC,57,Firth-Poisson,3.0,0.30173575763727495,0.31441851430875606,1.3522038699516827,0.7301359491926817,2.504266921706906,0.9596628185227453,0.3372249420201646,,,-1.6163291472273613,0.8343465698687513
int,ROLLOVER,KAB,LU_SCHOOLS,57,Firth-Poisson,3.0,-0.34878885747431826,0.4419098984416365,0.705542084481809,0.2967301145800423,1.6775837992697518,-0.7892759558097637,0.42995073652681004,,,-1.051595161733701,0.8356092831286352
int,ROLLOVER,KAB,LU_HOSPITALS,57,too rare (<5 sites),,,,,,,,,,,,
int,ROLLOVER,KAB,LU_INDUSTRIAL,57,Firth-Poisson,3.0,-0.08563289842401436,0.25230865066902286,0.9179311433452496,0.559809991492203,1.5051492412222387,-0.3393973936167062,0.734310381787615,,,-1.8316311949430428,0.944937990780602
int,SINGLE,TOT,LU_MXDUSE,822,NB2,5.0,0.10226384197724604,0.5546966152231819,1.1076756845199889,0.3734610648595981,3.285336913335514,0.18435995311797646,0.8537310840643445,0.03383068613197793,0.8540674287187344,-1.966169313868022,0.9499854593531257
int,SINGLE,TOT,LU_GASSTNS,822,NB2,5.0,-0.03894119492208993,0.08313769828939212,0.9618072666346655,0.8171839278520207,1.132025712476767,-0.46839395031770564,0.6395028934906575,0.2197119644072245,0.6392594747135413,-1.7802880355927755,0.8649923530451668
int,SINGLE,TOT,LU_SUPERMKTS,822,NB2,5.0,-0.04285946585554528,0.1225378313528678,0.9580460187844414,0.7534944584863223,1.2181273050800803,-0.3497651735987102,0.7265149375701261,0.12275065273320251,0.7260701231754737,-1.8772493472667975,0.9261910556572756
int,SINGLE,TOT,LU_REGSHOPCNTRS,822,NB2,5.0,0.3215549952827721,0.3756287423458986,1.379270857331188,0.6605533806656254,2.8799914640753403,0.8560447032742436,0.39197305312540176,0.7159532493431016,0.39747453338270333,-1.2840467506568984,0.7255684670721713
int,SINGLE,TOT,LU_COMMSHOPCNTRS,822,NB2,5.0,0.11977707205281123,0.07767688966652275,1.1272455290352414,0.9680518474800666,1.3126182094870766,1.5419910937092123,0.12307575788303944,2.3557826913049666,0.12481922351876934,0.35578269130496665,0.42443139694579046
int,SINGLE,TOT,LU_FASTFOOD,822,NB2,5.0,0.08981740064245365,0.07453255952663539,1.0939745064241186,0.9452872626608602,1.2660492402458847,1.2050760260065398,0.228173953854782,1.4489645063615626,0.22869417890715676,-0.5510354936384374,0.6214467055979339
int,SINGLE,TOT,LU_RESTOS,822,NB2,5.0,0.06763990126049853,0.09240189947680735,1.0699799406697805,0.8927329225642681,1.2824183409157157,0.7320185152414099,0.4641572668538332,0.5341636910743546,0.46486159824111584,-1.4658363089256454,0.770303549246787
int,SINGLE,TOT,LU_BARS,822,NB2,5.0,-0.20912573598885473,0.3650180838831325,0.8112932204747293,0.3967054630179342,1.6591571101164846,-0.5729188366892264,0.5666996498595411,0.332680085529546,0.564085201980034,-1.667319914470454,0.8274664452982164
int,SINGLE,TOT,LU_HOTELS,822,NB2,5.0,0.09990492289188686,0.14756071348339855,1.1050658466158108,0.8275265600278834,1.4756874091335161,0.67704282890396,0.4983787808497554,0.45524804362435134,0.4998532208506352,-1.5447519563756487,0.7767214459622239
int,SINGLE,TOT,LU_OFFBLDGS,822,NB2,5.0,-0.11148578596910663,0.16834553192316484,0.8945041058219004,0.6431077283738741,1.2441735031787295,-0.66224380710021,0.507814983253942,0.4477511342768139,0.5034048440000797,-1.552248865723186,0.7811653303820492
int,SINGLE,TOT,LU_DEPTSTRS,822,NB2,5.0,0.003490634083445933,0.22162042897004797,1.0034967334414089,0.6499333845202827,1.5493983199075874,0.01575050684482563,0.9874334333482713,0.0002480474577168934,0.9874342186763433,-1.999751952542283,0.9989592520917983
int,SINGLE,TOT,LU_BANKINS,822,NB2,5.0,-0.08223408336843122,0.08943374672826566,0.9210563294916057,0.7729628995486109,1.097523260937827,-0.9194972409943887,0.3578355480699309,0.85132889172246,0.35617667241325346,-1.14867110827754,0.7255684670721713
int,SINGLE,TOT,LU_AUTOSALSER,822,NB2,5.0,-0.05914551820740703,0.0550490493884579,0.942569598138624,0.8461643636190717,1.0499584779667772,-1.0744148875313373,0.28263677292221834,1.163920133783222,0.2806540203457027,-0.8360798662167781,0.6608916153076985
int,SINGLE,TOT,LU_REPAIRSTRS,822,NB2,5.0,-0.09295001249710569,0.4243662110016532,0.9112390497223154,0.39664730801451453,2.0934381475959576,-0.21903254803842895,0.8266246936352377,0.04859236205538764,0.8255310245671308,-1.9514076379446124,0.9499854593531257
int,SINGLE,TOT,LU_SINGLESTORE,822,NB2,5.0,0.06472839986288001,0.030664234446986308,1.0668692232036427,1.0046372191232822,1.1329561733860773,2.1108761079551925,0.03478296217752327,4.430874200510743,0.03529442618369784,2.4308742005107433,0.19851739389123033
int,SINGLE,TOT,LU_PARKSREC,822,NB2,5.0,-0.023967656370953196,0.18793585579133062,0.9763172868914062,0.6754866170319506,1.4111241002394428,-0.1275310465373091,0.8985201022082582,0.016267292147176704,0.8985104083599442,-1.9837327078528233,0.9657837415385031
int,SINGLE,TOT,LU_SCHOOLS,822,NB2,5.0,-0.043798249243574325,0.1520131109115138,0.9571470431347656,0.71053011504915,1.2893619042709439,-0.28812152439317623,0.7732537168410073,0.08343852989196421,0.77269059415132,-1.9165614701080358,0.9424029673999778
int,SINGLE,TOT,LU_HOSPITALS,822,too rare (<5 sites),,,,,,,,,,,,
int,SINGLE,TOT,LU_INDUSTRIAL,822,NB2,5.0,0.026275644203970185,0.08017325091303328,1.0266238924013216,0.8773371476531012,1.2013131089554343,0.3277357959760456,0.7431114355967509,0.10720174040238817,0.7433526852372251,-1.8927982595976118,0.9261910556572756
int,SINGLE,KAB,LU_MXDUSE,211,NB2,1.0,0.90443920869521,0.8853153793703408,2.4705460737514278,0.4357097645769242,14.00840283773583,1.0216011488905463,0.30696971369683634,0.9793560470282046,0.3223578394975767,-1.0206439529717954,0.825642678219077
int,SINGLE,KAB,LU_GASSTNS,211,NB2,1.0,0.1524773455354763,0.13451322838565716,1.1647160757767125,0.8947878909913279,1.5160727484474332,1.1335490744324044,0.25698374496716836,1.258228192062802,0.2619867362801869,-0.741771807937198,0.825642678219077
int,SINGLE,KAB,LU_SUPERMKTS,211,NB2,1.0,0.19549113264001827,0.19835512278559012,1.2159080119803205,0.8242471060720329,1.7936760501877111,0.9855612998275439,0.32434843669274016,0.9515269759012881,0.3293309230866034,-1.048473024098712,0.8340388372099032
int,SINGLE,KAB,LU_REGSHOPCNTRS,211,NB2,1.0,0.64346899854227,0.6286258049394777,1.9030711929960389,0.5550830264932607,6.524573429116262,1.0236121290060967,0.3060185140368381,0.9527052678029122,0.3290316493194211,-1.0472947321970878,0.825642678219077
int,SINGLE,KAB,LU_COMMSHOPCNTRS,211,NB2,1.0,-0.008697118782509247,0.13423068958872933,0.9913405917515301,0.7620148232685103,1.289681170031493,-0.06479232736683713,0.9483393504895508,0.004203633383667693,0.9483050292651384,-1.9957963666163323,0.9939886349587852
int,SINGLE,KAB,LU_FASTFOOD,211,NB2,1.0,0.1096482340564215,0.11837598148356294,1.1158854709057449,0.8848220836118676,1.4072889988183772,0.9262709603945009,0.35430518343130823,0.8466340503998708,0.3575062957957046,-1.1533659496001292,0.8343465698687513
int,SINGLE,KAB,LU_RESTOS,211,NB2,1.0,-0.10055971724282381,0.16003386967868774,0.9043311066399602,0.6608515146469841,1.2375166467970011,-0.628365216967666,0.5297647176128208,0.3996732115931536,0.5272580722519026,-1.6003267884068464,0.8409230368288056
int,SINGLE,KAB,LU_BARS,211,NB2,1.0,0.11297418174182308,0.5462843543504312,1.1196030263754382,0.38375799255795934,3.266409979668948,0.20680471780334433,0.8361623715276236,0.042110516505431406,0.8374092515035436,-1.9578894834945686,0.9657360746195793
int,SINGLE,KAB,LU_HOTELS,211,NB2,1.0,0.4682437607689651,0.21513941399568637,1.59718668669397,1.0476719471191343,2.4349275736237486,2.17646665514462,0.02952038439931714,4.405074394235044,0.035832161829561344,2.4050743942350437,0.38179205843863456
int,SINGLE,KAB,LU_OFFBLDGS,211,NB2,1.0,-0.4252447149394049,0.4014203905561492,0.6536098174705308,0.29759294565230776,1.4355373665106488,-1.0593500602952637,0.2894403842752731,1.2945942963951893,0.25520300352411773,-0.7054057036048107,0.825642678219077
int,SINGLE,KAB,LU_DEPTSTRS,211,NB2,1.0,0.162906012475469,0.3725516033511204,1.176926068122326,0.5670571820898801,2.442707743725089,0.4372710008764456,0.6619148235638024,0.18689938234047077,0.6655098617188331,-1.8131006176595292,0.9274734653528728
int,SINGLE,KAB,LU_BANKINS,211,NB2,1.0,-0.22128689321028067,0.16030550457468162,0.8014867062086299,0.5853849100739114,1.097365048491002,-1.380407327854357,0.16746126522485727,1.9881423703768633,0.15853524645325823,-0.011857629623136745,0.825642678219077
int,SINGLE,KAB,LU_AUTOSALSER,211,NB2,1.0,-0.10098904656754958,0.09067349054483641,0.9039429341095055,0.756760021740572,1.0797515786406324,-1.1137659525483063,0.2653796070033806,1.2659121134383895,0.26053496776988183,-0.7340878865616105,0.825642678219077
int,SINGLE,KAB,LU_REPAIRSTRS,211,NB2,1.0,-1.1237781263624051,1.049863060118011,0.32504939409737077,0.041522919620093406,2.5445491205762707,-1.0704044832628796,0.28443728215603037,1.5602919653352956,0.21162247605435522,-0.43970803466470443,0.825642678219077
int,SINGLE,KAB,LU_SINGLESTORE,211,NB2,1.0,0.035461573019024854,0.05102017924707317,1.0360978332513602,0.93750050890545,1.145064679827741,0.6950499496933685,0.48702399914766636,0.4810214962826649,0.48795998478044367,-1.5189785037173351,0.8379677632393671
int,SINGLE,KAB,LU_PARKSREC,211,NB2,1.0,-0.09785418861647274,0.3151914394550103,0.906781113123532,0.48888430629262514,1.681894829786962,-0.31045953781508145,0.7562115244817136,0.09751205608120017,0.7548359419283752,-1.9024879439187998,0.944937990780602
int,SINGLE,KAB,LU_SCHOOLS,211,NB2,1.0,-0.022672544990199904,0.2700833766091805,0.977582545669554,0.575776356789978,1.6597896428497465,-0.0839464659944911,0.9330989953926557,0.007080793340037417,0.9329391987558072,-1.9929192066599626,0.9939886349587852
int,SINGLE,KAB,LU_HOSPITALS,211,too rare (<5 sites),,,,,,,,,,,,
int,SINGLE,KAB,LU_INDUSTRIAL,211,NB2,1.0,-0.17835229568699482,0.13802173398622372,0.8366476242140155,0.6383459544159353,1.0965515521178693,-1.292204427056369,0.19628635897615043,1.7335169716792507,0.1879623702619867,-0.2664830283207493,0.825642678219077
int,SINGLE,KSI,LU_MXDUSE,61,Firth-Poisson,0.0,0.8890231817639083,1.1963694425027567,2.4327521336295974,0.2331995100389906,25.37862512099546,0.7431008768529791,0.4574206088178441,,,-1.8327137805665643,0.8278530920367171
int,SINGLE,KSI,LU_GASSTNS,61,Firth-Poisson,0.0,0.252998681846058,0.2114429836221578,1.287881579207331,0.8509264634638376,1.9492153943712167,1.1965338244477244,0.23148830716626,,,-0.6734045436314204,0.807450772269646
int,SINGLE,KSI,LU_SUPERMKTS,61,Firth-Poisson,0.0,0.3064508669333964,0.30792974943825613,1.3585947139127934,0.7429760700633689,2.484305580009269,0.9951973380046664,0.3196402962375078,,,-1.238751646048172,0.807450772269646
int,SINGLE,KSI,LU_REGSHOPCNTRS,61,Firth-Poisson,0.0,0.626244859860493,0.7332908632222364,1.8705731100230552,0.44441110532215833,7.8734390703509325,0.8540197229631904,0.3930940614120414,,,-1.8423396859950572,0.807450772269646
int,SINGLE,KSI,LU_COMMSHOPCNTRS,61,Firth-Poisson,0.0,-0.04383895423241252,0.237173869935986,0.9571080832679941,0.6012768874521272,1.5235175377165462,-0.18483888737087606,0.8533554056508925,,,-1.9769650507594179,0.9548617741809673
int,SINGLE,KSI,LU_FASTFOOD,61,Firth-Poisson,0.0,0.4673402428399689,0.16569088023737913,1.5957442516176912,1.153252391980117,2.20801598529423,2.8205550128675037,0.00479406526449186,,,5.3391156518725325,0.1438219579347558
int,SINGLE,KSI,LU_RESTOS,61,Firth-Poisson,0.0,-0.9392564722479451,0.40657224907541056,0.3909183859976816,0.17619955686536432,0.8672960774118256,-2.310183428367077,0.02087800110580674,,,7.68691043323679,0.29457658955295996
int,SINGLE,KSI,LU_BARS,61,Firth-Poisson,0.0,0.1594106371558849,0.9187872654111241,1.172819451055906,0.1937062576801606,7.100986211019844,0.1735011391179376,0.8622575325737344,,,-2.1673672059559976,0.9548617741809673
int,SINGLE,KSI,LU_HOTELS,61,Firth-Poisson,0.0,0.7135043809977479,0.30047956606788706,2.041131642969306,1.1326549967749693,3.678276611848386,2.3745520879664297,0.017570256962616784,,,1.9620670817375867,0.28751329575191104
int,SINGLE,KSI,LU_OFFBLDGS,61,Firth-Poisson,0.0,-0.7113025966917168,0.6315773752603543,0.49100420027545233,0.14238875480307528,1.6931472223460275,-1.1262319148124922,0.2600673680221205,,,0.8340662498895313,0.807450772269646
int,SINGLE,KSI,LU_DEPTSTRS,61,Firth-Poisson,0.0,0.4982651965366156,0.5071834416621648,1.6458635428443573,0.609074705831662,4.4475115707938535,0.982416135084533,0.3258948805471097,,,-1.3780877072397857,0.807450772269646
int,SINGLE,KSI,LU_BANKINS,61,Firth-Poisson,0.0,-0.15233570042475672,0.27082187260699553,0.8586999664067475,0.5050253915193406,1.4600565529757348,-0.5624940812879594,0.5737794350824836,,,-1.4781238813413893,0.8678118162103688
int,SINGLE,KSI,LU_AUTOSALSER,61,Firth-Poisson,0.0,-0.11967179977481138,0.16862377489418082,0.8872115719769281,0.6375169598817148,1.234703424354105,-0.7096970747447147,0.4778920065615426,,,-1.193798740690454,0.8278530920367171
int,SINGLE,KSI,LU_REPAIRSTRS,61,Firth-Poisson,0.0,-0.7606178860258148,1.5559221044743528,0.46737755171511164,0.022143191509669074,9.864963492359571,-0.4888534482790058,0.6249454549705729,,,-0.9978066619259494,0.9093446669928208
int,SINGLE,KSI,LU_SINGLESTORE,61,Firth-Poisson,0.0,0.07963644075119661,0.07921376135559093,1.0828933002256325,0.927166116513145,1.2647764826476338,1.0053359339131527,0.31473511767697104,,,-0.9910453781006936,0.807450772269646
int,SINGLE,KSI,LU_PARKSREC,61,Firth-Poisson,0.0,0.3598877966700147,0.35001521863273627,1.433168599249236,0.7217026753856584,2.8460088952509843,1.0282061393668642,0.30385287111868664,,,-1.309860513254705,0.807450772269646
int,SINGLE,KSI,LU_SCHOOLS,61,Firth-Poisson,0.0,-0.4542458038846125,0.5559734248112504,0.6349266466271805,0.21353517270895972,1.8878943524057736,-0.817027907473862,0.41391247982591717,,,-0.6487919809651999,0.807450772269646
int,SINGLE,KSI,LU_HOSPITALS,61,too rare (<5 sites),,,,,,,,,,,,
int,SINGLE,KSI,LU_INDUSTRIAL,61,Firth-Poisson,0.0,-0.037017511762493335,0.22332537625416748,0.9636592598292112,0.6220497228151886,1.4928696774461592,-0.16575595833929577,0.8683490067192241,,,-1.9581116103357203,0.9548617741809673
int,PED,TOT,LU_MXDUSE,609,NB2,0.0,-0.37517737553756075,0.7845495351375267,0.6871673812968233,0.14765239289214893,3.1980450886647422,-0.4782073772713338,0.632502612290573,0.23245290738213953,0.6297109693513957,-1.7675470926178605,0.8649923530451668
int,PED,TOT,LU_GASSTNS,609,NB2,0.0,0.3319516505165849,0.10534911618633454,1.3936854629113253,1.1336781909393958,1.7133249850390655,3.150967587895572,0.0016273054774781877,10.038261962559773,0.0015332179797264657,8.038261962559773,0.034617225611808716
int,PED,TOT,LU_SUPERMKTS,609,NB2,0.0,0.26511593836232233,0.14269992872033524,1.3035821021916059,0.9855297925684792,1.7242769421769757,1.8578561372788014,0.06318944666581107,3.4496111132136775,0.06326665381072541,1.4496111132136775,0.2957266103959958
int,PED,TOT,LU_REGSHOPCNTRS,609,NB2,0.0,0.5373155427605346,0.45873339217722797,1.7114064926509844,0.6964203109284216,4.205667378056956,1.171302442602537,0.24147722996278576,1.3562456575132273,0.2441892031155729,-0.6437543424867727,0.6214467055979339
int,PED,TOT,LU_COMMSHOPCNTRS,609,NB2,0.0,0.37237646021506887,0.09361815302622548,1.4511791897036994,1.2079018911556372,1.7434537159423484,3.9776095573126096,6.961155219784395e-05,15.846410269834905,6.86967295851213e-05,13.846410269834905,0.0057022375218918455
int,PED,TOT,LU_FASTFOOD,609,NB2,0.0,0.18364892010547437,0.08822187427844619,1.20159389357773,1.0107918630804373,1.4284126513277948,2.0816710323546403,0.037372528313231394,4.354043423596977,0.03692118865704906,2.354043423596977,0.2037701900594418
int,PED,TOT,LU_RESTOS,609,NB2,0.0,0.007294535557753137,0.11111712425444,1.0073212054910747,0.8101830833890586,1.252428039829516,0.06564726730193131,0.9476586563839035,0.004308445446213227,0.9476654379174382,-1.9956915545537868,0.9908339584051887
int,PED,TOT,LU_BARS,609,NB2,0.0,-0.4645754711163123,0.48493381600277863,0.628401823295416,0.24291449973912643,1.6256289844578524,-0.9580183022617881,0.3380535296344821,0.9349166137797056,0.33358859650511463,-1.0650833862202944,0.7116795902865384
int,PED,TOT,LU_HOTELS,609,NB2,0.0,0.5565714009864106,0.1522681039392635,1.7446804243711524,1.2945018084902538,2.3514140831784105,3.655206747753391,0.00025697480102090985,13.456662135974057,0.00024413771121298405,11.456662135974057,0.012026420687778582
int,PED,TOT,LU_OFFBLDGS,609,NB2,0.0,-0.5698440986708323,0.2643684217349425,0.565613611740077,0.33688750909076304,0.9496308089578449,-2.155492304758553,0.031123330160252257,5.318618206543761,0.021098735898567773,3.3186182065437606,0.18673998096151356
int,PED,TOT,LU_DEPTSTRS,609,NB2,0.0,0.19097348072656026,0.27257271479546324,1.2104273520017392,0.7094473159828107,2.065177133617405,0.7006331535049849,0.4835319827390836,0.4909096924882306,0.48352179188794975,-1.5090903075117694,0.7767214459622239
int,PED,TOT,LU_BANKINS,609,NB2,0.0,0.09057049625796974,0.10228139549138966,1.0947986841317492,0.8959227924100878,1.337820813278278,0.8855031340044067,0.3758853300585575,0.7857186375572383,0.37539786325317004,-1.2142813624427617,0.7255684670721713
int,PED,TOT,LU_AUTOSALSER,609,NB2,0.0,-0.06346616416431264,0.06527023027815565,0.9385058738939801,0.8258056567664268,1.06658663344883,-0.9723600467448207,0.3308714608791109,0.943986949750979,0.331254605060572,-1.056013050249021,0.7103112095936875
int,PED,TOT,LU_REPAIRSTRS,609,NB2,0.0,0.46256338721449664,0.38705228853266416,1.588139788882935,0.7437434727393918,3.3912068898477714,1.195092758573006,0.23205079093608827,1.4270337523080343,0.2322491423085893,-0.5729662476919657,0.6214467055979339
int,PED,TOT,LU_SINGLESTORE,609,NB2,0.0,0.09832680926740006,0.03717299857973995,1.1033233024752782,1.0257948054420456,1.1867113221151218,2.645113739115741,0.008166346231340554,6.961315976885544,0.00832907491694396,4.961315976885544,0.0909964294349376
int,PED,TOT,LU_PARKSREC,609,NB2,0.0,-0.006051864202248555,0.22389119162321558,0.993966411442088,0.6409020769604358,1.541529139304149,-0.027030380955911752,0.9784355023807583,0.0007304921105060203,0.9784377064532764,-1.999269507889494,0.9989592520917983
int,PED,TOT,LU_SCHOOLS,609,NB2,0.0,-0.2691396233114737,0.19336333018626833,0.7640365708844183,0.5230220001651714,1.1161134358869624,-1.3918855403049248,0.1639570611710327,1.987523305012246,0.1586000806643961,-0.012476694987753945,0.5097853693003237
int,PED,TOT,LU_HOSPITALS,609,too rare (<5 sites),,,,,,,,,,,,
int,PED,TOT,LU_INDUSTRIAL,609,NB2,0.0,-0.012691222557348236,0.0954443884458287,0.9873889713960575,0.8189254508205681,1.190507609523763,-0.1329698137732988,0.8942172535903858,0.01768428486934681,0.8942074002571214,-1.9823157151306532,0.9657837415385031
int,PED,KAB,LU_MXDUSE,362,NB2,1.0,-0.2750780608908222,0.889391496025882,0.759512832662553,0.13288311216252283,4.3411065077522135,-0.30928793688715145,0.7571025064022644,0.09742706110887411,0.7549393855145662,-1.9025729388911259,0.944937990780602
int,PED,KAB,LU_GASSTNS,362,NB2,1.0,0.3836478932963537,0.10622724173533954,1.4676285888290623,1.1917734591054001,1.8073348238223284,3.6115772849698518,0.0003043403568729325,12.57889605429159,0.00039012710606499694,10.57889605429159,0.024482556438558102
int,PED,KAB,LU_SUPERMKTS,362,NB2,1.0,0.18561714460430878,0.15689248739684397,1.2039612290763455,0.8852438539931665,1.6374275117308117,1.1830849754762869,0.23677547171302615,1.3801254560994494,0.24007977875589193,-0.6198745439005506,0.825642678219077
int,PED,KAB,LU_REGSHOPCNTRS,362,NB2,1.0,0.07250914481987662,0.5325775058554986,1.0752026385796574,0.3785743596343105,3.0537216390602135,0.13614759170761925,0.8917046050260475,0.018370276693531196,0.8921873172613763,-1.9816297233064688,0.9800263849771178
int,PED,KAB,LU_COMMSHOPCNTRS,362,NB2,1.0,0.35471730371485405,0.1005086615499039,1.4257775352913729,1.1708386970329772,1.7362268477228902,3.5292212456608243,0.0004167845299655874,12.07886762869964,0.0005099656174382514,10.078867628699754,0.024482556438558102
int,PED,KAB,LU_FASTFOOD,362,NB2,1.0,0.11005287356943219,0.09499942855612521,1.1163370936253043,0.9266808953394621,1.344808674562434,1.1584582690875185,0.24667707208881573,1.3286205426020388,0.24905077299599027,-0.6713794573979612,0.825642678219077
int,PED,KAB,LU_RESTOS,362,NB2,1.0,0.11089918879437947,0.12191298155209003,1.1172822666045392,0.8798091631821379,1.4188527643358375,0.9096585727172568,0.3630025983387202,0.8166297787797703,0.3661673855808968,-1.1833702212202297,0.8343465698687513
int,PED,KAB,LU_BARS,362,NB2,1.0,-0.6268045151022245,0.5375131975876456,0.534296412142765,0.18631241153322625,1.532225650880598,-1.1661193025870202,0.24356621340898943,1.487832803479705,0.22255301728244642,-0.512167196520295,0.825642678219077
int,PED,KAB,LU_HOTELS,362,NB2,1.0,0.6016735910795966,0.16543871214262765,1.8251708353777003,1.3197122432296273,2.5242234399228054,3.6368367674482567,0.00027600671532994645,12.383400797895206,0.0004331674749345808,10.38340079789532,0.024482556438558102
int,PED,KAB,LU_OFFBLDGS,362,NB2,1.0,-0.3973070952880006,0.3070217923001352,0.6721275867212538,0.3682217988168346,1.226857003803988,-1.294068060483489,0.1956419127468546,1.8904683068094528,0.16914911075451122,-0.10953169319054723,0.825642678219077
int,PED,KAB,LU_DEPTSTRS,362,NB2,1.0,0.12364792794405599,0.29008315593073775,1.1316173899952404,0.6408787114448179,1.9981283423390812,0.4262499404604486,0.6699257306861652,0.17963740748291457,0.6716850321322982,-1.8203625925170854,0.9275894732577673
int,PED,KAB,LU_BANKINS,362,NB2,1.0,0.08169732594241527,0.11267378955310255,1.0851273202304068,0.8701033323401526,1.3532890374566442,0.7250783546595081,0.468403962593372,0.5226486305823528,0.4697140332700771,-1.4773513694176472,0.8376640849714798
int,PED,KAB,LU_AUTOSALSER,362,NB2,1.0,-0.13028257396793413,0.07187048626048753,0.8778473390642222,0.7625030831460698,1.0106397832813898,-1.8127409559431353,0.06987178444393925,3.3336800159074755,0.06787484848573626,1.3336800159074755,0.5966266319648683
int,PED,KAB,LU_REPAIRSTRS,362,NB2,1.0,0.5065853810704375,0.407956583731947,1.6596145574010186,0.746015036329245,3.6920441881305353,1.241762974962296,0.2143240271274397,1.4609978165044595,0.22677142443622586,-0.5390021834955405,0.825642678219077
int,PED,KAB,LU_SINGLESTORE,362,NB2,1.0,0.1063453457335587,0.040468309260288604,1.1122059057556741,1.0273960142426806,1.2040167176525645,2.6278672788021558,0.008592203184509954,6.856324582287016,0.008832805126746248,4.856324582287016,0.23565226646966064
int,PED,KAB,LU_PARKSREC,362,NB2,1.0,-0.08513156358210128,0.24598892381996532,0.9183914495840224,0.5670715151082641,1.4873659356845206,-0.34607884883633,0.7292834585881638,0.1203637034559506,0.7286403581484715,-1.8796362965440494,0.944937990780602
int,PED,KAB,LU_SCHOOLS,362,NB2,1.0,-0.4857346230406299,0.2584289116387853,0.6152450575137802,0.3707396221525672,1.0210035781914968,-1.8795676534812693,0.06016702514096078,3.950570089509256,0.0468554916457744,1.950570089509256,0.5892688744514657
int,PED,KAB,LU_HOSPITALS,362,too rare (<5 sites),,,,,,,,,,,,
int,PED,KAB,LU_INDUSTRIAL,362,NB2,1.0,-0.09427623872214085,0.10766700604742596,0.9100313416213928,0.7368996393863475,1.1238396634620138,-0.8756279401009196,0.381232331088465,0.7795347576811764,0.3772834651891229,-1.2204652423188236,0.8343465698687513
int,PED,KSI,LU_MXDUSE,137,Firth-Poisson,2.0,0.6286836022992993,0.9573577638485892,1.8751405231597738,0.28715371483415936,12.244842396089503,0.6566861689949471,0.511382729531525,,,-1.8415343982098875,0.8340484256693534
int,PED,KSI,LU_GASSTNS,137,Firth-Poisson,2.0,0.5761302458189683,0.1242214965106683,1.779140256792295,1.3946676074582767,2.2696017577318317,4.637927106034256,3.519208492532125e-06,,,18.042027536823184,0.0006334575286557825
int,PED,KSI,LU_SUPERMKTS,137,Firth-Poisson,2.0,0.27986906960817165,0.20985790566043241,1.3229565857732262,0.8768209884776929,1.9960905941353146,1.3336122302727214,0.18233097264480547,,,-0.27575231458740745,0.7536644166128217
int,PED,KSI,LU_REGSHOPCNTRS,137,Firth-Poisson,2.0,-0.0038342312450396817,0.719602579580048,0.996173110033863,0.24310659063684545,4.081999021725148,-0.005328262229517431,0.9957486819472565,,,-2.026719670529019,0.9957486819472565
int,PED,KSI,LU_COMMSHOPCNTRS,137,Firth-Poisson,2.0,0.21710413768507297,0.13919994926631885,1.2424734837132567,0.9457965817860933,1.6322118174875129,1.5596567299727027,0.11884102262752509,,,0.4774117267171505,0.7095687598679016
int,PED,KSI,LU_FASTFOOD,137,Firth-Poisson,2.0,0.2494856287174984,0.12123652695831343,1.2833651207205952,1.0119326688340613,1.627604369152223,2.057842095751248,0.039605293666898876,,,2.262496644773819,0.3878873824430667
int,PED,KSI,LU_RESTOS,137,Firth-Poisson,2.0,-0.2737070213107892,0.2090589161359534,0.7605548689909708,0.5048658659655635,1.1457374081719518,-1.3092339057799114,0.1904551303670755,,,0.4337780718885824,0.7536644166128217
int,PED,KSI,LU_BARS,137,Firth-Poisson,2.0,-1.7484375871930051,1.5545630722068007,0.17404566229844295,0.008267846451803135,3.663818957147818,-1.1247131869091598,0.260710591873375,,,2.5934267196880683,0.807450772269646
int,PED,KSI,LU_HOTELS,137,Firth-Poisson,2.0,0.37254184566800047,0.22450961330276265,1.4514192134789468,0.9347305281633647,2.253716627181419,1.6593581013638325,0.09704365385311765,,,0.43100408383349986,0.7018905748648743
int,PED,KSI,LU_OFFBLDGS,137,Firth-Poisson,2.0,-0.7140676418521962,0.458343747647666,0.4896484267390277,0.19940419426613923,1.20235977327543,-1.557930364528738,0.11924975628573703,,,2.80208530926393,0.7095687598679016
int,PED,KSI,LU_DEPTSTRS,137,Firth-Poisson,2.0,0.2366607274055643,0.3565770087179343,1.2670111826756838,0.6298773193928493,2.5486190526317585,0.6637015893326195,0.506881321953256,,,-1.6994297064238708,0.8340484256693534
int,PED,KSI,LU_BANKINS,137,Firth-Poisson,2.0,0.05888661924812005,0.1643174646078069,1.060654976063767,0.7686069093363234,1.4636727364580098,0.35837103127577274,0.7200656676455938,,,-1.9416892990793713,0.9415569434393954
int,PED,KSI,LU_AUTOSALSER,137,Firth-Poisson,2.0,-0.016907566470032744,0.1026858715426691,0.9832345642762438,0.803987244729224,1.2024447088250612,-0.1646532888704863,0.8692168851281457,,,-1.9668535055320717,0.9548617741809673
int,PED,KSI,LU_REPAIRSTRS,137,Firth-Poisson,2.0,0.44097312394646193,0.61671827042498,1.554218930509791,0.4640352842120943,5.205631050355461,0.7150317172257403,0.47458944494221167,,,-1.8711837959770037,0.8278530920367171
int,PED,KSI,LU_SINGLESTORE,137,Firth-Poisson,2.0,0.14305407937603,0.05430000627676165,1.153792196340909,1.0373050657892504,1.2833605814161198,2.634513127805139,0.008425804548147136,,,5.664707050862944,0.1744257489509254
int,PED,KSI,LU_PARKSREC,137,Firth-Poisson,2.0,0.20132602827871046,0.26612563275923945,1.2230234470593626,0.7259455899564672,2.060466201257126,0.7565074667604365,0.4493449973413912,,,-1.6034310887861238,0.8278530920367171
int,PED,KSI,LU_SCHOOLS,137,Firth-Poisson,2.0,-0.3685177455907508,0.3624804581197795,0.6917589338182586,0.3399422789747179,1.4076813980321727,-1.0166554840012265,0.30931734963241075,,,-0.22666867445059324,0.807450772269646
int,PED,KSI,LU_HOSPITALS,137,too rare (<5 sites),,,,,,,,,,,,
int,PED,KSI,LU_INDUSTRIAL,137,Firth-Poisson,2.0,0.09713531542846879,0.1496754101030588,1.1020094824177127,0.8218244358954023,1.4777181674032396,0.6489731036085781,0.5163557612224285,,,-1.7099464497744066,0.8340484256693534
int,PED,FAT,LU_MXDUSE,36,Firth-Poisson,0.0,1.5327914585921592,1.3679003495725324,4.631086281397959,0.3171776580598995,67.61813009446611,1.1205432172534755,0.26248234682746496,,,-1.9161323797035834,0.6546214810590711
int,PED,FAT,LU_GASSTNS,36,Firth-Poisson,0.0,0.4958750282139176,0.23434165457603706,1.6419343495280585,1.037242122130734,2.599150526804706,2.116034510002235,0.03434187261294926,,,0.950373400393346,0.23180764013740754
int,PED,FAT,LU_SUPERMKTS,36,Firth-Poisson,0.0,0.020053025226818115,0.36429766670665276,1.0202554378684734,0.4995885588975672,2.083556838845893,0.05504571414937341,0.9561020443523088,,,-2.1021370948317326,0.9692846538992661
int,PED,FAT,LU_REGSHOPCNTRS,36,Firth-Poisson,0.0,-0.24902739500823232,1.4219728964727367,0.7795586170774412,0.04802208488610357,12.65483660072305,-0.1751280883242959,0.8609789880288211,,,-1.824139656696957,0.9692846538992661
int,PED,FAT,LU_COMMSHOPCNTRS,36,Firth-Poisson,0.0,0.2034917353997513,0.22228275287154595,1.2256750278852075,0.7928014553743271,1.8948997429275556,0.915463448112622,0.3599483828507698,,,-1.520338890630967,0.7497000663578419
int,PED,FAT,LU_FASTFOOD,36,Firth-Poisson,0.0,0.5586060591883293,0.17660572437921018,1.7482338665005248,1.236715208583917,2.4713221206998597,3.163012190866944,0.0015614579277163098,,,5.132725987665424,0.039947651897407885
int,PED,FAT,LU_RESTOS,36,Firth-Poisson,0.0,-0.4858758614369733,0.39658989736081957,0.6151581674247516,0.28275002932731996,1.3383537814289979,-1.225134237332629,0.22052464722955156,,,0.021822727298967948,0.6267542605471466
int,PED,FAT,LU_BARS,36,Firth-Poisson,0.0,-0.398869419760354,1.3911676407916176,0.6710783252008758,0.04391242384166296,10.255551371480795,-0.2867155676028986,0.7743301166065379,,,-1.6127400960850196,0.9692846538992661
int,PED,FAT,LU_HOTELS,36,Firth-Poisson,0.0,0.4497233419749814,0.3390162662051821,1.5678783593518268,0.8067442787613736,3.047114946384266,1.3265538760396716,0.18465630201276484,,,-1.2576573082766345,0.5739482572832558
int,PED,FAT,LU_OFFBLDGS,36,Firth-Poisson,0.0,0.07586209289279153,0.5065924263621302,1.0788137878094788,0.39969278567511163,2.911834364991157,0.1497497572902178,0.8809620501163676,,,-2.1726308595215187,0.9692846538992661
int,PED,FAT,LU_DEPTSTRS,36,Firth-Poisson,0.0,-1.5221186721072046,1.398244959120484,0.21824899870517384,0.014084522324768327,3.381912736369246,-1.0885922829034471,0.2763337213875384,,,1.2373872639399792,0.6546214810590711
int,PED,FAT,LU_BANKINS,36,Firth-Poisson,0.0,0.08859408150026174,0.27347099107695005,1.0926370447073939,0.6392823492978211,1.8674936243402025,0.3239615329997941,0.7459671572126971,,,-2.0738243073124636,0.9692846538992661
int,PED,FAT,LU_AUTOSALSER,36,Firth-Poisson,0.0,0.1985123764751433,0.136718536102807,1.2195871215105394,0.932901222779758,1.5943732419198589,1.4519785109889545,0.14650758041893486,,,-0.6442435729916269,0.5274272895081655
int,PED,FAT,LU_REPAIRSTRS,36,Firth-Poisson,0.0,0.640925874722364,0.8363076139810406,1.8982375961369062,0.36852856673794504,9.777548598966211,0.7663757497930588,0.44345275775352677,,,-2.189549577435116,0.8398304420320956
int,PED,FAT,LU_SINGLESTORE,36,Firth-Poisson,0.0,0.15945116007824886,0.09391943278686288,1.1728669780904288,0.9756699378623329,1.4099203992170908,1.697744070070154,0.08955607613629386,,,0.3581337160698581,0.3720021624122976
int,PED,FAT,LU_PARKSREC,36,Firth-Poisson,0.0,0.2500892949683191,0.40049746641202555,1.284140078815945,0.5857362130101171,2.8152873348005523,0.6244466343540639,0.5323343069033497,,,-2.0465045411273763,0.9272920184768026
int,PED,FAT,LU_SCHOOLS,36,Firth-Poisson,0.0,-0.7918936172343495,0.7312217154970732,0.45298620013813207,0.10805788971228476,1.8989497024413549,-1.0829733314143064,0.2788202604510859,,,0.27860450450219787,0.6546214810590711
int,PED,FAT,LU_HOSPITALS,36,too rare (<5 sites),,,,,,,,,,,,
int,PED,FAT,LU_INDUSTRIAL,36,Firth-Poisson,0.0,-0.18895490523682307,0.3161368752290112,0.8278238363728943,0.4454887964331572,1.5382930155684853,-0.5976996675884241,0.5500403473029778,,,-1.4372717571795306,0.928193086073775
int,BIKE,TOT,LU_MXDUSE,447,NB2,5.0,-0.7530456458259338,0.795249344922053,0.47093008012514975,0.09908924583266238,2.238135314312556,-0.9469302309198936,0.34367433206144804,0.9618921650994707,0.3267106081534361,-1.0381078349005293,0.7116795902865384
int,BIKE,TOT,LU_GASSTNS,447,NB2,5.0,0.21419658800941538,0.09860555663999776,1.2388661770915725,1.0211502591821886,1.5030005534843212,2.1722567703910713,0.02983630076819335,4.544765844261519,0.03301953804292744,2.5447658442615193,0.18673998096151356
int,BIKE,TOT,LU_SUPERMKTS,447,NB2,5.0,0.0003007447037507649,0.14208084676536237,1.0003007899319731,0.757162250500744,1.3215155267933503,0.002116715311018845,0.9983111067948995,4.480276629692526e-06,0.998311145823777,-1.9999955197233703,0.9989592520917983
int,BIKE,TOT,LU_REGSHOPCNTRS,447,NB2,5.0,0.23269713542022358,0.5665551982192009,1.2619992065823664,0.41571678615281715,3.831074545132919,0.41072279656358,0.6812758090966621,0.16101464637131357,0.6882240696226125,-1.8389853536286864,0.9006697137210109
int,BIKE,TOT,LU_COMMSHOPCNTRS,447,NB2,5.0,0.08049867470610783,0.09123210138708383,1.083827410251452,0.9063622267989242,1.2960401707836966,0.882350329349143,0.3775873874451702,0.7682198245911422,0.3807683278196844,-1.2317801754088578,0.7255684670721713
int,BIKE,TOT,LU_FASTFOOD,447,NB2,5.0,0.09612055963351822,0.08022574657652388,1.1008917791032076,0.940708556973259,1.288350892859453,1.1981260846458182,0.23086793536534733,1.4161332458220386,0.2340409018000932,-0.5838667541779614,0.6214467055979339
int,BIKE,TOT,LU_RESTOS,447,NB2,5.0,0.0717124344464473,0.1090431778769532,1.074346354634407,0.8676106766099052,1.3303433450429967,0.6576517288167192,0.5107619467882629,0.4271966153901303,0.5133677421851471,-1.5728033846098697,0.7811653303820492
int,BIKE,TOT,LU_BARS,447,NB2,5.0,0.031261892986062405,0.4075874986557276,1.0317556780820347,0.46412117660307,2.293624667259964,0.07669983277006256,0.9388623375806845,0.005856287768892798,0.9390003224533358,-1.9941437122311072,0.9896116531255863
int,BIKE,TOT,LU_HOTELS,447,NB2,5.0,0.13360500661900526,0.1555906176197569,1.1429412762332105,0.8425244436722059,1.5504769870223936,0.8586957791087275,0.39050837979136477,0.7183195484917633,0.3966956814828948,-1.2816804515082367,0.7255684670721713
int,BIKE,TOT,LU_OFFBLDGS,447,NB2,5.0,-0.1280745381157428,0.21497256155769992,0.879787798975774,0.5772841003068796,1.3408070148046178,-0.5957715588803961,0.5513278461138922,0.3680731353470037,0.5440564523481582,-1.6319268646529963,0.8165235189281694
int,BIKE,TOT,LU_DEPTSTRS,447,NB2,5.0,0.5740547912371334,0.2333757796154526,1.775451561178806,1.123712867853557,2.8051901302095437,2.459787353182229,0.01390193583201592,5.619589614229881,0.017760807204540617,3.6195896142298807,0.1316465846792749
int,BIKE,TOT,LU_BANKINS,447,NB2,5.0,0.029622016349761252,0.09742941541327345,1.0300651125894589,0.8510029891840303,1.2468042411828528,0.30403565724079723,0.7611007256656289,0.09186628938073227,0.7618178285916024,-1.9081337106192677,0.9347519999524008
int,BIKE,TOT,LU_AUTOSALSER,447,NB2,5.0,0.14709321575305542,0.0574797368679754,1.1584619448995512,1.0350326079552488,1.2966104328168913,2.559044695888436,0.01049602456156636,6.4997328827844285,0.010789070063017008,4.4997328827844285,0.11163953397302402
int,BIKE,TOT,LU_REPAIRSTRS,447,NB2,5.0,0.11472572186072476,0.4457310024408028,1.1215657744075478,0.46817784576933497,2.686820398892086,0.25738779944067586,0.796879420338073,0.06495336350963044,0.7988316196916548,-1.9350466364903696,0.9499854593531257
int,BIKE,TOT,LU_SINGLESTORE,447,NB2,5.0,-0.014104045733314703,0.03655261296579735,0.9859949503580708,0.9178262585190157,1.0592266598477065,-0.3858560192813576,0.6996033044488065,0.14964670505423783,0.6988732084336686,-1.8503532949457622,0.9145652136369872
int,BIKE,TOT,LU_PARKSREC,447,NB2,5.0,0.38063800328133496,0.18927565339798114,1.4632178294739768,1.0097045089194747,2.120428697284627,2.0110246428841276,0.044322853855604395,3.919790268451834,0.04772083332382627,1.919790268451834,0.23047884004914287
int,BIKE,TOT,LU_SCHOOLS,447,NB2,5.0,0.17734061073724883,0.1659368868223588,1.194037725941592,0.8625210820364155,1.652975354069751,1.0687232605918304,0.285194387053889,1.1028332301777937,0.29364516846753796,-0.8971667698222063,0.6608916153076985
int,BIKE,TOT,LU_HOSPITALS,447,too rare (<5 sites),,,,,,,,,,,,
int,BIKE,TOT,LU_INDUSTRIAL,447,NB2,5.0,0.01843877247437438,0.101976447905269,1.0186098163016186,0.8340724036863469,1.2439758866020392,0.18081402964244325,0.8565135505603504,0.03253510557851769,0.8568582557913952,-1.9674648944214823,0.9499854593531257
int,BIKE,KAB,LU_MXDUSE,219,NB2,1.0,-0.32184725845510764,0.9695236238293572,0.724808890305102,0.10837979924612598,4.847286405027106,-0.3319643281964576,0.7399161949918353,0.11412455276058608,0.7354963828767265,-1.885875447239414,0.944937990780602
int,BIKE,KAB,LU_GASSTNS,219,NB2,1.0,0.1619180759791327,0.13809660850808883,1.1757639140678644,0.896953482989469,1.5412402179616882,1.1724985698663886,0.24099694595677956,1.3330749962564141,0.24825890867483968,-0.6669250037435859,0.825642678219077
int,BIKE,KAB,LU_SUPERMKTS,219,NB2,1.0,0.14768545022813642,0.18111663932394323,1.159148229201943,0.8127732099935953,1.6531359556900111,0.8154162465657716,0.41483408777745945,0.6493371592014228,0.42034976213284514,-1.3506628407985772,0.8343465698687513
int,BIKE,KAB,LU_REGSHOPCNTRS,219,NB2,1.0,0.8546156357974877,0.5899380238860812,2.3504707701051877,0.7395873444058513,7.469993751119636,1.4486532503328122,0.14743444217289725,1.8115931997372172,0.1783172287226481,-0.18840680026278278,0.8105012532521055
int,BIKE,KAB,LU_COMMSHOPCNTRS,219,NB2,1.0,0.09242684370620954,0.12209255986942373,1.0968328983954394,0.8634022640302194,1.3933741630314203,0.7570227359067477,0.44903624134425535,0.5617706926402661,0.45354768214616625,-1.4382293073597339,0.8376640849714798
int,BIKE,KAB,LU_FASTFOOD,219,NB2,1.0,-0.0652074487477193,0.11346720713978449,0.9368730900675443,0.7500591756169427,1.1702159181917249,-0.5746810060054427,0.5655070555791298,0.3345193826951345,0.5630099521631364,-1.6654806173048655,0.8556065247965307
int,BIKE,KAB,LU_RESTOS,219,NB2,1.0,0.13218568688502746,0.14423585965861133,1.1413202277902266,0.8602634511967067,1.5142010979904823,0.9164550840400914,0.3594282553457272,0.8225174960300592,0.36444513592408856,-1.1774825039699408,0.8343465698687513
int,BIKE,KAB,LU_BARS,219,NB2,1.0,-0.14954531749677297,0.5769329788911074,0.8610994142655511,0.2779444636967544,2.667771076949621,-0.25920743477727026,0.7954751949779924,0.06913270449808806,0.7926037713440786,-1.930867295501912,0.9644621534966332
int,BIKE,KAB,LU_HOTELS,219,NB2,1.0,0.018966122804855576,0.21185772955219911,1.0191471221866428,0.6728216262965265,1.5437388099108995,0.08952292108928014,0.9286663383209401,0.007982219556652126,0.9288091085576313,-1.9920177804433479,0.9939886349587852
int,BIKE,KAB,LU_OFFBLDGS,219,NB2,1.0,-0.7008814374298223,0.41048612448716704,0.4961477877673746,0.22192090565535869,1.109235863018459,-1.707442458147532,0.08773984441544992,3.6332437933394885,0.05663632817699358,1.6332437933394885,0.6622943094585574
int,BIKE,KAB,LU_DEPTSTRS,219,NB2,1.0,0.3160600350496136,0.33790371987816525,1.37171260398836,0.7073488895785112,2.6600670414026037,0.9353552993248265,0.34960522539192984,0.8352591004780834,0.36075620021164856,-1.1647408995219166,0.8343465698687513
int,BIKE,KAB,LU_BANKINS,219,NB2,1.0,-0.007537958124560469,0.13587491218533299,0.9924903810306215,0.7604440150204163,1.2953447419950597,-0.055477188565014234,0.9557583028449858,0.00308314518338193,0.9557193558639381,-1.996916854816618,0.9939886349587852
int,BIKE,KAB,LU_AUTOSALSER,219,NB2,1.0,0.1609472400410921,0.07461382303653409,1.1746229941180928,1.0148127846795951,1.3595997204021977,2.1570700105030873,0.031000209873222464,4.535129010108335,0.03320595381221166,2.535129010108335,0.38179205843863456
int,BIKE,KAB,LU_REPAIRSTRS,219,NB2,1.0,-0.37783164146755027,0.6447351769047032,0.6853458747791878,0.19368685216160292,2.425043119008183,-0.5860261003307978,0.5578579754211557,0.3723143946384653,0.5417454196632017,-1.6276856053615347,0.8556065247965307
int,BIKE,KAB,LU_SINGLESTORE,219,NB2,1.0,-0.055017345557029564,0.050136509088238676,0.9464687307837553,0.8578852725856296,1.0441991335875256,-1.0973509436048043,0.2724880092354077,1.2189190793552598,0.26957288746807834,-0.7810809206447402,0.825642678219077
int,BIKE,KAB,LU_PARKSREC,219,NB2,1.0,0.6348921237700668,0.24715048652305535,1.8868185876038253,1.1623887676795488,3.0627312320250755,2.568848367251104,0.010203709475198238,6.1892391508361015,0.012852943484187621,4.1892391508361015,0.23565226646966064
int,BIKE,KAB,LU_SCHOOLS,219,NB2,1.0,0.05924004881511674,0.2394408503303418,1.0610299091450053,0.6636077660457492,1.696460658995131,0.2474099500289399,0.8045909745001957,0.06031741662047807,0.8059949522186292,-1.939682583379522,0.9657360746195793
int,BIKE,KAB,LU_HOSPITALS,219,too rare (<5 sites),,,,,,,,,,,,
int,BIKE,KAB,LU_INDUSTRIAL,219,NB2,1.0,-0.00040537501739834706,0.13362862407312315,0.9995947071359527,0.769266759508666,1.2988856806608902,-0.003033594188446639,0.9975795457457476,9.203696663462324e-06,0.997579413852128,-1.9999907963033365,0.9999025320875652
int,BIKE,KSI,LU_MXDUSE,55,Firth-Poisson,0.0,-1.8411049283808574,2.247657657332869,0.1586420411371992,0.0019371955651380926,12.991614098797905,-0.8191215963758298,0.4127170414354082,,,-0.4884730748369748,0.807450772269646
int,BIKE,KSI,LU_GASSTNS,55,Firth-Poisson,0.0,0.32005948711927207,0.22894409074400737,1.3772096881362084,0.8792632564546413,2.157154312059073,1.397980992124164,0.16211877521341878,,,-0.697216362254153,0.7117409643515946
int,BIKE,KSI,LU_SUPERMKTS,55,Firth-Poisson,0.0,0.2328650900718802,0.2759699715146919,1.2622111830202152,0.7348888217786199,2.167915776274012,0.8438058995831114,0.39877787826753586,,,-1.5873887315672164,0.807450772269646
int,BIKE,KSI,LU_REGSHOPCNTRS,55,Firth-Poisson,0.0,1.0178911605875192,0.6911303538440593,2.7673527036961056,0.7141056681771318,10.724240582213865,1.4727918618043903,0.14080716742184052,,,-1.1851553256253737,0.7095687598679016
int,BIKE,KSI,LU_COMMSHOPCNTRS,55,Firth-Poisson,0.0,0.15243445170960268,0.19105432207647038,1.1646661177196198,0.800889719787438,1.6936753366294954,0.7978592164410186,0.4249521927659329,,,-1.595565669412622,0.81373824146668
int,BIKE,KSI,LU_FASTFOOD,55,Firth-Poisson,0.0,0.4558071368160072,0.1528128553142845,1.577446084152719,1.169169818830347,2.1282931772033864,2.982780053933065,0.0028564318605369455,,,4.890039840842633,0.10715025809815752
int,BIKE,KSI,LU_RESTOS,55,Firth-Poisson,0.0,-0.28897030714608285,0.29628774455995055,0.749034446042859,0.41907964797872566,1.338773199950798,-0.9753029359188122,0.3294100145919915,,,-0.7428947197762454,0.807450772269646
int,BIKE,KSI,LU_BARS,55,Firth-Poisson,0.0,0.28302920969913287,0.83600994509391,1.3271439267258045,0.2578053895695448,6.83194019018001,0.33854765886467997,0.7349505184434474,,,-2.225928538098856,0.9415569434393954
int,BIKE,KSI,LU_HOTELS,55,Firth-Poisson,0.0,-0.43837934703508036,0.46880047710534156,0.6450810268615725,0.25737315500688207,1.6168334696975437,-0.9351085769833263,0.34973234683050203,,,-0.4238930645185519,0.807450772269646
int,BIKE,KSI,LU_OFFBLDGS,55,Firth-Poisson,0.0,-0.5449263300399003,0.6581384251500491,0.5798845018344048,0.1596330327388914,2.1064940613999323,-0.8279813322184653,0.40768107204813053,,,-0.577190660263966,0.807450772269646
int,BIKE,KSI,LU_DEPTSTRS,55,Firth-Poisson,0.0,0.6764852376784553,0.4742455415433502,1.9669521990809307,0.7764399110453981,4.982872336199492,1.4264451184442366,0.1537398979713787,,,-0.7371928207007841,0.7095687598679016
int,BIKE,KSI,LU_BANKINS,55,Firth-Poisson,0.0,0.05502549920073472,0.23555134611487108,1.0565675559602015,0.6658737844866232,1.6764963966382727,0.23360299190946032,0.8152932048021507,,,-2.056219938661002,0.9548617741809673
int,BIKE,KSI,LU_AUTOSALSER,55,Firth-Poisson,0.0,-0.04264777847999717,0.1429031263884315,0.958248846499088,0.7241636282937477,1.268001893412355,-0.2984383866037633,0.7653685948447992,,,-1.8950555917017482,0.9477046138464797
int,BIKE,KSI,LU_REPAIRSTRS,55,Firth-Poisson,0.0,0.1439019065983349,0.8449103853322576,1.1547708275703275,0.2204416050987486,6.049201391044619,0.17031617683542385,0.8647614898491677,,,-2.1682529195226152,0.9548617741809673
int,BIKE,KSI,LU_SINGLESTORE,55,Firth-Poisson,0.0,-0.035210773172090024,0.08461030961962832,0.9654019139881573,0.8178740069087025,1.1395408677366548,-0.4161522789643788,0.6772985769475004,,,-1.842905791025089,0.934733053047581
int,BIKE,KSI,LU_PARKSREC,55,Firth-Poisson,0.0,0.2527680531667335,0.34576919220572633,1.2875845910279042,0.6538092978445267,2.535715054096296,0.7310311585433013,0.46476012125213395,,,-1.8789878190498257,0.8278530920367171
int,BIKE,KSI,LU_SCHOOLS,55,Firth-Poisson,0.0,-0.24961856367664156,0.437633321824299,0.779097902641224,0.33042357913788617,1.8370164244442586,-0.5703829010005286,0.5684180243597254,,,-1.4204851230977624,0.867078342243649
int,BIKE,KSI,LU_HOSPITALS,55,too rare (<5 sites),,,,,,,,,,,,
int,BIKE,KSI,LU_INDUSTRIAL,55,Firth-Poisson,0.0,0.24145720515977992,0.1853204932024787,1.2731029715134812,0.8853511247607161,1.830676135995769,1.3029169142992028,0.19260312868994334,,,-0.9286419696476287,0.7536644166128217
int,ALCOHOL,TOT,LU_MXDUSE,883,NB2,8.0,-0.2622317107965527,0.5467928037116676,0.7693327403512034,0.2634357941725098,2.2467442863467015,-0.47958149598258354,0.6315250064983446,0.2351904343706792,0.6277016241735627,-1.7648095656293208,0.8649923530451668
int,ALCOHOL,TOT,LU_GASSTNS,883,NB2,8.0,0.1036178327628983,0.07229736076712424,1.1091764829946895,0.9626311192167775,1.2780310607758574,1.4332173631712486,0.15179572912715322,2.0173617543430282,0.1555091271130426,0.017361754343028224,0.4853725681795547
int,ALCOHOL,TOT,LU_SUPERMKTS,883,NB2,8.0,-0.11017084942050334,0.09778257743750658,0.8956810956273874,0.7394676813270391,1.0848947767731771,-1.1266920172043347,0.2598727187324137,1.2818425849056894,0.2575567187432065,-0.7181574150943106,0.6469171934402639
int,ALCOHOL,TOT,LU_REGSHOPCNTRS,883,NB2,8.0,0.26665055070150034,0.37719643787995444,1.305584131147026,0.6233454200449203,2.7345190462458184,0.706927542052674,0.47961150720950285,0.4775144063935386,0.4895503507348353,-1.5224855936064614,0.7767214459622239
int,ALCOHOL,TOT,LU_COMMSHOPCNTRS,883,NB2,8.0,0.04031664437187944,0.0639971098913111,1.0411403932494834,0.9184041901193208,1.1802791517260574,0.6299760167349876,0.5287102757836628,0.3943018959221263,0.5300467659639494,-1.6056981040778737,0.8033649645024488
int,ALCOHOL,TOT,LU_FASTFOOD,883,NB2,8.0,0.020596255724636612,0.06327226055625995,1.0208098223035218,0.9017505268321316,1.1555886714833432,0.32551793698477055,0.7447891094478327,0.10557965464704466,0.7452338766702622,-1.8944203453529553,0.9261910556572756
int,ALCOHOL,TOT,LU_RESTOS,883,NB2,8.0,-0.14028258084743273,0.08485794359355534,0.8691126061186237,0.7359418656284186,1.0263809648460605,-1.653146127595846,0.09830112741602953,2.778540038090796,0.09553521984959007,0.7785400380907959,0.3898722680567951
int,ALCOHOL,TOT,LU_BARS,883,NB2,8.0,-0.18030973072858544,0.3054214235315025,0.8350115426210302,0.45889414297324205,1.519401123302218,-0.5903637297073482,0.5549468216781352,0.35717838972345817,0.5500774769143624,-1.6428216102765418,0.8167141903942368
int,ALCOHOL,TOT,LU_HOTELS,883,NB2,8.0,0.006776945010782039,0.13958269702820428,1.006799960464735,0.765822284165689,1.3236049424914424,0.048551469165355646,0.9612767463130346,0.0023547767816580745,0.961297010128449,-1.997645223218342,0.9908339584051887
int,ALCOHOL,TOT,LU_OFFBLDGS,883,NB2,8.0,0.2491834510853613,0.14115645898902718,1.2829773750742295,0.9728910186836063,1.6918965365509926,1.7652996743473965,0.07751341423085532,2.920672060476818,0.08745143394810392,0.9206720604768179,0.3422290364154744
int,ALCOHOL,TOT,LU_DEPTSTRS,883,NB2,8.0,0.1270521166081296,0.1752363522793438,1.1354761934072688,0.8054041048969891,1.6008189900640788,0.7250328767720304,0.4684318613477727,0.5187818524702834,0.47136177207765795,-1.4812181475297166,0.7719229264463296
int,ALCOHOL,TOT,LU_BANKINS,883,NB2,8.0,0.114134427852401,0.07038470527231529,1.1209027953122992,0.9764618529758681,1.286709841976773,1.621579964153007,0.10489331553061065,2.566092873138814,0.10917708505025471,0.566092873138814,0.39861149515771677
int,ALCOHOL,TOT,LU_AUTOSALSER,883,NB2,8.0,-0.037291246535837035,0.04662422745854682,0.9633955088806913,0.8792599138400771,1.055581963788125,-0.7998255106530686,0.423811900402397,0.6421414028739036,0.42293642633624573,-1.3578585971260964,0.7448095592271435
int,ALCOHOL,TOT,LU_REPAIRSTRS,883,NB2,8.0,-0.36577851288866225,0.351165791053446,0.6936564201535804,0.34851867502205763,1.3805837784440909,-1.0416120311473969,0.2975915884246546,1.1488252302972342,0.2837952051186817,-0.8511747697027658,0.664371363307376
int,ALCOHOL,TOT,LU_SINGLESTORE,883,NB2,8.0,0.058834108613324325,0.026506370331638825,1.0605992818599563,1.0069053555380074,1.1171564740370423,2.2196214674891985,0.026444473777984635,4.8551849178195425,0.027563158993050344,2.8551849178195425,0.18673998096151356
int,ALCOHOL,TOT,LU_PARKSREC,883,NB2,8.0,-0.14791650416695332,0.1603842366857121,0.8625031273527591,0.6298525037298213,1.181088652165452,-0.9222633547011825,0.35639122365608567,0.8611674588614733,0.35341219265900603,-1.1388325411385267,0.7255684670721713
int,ALCOHOL,TOT,LU_SCHOOLS,883,NB2,8.0,-0.020460389348523084,0.13345216086625383,0.9797475041428362,0.7542536025303034,1.2726557336337696,-0.1533162836458568,0.8781488599951593,0.023599129561034715,0.8779093018355957,-1.9764008704389653,0.9602188469105948
int,ALCOHOL,TOT,LU_HOSPITALS,883,too rare (<5 sites),,,,,,,,,,,,
int,ALCOHOL,TOT,LU_INDUSTRIAL,883,NB2,8.0,-0.12301229574496345,0.07987042479349424,0.8842527899471891,0.756117623442933,1.034102330493294,-1.540148259671999,0.12352421850174501,2.4377877739400446,0.11844315941652128,0.43778777394004464,0.42443139694579046
int,ALCOHOL,KAB,LU_MXDUSE,203,NB2,3.0,-1.0310855061076518,1.1740617706437273,0.3566196375917368,0.03571278337466518,3.5611216460457142,-0.8782208329143679,0.3798238884790255,0.8634816828791827,0.35276619810214704,-1.1365183171208173,0.8343465698687513
int,ALCOHOL,KAB,LU_GASSTNS,203,NB2,3.0,0.3322376928483371,0.12192720994102205,1.3940841729721247,1.09774750910296,1.7704168446890924,2.724885552692014,0.006432377959913904,6.86538264435444,0.008788142799247056,4.86538264435444,0.2150252060885505
int,ALCOHOL,KAB,LU_SUPERMKTS,203,NB2,3.0,0.03013107814828869,0.1779194417746523,1.0305896128784775,0.7271728820460024,1.460608579330683,0.16935236446195606,0.8655194898694177,0.028540749087824224,0.8658437765836313,-1.9714592509121758,0.9784133363741244
int,ALCOHOL,KAB,LU_REGSHOPCNTRS,203,NB2,3.0,0.2930623178499704,0.7793908484200156,1.340526326547258,0.2909674874427993,6.175984980176027,0.3760145740023347,0.7069060612838531,0.13238382794543213,0.715973096400655,-1.8676161720545679,0.944937990780602
int,ALCOHOL,KAB,LU_COMMSHOPCNTRS,203,NB2,3.0,-0.011180585227983462,0.1209969716970044,0.9888816852256005,0.7800988397064571,1.2535424200125616,-0.09240384342825886,0.9263771858812017,0.00854928876572103,0.9263306922235371,-1.991450711234279,0.9939886349587852
int,ALCOHOL,KAB,LU_FASTFOOD,203,NB2,3.0,0.11845497679053602,0.11568283363331854,1.1257561878043152,0.8973732653351699,1.4122629270734475,1.023963306137576,0.3058526068118447,1.0169712281204966,0.3132385212155678,-0.9830287718795034,0.825642678219077
int,ALCOHOL,KAB,LU_RESTOS,203,NB2,3.0,-0.2919224818732365,0.16336090505610135,0.7468264263151382,0.5422056856118691,1.0286681343321404,-1.7869788476807507,0.07394090738026146,3.394553121294848,0.065412085898214,1.394553121294848,0.5966266319648683
int,ALCOHOL,KAB,LU_BARS,203,NB2,3.0,-1.3328485347040064,1.035609127613073,0.26372496062856576,0.034643594795326686,2.0076107941292727,-1.2870189139564912,0.1980876957748927,2.4573779433483196,0.11697390259598835,0.4573779433483196,0.825642678219077
int,ALCOHOL,KAB,LU_HOTELS,203,NB2,3.0,-0.0073899650788027595,0.2596999034767546,0.9926372735742649,0.596663619451363,1.6513974118196908,-0.028455786774923563,0.9772986307782247,0.000811361640217001,0.9772758016222604,-1.999188638359783,0.9999025320875652
int,ALCOHOL,KAB,LU_OFFBLDGS,203,NB2,3.0,-0.09621897003447046,0.3098563676055318,0.9082651114496628,0.4948317612033807,1.6671232070279494,-0.31052765117599174,0.7561597354232473,0.09974981243306047,0.7521300756886407,-1.9002501875669395,0.944937990780602
int,ALCOHOL,KAB,LU_DEPTSTRS,203,NB2,3.0,-0.14947820227956218,0.3656353437371799,0.8611572090792137,0.42057877693711415,1.7632647661153498,-0.4088177055088189,0.6826734454593051,0.17089873998361327,0.6793143011592608,-1.8291012600163867,0.9287534083574267
int,ALCOHOL,KAB,LU_BANKINS,203,NB2,3.0,0.11414216135271028,0.12837426508640257,1.1209114638479325,0.8715592777903164,1.4416030461762754,0.8891358503660112,0.37393007379250043,0.7667838164616114,0.3812138470305261,-1.2332161835383886,0.8343465698687513
int,ALCOHOL,KAB,LU_AUTOSALSER,203,NB2,3.0,-0.11524387459523512,0.09043612487677119,0.8911487888540448,0.7463962307606463,1.0639739740736942,-1.2743123917822343,0.20255272658616663,1.6988815920657316,0.1924343054440382,-0.30111840793426836,0.825642678219077
int,ALCOHOL,KAB,LU_REPAIRSTRS,203,NB2,3.0,-1.5522938449540968,1.0410052050443928,0.2117616678514511,0.027524905026040058,1.629179244353591,-1.4911489754634806,0.13592238645247273,3.487201196488968,0.06184506097864936,1.487201196488968,0.8105012532521055
int,ALCOHOL,KAB,LU_SINGLESTORE,203,NB2,3.0,0.09518422192166878,0.052371153549927836,1.0998614550546755,0.992564541777686,1.2187572388475818,1.817493323513015,0.0691416096860505,3.2506575672855433,0.07139481023212273,1.2506575672855433,0.5966266319648683
int,ALCOHOL,KAB,LU_PARKSREC,203,NB2,3.0,-0.25170214398885843,0.3093143232921617,0.7774762795676099,0.4240269698477965,1.425544619266235,-0.8137422842559868,0.41579260511831917,0.6908763754413485,0.40586645283036404,-1.3091236245586515,0.8343465698687513
int,ALCOHOL,KAB,LU_SCHOOLS,203,NB2,3.0,-0.42517488427090633,0.31203233755088333,0.6536554610746651,0.35460234727232437,1.2049143641584683,-1.3625987857799282,0.17300899173335194,2.102405319974878,0.14706762387490765,0.10240531997487778,0.825642678219077
int,ALCOHOL,KAB,LU_HOSPITALS,203,too rare (<5 sites),,,,,,,,,,,,
int,ALCOHOL,KAB,LU_INDUSTRIAL,203,NB2,3.0,-0.4290339458239772,0.17921599296924634,0.6511378253958633,0.45826975110081913,0.9251766380888146,-2.3939489925857225,0.0166680666010627,6.713290254174353,0.009569699491254316,4.713290254174353,0.2785948274749051
int,ALCOHOL,KSI,LU_MXDUSE,60,Firth-Poisson,1.0,-1.4632876536433594,2.3200670100454137,0.23147401600294673,0.0024525695862415136,21.84656467449818,-0.6307092197370268,0.5282306695905905,,,-1.0443573900021192,0.8340484256693534
int,ALCOHOL,KSI,LU_GASSTNS,60,Firth-Poisson,1.0,0.190963032792434,0.19171638269281308,1.2104147056025656,0.8312696258169101,1.7624892261631118,0.9960704980461365,0.3192158929893171,,,-1.3442579907973595,0.807450772269646
int,ALCOHOL,KSI,LU_SUPERMKTS,60,Firth-Poisson,1.0,0.11672107544550625,0.26245382262142514,1.123805928902979,0.6718713388110029,1.8797345457130024,0.444729950128674,0.6565149225440672,,,-1.976558457022179,0.9328355939062334
int,ALCOHOL,KSI,LU_REGSHOPCNTRS,60,Firth-Poisson,1.0,0.9300004189579629,0.84185937307176,2.534510239470879,0.4867308625671019,13.197729275071683,1.1046980632461163,0.26929044291029336,,,-1.990374785480526,0.807450772269646
int,ALCOHOL,KSI,LU_COMMSHOPCNTRS,60,Firth-Poisson,1.0,0.18734275823887786,0.16851658216221857,1.2060405945634656,0.866797630623522,1.6780547896614504,1.1117170538062344,0.2662598249922079,,,-1.134074447306034,0.807450772269646
int,ALCOHOL,KSI,LU_FASTFOOD,60,Firth-Poisson,1.0,0.2674418615494906,0.1727777509457131,1.3066176629014803,0.9312732619696218,1.8332424936106637,1.5478952589996444,0.12164751628505371,,,-0.3179882836470824,0.7095687598679016
int,ALCOHOL,KSI,LU_RESTOS,60,Firth-Poisson,1.0,-0.22450215644564792,0.2544222842180551,0.798913853883761,0.4852117751701765,1.3154325154280269,-0.8823997360751473,0.37756067839763463,,,-1.069658093483838,0.807450772269646
int,ALCOHOL,KSI,LU_BARS,60,Firth-Poisson,1.0,-0.9280120974484602,1.3851848930731059,0.3953388248061137,0.0261743727067272,5.97121421591546,-0.6699553987985072,0.5028862227341035,,,-0.5670433914806381,0.8340484256693534
int,ALCOHOL,KSI,LU_HOTELS,60,Firth-Poisson,1.0,-0.011039194936998849,0.3744365591963957,0.9890215133797626,0.47476522943039257,2.0603100085942767,-0.029482150355966394,0.9764800547061121,,,-2.0521155446431294,0.9887828660507904
int,ALCOHOL,KSI,LU_OFFBLDGS,60,Firth-Poisson,1.0,-0.014047163823507592,0.4336154504273146,0.9860510372290564,0.42150086613246546,2.306748873239405,-0.03239544119026328,0.9741566979847458,,,-2.033803477566721,0.9887828660507904
int,ALCOHOL,KSI,LU_DEPTSTRS,60,Firth-Poisson,1.0,0.6585434529515373,0.45566911779784663,1.9319762697011977,0.7909124358333128,4.71927376227929,1.4452229199427422,0.14839528047195544,,,-0.7955207798221409,0.7095687598679016
int,ALCOHOL,KSI,LU_BANKINS,60,Firth-Poisson,1.0,0.12700362788441366,0.22136223808290934,1.1354211369506602,0.7357489207368171,1.7522025814774922,0.5737366453479998,0.5661460264579345,,,-1.8861547660811766,0.867078342243649
int,ALCOHOL,KSI,LU_AUTOSALSER,60,Firth-Poisson,1.0,-0.0033727320674782285,0.12512456051220158,0.9966329492043906,0.779878710560331,1.2736304017405307,-0.026954996314647074,0.9784956287139597,,,-2.0563228968748604,0.9887828660507904
int,ALCOHOL,KSI,LU_REPAIRSTRS,60,Firth-Poisson,1.0,-0.9924230690795057,1.3997206820373143,0.3706774249632414,0.02385227672889895,5.760529904086942,-0.7090150783762224,0.47831511984343655,,,-0.4560958532508721,0.8278530920367171
int,ALCOHOL,KSI,LU_SINGLESTORE,60,Firth-Poisson,1.0,0.12796382581668023,0.07966470776486936,1.1365118895640096,0.9722143234973125,1.328574619713393,1.606279987800443,0.10821240536368076,,,0.16750008416380524,0.7095687598679016
int,ALCOHOL,KSI,LU_PARKSREC,60,Firth-Poisson,1.0,0.4093562961886106,0.2801858216348629,1.5058481528729724,0.869525242796632,2.6078353426724985,1.4610171699625907,0.14401072950182991,,,-0.7717273639502764,0.7095687598679016
int,ALCOHOL,KSI,LU_SCHOOLS,60,Firth-Poisson,1.0,-0.8416452785066643,0.5965575195219617,0.43100082337099993,0.13386840460235203,1.3876441591895694,-1.4108367608560166,0.15829275239053442,,,1.4012629461484494,0.7117409643515946
int,ALCOHOL,KSI,LU_HOSPITALS,60,too rare (<5 sites),,,,,,,,,,,,
int,ALCOHOL,KSI,LU_INDUSTRIAL,60,Firth-Poisson,1.0,-0.7998805529316053,0.3762097963089639,0.4493826383502813,0.21497108383351637,0.9394042773076177,-2.126155567397028,0.03349030838781554,,,5.1600185843608415,0.3878873824430667
seg,ALL,TOT,LU_MXDUSE,24909,NB2,8.0,0.06359171831269224,0.16195127811254442,1.0656572216015905,0.7758215188091759,1.4637713525846971,0.3926595643691098,0.6945709396657165,0.15655081565046203,0.6923521568882058,-1.843449184349538,0.8714665526613218
seg,ALL,TOT,LU_GASSTNS,24909,NB2,8.0,0.21485029538732228,0.06694059818120641,1.239676297813874,1.0872447273466657,1.4134787547895902,3.20956640999425,0.0013293533398035648,10.451548736132736,0.001225466640263984,8.451548736132736,0.09698864959204948
seg,ALL,TOT,LU_SUPERMKTS,24909,NB2,8.0,0.18247902001642688,0.06379040425363737,1.2001889707445474,1.0591321302047507,1.3600319775195457,2.8606029723666753,0.004228362127357732,8.400441550314554,0.0037512988034332532,6.400441550314554,0.09698864959204948
seg,ALL,TOT,LU_REGSHOPCNTRS,24909,too rare (<5 sites),,,,,,,,,,,,
seg,ALL,TOT,LU_COMMSHOPCNTRS,24909,NB2,8.0,0.06222038795247698,0.029734963763308392,1.0641968550513767,1.003947630423553,1.128061775317351,2.092499202210367,0.03639388304483536,4.516241356222963,0.033574514002943125,2.516241356222963,0.23016671979706688
seg,ALL,TOT,LU_FASTFOOD,24909,NB2,8.0,0.07931139584136593,0.02930190870864285,1.0825413684704157,1.022120769711828,1.1465336085286668,2.706697254092951,0.0067956197797362575,7.593520658555917,0.0058578442131064735,5.593520658555917,0.10060272373861558
seg,ALL,TOT,LU_RESTOS,24909,NB2,8.0,0.030769761041548365,0.026487315154507887,1.0312480430758637,0.9790766193328098,1.0861994917951368,1.1616791230843813,0.24536582895047698,1.3759410992820449,0.24079373750470323,-0.6240589007179551,0.5316259627260335
seg,ALL,TOT,LU_BARS,24909,NB2,8.0,0.025965549894911504,0.07917342545058764,1.0263055915289394,0.878785565374597,1.198589517972542,0.3279578942951846,0.7429434989120774,0.10870615490648561,0.7416219953847349,-1.8912938450935144,0.8869835650276844
seg,ALL,TOT,LU_HOTELS,24909,NB2,8.0,0.01576668541757594,0.04003017713729723,1.0158916354208547,0.9392322791087455,1.09880786454377,0.3938699887212261,0.6936770286056405,0.1570546005154938,0.6918828798735437,-1.8429453994845062,0.8714665526613218
seg,ALL,TOT,LU_OFFBLDGS,24909,NB2,8.0,-0.05131239485629723,0.03263747732384101,0.9499818547279828,0.89111494739438,1.012737500309278,-1.5721924322507175,0.11590592999602814,2.3669773297201573,0.12392679920685747,0.3669773297201573,0.3616265015876078
seg,ALL,TOT,LU_DEPTSTRS,24909,NB2,8.0,0.14608504867659158,0.08786737628048914,1.157294610240426,0.9742035546445782,1.3747956559039365,1.6625629996081903,0.09639994273909236,2.862835246790837,0.09064759370774257,0.8628352467908371,0.34407097508187956
seg,ALL,TOT,LU_BANKINS,24909,NB2,8.0,0.08794033497631595,0.0414110152298226,1.0919229704746878,1.0067977456231223,1.184245573287747,2.123597658455491,0.03370380152323419,4.628329397189191,0.031448170721225244,2.628329397189191,0.2253339873267657
seg,ALL,TOT,LU_AUTOSALSER,24909,NB2,8.0,0.037918834509282844,0.014462142142595953,1.0386469271696612,1.0096190039856474,1.0685094427306516,2.621937617221927,0.008743143314344396,7.050752490923969,0.007923195970076518,5.050752490923969,0.11169217817614005
seg,ALL,TOT,LU_REPAIRSTRS,24909,NB2,8.0,0.029132444389427085,0.08557102686525832,1.02956094501624,0.8705877086055168,1.2175634103548336,0.34044752595174016,0.7335195332747684,0.11616102800098815,0.7332360496142596,-1.8838389719990118,0.8802234399297221
seg,ALL,TOT,LU_SINGLESTORE,24909,NB2,8.0,0.02837333326048419,0.00915325063635736,1.0287796904120021,1.010487575121665,1.047402934446554,3.0998094980359543,0.0019364514649183016,9.88144028666784,0.0016695420346995934,7.881440286667839,0.09698864959204948
seg,ALL,TOT,LU_PARKSREC,24909,NB2,8.0,-0.0011739874542297446,0.06546972420951656,0.9988267013994467,0.87853929130805,1.1355835638757823,-0.017931761106442783,0.9856932913849973,0.00032150066590475035,0.9856943455882614,-1.9996784993340952,0.990709646876253
seg,ALL,TOT,LU_SCHOOLS,24909,NB2,8.0,-0.08843116028561188,0.05719971240082752,0.9153661221095368,0.8182866330621229,1.0239628800611726,-1.5460070789504972,0.12210285820168755,2.3183560006341395,0.12785509074837514,0.3183560006341395,0.36630857460506266
seg,ALL,TOT,LU_HOSPITALS,24909,NB2,8.0,-0.3497483760943672,0.21322819715580665,0.7048654283984913,0.4640905279155635,1.070556803610917,-1.6402538724219702,0.10095239222581136,2.4710496968641564,0.1159604584721904,0.47104969686415643,0.3473949967770567
seg,ALL,TOT,LU_INDUSTRIAL,24909,NB2,8.0,-0.03635491844087363,0.013451559251082983,0.9642979856034389,0.9392064385529912,0.990059870619579,-2.702654596562603,0.0068788187171702955,6.748389140668678,0.009383236301419214,4.748389140668678,0.10060272373861558
seg,ALL,KAB,LU_MXDUSE,2945,NB2,10.0,0.3264679856676697,0.16935522461296948,1.3860638751431706,0.9945466691157223,1.9317073050830973,1.9277113322825017,0.05389104175554058,3.7432266369589797,0.053021962675432646,1.7432266369589797,0.42419170867828987
seg,ALL,KAB,LU_GASSTNS,2945,NB2,10.0,0.10101623918574472,0.07078783543529373,1.1062946069411637,0.9629749131334385,1.270944591240365,1.427028225465128,0.15357175903577638,2.0465007516727383,0.15255647478619636,0.04650075167273826,0.6279159756377437
seg,ALL,KAB,LU_SUPERMKTS,2945,NB2,10.0,0.1645702210587823,0.06370730954127124,1.178886349292764,1.0405026298736688,1.3356746870669205,2.5832235302947373,0.009788188216844133,6.6612127377356956,0.009853383628362269,4.6612127377356956,0.19086967022846058
seg,ALL,KAB,LU_REGSHOPCNTRS,2945,too rare (<5 sites),,,,,,,,,,,,
seg,ALL,KAB,LU_COMMSHOPCNTRS,2945,NB2,10.0,0.02945863824060053,0.03067849568801066,1.0298968362457612,0.969794376149001,1.0937241124463506,0.9602373773533213,0.33693575921089824,0.9297910857139868,0.3349172172079573,-1.0702089142860132,0.7166505005951493
seg,ALL,KAB,LU_FASTFOOD,2945,NB2,10.0,0.013417976615237477,0.029369736278240313,1.013508401651165,0.9568135764144036,1.073562609831334,0.4568640483564265,0.6477687663066631,0.20964574966956206,0.647045203530965,-1.790354250330438,0.8816716332722897
seg,ALL,KAB,LU_RESTOS,2945,NB2,10.0,0.021906140405434153,0.026874458358368436,1.0221478415859309,0.9697007134033825,1.0774316194858364,0.8151286293222278,0.4149986855330977,0.6677904425014276,0.4138230215576587,-1.3322095574985724,0.7536139861663382
seg,ALL,KAB,LU_BARS,2945,NB2,10.0,-0.04543125911360742,0.08250595595732808,0.9555852880940153,0.8129034511252091,1.1233108206857318,-0.5506421759067233,0.5818789908203161,0.3016131831882376,0.5828728628559909,-1.6983868168117624,0.8404918756293456
seg,ALL,KAB,LU_HOTELS,2945,NB2,10.0,0.047781776877459,0.04108168853526909,1.0489417270076218,0.967791765964804,1.1368961643942592,1.163091844105624,0.2447922408198422,1.368972764247701,0.2419884554307717,-0.631027235752299,0.6939770072309449
seg,ALL,KAB,LU_OFFBLDGS,2945,NB2,10.0,-0.04210154418888043,0.03642595057385395,0.9587724178617667,0.8927074036231415,1.0297265884898603,-1.155811818926157,0.2477581376348733,1.3148369964701487,0.2515207547137737,-0.6851630035298513,0.6939770072309449
seg,ALL,KAB,LU_DEPTSTRS,2945,NB2,10.0,0.051788616558269183,0.09355412924253653,1.0531530998557912,0.8767113477542952,1.2651044777473377,0.5535684739687824,0.5798742066313396,0.3076933706925047,0.5790990864578899,-1.6923066293074953,0.8404918756293456
seg,ALL,KAB,LU_BANKINS,2945,NB2,10.0,0.04927889159674658,0.043678128407316934,1.050513289217723,0.9643217831892211,1.1444086300459448,1.1282280947846521,0.2592236017144146,1.2720174027663234,0.2593885574479362,-0.7279825972336766,0.6939770072309449
seg,ALL,KAB,LU_AUTOSALSER,2945,NB2,10.0,0.025421674491423386,0.014437277856768923,1.0257475609245599,0.9971287398669146,1.055187777340681,1.760835715959046,0.07826621283308262,3.1345007775662452,0.07665185061281081,1.1345007775662452,0.48390306541035594
seg,ALL,KAB,LU_REPAIRSTRS,2945,NB2,10.0,0.03785517448737859,0.09660686949886513,1.0385808089880917,0.859422789794748,1.2550866809756906,0.3918476468986844,0.6951707874175885,0.15399775795231108,0.6947438619328721,-1.846002242047689,0.9111704245588221
seg,ALL,KAB,LU_SINGLESTORE,2945,NB2,10.0,0.018229893246102895,0.009189781777493265,1.0183970720889768,1.0002179447087138,1.036906608130728,1.9837133990221407,0.04728779899715459,3.9157374430847085,0.047836024004279304,1.9157374430847085,0.4065518238308658
seg,ALL,KAB,LU_PARKSREC,2945,NB2,10.0,0.004208908013145215,0.07356652448204477,1.004217777906299,0.869374336087053,1.15997597766917,0.057212272059589744,0.9543761024839015,0.003274219352078944,0.9543693134807998,-1.996725780647921,0.970389622926849
seg,ALL,KAB,LU_SCHOOLS,2945,NB2,10.0,-0.05654314416254531,0.06132443989921208,0.9450257112726932,0.8379984347306363,1.0657222710129841,-0.9220327858758282,0.3565114744516257,0.8436882116598099,0.35834406649394845,-1.15631178834019,0.7317867107164948
seg,ALL,KAB,LU_HOSPITALS,2945,NB2,10.0,-0.24704454866787984,0.228096440959437,0.781105895529161,0.4995170372091541,1.2214326531067745,-1.083070597808286,0.27877708837482407,1.1504864043463385,0.2834473513147573,-0.8495135956536615,0.6939770072309449
seg,ALL,KAB,LU_INDUSTRIAL,2945,NB2,10.0,-0.021318788582278234,0.013485845206677442,0.9789068504958492,0.9533711038602336,1.0051265641130507,-1.5808270268238251,0.11391759310346407,2.4575435091087456,0.11696157136352837,0.45754350910874564,0.5331343357242119
seg,ALL,KSI,LU_MXDUSE,819,NB2,3.0,0.1283826325678658,0.25114450799094457,1.136987968101656,0.6949880671768984,1.8600918500070946,0.5111902848080391,0.6092178208434773,0.25872438117380625,0.6109978793792996,-1.7412756188261937,0.8303685649301741
seg,ALL,KSI,LU_GASSTNS,819,NB2,3.0,0.13348391337156024,0.0981513631822876,1.1428028821418965,0.9428078718985067,1.385222234941645,1.359980228941423,0.17383618052148286,1.855246238802465,0.17317445653694954,-0.1447537611975349,0.651261095314515
seg,ALL,KSI,LU_SUPERMKTS,819,NB2,3.0,0.16264844887965343,0.08820483142585085,1.1766229738469127,0.9898191585061069,1.3986813759736,1.8439857120115173,0.06518522247944981,3.3861693922358427,0.06574552559927581,1.3861693922358427,0.4077450417283485
seg,ALL,KSI,LU_REGSHOPCNTRS,819,too rare (<5 sites),,,,,,,,,,,,
seg,ALL,KSI,LU_COMMSHOPCNTRS,819,NB2,3.0,-0.0054671649966328666,0.043629851564609544,0.9945477527516057,0.9130344429573862,1.0833383561078147,-0.1253078981608906,0.9002797996426621,0.01569059422695318,0.9003160539491933,-1.9843094057730468,0.9728688063854889
seg,ALL,KSI,LU_FASTFOOD,819,NB2,3.0,-0.02830343113561972,0.041181551588559774,0.9720933586544369,0.8967131356526975,1.0538102547725527,-0.6872842339306712,0.49190363204454923,0.4710587511965514,0.49250049633447124,-1.5289412488034486,0.802860807554623
seg,ALL,KSI,LU_RESTOS,819,NB2,3.0,-0.01695286810735883,0.038167190906016384,0.9831900231495071,0.9123235680673965,1.0595611638844757,-0.44417384944844107,0.65691689728326,0.1972404947339328,0.6569575200534976,-1.8027595052660672,0.8440830719200516
seg,ALL,KSI,LU_BARS,819,NB2,3.0,0.030066499615771333,0.10804590734841212,1.0305230610625826,0.8338485575470072,1.2735859164953074,0.2782752290544136,0.780801089784328,0.07734222480917197,0.7809319870370418,-1.922657775190828,0.9246328694814412
seg,ALL,KSI,LU_HOTELS,819,NB2,3.0,0.030089499702024392,0.0530043752726078,1.0305467634544503,0.9288583051751866,1.1433677513021105,0.5676795462123744,0.5702525825615823,0.32227566171104627,0.5702432544423774,-1.6777243382889537,0.8303685649301741
seg,ALL,KSI,LU_OFFBLDGS,819,NB2,3.0,-0.12309532468558555,0.05199326629834645,0.8841793744226465,0.7985145206123613,0.9790343769264206,-2.3675243632366367,0.017907540962706345,5.6809278325301875,0.017150296043975086,3.6809278325301875,0.230239812377653
seg,ALL,KSI,LU_DEPTSTRS,819,NB2,3.0,0.08831886733573499,0.126303108604378,1.0923363768919223,0.852795736046231,1.3991612643530937,0.6992612320602347,0.4843887901097472,0.48668041131372775,0.48541184564143647,-1.5133195886862723,0.802860807554623
seg,ALL,KSI,LU_BANKINS,819,NB2,3.0,-0.006807190203497297,0.06385389713003545,0.9932159262333341,0.8763753232743238,1.1256340176693356,-0.10660571256339728,0.9151017864450515,0.011374866989172006,0.9150642533768512,-1.988625133010828,0.9737133337302168
seg,ALL,KSI,LU_AUTOSALSER,819,NB2,3.0,0.0590400118679435,0.01802495195062297,1.0608176851881443,1.023994449348708,1.0989650988085728,3.2754601526637073,0.001054899948260112,10.45568747131415,0.001222723991744314,8.45568747131415,0.03164699844780336
seg,ALL,KSI,LU_REPAIRSTRS,819,NB2,3.0,0.17799944780190363,0.13102356725782607,1.194824661454715,0.9242185179396444,1.544662808534641,1.3585300074423952,0.17429556755505815,1.8769700037344137,0.17067892655745986,-0.1230299962655863,0.651261095314515
seg,ALL,KSI,LU_SINGLESTORE,819,NB2,3.0,0.021855600899173096,0.012542013758839505,1.0220961840440757,0.9972769681272515,1.047533075389505,1.7425910479303577,0.0814050748647438,2.9894651634888305,0.08380784446765441,0.9894651634888305,0.44402768108042073
seg,ALL,KSI,LU_PARKSREC,819,NB2,3.0,0.02890292918533095,0.10131801407276127,1.0293246722409495,0.8439345131953554,1.2554401607209553,0.2852694010028107,0.7754377537516708,0.08144849601490023,0.775343966934795,-1.9185515039850998,0.9243628852668924
seg,ALL,KSI,LU_SCHOOLS,819,NB2,3.0,-0.04195369114997874,0.08087171479086919,0.9589141857575115,0.8183523804937262,1.1236191615795523,-0.5187684131401096,0.6039222474041929,0.26920329895779105,0.6038667073570352,-1.730796701042209,0.8303685649301741
seg,ALL,KSI,LU_HOSPITALS,819,NB2,3.0,-0.3464082196757481,0.3467223980130973,0.7072237255315156,0.35844354039556825,1.3953812569832003,-0.9990938620084839,0.3177492242743186,1.0203076980515107,0.3124460334279249,-0.9796923019484893,0.7993409445274176
seg,ALL,KSI,LU_INDUSTRIAL,819,NB2,3.0,-0.00939106644092697,0.018028507735389006,0.9906528919106343,0.9562585606169596,1.0262843049663546,-0.5209009297254705,0.6024357877166544,0.2717829258410802,0.6021382705401428,-1.7282170741589198,0.8303685649301741
seg,ALL,FAT,LU_MXDUSE,177,Firth-Poisson,2.0,0.6930452883025539,0.2773178096839789,1.9997962258668966,1.1612562361336758,3.44384367597155,2.4991012625273603,0.012450872750091808,,,4.3258511269814335,0.11705781834626754
seg,ALL,FAT,LU_GASSTNS,177,Firth-Poisson,2.0,0.2565225399120656,0.14370106693749107,1.2924278966825171,0.9751816171945856,1.7128807995053634,1.7851122846822776,0.07424310574330084,,,2.1847871335023683,0.31818473889986076
seg,ALL,FAT,LU_SUPERMKTS,177,Firth-Poisson,2.0,0.31373122793127617,0.1328220286569772,1.368521866659819,1.054851555945937,1.7754650774976548,2.3620421333987487,0.018174576485634038,,,4.870598379716398,0.1363093236422553
seg,ALL,FAT,LU_REGSHOPCNTRS,177,too rare (<5 sites),,,,,,,,,,,,
seg,ALL,FAT,LU_COMMSHOPCNTRS,177,Firth-Poisson,2.0,0.021889608395741243,0.06066439865208572,1.0221309435675858,0.9075445592357295,1.151184980579003,0.36083121043166644,0.7182256298369025,,,-1.8962747626262626,0.8656722748352176
seg,ALL,FAT,LU_FASTFOOD,177,Firth-Poisson,2.0,-0.012755640040634885,0.07048746334648613,0.9873253683320918,0.8599241698633006,1.1336015629227674,-0.18096324417199738,0.856396426541559,,,-1.9543089616133784,0.9191053778388222
seg,ALL,FAT,LU_RESTOS,177,Firth-Poisson,2.0,-0.1418855286692672,0.07394568086628374,0.867720579930451,0.7506475363381946,1.0030526557215147,-1.918780475168514,0.055012121843857016,,,4.0326791215552475,0.28248394054456033
seg,ALL,FAT,LU_BARS,177,Firth-Poisson,2.0,-0.11903741873008034,0.20966801652091405,0.8877745807430195,0.5886127798641365,1.33898503935875,-0.567742380098333,0.570209910035679,,,-1.366150057763889,0.8139652963897019
seg,ALL,FAT,LU_HOTELS,177,Firth-Poisson,2.0,0.11139054498697004,0.0805816303741258,1.117831385060436,0.9545173579980618,1.3090877760953927,1.3823317357790363,0.16686986586583052,,,0.1549991591618891,0.4844609009007983
seg,ALL,FAT,LU_OFFBLDGS,177,Firth-Poisson,2.0,-0.10354204352885901,0.09221995091258951,0.9016381138968882,0.7525460055250432,1.0802678938736119,-1.1227727026985854,0.26153404151786086,,,0.2919008897040385,0.5740991155270116
seg,ALL,FAT,LU_DEPTSTRS,177,Firth-Poisson,2.0,0.28278090233778486,0.1881728055642222,1.326814428029399,0.9175595499627315,1.9186073824837688,1.5027724196909713,0.13289774039067617,,,0.7532532780045358,0.4196553661455818
seg,ALL,FAT,LU_BANKINS,177,Firth-Poisson,2.0,-0.021995302773763683,0.11423686390247469,0.9782448300776995,0.7820007682482911,1.2237365824043593,-0.19254119924494184,0.8473182992501764,,,-1.946940421224781,0.9191053778388222
seg,ALL,FAT,LU_AUTOSALSER,177,Firth-Poisson,2.0,0.11608608515765034,0.025452329746654366,1.1230925495711346,1.068439869799914,1.1805408152153674,4.560921782529928,5.092955106355962e-06,,,23.475274280106078,0.0004583659595720366
seg,ALL,FAT,LU_REPAIRSTRS,177,Firth-Poisson,2.0,0.014060159185153721,0.12265505089664717,1.0141594681105603,0.7974439407117149,1.289770194805601,0.11463171783281255,0.9087370382237386,,,-2.0407783859291158,0.930492810769857
seg,ALL,FAT,LU_SINGLESTORE,177,Firth-Poisson,2.0,0.027058079235722916,0.018101871852870825,1.027427473233071,0.9916137726513515,1.0645346422848054,1.4947669199984808,0.1349752824253271,,,0.9634326441173471,0.4196553661455818
seg,ALL,FAT,LU_PARKSREC,177,Firth-Poisson,2.0,-0.34730544276599407,0.17752238148769384,0.7065894726507121,0.49895003900289386,1.00063862878647,-1.9564036931876665,0.0504176174541608,,,6.31240670301554,0.28248394054456033
seg,ALL,FAT,LU_SCHOOLS,177,Firth-Poisson,2.0,0.24058769149497128,0.12498822646933831,1.271996472210888,0.9956203862176262,1.6250923019602392,1.924882833296234,0.05424401800819729,,,2.5611169113026335,0.28248394054456033
seg,ALL,FAT,LU_HOSPITALS,177,Firth-Poisson,2.0,-0.17983322322783443,0.6562377474180949,0.8354095266979712,0.23083336136145374,3.0234324587289505,-0.2740366946817234,0.7840564223492481,,,-1.7359227153310712,0.9156699805369798
seg,ALL,FAT,LU_INDUSTRIAL,177,Firth-Poisson,2.0,0.053042777417158675,0.02470874142854783,1.0544747518609177,1.0046243034600333,1.1067988286592143,2.146721133917183,0.0318154892290655,,,3.0892618582906834,0.21544025336767916
seg,ANGLE,TOT,LU_MXDUSE,1310,NB2,2.0,0.37308048996821497,0.29021497084279746,1.4522012227590222,0.822225284382809,2.564854707631382,1.285531510951252,0.19860661263368806,1.7256182069522765,0.18897146173509138,-0.2743817930477235,0.4982231675625422
seg,ANGLE,TOT,LU_GASSTNS,1310,NB2,2.0,0.3547910289254704,0.12250522914027215,1.4258826549153898,1.1215153700748708,1.8128519678270933,2.8961296706708253,0.003777962556932537,8.647291646783287,0.0032754788927183845,6.647291646783287,0.09698864959204948
seg,ANGLE,TOT,LU_SUPERMKTS,1310,NB2,2.0,0.275786697298718,0.11388585390048638,1.3175667934956452,1.0539767843611425,1.6470782668848294,2.421606264986175,0.01545208251916242,5.990645932316056,0.014381935052132819,3.990645932316056,0.15032150722435975
seg,ANGLE,TOT,LU_REGSHOPCNTRS,1310,too rare (<5 sites),,,,,,,,,,,,
seg,ANGLE,TOT,LU_COMMSHOPCNTRS,1310,NB2,2.0,0.10620415020575733,0.056078575773736025,1.1120488783418325,0.9962970147116377,1.2412490347361496,1.8938453543161706,0.05824553959163909,3.7295029678127776,0.053459299303643376,1.7295029678127776,0.2628558719547024
seg,ANGLE,TOT,LU_FASTFOOD,1310,NB2,2.0,0.12449899489145475,0.05171191745202099,1.1325808820929504,1.0234135287176005,1.2533930991608018,2.407549381764205,0.016059990088072622,6.061135358173033,0.013818881524628056,4.061135358173033,0.15032150722435975
seg,ANGLE,TOT,LU_RESTOS,1310,NB2,2.0,0.08785371220579942,0.04943422424328369,1.0918283891783007,0.9910033469506944,1.2029114080025334,1.777183996525151,0.0755379716346358,3.260021295803881,0.07098820448119965,1.260021295803881,0.31564081004472816
seg,ANGLE,TOT,LU_BARS,1310,NB2,2.0,0.11535092028264268,0.16001573006648584,1.1222671948003986,0.8201402550158892,1.5356930096069419,0.7208723807010403,0.4709880372829588,0.5314758726221953,0.465987032113064,-1.4685241273778047,0.7446702751635971
seg,ANGLE,TOT,LU_HOTELS,1310,NB2,2.0,-0.09001976726953043,0.0724090187444616,0.9139131195257125,0.7929925564124561,1.0532724213955806,-1.2432120864283338,0.21378969001925796,1.5024437735301035,0.220295730002814,-0.4975562264698965,0.5002678746450636
seg,ANGLE,TOT,LU_OFFBLDGS,1310,NB2,2.0,-0.10057466713000025,0.06189748189955303,0.9043175870930039,0.8010004808089278,1.0209610579756816,-1.6248587833219517,0.1041926522437025,2.527054079660502,0.11190897022733926,0.5270540796605019,0.35334899456559976
seg,ANGLE,TOT,LU_DEPTSTRS,1310,NB2,2.0,0.07928010307277102,0.16225788784387213,1.0825074932839047,0.7876154175122201,1.4878104808018462,0.488605541008003,0.6251209893916092,0.2408799150730374,0.6235713148764415,-1.7591200849269626,0.8311267699865713
seg,ANGLE,TOT,LU_BANKINS,1310,NB2,2.0,0.17781455718944505,0.07720390722666674,1.1946037700122845,1.0268490093173805,1.3897643707873304,2.303180804922095,0.021268672357408813,5.4697735314155125,0.01934813258136666,3.4697735314155125,0.16589564438778875
seg,ANGLE,TOT,LU_AUTOSALSER,1310,NB2,2.0,0.0258401426393488,0.02674850532752227,1.0261768934313433,0.97376339304433,1.0814115873880088,0.9660406188289395,0.33402385621615105,0.9486437994628432,0.33006474687779885,-1.0513562005371568,0.601242941189072
seg,ANGLE,TOT,LU_REPAIRSTRS,1310,NB2,2.0,-0.2612193538708276,0.1674091236254301,0.7701119740438468,0.5546925758030345,1.0691912573502775,-1.560365099666213,0.1186736273790257,2.3919074326784084,0.1219647320947787,0.39190743267840844,0.3619431418227017
seg,ANGLE,TOT,LU_SINGLESTORE,1310,NB2,2.0,0.04582854587233745,0.016413946828177848,1.0468949011165,1.0137508957920913,1.0811225307252417,2.792049124569084,0.005237540388924351,8.051928206222783,0.004545524883405714,6.051928206222783,0.09698864959204948
seg,ANGLE,TOT,LU_PARKSREC,1310,NB2,2.0,-0.01530492879044465,0.12660539707952992,0.9848115964048382,0.7683948832578893,1.2621815963966314,-0.1208868590399075,0.9037806507998276,0.01459005881270059,0.9038579128920672,-1.9854099411872994,0.9786997339465648
seg,ANGLE,TOT,LU_SCHOOLS,1310,NB2,2.0,-0.16470889446507087,0.11321488951429153,0.8481405665679812,0.6793559391745333,1.058859397817747,-1.4548342110449974,0.14571516458587938,2.072844218881528,0.14994166484643326,0.07284421888152792,0.41582132333043625
seg,ANGLE,TOT,LU_HOSPITALS,1310,NB2,2.0,-0.7244593348490705,0.45825465452495034,0.48458649717288466,0.1973772399600749,1.1897221447102306,-1.5809099322735332,0.11389863300156407,2.398709134595265,0.12143541872820458,0.3987091345952649,0.3616265015876078
seg,ANGLE,TOT,LU_INDUSTRIAL,1310,NB2,2.0,-0.059293703497827324,0.02565197124705536,0.9424299335373578,0.8962180223043892,0.9910246809626992,-2.31146772022964,0.020807034154514785,5.040743944008227,0.024757855531767143,3.040743944008227,0.16589564438778875
seg,ANGLE,KAB,LU_MXDUSE,212,NB2,0.0,0.3081287842470749,0.38774757795690257,1.3608762370738618,0.6364455131179331,2.9098863837683187,0.7946633370881374,0.4268093645028882,0.6176343434159435,0.4319277395150405,-1.3823656565840565,0.7619918235475736
seg,ANGLE,KAB,LU_GASSTNS,212,NB2,0.0,0.14120874422332488,0.17471653576803972,1.151665026316526,0.8177197002102445,1.6219889682242343,0.8082162549903058,0.4189661018389712,0.6504716438550986,0.4199441050440501,-1.3495283561449014,0.7541389833101482
seg,ANGLE,KAB,LU_SUPERMKTS,212,NB2,0.0,0.17078861050879326,0.13517073176460495,1.186239963853563,0.9101498490428946,1.5460808495689633,1.2635028920773737,0.20640850791452925,1.5776818883930446,0.20909491496638813,-0.4223181116069554,0.6513538419727775
seg,ANGLE,KAB,LU_REGSHOPCNTRS,212,too rare (<5 sites),,,,,,,,,,,,
seg,ANGLE,KAB,LU_COMMSHOPCNTRS,212,NB2,0.0,-0.026282320567853498,0.07506335224770978,0.9740600535989594,0.8407957694800658,1.1284464342677716,-0.35013518289353224,0.7262372478973547,0.12289447988041502,0.7259161513398824,-1.877105520119585,0.9111704245588221
seg,ANGLE,KAB,LU_FASTFOOD,212,NB2,0.0,-0.05876671261591541,0.07443885865063193,0.9429267164076971,0.8149187405398989,1.0910422699646705,-0.7894628381089037,0.42984154148837483,0.6310716978027813,0.42696248045291973,-1.3689283021972187,0.7619918235475736
seg,ANGLE,KAB,LU_RESTOS,212,NB2,0.0,0.053683252398466726,0.06548901541302043,1.0551503328811822,0.9280448498249226,1.1996642459567592,0.8197291112089845,0.4123705506313664,0.6745825346266656,0.411458474522704,-1.3254174653733344,0.7536139861663382
seg,ANGLE,KAB,LU_BARS,212,NB2,0.0,-0.0868726721418218,0.212972998916704,0.916793821595456,0.6039283281940652,1.3917395029787583,-0.4079046291487807,0.6833436940741051,0.1682916719731793,0.6816345368883607,-1.8317083280268207,0.9111704245588221
seg,ANGLE,KAB,LU_HOTELS,212,NB2,0.0,0.030314605337575972,0.09416373025580176,1.0307787714507772,0.8570608958018537,1.2397075643960043,0.32193505137513584,0.7475018984532467,0.10228600506502517,0.7491033956275129,-1.8977139949349748,0.9111704245588221
seg,ANGLE,KAB,LU_OFFBLDGS,212,NB2,0.0,-0.23354731426498812,0.09836565511457272,0.7917201351977722,0.6528917098548812,0.9600685121532675,-2.374277017653781,0.01758335304557962,6.208241229689747,0.012715690301722513,4.208241229689747,0.27430030751104206
seg,ANGLE,KAB,LU_DEPTSTRS,212,NB2,0.0,0.13405336049209074,0.22204437334393237,1.1434538332760003,0.7399640971971914,1.7669596049133045,0.6037232940122772,0.5460276245028308,0.35899970003208637,0.549062301956857,-1.6410002999679136,0.8317193625032685
seg,ANGLE,KAB,LU_BANKINS,212,NB2,0.0,-0.006644203938329478,0.10951000231730806,0.9933778199805263,0.8014891785825524,1.2312075067244639,-0.06067211942045006,0.951620336241537,0.0036851609897894377,0.9515937300138466,-1.9963148390102106,0.970389622926849
seg,ANGLE,KAB,LU_AUTOSALSER,212,NB2,0.0,0.034329439588628226,0.031692582889895314,1.0349254960034877,0.9725945127394136,1.1012511054183134,1.0832010665679646,0.27871918643768434,1.1783951235819359,0.27768295879995625,-0.8216048764180641,0.6939770072309449
seg,ANGLE,KAB,LU_REPAIRSTRS,212,NB2,0.0,-0.07862015835218349,0.25125899110697186,0.9243909799611683,0.5649106053791039,1.5126263796377597,-0.31290485568618503,0.7543529483952534,0.09765360398955636,0.7546637800447311,-1.9023463960104436,0.9111704245588221
seg,ANGLE,KAB,LU_SINGLESTORE,212,NB2,0.0,0.03724160750983642,0.021664793171644443,1.03794376555458,0.9947922206409975,1.082967114237626,1.7189920630573754,0.08561581714786674,2.96126715281423,0.08528108279498986,0.96126715281423,0.48390306541035594
seg,ANGLE,KAB,LU_PARKSREC,212,NB2,0.0,0.14467342043688924,0.19457933593154755,1.1556620930117585,0.7892263809067759,1.6922329328244732,0.7435189340341101,0.45716756262399005,0.5515138062103233,0.45769981264703774,-1.4484861937896767,0.7751971714058962
seg,ANGLE,KAB,LU_SCHOOLS,212,NB2,0.0,0.03503742033827025,0.14270240041721535,1.0356584627645347,0.7829712632621318,1.369895041903608,0.24552789746936451,0.8060477100562828,0.06006401217848634,0.8063947952609424,-1.9399359878215137,0.9187536392624447
seg,ANGLE,KAB,LU_HOSPITALS,212,NB2,0.0,-1.4908371845291082,1.070406901320059,0.2251840559962624,0.027630509196038575,1.8352126164290117,-1.3927761327870378,0.16368749792265969,2.794400946032397,0.09459411307136749,0.7944009460323969,0.6279159756377437
seg,ANGLE,KAB,LU_INDUSTRIAL,212,NB2,0.0,-0.022144513241630456,0.032418012306108794,0.9780988765980796,0.9178844044566077,1.0422635004554668,-0.6830928754215317,0.49454815710840316,0.46658379536540906,0.4945629947874577,-1.533416204634591,0.8036407553011551
seg,ANGLE,KSI,LU_MXDUSE,48,Firth-Poisson,0.0,0.3124012375849031,0.46985903196174916,1.3667029556235393,0.5441542823576055,3.432623852223205,0.6648829038798502,0.5061253913019532,,,-2.0002808413991033,0.802860807554623
seg,ANGLE,KSI,LU_GASSTNS,48,Firth-Poisson,0.0,0.0868074103561148,0.28153984747069893,1.090686604545016,0.6281283900300747,1.8938759785670225,0.308330814042759,0.7578306212145162,,,-2.043857427222065,0.9093967454574194
seg,ANGLE,KSI,LU_SUPERMKTS,48,Firth-Poisson,0.0,0.4143936796388524,0.17015757910419335,1.5134528251811932,1.084246010901197,2.112564335971223,2.4353524645828726,0.014877290157559682,,,2.546082592616699,0.2123669995572796
seg,ANGLE,KSI,LU_REGSHOPCNTRS,48,too rare (<5 sites),,,,,,,,,,,,
seg,ANGLE,KSI,LU_COMMSHOPCNTRS,48,Firth-Poisson,0.0,0.1010328386318319,0.07273820433421109,1.106312970971264,0.9593166778584806,1.2758335365038032,1.3889927522490813,0.16483495398313575,,,-0.6455642916766919,0.651261095314515
seg,ANGLE,KSI,LU_FASTFOOD,48,Firth-Poisson,0.0,0.004016526377010445,0.1118124234901734,1.0040246034293565,0.8064319002032011,1.2500316567802796,0.03592200447532055,0.9713445501548033,,,-2.076154166592403,0.9822585338644078
seg,ANGLE,KSI,LU_RESTOS,48,Firth-Poisson,0.0,-0.05963608046739625,0.09998768534972555,0.9421073224631346,0.7744424377150635,1.1460712427606068,-0.5964342534663939,0.5508851632956777,,,-1.6095120757855739,0.8225299518766808
seg,ANGLE,KSI,LU_BARS,48,Firth-Poisson,0.0,0.05445458025933053,0.2442843264378746,1.0559645136901379,0.6541996495575508,1.7044659912719138,0.2229147528758019,0.8236018541328173,,,-2.1151565726987656,0.9564408628639167
seg,ANGLE,KSI,LU_HOTELS,48,Firth-Poisson,0.0,-0.03739400995539926,0.11960029833536213,0.9632965121505161,0.761998573996654,1.2177715313223463,-0.31265816620745834,0.7545403816641512,,,-1.8603922530920727,0.9093967454574194
seg,ANGLE,KSI,LU_OFFBLDGS,48,Firth-Poisson,0.0,-0.19148440736581476,0.15674163291983093,0.8257325003509159,0.607320872160408,1.122691798340971,-1.2216563257558624,0.2218376187206088,,,0.021087489895876388,0.6655128561618265
seg,ANGLE,KSI,LU_DEPTSTRS,48,Firth-Poisson,0.0,0.2026525529712947,0.30749463087580486,1.2246468943949245,0.6702952958999997,2.2374616458219636,0.6590441998746469,0.5098673860810627,,,-1.886153013903936,0.802860807554623
seg,ANGLE,KSI,LU_BANKINS,48,Firth-Poisson,0.0,-0.35682047183195426,0.20329937323134592,0.6998981378868138,0.46987562668793065,1.0425256718897016,-1.7551479188571228,0.07923400963499767,,,1.7280233690912041,0.44402768108042073
seg,ANGLE,KSI,LU_AUTOSALSER,48,Firth-Poisson,0.0,0.07436276035475974,0.04062453022046673,1.0771974991747937,0.9947524976191914,1.166475535377478,1.8304891146112408,0.0671768330220871,,,0.7053766429007169,0.4077450417283485
seg,ANGLE,KSI,LU_REPAIRSTRS,48,Firth-Poisson,0.0,0.016677921921625365,0.12750845892024407,1.0168177748651581,0.7919645426414071,1.305510956126073,0.13079855299684334,0.8959346677040031,,,-2.0850391917738875,0.9728688063854889
seg,ANGLE,KSI,LU_SINGLESTORE,48,Firth-Poisson,0.0,0.034205212460189253,0.025592825992938568,1.0347969381663218,0.9841699076241267,1.0880282916020179,1.3365156497225812,0.18138078878526753,,,-0.6139102612472698,0.651261095314515
seg,ANGLE,KSI,LU_PARKSREC,48,Firth-Poisson,0.0,0.010428268838838625,0.11946036403827333,1.0104828327383895,0.7995437354707435,1.2770727978474203,0.0872948021110798,0.9304371855644294,,,-2.082806951199018,0.9737133337302168
seg,ANGLE,KSI,LU_SCHOOLS,48,Firth-Poisson,0.0,0.4792343731780911,0.17647448323689563,1.6148375658223417,1.1426434410215949,2.2821645584029064,2.715601510133207,0.006615549217213905,,,3.2059783161011524,0.1323109843442781
seg,ANGLE,KSI,LU_HOSPITALS,48,Firth-Poisson,0.0,-0.9814642636116296,1.3843267305016878,0.37476194661624657,0.024853799135838885,5.650907366877211,-0.7089831049176819,0.4783349613280702,,,-0.4888768927512501,0.802860807554623
seg,ANGLE,KSI,LU_INDUSTRIAL,48,Firth-Poisson,0.0,-0.00932974825696744,0.03961286830083516,0.9907136388093263,0.9167037070394443,1.070698750954853,-0.23552316853487582,0.8138026986568744,,,-1.9709246208393552,0.9511979594690739
seg,LEFTTURN,TOT,LU_MXDUSE,2289,NB2,0.0,0.05082225514292865,0.26925639574896165,1.0521358649231014,0.6206920085622173,1.7834769305661513,0.18875041018640182,0.8502884400267963,0.03594570612312964,0.8496276585899724,-1.9640542938768704,0.9611956278563784
seg,LEFTTURN,TOT,LU_GASSTNS,2289,NB2,0.0,0.22769911425044226,0.1139617712679821,1.2557074441100962,1.0043434481107785,1.569982049626106,1.9980306704342616,0.04571333510402476,4.083342890356107,0.043307897882242236,2.083342890356107,0.2325417481378651
seg,LEFTTURN,TOT,LU_SUPERMKTS,2289,NB2,0.0,0.30953924199030514,0.10301514382317326,1.3627970497941708,1.113635134076167,1.6677058240160296,3.004793572114339,0.002657611504552267,9.523399698020285,0.00202868413385473,7.523399698020285,0.09698864959204948
seg,LEFTTURN,TOT,LU_REGSHOPCNTRS,2289,too rare (<5 sites),,,,,,,,,,,,
seg,LEFTTURN,TOT,LU_COMMSHOPCNTRS,2289,NB2,0.0,0.11161914255165428,0.05246921025780146,1.1180869478021855,1.0088181432069856,1.2391910586297938,2.127326521653869,0.033392962604821025,4.708661827505466,0.03001100360434755,2.708661827505466,0.2253339873267657
seg,LEFTTURN,TOT,LU_FASTFOOD,2289,NB2,0.0,0.15842993308258954,0.049372942707438805,1.1716698260561162,1.0635995585946918,1.290720901674903,3.208841207245271,0.001332710735482972,10.958662473327422,0.0009316704211720302,8.958662473327422,0.09698864959204948
seg,LEFTTURN,TOT,LU_RESTOS,2289,NB2,0.0,0.04289841522408336,0.043170974255898116,1.043831852039752,0.9591414723142103,1.136000232274177,0.9936865211751037,0.3203755068464297,1.0097270304422636,0.31496824294506237,-0.9902729695577364,0.5991825150983341
seg,LEFTTURN,TOT,LU_BARS,2289,NB2,0.0,-0.0866037277219225,0.13668040981101925,0.917040421337298,0.701525989995845,1.19876262085667,-0.6336220958194732,0.5263274772352791,0.3926821129648488,0.5308929279954067,-1.6073178870351512,0.7862208623208393
seg,LEFTTURN,TOT,LU_HOTELS,2289,NB2,0.0,0.0046778284794433975,0.06738876094724083,1.004688786599157,0.8803778021847461,1.1465527134068574,0.06941555852474725,0.9446588448799401,0.004831280225289447,0.9445857335609105,-1.9951687197747106,0.9884003145761826
seg,LEFTTURN,TOT,LU_OFFBLDGS,2289,NB2,0.0,-0.07942919655608885,0.05504405000497143,0.9236434147882027,0.8291820595023827,1.0288659141921057,-1.4430114889604784,0.14901723482751536,1.991063678919545,0.1582297068027253,-0.008936321080454945,0.42012087891130834
seg,LEFTTURN,TOT,LU_DEPTSTRS,2289,NB2,0.0,0.04159420530319022,0.14608276351224636,1.042471363556711,0.7829174540790481,1.3880729547844055,0.28473041105703967,0.7758506899428569,0.08174481399009892,0.7749466714896402,-1.918255186009901,0.903913034279869
seg,LEFTTURN,TOT,LU_BANKINS,2289,NB2,0.0,0.20492338281755232,0.07065336668876365,1.2274310190541287,1.0686998157121712,1.4097381550798542,2.9004050680311355,0.0037268070710232888,8.78349448543031,0.003039683307124563,6.78349448543031,0.09698864959204948
seg,LEFTTURN,TOT,LU_AUTOSALSER,2289,NB2,0.0,0.002689506735876626,0.023835448299878225,1.0026931267036996,0.9569271899965022,1.05064786208292,0.11283642338249483,0.9101602410497625,0.01275847839178823,0.9100674726588759,-1.9872415216082118,0.9786997339465648
seg,LEFTTURN,TOT,LU_REPAIRSTRS,2289,NB2,0.0,-0.17213099656531303,0.14393985427666928,0.8418688840126577,0.6349220071951411,1.1162681555167577,-1.1958536253236514,0.23175368498103666,1.404892273956193,0.23590615892273223,-0.5951077260438069,0.5185055115423876
seg,LEFTTURN,TOT,LU_SINGLESTORE,2289,NB2,0.0,0.008693703226670482,0.01450255513801711,1.0087316032153697,0.9804620833292581,1.037816214034807,0.599460105059745,0.5488661063213889,0.3628141998112824,0.546947439948555,-1.6371858001887176,0.7905791070720185
seg,LEFTTURN,TOT,LU_PARKSREC,2289,NB2,0.0,-0.21667773345559155,0.11523512349131876,0.8051894131074836,0.6424035594525492,1.0092254026937135,-1.8803098125886504,0.060065866747941024,3.4495356838303906,0.06326954118166929,1.4495356838303906,0.26519646828336224
seg,LEFTTURN,TOT,LU_SCHOOLS,2289,NB2,0.0,-0.07840593421021905,0.09372541598265471,0.9245890280382724,0.7694281137184901,1.1110392972741387,-0.836549332837629,0.40284593573824434,0.6867682665488246,0.4072657930636224,-1.3132317334511754,0.6733282068767799
seg,LEFTTURN,TOT,LU_HOSPITALS,2289,NB2,0.0,-0.007846916740681536,0.35692141675758104,0.9921837899404031,0.4929177800543432,1.9971457976459497,-0.021984998300091128,0.9824599222690954,0.0004826766112273617,0.9824719641505184,-1.9995173233887726,0.990709646876253
seg,LEFTTURN,TOT,LU_INDUSTRIAL,2289,NB2,0.0,-0.04404657366216964,0.021882019968457882,0.9569093896605706,0.9167363764906558,0.9988428554846369,-2.012911683914974,0.04412392118209297,3.7971435024005586,0.05134009825106408,1.7971435024005586,0.2325417481378651
seg,LEFTTURN,KAB,LU_MXDUSE,467,NB2,1.0,0.14521739408001613,0.3181451519967971,1.1562909137461646,0.6198070222465868,2.157137026885795,0.4564501240033923,0.6480663287300591,0.20724638925548788,0.6489342701998386,-1.7927536107445121,0.8816716332722897
seg,LEFTTURN,KAB,LU_GASSTNS,467,NB2,1.0,0.12918113349465704,0.13411324626797919,1.1378962166183182,0.8748692527741494,1.480001492438484,0.9632242682168246,0.3354349888756619,0.9272762238211953,0.33557169821787275,-1.0727237761789183,0.7166505005951493
seg,LEFTTURN,KAB,LU_SUPERMKTS,467,NB2,1.0,0.30119123006959664,0.11437413155671115,1.3514677581021588,1.0800614441166942,1.691075180156451,2.633385941123009,0.00845382246048964,6.970841156837196,0.008284854291229694,4.970841156837196,0.17983585961405232
seg,LEFTTURN,KAB,LU_REGSHOPCNTRS,467,too rare (<5 sites),,,,,,,,,,,,
seg,LEFTTURN,KAB,LU_COMMSHOPCNTRS,467,NB2,1.0,0.09590340652312951,0.0567372229972806,1.1006527429838318,0.9848149233393061,1.2301158643393617,1.690308433455161,0.09096896250797018,2.9045164244205353,0.08833174213118597,0.9045164244205353,0.48390306541035594
seg,LEFTTURN,KAB,LU_FASTFOOD,467,NB2,1.0,0.04703650071197908,0.056990792454659614,1.048160266977444,0.9373810094004955,1.1720313663841608,0.8253350881091905,0.40918137637806473,0.6814849287795823,0.409075862796359,-1.3185150712204177,0.7536139861663382
seg,LEFTTURN,KAB,LU_RESTOS,467,NB2,1.0,0.03262952842785311,0.048550434656739666,1.0331677090663665,0.9393855163390142,1.1363125112014372,0.6720748981662011,0.5015360158972584,0.4508948933444117,0.5019102898852023,-1.5491051066555883,0.8093753635859204
seg,LEFTTURN,KAB,LU_BARS,467,NB2,1.0,-0.17920315026379224,0.17330498265033223,0.8359360615149041,0.595186238661791,1.1740679699050132,-1.0340334566453893,0.3011205227321664,1.0910293346955768,0.2962432540918336,-0.9089706653044232,0.7140105587384528
seg,LEFTTURN,KAB,LU_HOTELS,467,NB2,1.0,-0.05898002625707751,0.07610146390293708,0.942725598727806,0.8120942326380914,1.0943699866081456,-0.7750182878519005,0.43832885332163507,0.6010771942229667,0.438167322598101,-1.398922805777147,0.7646377793384803
seg,LEFTTURN,KAB,LU_OFFBLDGS,467,NB2,1.0,-0.10701355491529291,0.06626145376651135,0.8985134936334649,0.7890812347603049,1.0231221611633585,-1.6150197261349213,0.10630642311739696,2.6153288578469756,0.10583558217460089,0.6153288578470892,0.5128489691042944
seg,LEFTTURN,KAB,LU_DEPTSTRS,467,NB2,1.0,-0.19136914367278923,0.18546877798273556,0.8258276828137933,0.5741365904475589,1.187855595773758,-1.031813255871039,0.3021596081931446,1.0726519770028062,0.3003471944472164,-0.9273480229971938,0.7140105587384528
seg,LEFTTURN,KAB,LU_BANKINS,467,NB2,1.0,0.12832052905080762,0.07601698456494456,1.1369173593425328,0.9795394559372412,1.3195804152040334,1.688050766354431,0.09140148420142956,2.832627755954718,0.09236711166000136,0.8326277559547179,0.48390306541035594
seg,LEFTTURN,KAB,LU_AUTOSALSER,467,NB2,1.0,0.005803831989261062,0.026174982795231554,1.005820706852636,0.9555204297757679,1.0587688790400287,0.22173202690006655,0.8245224967739888,0.04921538453493213,0.8244342305087782,-1.9507846154651816,0.9187536392624447
seg,LEFTTURN,KAB,LU_REPAIRSTRS,467,NB2,1.0,-0.12283244683588712,0.17758404372564396,0.884411836148523,0.624441784874073,1.2526136380789121,-0.6916862813736544,0.4891343640478424,0.47502982772653013,0.4906822677223587,-1.5249701722734699,0.8004016866237421
seg,LEFTTURN,KAB,LU_SINGLESTORE,467,NB2,1.0,-7.135705240474652e-05,0.017132063784783814,0.9999286454934492,0.9669096684895238,1.0340751868168925,-0.004165117133647594,0.9966767269539312,1.7348474898426502e-05,0.9966767006945972,-1.9999826515249879,0.9966767269539312
seg,LEFTTURN,KAB,LU_PARKSREC,467,NB2,1.0,-0.22914364483515132,0.1474606416052101,0.795214296873955,0.5956115998940301,1.0617082979331625,-1.553930881764556,0.12020090446555975,2.4540300734774974,0.11722355824214802,0.45403007347749735,0.5398870661347923
seg,LEFTTURN,KAB,LU_SCHOOLS,467,NB2,1.0,0.06288094819538134,0.10931638066791663,1.0649000534113178,0.8595217423980047,1.3193524582538354,0.575219814369836,0.5651426437522209,0.3303466350630515,0.5654550480511522,-1.6696533649369485,0.8317193625032685
seg,LEFTTURN,KAB,LU_HOSPITALS,467,NB2,1.0,-0.14215722241616205,0.44822996915689695,0.8674848576984102,0.3603469498836679,2.088348405832137,-0.3171524266517793,0.7511279458809462,0.10116693435111301,0.7504337359261463,-1.898833065648887,0.9111704245588221
seg,LEFTTURN,KAB,LU_INDUSTRIAL,467,NB2,1.0,-0.0129811882054257,0.02528238675202785,0.9871027040189206,0.939380497459807,1.0372492838804706,-0.5134478929045141,0.6076380513364715,0.26314261788763815,0.6079693081422765,-1.7368573821122482,0.8565500241730983
seg,LEFTTURN,KSI,LU_MXDUSE,135,Firth-Poisson,1.0,0.43454234091614313,0.333310580088274,1.5442561543461815,0.8035254695439351,2.9678300945327605,1.3037160140582962,0.19233042725387395,,,-0.694302064355611,0.651261095314515
seg,LEFTTURN,KSI,LU_GASSTNS,135,Firth-Poisson,1.0,0.0206298684316461,0.17281945504536023,1.0208441350616604,0.7275327502257839,1.432406648039384,0.11937237289766561,0.9049803480005688,,,-2.0222131139340718,0.9728688063854889
seg,LEFTTURN,KSI,LU_SUPERMKTS,135,Firth-Poisson,1.0,0.3027556525596947,0.13563624671969385,1.353583679323404,1.0375981893574118,1.7657979704700184,2.232114643996086,0.02560738681939329,,,3.0446363942375,0.2880831017181745
seg,LEFTTURN,KSI,LU_REGSHOPCNTRS,135,too rare (<5 sites),,,,,,,,,,,,
seg,LEFTTURN,KSI,LU_COMMSHOPCNTRS,135,Firth-Poisson,1.0,0.13180268741700457,0.05436715142859588,1.1408831864487823,1.0255643747953171,1.2691689347938826,2.4243073980087058,0.015337616634692417,,,3.766252781002663,0.2123669995572796
seg,LEFTTURN,KSI,LU_FASTFOOD,135,Firth-Poisson,1.0,0.03454383695307739,0.06997248690392438,1.0351474050897438,0.9024858772458302,1.1873096048151826,0.4936774221060308,0.6215340129505549,,,-1.821766616967352,0.8303685649301741
seg,LEFTTURN,KSI,LU_RESTOS,135,Firth-Poisson,1.0,0.05734591210330084,0.0643608751461739,1.0590220755976767,0.9335120541926453,1.2014068287239985,0.8910057853169188,0.37292606655355554,,,-1.2378909698192047,0.802860807554623
seg,LEFTTURN,KSI,LU_BARS,135,Firth-Poisson,1.0,-0.13394860659877286,0.21973896426041017,0.8746350139164726,0.5685665122748216,1.3454651145526937,-0.6095805859903475,0.5421396752556877,,,-1.320873423595799,0.8200432062691075
seg,LEFTTURN,KSI,LU_HOTELS,135,Firth-Poisson,1.0,-0.1302499600969386,0.10469553152158292,0.8778759695309648,0.7150139672387755,1.0778337951300063,-1.2440832784739015,0.21346891457531325,,,0.4092700518468746,0.651261095314515
seg,LEFTTURN,KSI,LU_OFFBLDGS,135,Firth-Poisson,1.0,-0.04353896652553956,0.08969629333693194,0.9573952469977641,0.8030456627445287,1.1414116301198525,-0.48540430050984773,0.6273895823916871,,,-1.6181760777403724,0.8303685649301741
seg,LEFTTURN,KSI,LU_DEPTSTRS,135,Firth-Poisson,1.0,-0.07610818347443907,0.24599984447473391,0.9267159457853674,0.5721993246448747,1.5008798633341074,-0.30938305524927256,0.7570301585002011,,,-1.8364927467167718,0.9093967454574194
seg,LEFTTURN,KSI,LU_BANKINS,135,Firth-Poisson,1.0,0.08903978185704055,0.09852702294191346,1.093124141969698,0.9011593453652488,1.3259812439415757,0.9037092484722075,0.3661495937782684,,,-1.2080912346442574,0.802860807554623
seg,LEFTTURN,KSI,LU_AUTOSALSER,135,Firth-Poisson,1.0,0.049197143620636735,0.03020715233369805,1.0504274153925064,0.9900410471420089,1.1144969778711737,1.6286587718417307,0.10338527509775723,,,0.8390587832105894,0.5029553923674676
seg,LEFTTURN,KSI,LU_REPAIRSTRS,135,Firth-Poisson,1.0,-0.07459777091798794,0.11380994345140946,0.9281167267984551,0.7425498592291905,1.1600576686624944,-0.655459168643178,0.512172167033978,,,-1.3188491605129684,0.802860807554623
seg,LEFTTURN,KSI,LU_SINGLESTORE,135,Firth-Poisson,1.0,0.015885695141755793,0.018728961545066727,1.0160125435986644,0.9793922336114547,1.0540021181741939,0.8481887852420809,0.3963328418883437,,,-1.2672734216141635,0.802860807554623
seg,LEFTTURN,KSI,LU_PARKSREC,135,Firth-Poisson,1.0,-0.22180311415754447,0.13104813667218246,0.8010730687552762,0.6196146899015035,1.0356727688089604,-1.6925316131154617,0.09054465777261128,,,2.825499796842223,0.4656582399734294
seg,LEFTTURN,KSI,LU_SCHOOLS,135,Firth-Poisson,1.0,0.05086365714843805,0.15008893930603912,1.0521794263597368,0.7840279067730834,1.4120435455049698,0.33889010998155183,0.7346925151565503,,,-1.9563300129672143,0.9093967454574194
seg,LEFTTURN,KSI,LU_HOSPITALS,135,Firth-Poisson,1.0,-0.4588117542074229,0.69910437744279,0.6320342114827416,0.160565016052833,2.48788468562273,-0.6562850541512579,0.5116407321525762,,,-1.0014748850916249,0.802860807554623
seg,LEFTTURN,KSI,LU_INDUSTRIAL,135,Firth-Poisson,1.0,0.02486570970770067,0.027174212533894133,1.025177439901987,0.9720036232951563,1.0812601497523961,0.9150480322727258,0.3601664149189243,,,-1.2923996739033328,0.802860807554623
seg,LEFTTURN,FAT,LU_MXDUSE,30,Firth-Poisson,0.0,0.7243344215565682,0.4908243567412982,2.0633573166858494,0.788453917403187,5.399736525304021,1.4757507682903104,0.14001081154381503,,,-1.3208994630833502,0.42003243463144513
seg,LEFTTURN,FAT,LU_GASSTNS,30,Firth-Poisson,0.0,0.276115817963212,0.2643020048535301,1.3180005033217537,0.7851220374603615,2.2125545378594706,1.0446981592751399,0.29616249585220855,,,-1.2684761513823446,0.5939971973471581
seg,LEFTTURN,FAT,LU_SUPERMKTS,30,Firth-Poisson,0.0,0.2438913763037004,0.2800593167572207,1.2762056967801152,0.7371050316434258,2.2095914565427934,0.8708561426475459,0.383832706046322,,,-1.7214269699378235,0.664325837387865
seg,LEFTTURN,FAT,LU_REGSHOPCNTRS,30,too rare (<5 sites),,,,,,,,,,,,
seg,LEFTTURN,FAT,LU_COMMSHOPCNTRS,30,Firth-Poisson,0.0,0.11343107517792908,0.10462724607109315,1.1201146825265014,0.9124350929022853,1.375064277745627,1.0841447083568827,0.27830064252065867,,,-1.4957931026392544,0.5824897169037042
seg,LEFTTURN,FAT,LU_FASTFOOD,30,Firth-Poisson,0.0,0.013344830842755635,0.13312915271238943,1.0134342705074324,0.780681276994926,1.3155804435228016,0.10023973390400555,0.920154001761303,,,-2.1272412467345987,0.930492810769857
seg,LEFTTURN,FAT,LU_RESTOS,30,Firth-Poisson,0.0,-0.18752802066689248,0.1504491902303296,0.8290058885570919,0.6172948863474559,1.1133265129228718,-1.2464541708718884,0.21259770428735336,,,-0.13214416295755882,0.5466798110246229
seg,LEFTTURN,FAT,LU_BARS,30,Firth-Poisson,0.0,-0.18353519245652627,0.4052551394050804,0.8323225837461248,0.376124427666611,1.8418396478834234,-0.45288800711067656,0.6506293871720217,,,-1.6418208814491209,0.8160138671790187
seg,LEFTTURN,FAT,LU_HOTELS,30,Firth-Poisson,0.0,-0.914112013845501,0.47929937576399106,0.4008724372637514,0.1566817203310237,1.0256379022279678,-1.907183818857326,0.05649678810891207,,,5.988605674799686,0.28248394054456033
seg,LEFTTURN,FAT,LU_OFFBLDGS,30,Firth-Poisson,0.0,0.1809977001875288,0.1091718618930851,1.198412423166194,0.9675587338269347,1.4843464130787927,1.6579153002335405,0.09733456348600845,,,-0.4533325396090504,0.3981868506245801
seg,LEFTTURN,FAT,LU_DEPTSTRS,30,Firth-Poisson,0.0,0.4799233426557567,0.32127221880475193,1.6159505229693085,0.8609057845069754,3.033196128633543,1.4938214839778052,0.1352222846469097,,,-0.619061802271915,0.4196553661455818
seg,LEFTTURN,FAT,LU_BANKINS,30,Firth-Poisson,0.0,0.2659282097724032,0.17429734531125193,1.3046413948222266,0.9270993114723355,1.8359297089548912,1.5257157778136048,0.12708066341740884,,,-0.4668677015910987,0.4196553661455818
seg,LEFTTURN,FAT,LU_AUTOSALSER,30,Firth-Poisson,0.0,0.13417698660173863,0.04899837346806743,1.14359520276327,1.038876846823518,1.2588691256157452,2.7383967488060126,0.006173954366932932,,,3.9156813530069883,0.09260931550399398
seg,LEFTTURN,FAT,LU_REPAIRSTRS,30,Firth-Poisson,0.0,-0.18002598377859003,0.24924939018395156,0.8352485082170026,0.5124486395318305,1.361385349985683,-0.7222725144712565,0.4701269479354443,,,-1.2863019691236843,0.742305707266491
seg,LEFTTURN,FAT,LU_SINGLESTORE,30,Firth-Poisson,0.0,0.04186983659734236,0.03274966380841069,1.0427587408910386,0.9779277328517554,1.111887673472387,1.2784814171615846,0.2010797328859173,,,-0.9202316181622905,0.5322698811686046
seg,LEFTTURN,FAT,LU_PARKSREC,30,Firth-Poisson,0.0,-0.6217003846840747,0.45560564369779094,0.5370305023530545,0.21987689743987532,1.31165103662806,-1.3645581289077635,0.17239197247436022,,,2.676278044100428,0.48485242258413813
seg,LEFTTURN,FAT,LU_SCHOOLS,30,Firth-Poisson,0.0,0.519492446729109,0.2091696889468229,1.6811741476807456,1.1157422253316818,2.533153671754137,2.4835933415820075,0.013006424260696394,,,2.2309538342110216,0.11705781834626754
seg,LEFTTURN,FAT,LU_HOSPITALS,30,Firth-Poisson,0.0,-0.6461051140252186,1.3819329333430428,0.5240830504339681,0.034920065811451725,7.8654789837795756,-0.4675372432598604,0.6401155526501695,,,-1.2381981083767641,0.8160138671790187
seg,LEFTTURN,FAT,LU_INDUSTRIAL,30,Firth-Poisson,0.0,0.09748964851413769,0.04059075521484421,1.1024000300259376,1.0180935077619628,1.1936878262515453,2.4017697625513827,0.016315973988615343,,,1.0796057580401737,0.13349433263412555
seg,RIGHTTURN,TOT,LU_MXDUSE,567,NB2,1.0,-0.06354805794294657,0.32473601569339233,0.9384290192486984,0.4965700843296478,1.7734637102775113,-0.19569143818943405,0.8448516861819831,0.038275009022981976,0.8448919509023772,-1.961724990977018,0.9596858959542915
seg,RIGHTTURN,TOT,LU_GASSTNS,567,NB2,1.0,0.17919550599832637,0.1347558357933457,1.1962545962564892,0.9185803191450329,1.5578660126277257,1.329779188733102,0.18359103475451588,1.7848168953260029,0.18155895015232246,-0.21518310467399715,0.4792789292114539
seg,RIGHTTURN,TOT,LU_SUPERMKTS,567,NB2,1.0,0.23916866133943912,0.11684385446227055,1.270192750929207,1.0102064405926288,1.5970890302051783,2.046908349952353,0.04066708410056914,4.250742773528145,0.03923316733231644,2.2507427735281453,0.2325417481378651
seg,RIGHTTURN,TOT,LU_REGSHOPCNTRS,567,too rare (<5 sites),,,,,,,,,,,,
seg,RIGHTTURN,TOT,LU_COMMSHOPCNTRS,567,NB2,1.0,0.12939353272639156,0.05997704867366521,1.1381379305695416,1.0119088699216174,1.2801132468593315,2.157384125891573,0.030975747045045306,4.8689691855588535,0.027343829238542647,2.8689691855588535,0.2253339873267657
seg,RIGHTTURN,TOT,LU_FASTFOOD,567,NB2,1.0,0.1313987934664414,0.053332124847238434,1.1404224836752708,1.0272320232663459,1.2660853748859977,2.46378320464097,0.01374792381979528,6.1462210350653095,0.01316932051340647,4.1462210350653095,0.14611329952668034
seg,RIGHTTURN,TOT,LU_RESTOS,567,NB2,1.0,0.05930086769625373,0.052430129208391435,1.0610944417593133,0.9574687595588524,1.1759354058207285,1.1310456142603331,0.2580358931123079,1.2909367102843134,0.2558753986375154,-0.7090632897156866,0.5444534221072451
seg,RIGHTTURN,TOT,LU_BARS,567,NB2,1.0,-0.05138199830487285,0.18094559062284316,0.9499157350159161,0.6662866098286029,1.3542819115979958,-0.2839638044121879,0.7764381191891182,0.08045838071598155,0.7766771860005046,-1.9195416192840185,0.903913034279869
seg,RIGHTTURN,TOT,LU_HOTELS,567,NB2,1.0,-0.008765839991539431,0.07911871552081204,0.9912724679683054,0.8488790857605278,1.157551319422159,-0.11079350737479544,0.9117800940185946,0.012275149869310553,0.911780277991463,-1.9877248501306894,0.9786997339465648
seg,RIGHTTURN,TOT,LU_OFFBLDGS,567,NB2,1.0,0.03993903864079464,0.06436764753079986,1.0407473268868546,0.9173909602596918,1.1806907254847132,0.6204831180397551,0.5349397651620609,0.3890189481096513,0.5328155354679752,-1.6109810518903487,0.7862208623208393
seg,RIGHTTURN,TOT,LU_DEPTSTRS,567,NB2,1.0,0.13185496843955116,0.18026319074462854,1.1409428345475943,0.8013472658967352,1.6244524778515281,0.7314580857849381,0.4644993971157817,0.5367861530480695,0.4637677092084237,-1.4632138469519305,0.7394072035720607
seg,RIGHTTURN,TOT,LU_BANKINS,567,NB2,1.0,0.2336599918107968,0.08251395578021202,1.2632149157660781,1.0745829560861702,1.484959271293282,2.8317633011461036,0.004629210274548526,8.088024752201818,0.004455869973573141,6.088024752201818,0.09698864959204948
seg,RIGHTTURN,TOT,LU_AUTOSALSER,567,NB2,1.0,0.0016104134870787447,0.026585248551140545,1.0016117108992417,0.950757091195901,1.0551864705511766,0.06057545348808317,0.9516973228940857,0.0036701990493384073,0.9516919755087448,-1.9963298009506616,0.9884003145761826
seg,RIGHTTURN,TOT,LU_REPAIRSTRS,567,NB2,1.0,-0.24355946997857994,0.19355424256631606,0.7838328601227613,0.536372827826119,1.1454606212964282,-1.2583525256240815,0.20826429298301297,1.585844327514451,0.20792086968039408,-0.4141556724855491,0.5002678746450636
seg,RIGHTTURN,TOT,LU_SINGLESTORE,567,NB2,1.0,0.025450697909349403,0.0183052319289832,1.0257773320567352,0.9896266218176625,1.063248614946116,1.3903510213958328,0.16442231163840304,1.9386274472576588,0.16381764125432113,-0.06137255274234121,0.45264495203983895
seg,RIGHTTURN,TOT,LU_PARKSREC,567,NB2,1.0,-0.15568072417969692,0.15348276002483344,0.855832393344573,0.6334926168492189,1.1562077694620303,-1.0143205931044492,0.31042980080145877,1.0255620436078061,0.31120330009438885,-0.9744379563921939,0.5863248411696514
seg,RIGHTTURN,TOT,LU_SCHOOLS,567,NB2,1.0,-0.1940709739840463,0.12311666469071204,0.8235994480600792,0.6470189882427256,1.0483711655621466,-1.5763176696800743,0.11495261148366716,2.4514145271164125,0.11741901310933237,0.4514145271164125,0.3616265015876078
seg,RIGHTTURN,TOT,LU_HOSPITALS,567,NB2,1.0,0.6420476850545206,0.417379818550047,1.9003682535584505,0.8386039288014832,4.306442380128291,1.5382815759634871,0.12397978253378533,2.486074630291114,0.11485787336248553,0.48607463029111386,0.3672312545937439
seg,RIGHTTURN,TOT,LU_INDUSTRIAL,567,NB2,1.0,-0.04757386814710806,0.028122408988340553,0.9535400342955384,0.9024032562928913,1.0075745966825576,-1.6916711568639802,0.09070869082227147,2.8147317943403323,0.09340250682233794,0.8147317943403323,0.3402203897895236
seg,RIGHTTURN,KAB,LU_MXDUSE,52,Firth-Poisson,1.0,0.6012876732792801,0.4292593336239406,1.8244666053598995,0.7865801766403847,4.2318361089276575,1.4007562006934662,0.16128699028823634,,,-1.2508317222275878,0.6279159756377437
seg,RIGHTTURN,KAB,LU_GASSTNS,52,Firth-Poisson,1.0,0.1972342731028758,0.22220192827089333,1.2180293588007058,0.7879808382921324,1.8827812134569157,0.8876352902861461,0.37473696421136204,,,-1.4408201222231583,0.7354416440931836
seg,RIGHTTURN,KAB,LU_SUPERMKTS,52,Firth-Poisson,1.0,0.8140176779322509,0.1764167910193942,2.256957523878295,1.597181905946469,3.1892780938889307,4.614173476507475,3.946626914973299e-06,,,14.968714848551713,0.000923510698103752
seg,RIGHTTURN,KAB,LU_REGSHOPCNTRS,52,too rare (<5 sites),,,,,,,,,,,,
seg,RIGHTTURN,KAB,LU_COMMSHOPCNTRS,52,Firth-Poisson,1.0,0.1761881616209023,0.0765486982933995,1.1926624508389476,1.026497696012032,1.3857251966247885,2.301648042996106,0.021355028466141523,,,1.7539043874022582,0.29394568594571274
seg,RIGHTTURN,KAB,LU_FASTFOOD,52,Firth-Poisson,1.0,-0.035731313955676164,0.11502747709076377,0.964899513690641,0.7701383006309273,1.2089141271868944,-0.3106328579864614,0.7560797450225506,,,-1.900335188136978,0.9111704245588221
seg,RIGHTTURN,KAB,LU_RESTOS,52,Firth-Poisson,1.0,0.08393716428646504,0.09052034473773249,1.0875605540183346,0.9107537629480598,1.2986912673608368,0.9272740236425181,0.35378427781830823,,,-1.5015694946913527,0.7317867107164948
seg,RIGHTTURN,KAB,LU_BARS,52,Firth-Poisson,1.0,-0.03716124552315034,0.29928609140299195,0.9635207594136352,0.5359245007335333,1.7322817907192936,-0.12416629636528054,0.9011836072926875,,,-2.008108337337376,0.9585316550294949
seg,RIGHTTURN,KAB,LU_HOTELS,52,Firth-Poisson,1.0,-0.1504485288586859,0.16597421031514428,0.8603220106236009,0.6214138579628771,1.191080553610138,-0.9064572656982134,0.3646938741296154,,,-0.7552345870126373,0.7354416440931836
seg,RIGHTTURN,KAB,LU_OFFBLDGS,52,Firth-Poisson,1.0,0.08204747415352082,0.10877530178862693,1.085507342148522,0.8770843444946695,1.3434582400820738,0.7542840406267606,0.45067868328638483,,,-1.8227243863308331,0.7697723495548471
seg,RIGHTTURN,KAB,LU_DEPTSTRS,52,Firth-Poisson,1.0,0.09510050261517868,0.3228803099180455,1.0997693792707373,0.5840638880308908,2.070822580144817,0.294537943918963,0.7683468735226074,,,-2.0879200170471677,0.9173120836953578
seg,RIGHTTURN,KAB,LU_BANKINS,52,Firth-Poisson,1.0,0.19437780481295033,0.1574639745182841,1.214555061034145,0.892033505183286,1.6536867591992053,1.2344271469559531,0.21704377842591782,,,-0.9697932166367309,0.6513538419727775
seg,RIGHTTURN,KAB,LU_AUTOSALSER,52,Firth-Poisson,1.0,0.06858733427301723,0.04465925060601324,1.070994155362679,0.9812335278658081,1.1689658457918939,1.5357923239263256,0.12458932295418283,,,-0.1738058242967213,0.5398870661347923
seg,RIGHTTURN,KAB,LU_REPAIRSTRS,52,Firth-Poisson,1.0,-0.46855787687990585,0.3434836555093178,0.6259042487310096,0.3192483853625119,1.227120156409511,-1.364134419103954,0.17252526378946131,,,1.890492026121251,0.630795495730218
seg,RIGHTTURN,KAB,LU_SINGLESTORE,52,Firth-Poisson,1.0,0.04654464854340035,0.02620386177955385,1.0476448538410381,0.9951966526033534,1.102857145779664,1.7762514905233493,0.07569147482380625,,,0.4448473646389175,0.48390306541035594
seg,RIGHTTURN,KAB,LU_PARKSREC,52,Firth-Poisson,1.0,-0.5014580311845714,0.3566978777494737,0.605646963481256,0.3010178024670136,1.218559970100977,-1.405834075460269,0.1597734009316164,,,2.4942693832110763,0.6279159756377437
seg,RIGHTTURN,KAB,LU_SCHOOLS,52,Firth-Poisson,1.0,-0.2994870536540786,0.2532714754417352,0.74119831815748,0.4511753801669357,1.2176527598562834,-1.1824744698617877,0.23701748973816805,,,-0.26143118804566257,0.6939770072309449
seg,RIGHTTURN,KAB,LU_HOSPITALS,52,Firth-Poisson,1.0,0.4606174932010666,0.6367390638781364,1.5850524419743783,0.4550303895689717,5.521370223621344,0.7234007136229713,0.4694337329286812,,,-2.0406667416286837,0.7823099735514575
seg,RIGHTTURN,KAB,LU_INDUSTRIAL,52,Firth-Poisson,1.0,-0.0013051447771477028,0.04221785646836905,0.9986957065538866,0.9193833150225754,1.0848501359464804,-0.030914520213160476,0.9753377100026805,,,-2.0762647955555735,0.9795237087580568
seg,REAREND,TOT,LU_MXDUSE,10937,NB2,7.0,0.17903916154247793,0.18294693363826073,1.1960675831021972,0.8356571744693521,1.7119193217677546,0.9786398601055014,0.3277579569768665,0.9933826606979892,0.31891702569474517,-1.0066173393020108,0.5991825150983341
seg,REAREND,TOT,LU_GASSTNS,10937,NB2,7.0,0.17101950867618348,0.07414683139570123,1.1865138961113129,1.026024595969035,1.372106703090902,2.306497869929187,0.021082829014652214,5.3636428523832365,0.020560781346540487,3.3636428523832365,0.16589564438778875
seg,REAREND,TOT,LU_SUPERMKTS,10937,NB2,7.0,0.14208099257198895,0.07080153233380994,1.1526700024646208,1.0033154732610268,1.3242575939383745,2.0067502480329913,0.04477626276591262,4.122297256933507,0.042321572175729315,2.122297256933507,0.2325417481378651
seg,REAREND,TOT,LU_REGSHOPCNTRS,10937,too rare (<5 sites),,,,,,,,,,,,
seg,REAREND,TOT,LU_COMMSHOPCNTRS,10937,NB2,7.0,0.017763534813195477,0.03252327517592681,1.0179222447548315,0.9550590723680568,1.0849231490964801,0.5461791506884814,0.5849427963344298,0.3012763666229148,0.5830833578384813,-1.6987236333770852,0.806089026916513
seg,REAREND,TOT,LU_FASTFOOD,10937,NB2,7.0,0.07902701483939456,0.03228108584458379,1.0822335580411684,1.01588086821155,1.152920101952886,2.448090352966052,0.014361563628690803,6.19764424346431,0.012792046159449545,4.19764424346431,0.14611329952668034
seg,REAREND,TOT,LU_RESTOS,10937,NB2,7.0,0.01710685510303531,0.03042948072818998,1.0172540153005558,0.9583569922826746,1.0797706282502708,0.5621803163794201,0.5739931709713264,0.31927020259672645,0.5720465568519066,-1.6807297974032736,0.806089026916513
seg,REAREND,TOT,LU_BARS,10937,NB2,7.0,-0.047886068360442305,0.08900819033377953,0.953242385358857,0.8006414009042483,1.134928876046612,-0.537996202157017,0.5905796705488568,0.2843185491965414,0.5938845560836068,-1.7156814508034586,0.806089026916513
seg,REAREND,TOT,LU_HOTELS,10937,NB2,7.0,0.03951398825009248,0.044516874390044585,1.040305050830403,0.953382505896903,1.1351525668756905,0.8876182075111969,0.37474615625849006,0.808604973151887,0.36853301246075565,-1.191395026848113,0.6400773763831143
seg,REAREND,TOT,LU_OFFBLDGS,10937,NB2,7.0,-0.042676079881389765,0.03775626060890419,0.9582217270976097,0.8898713736628778,1.031822019965074,-1.130304728093897,0.25834784297372715,1.240774040881206,0.2653219294092053,-0.759225959118794,0.5444534221072451
seg,REAREND,TOT,LU_DEPTSTRS,10937,NB2,7.0,0.1865080902598828,0.09630549427130795,1.20503437108749,0.9977518523659143,1.455379744030461,1.9366298015610588,0.05279061233907388,3.9112591326124857,0.047963649220238984,1.9112591326124857,0.2628298571775168
seg,REAREND,TOT,LU_BANKINS,10937,NB2,7.0,0.007910031345354528,0.04674266084406942,1.0079413982932655,0.919701991303913,1.1046468008110106,0.16922509764135799,0.8656195894144932,0.028715166878555465,0.8654383710308431,-1.9712848331214445,0.9657584178838143
seg,REAREND,TOT,LU_AUTOSALSER,10937,NB2,7.0,0.031610140587651665,0.01557381960068575,1.0321150470934193,1.0010860434888924,1.064105805255361,2.029697363789921,0.04238731104210356,4.206532478108329,0.04026857353454944,2.206532478108329,0.2325417481378651
seg,REAREND,TOT,LU_REPAIRSTRS,10937,NB2,7.0,0.06362819151590307,0.09972989886387824,1.0656960902428148,0.8764791083136355,1.2957618110760774,0.6380051743835563,0.5234703117989186,0.4091982391737474,0.5223767282081665,-1.5908017608262526,0.7862208623208393
seg,REAREND,TOT,LU_SINGLESTORE,10937,NB2,7.0,0.020561401571057857,0.010207780248996032,1.0207742434612392,1.0005543058537678,1.0414028004454483,2.014287246542179,0.04397938417274336,4.14671808234516,0.04171530221981835,2.14671808234516,0.2325417481378651
seg,REAREND,TOT,LU_PARKSREC,10937,NB2,7.0,-0.017453020619769305,0.07515638847022282,0.9826984011424913,0.8480976114086519,1.13866155807706,-0.2322227155271603,0.8163650355114109,0.05383317651558173,0.8165226537512736,-1.9461668234844183,0.9318508210227812
seg,REAREND,TOT,LU_SCHOOLS,10937,NB2,7.0,-0.1236588564966989,0.06438737651019073,0.8836812515856436,0.7789112914832423,1.002543631017281,-1.9205450384692586,0.05478908990989468,3.552735750233751,0.05944736145993289,1.5527357502337509,0.2628558719547024
seg,REAREND,TOT,LU_HOSPITALS,10937,NB2,7.0,-0.4090243014810268,0.24137298113207534,0.6642980886986619,0.41390643028758484,1.0661635537821503,-1.694573682450462,0.09015632305610534,2.6347511580552236,0.10454844059573991,0.6347511580552236,0.3402203897895236
seg,REAREND,TOT,LU_INDUSTRIAL,10937,NB2,7.0,-0.03837528530906607,0.014806178177276532,0.9623517166529497,0.9348255033566779,0.9906884474369358,-2.5918427327831113,0.009546340015054706,6.265445963247657,0.012311517653529072,4.265445963247657,0.11169217817614005
seg,REAREND,KAB,LU_MXDUSE,933,NB2,6.0,-0.026530480914201533,0.2389569744497839,0.9738183605092553,0.609640310385306,1.5555437905107912,-0.11102618358509907,0.9115955835910086,0.012383860689624271,0.9113920974522165,-1.9876161393103757,0.9608710205418739
seg,REAREND,KAB,LU_GASSTNS,933,NB2,6.0,0.07221627571258614,0.08144673428149209,1.0748877910495482,0.9162927919835677,1.2609329391822797,0.8866687700822466,0.37525725688093803,0.784797937088797,0.3756777649475257,-1.215202062911203,0.7354416440931836
seg,REAREND,KAB,LU_SUPERMKTS,933,NB2,6.0,0.13665207117025166,0.07265917046133663,1.1464292033510486,0.9942566535038593,1.3218920020946263,1.8807271030291615,0.06000905084260443,3.4994104058050652,0.061390681391746985,1.4994104058050652,0.45297154506998183
seg,REAREND,KAB,LU_REGSHOPCNTRS,933,too rare (<5 sites),,,,,,,,,,,,
seg,REAREND,KAB,LU_COMMSHOPCNTRS,933,NB2,6.0,-0.0187823010801641,0.03491876154240754,0.9813929871822471,0.9164726318848054,1.0509121186845802,-0.5378856594714475,0.5906559894146312,0.289479833794303,0.5905540579399174,-1.710520166205697,0.8479355921657895
seg,REAREND,KAB,LU_FASTFOOD,933,NB2,6.0,0.039856902485612404,0.032094592031767843,1.0406618474134335,0.9772150897476012,1.1082279551594478,1.241857271348434,0.2142892275472762,1.5278827710269525,0.21643048137254456,-0.47211722897304753,0.6513538419727775
seg,REAREND,KAB,LU_RESTOS,933,NB2,6.0,-0.018708386703767493,0.03248554718157546,0.9814655289138001,0.9209218873596133,1.0459894565084797,-0.5758987712042654,0.5646836062375533,0.33212041163369577,0.5644131724170731,-1.6678795883663042,0.8317193625032685
seg,REAREND,KAB,LU_BARS,933,NB2,6.0,-0.031093944593643827,0.10148527477760079,0.969384500365227,0.7945295637739664,1.1827203824673231,-0.3063887313877254,0.7593086871323518,0.09436231350719027,0.7587029471394386,-1.9056376864928097,0.9111704245588221
seg,REAREND,KAB,LU_HOTELS,933,NB2,6.0,0.01526154487731629,0.04977991448953622,1.0153785969604647,0.9209890910080952,1.119441810148802,0.30658037551519457,0.7591627928297684,0.09347777202310681,0.7598015884756302,-1.9065222279768932,0.9111704245588221
seg,REAREND,KAB,LU_OFFBLDGS,933,NB2,6.0,-0.11931848926320793,0.048342859083131365,0.8875250885324097,0.8072914745654935,0.9757328147165482,-2.4681719601653147,0.013580506269520511,6.355149254095522,0.011704109682468884,4.355149254095522,0.22698846193341424
seg,REAREND,KAB,LU_DEPTSTRS,933,NB2,6.0,0.08446338348604068,0.10971007960382276,1.0881329998653484,0.8775964873986937,1.3491774891961865,0.7698780621712139,0.44137222832184686,0.587408094836519,0.4434231461963811,-1.412591905163481,0.7646377793384803
seg,REAREND,KAB,LU_BANKINS,933,NB2,6.0,0.04718784385724982,0.05299479555286782,1.048318910853525,0.9448945401635879,1.1630636987942142,0.8904241136315931,0.37323819920359336,0.7827946426061771,0.37628779918555755,-1.2172053573938229,0.7354416440931836
seg,REAREND,KAB,LU_AUTOSALSER,933,NB2,6.0,0.013295029143431046,0.01614692063437356,1.013383801015351,0.9818144542231815,1.045968231311942,0.8233786146894531,0.41029272034504305,0.6779012945530667,0.4103103438523287,-1.3220987054469333,0.7536139861663382
seg,REAREND,KAB,LU_REPAIRSTRS,933,NB2,6.0,-0.007990269039361274,0.13462103646173237,0.992041568307545,0.7619704523397357,1.291580887720955,-0.05935379231486308,0.9526703165250119,0.0035227046873842482,0.9526714435819728,-1.9964772953126158,0.970389622926849
seg,REAREND,KAB,LU_SINGLESTORE,933,NB2,6.0,0.011334205383862263,0.010841362804232958,1.0113986808521862,0.9901341245243854,1.0331199241526086,1.0454594674607585,0.2958106644686246,1.0786190463579715,0.29900669024365933,-0.9213809536420285,0.7136051080995686
seg,REAREND,KAB,LU_PARKSREC,933,NB2,6.0,0.025623945076157666,0.10242326548390952,1.0259550604683174,0.8393515451955941,1.2540440202028404,0.25017699792224585,0.8024504727566872,0.06276109751047443,0.80218396350538,-1.9372389024895256,0.9187536392624447
seg,REAREND,KAB,LU_SCHOOLS,933,NB2,6.0,-0.05098728743735419,0.0726577061720171,0.9502907510863443,0.8241552212295273,1.0957311054257681,-0.7017464509083428,0.48283729907935113,0.4957713072781189,0.48136408943365294,-1.504228692721881,0.7956614646800575
seg,REAREND,KAB,LU_HOSPITALS,933,NB2,6.0,-0.06663716404643397,0.2707805944331963,0.9355345853460609,0.5502584901148957,1.5905705701985198,-0.24609283462842046,0.8056103696870536,0.060908078938155086,0.8050663990073743,-1.939091921061845,0.9187536392624447
seg,REAREND,KAB,LU_INDUSTRIAL,933,NB2,6.0,-0.030988656838572232,0.016726263125409625,0.9694865700563218,0.938218764678709,1.0017964305387128,-1.8526945681905456,0.06392614901323905,3.5183470987644796,0.06069294781175234,1.5183470987644796,0.46745996465931056
seg,REAREND,KSI,LU_MXDUSE,167,NB2,2.0,-0.2634224064053712,0.5160283885292838,0.7684172443822245,0.27947622631187585,2.1127559551525277,-0.5104804546822377,0.6097149042968949,0.2764924343802022,0.5990094699496114,-1.7235075656197978,0.8303685649301741
seg,REAREND,KSI,LU_GASSTNS,167,NB2,2.0,0.16389033044966986,0.17566716143739516,1.178085107943768,0.8349217208861162,1.6622929872825616,0.9329594052106183,0.3508409284971391,0.8556889108850783,0.35494793813202374,-1.1443110891149217,0.802860807554623
seg,REAREND,KSI,LU_SUPERMKTS,167,NB2,2.0,0.16056685221121544,0.1535462235135557,1.1741762667966418,0.8690246867648163,1.58647956324584,1.0457232261205038,0.29568883618611996,1.0657157877054715,0.3019151569305322,-0.9342842122945285,0.7943879181119641
seg,REAREND,KSI,LU_REGSHOPCNTRS,167,too rare (<5 sites),,,,,,,,,,,,
seg,REAREND,KSI,LU_COMMSHOPCNTRS,167,NB2,2.0,-0.15331963129773446,0.08467437375845588,0.8578554805251706,0.7266710324951525,1.0127223909561587,-1.8106969616934832,0.07018777343982324,3.4827467468725217,0.06201172890351945,1.4827467468725217,0.4077450417283485
seg,REAREND,KSI,LU_FASTFOOD,167,NB2,2.0,-0.008242353132628236,0.07133280509831086,0.9917915219259968,0.8623839833990127,1.1406176852767036,-0.11554786218302542,0.9080108859597896,0.013378998138591669,0.907915970066746,-1.9866210018614083,0.9728688063854889
seg,REAREND,KSI,LU_RESTOS,167,NB2,2.0,0.0477772845688018,0.06278306685345074,1.048937014848205,0.9274860486838606,1.1862915487300194,0.7609899764903858,0.4466630542176059,0.5712293212807253,0.44977082999249984,-1.4287706787192747,0.802860807554623
seg,REAREND,KSI,LU_BARS,167,NB2,2.0,0.2341916166497608,0.1831834109005861,1.2638866507319249,0.8826311681847919,1.8098267129899512,1.2784542852346872,0.20108929376591556,1.5269178527323675,0.21657561011112983,-0.47308214726763254,0.651261095314515
seg,REAREND,KSI,LU_HOTELS,167,NB2,2.0,-0.032629523439085865,0.09823999405876725,0.9678970763540689,0.7983725691962194,1.173418008784952,-0.3321409345726024,0.7397828416162913,0.11227613794483204,0.737567517817167,-1.887723862055168,0.9093967454574194
seg,REAREND,KSI,LU_OFFBLDGS,167,NB2,2.0,-0.20702005094404355,0.10297572364957144,0.8130033483394951,0.6644122462976465,0.9948257999373538,-2.0103772385085357,0.04439127765197101,4.577934817898495,0.03238622472335709,2.5779348178984947,0.4077450417283485
seg,REAREND,KSI,LU_DEPTSTRS,167,NB2,2.0,0.4482482592253112,0.20030074454714805,1.5655673139410198,1.0572368928692426,2.3183082533458617,2.2378761508787086,0.025229132681962488,4.462278718030916,0.03465124305377955,2.462278718030916,0.2880831017181745
seg,REAREND,KSI,LU_BANKINS,167,NB2,2.0,-0.08761847453334433,0.12512067307405328,0.9161103294774862,0.7168741378436404,1.1707189469825754,-0.7002717646946073,0.4837576014008179,0.5032838078356008,0.4780607882468654,-1.4967161921643992,0.802860807554623
seg,REAREND,KSI,LU_AUTOSALSER,167,NB2,2.0,0.032902884458618345,0.03198825225630048,1.0334501702949128,0.9706453785978632,1.1003186931414455,1.0285927532079442,0.3036710847307045,1.0244819146822692,0.31145824034555847,-0.9755180853177308,0.7993409445274176
seg,REAREND,KSI,LU_REPAIRSTRS,167,NB2,2.0,0.18906702196065212,0.274309725989082,1.2081219204693716,0.7056894286913473,2.068273259279587,0.68924651241924,0.49066815119866325,0.4799617871897226,0.48843962596393464,-1.5200382128102774,0.802860807554623
seg,REAREND,KSI,LU_SINGLESTORE,167,NB2,2.0,0.013564443883900589,0.021908666883602306,1.013656858330279,0.9710507530522051,1.0581323614758282,0.6191359773721783,0.5358267840393913,0.37684894556548443,0.5392944705685794,-1.6231510544345156,0.8173628909075461
seg,REAREND,KSI,LU_PARKSREC,167,NB2,2.0,0.19828645327361424,0.20742288371245032,1.2193116196058122,0.811993942516943,1.830950636278579,0.9559526399628023,0.33909616231421713,0.9395430152759445,0.33239539414545416,-1.0604569847240555,0.802860807554623
seg,REAREND,KSI,LU_SCHOOLS,167,NB2,2.0,-0.17447555176469381,0.15315496567758521,0.839897387987177,0.6220969784479808,1.133951211445515,-1.1392092381254664,0.25461589334451784,1.3659106010626374,0.24251574353501792,-0.6340893989373626,0.7161072000314564
seg,REAREND,KSI,LU_HOSPITALS,167,NB2,2.0,0.25721787124244017,0.5201391518494051,1.293326874798935,0.46661308971919446,3.5847567115697503,0.4945174196710191,0.6209408070913623,0.2332910867935425,0.6290942023703532,-1.7667089132064575,0.8303685649301741
seg,REAREND,KSI,LU_INDUSTRIAL,167,NB2,2.0,-0.03505190585410025,0.03531086357272674,0.9655552969844649,0.9009899295046356,1.0347474494496682,-0.9926663442231274,0.3208725815416972,1.059656599036657,0.3032935198058322,-0.9403434009633429,0.7993409445274176
seg,SIDESWIPE,TOT,LU_MXDUSE,3471,NB2,7.0,0.3877742150974693,0.19001547120619544,1.4736970081862923,1.0154622134352298,2.1387136253846966,2.0407507485360274,0.04127560828373917,4.367079124121801,0.03663974553696788,2.367079124121574,0.2325417481378651
seg,SIDESWIPE,TOT,LU_GASSTNS,3471,NB2,7.0,0.1763651643609188,0.08246444710831716,1.1928735740448027,1.0148439410663563,1.4021341667165563,2.138681220153734,0.03246149458113654,4.627415236178194,0.031464932201769026,2.627415236177967,0.2253339873267657
seg,SIDESWIPE,TOT,LU_SUPERMKTS,3471,NB2,7.0,0.10000970106850995,0.07860566302597902,1.1051816394664435,0.9473777269163155,1.2892708172372178,1.2722963870358417,0.2032678318128669,1.636132853505842,0.20085688282173345,-0.3638671464941581,0.5002678746450636
seg,SIDESWIPE,TOT,LU_REGSHOPCNTRS,3471,too rare (<5 sites),,,,,,,,,,,,
seg,SIDESWIPE,TOT,LU_COMMSHOPCNTRS,3471,NB2,7.0,0.06555375243321755,0.03456884873740682,1.0677501299385401,0.9978012297524392,1.142602660718942,1.8963244316054437,0.057917157565548286,3.6846003049884075,0.054917132526201624,1.6846003049881801,0.2628558719547024
seg,SIDESWIPE,TOT,LU_FASTFOOD,3471,NB2,7.0,0.06058132718919031,0.03466759255734979,1.0624540004543264,0.9926599167380171,1.13715531779583,1.7474916116246617,0.08055209871243765,3.122059832676541,0.07723908912161812,1.1220598326763138,0.32498605342604153
seg,SIDESWIPE,TOT,LU_RESTOS,3471,NB2,7.0,0.013715757268404825,0.0323380007876258,1.013810249785036,0.9515464990101643,1.080148183655099,0.4241374523576976,0.6714655731326221,0.180880439491375,0.6706176940792707,-1.819119560508625,0.8710268666564641
seg,SIDESWIPE,TOT,LU_BARS,3471,NB2,7.0,-0.0013408803396515922,0.09915221791667249,0.9986600182387175,0.8222759559286392,1.2128797210204545,-0.01352345280645631,0.9892101746786506,0.0001828293659400515,0.9892117797441144,-1.9998171706342873,0.990709646876253
seg,SIDESWIPE,TOT,LU_HOTELS,3471,NB2,7.0,0.0658235575550599,0.050047391654733285,1.0680382532592714,0.9682457692399562,1.1781158737419892,1.3152245377573952,0.18843445080108445,1.7758799470459508,0.1826560601435549,-0.22412005295427662,0.4792789292114539
seg,SIDESWIPE,TOT,LU_OFFBLDGS,3471,NB2,7.0,0.001420806044993323,0.039880849301604564,1.0014218158680996,0.9261253756911699,1.0828400555898123,0.03562627350907892,0.9715803583853798,0.0012700895792931988,0.9715707558316503,-1.9987299104209342,0.990709646876253
seg,SIDESWIPE,TOT,LU_DEPTSTRS,3471,NB2,7.0,-0.04169234303480342,0.10983571203297578,0.9591648289237071,0.7733911532745609,1.1895625714736318,-0.37958822556989663,0.7042511024128179,0.1432244198783792,0.7050963135748831,-1.8567755801218482,0.8765678615138265
seg,SIDESWIPE,TOT,LU_BANKINS,3471,NB2,7.0,0.09187826506707267,0.04999443904178892,1.0962313643061385,0.9939077977260569,1.2090892201851096,1.8377696965511354,0.06609634876570365,3.422509381190366,0.06431318415757546,1.4225093811901388,0.28120992020317553
seg,SIDESWIPE,TOT,LU_AUTOSALSER,3471,NB2,7.0,0.0575584711462929,0.017021093201454937,1.0592472042422902,1.0244922545783808,1.095181183343214,3.381596614568381,0.0007206588549306679,11.792550159470238,0.0005946821708493996,9.79255015947001,0.09698864959204948
seg,SIDESWIPE,TOT,LU_REPAIRSTRS,3471,NB2,7.0,0.14066314233255575,0.11741542312412236,1.1510368470841066,0.9144147032228965,1.4488894575685414,1.197995447189742,0.23091878941832733,1.4611630526762838,0.22674515755300526,-0.5388369473239436,0.5185055115423876
seg,SIDESWIPE,TOT,LU_SINGLESTORE,3471,NB2,7.0,0.02988619440936869,0.010833337026881166,1.0303372691394839,1.0086903979863258,1.0524486901997856,2.7587246972203445,0.0058027397191824474,7.724921699055585,0.005446372186362601,5.724921699055358,0.09698864959204948
seg,SIDESWIPE,TOT,LU_PARKSREC,3471,NB2,7.0,0.004797662059298293,0.08551866674736808,1.0048091892670925,0.8497450422673658,1.1881699293491326,0.05610075836976196,0.9552615398000915,0.0031485855029131926,0.9552523788171998,-1.9968514144975416,0.9884003145761826
seg,SIDESWIPE,TOT,LU_SCHOOLS,3471,NB2,7.0,-0.1315182005829757,0.06949112131193015,0.8767633173890689,0.7651213744305284,1.0046953861290706,-1.8925899899156875,0.058412415989933866,3.4755194262950226,0.062283165339135624,1.4755194262947953,0.2628558719547024
seg,SIDESWIPE,TOT,LU_HOSPITALS,3471,NB2,7.0,-0.5674580154581682,0.27314887297425955,0.5669648242956201,0.3319304544728972,0.9684230767526948,-2.07746789975459,0.0377583949834775,4.027992799016147,0.044751153834566806,2.0279927990159194,0.23251222174036143
seg,SIDESWIPE,TOT,LU_INDUSTRIAL,3471,NB2,7.0,-0.03985300686090374,0.01720686026437594,0.9609306789883838,0.9290632551521918,0.9938911744710153,-2.316111495565117,0.020552181806857372,5.094470536924973,0.02400224030772742,3.094470536924746,0.16589564438778875
seg,SIDESWIPE,KAB,LU_MXDUSE,135,Firth-Poisson,3.0,0.21580428495791043,0.3423771972230888,1.2408595003646046,0.6342861906419722,2.427504054733883,0.630311500614613,0.5284907999843624,,,-1.8597547416763973,0.8189857430221246
seg,SIDESWIPE,KAB,LU_GASSTNS,135,Firth-Poisson,3.0,0.4864621983709744,0.14245111012927997,1.6265516120055379,1.2302999759274575,2.150426886356219,3.4149414344998146,0.0006379572684672135,,,8.503367735505549,0.05341163918964635
seg,SIDESWIPE,KAB,LU_SUPERMKTS,135,Firth-Poisson,3.0,0.3740103700976886,0.11702629168189706,1.453552223857253,1.155622128555009,1.8282914590102477,3.1959516508848305,0.0013937046410163558,,,6.919763384458179,0.06522537719956545
seg,SIDESWIPE,KAB,LU_REGSHOPCNTRS,135,too rare (<5 sites),,,,,,,,,,,,
seg,SIDESWIPE,KAB,LU_COMMSHOPCNTRS,135,Firth-Poisson,3.0,0.1525855805612143,0.04503640776777881,1.164842145673618,1.066427440375591,1.2723390011979057,3.3880495386752685,0.0007039154940018654,,,8.051983717139365,0.05341163918964635
seg,SIDESWIPE,KAB,LU_FASTFOOD,135,Firth-Poisson,3.0,-0.037654561224976096,0.06794382591493806,0.9630455567160947,0.8429695353414737,1.100225696691298,-0.5542013673489264,0.5794410426546852,,,-1.6294539014364773,0.8404918756293456
seg,SIDESWIPE,KAB,LU_RESTOS,135,Firth-Poisson,3.0,-0.0601701200872109,0.06225897212865236,0.9416043341466207,0.8334365491703986,1.0638107039656945,-0.9664489796406365,0.3338195652531527,,,-0.9199105706929913,0.7166505005951493
seg,SIDESWIPE,KAB,LU_BARS,135,Firth-Poisson,3.0,-0.5673636329903028,0.279652667891154,0.567018338360285,0.3277569792750259,0.9809395874590209,-2.0288153775494506,0.04247709842785551,,,4.024883474972739,0.4065518238308658
seg,SIDESWIPE,KAB,LU_HOTELS,135,Firth-Poisson,3.0,0.08311856435435128,0.07884669677044603,1.08667064131358,0.9310698652238061,1.2682754826449245,1.0541794109186633,0.29180078454292546,,,-1.215908680063194,0.7112644123233808
seg,SIDESWIPE,KAB,LU_OFFBLDGS,135,Firth-Poisson,3.0,-0.009539607537922717,0.08499228332177136,0.9905057501718961,0.8385135962789595,1.1700485781952599,-0.11224086664205526,0.9106324269789186,,,-1.994006162685423,0.9608710205418739
seg,SIDESWIPE,KAB,LU_DEPTSTRS,135,Firth-Poisson,3.0,0.09719493077256662,0.19902355064167881,1.10207518105051,0.7461032910689407,1.6278841270722757,0.488358942744198,0.6252956180461486,,,-1.8779968396636377,0.8761627222922083
seg,SIDESWIPE,KAB,LU_BANKINS,135,Firth-Poisson,3.0,0.09981797423736381,0.09733699377508662,1.1049697668043537,0.9130519190617262,1.337227555259238,1.025488566741746,0.30513271740959524,,,-1.1172159367343966,0.7140105587384528
seg,SIDESWIPE,KAB,LU_AUTOSALSER,135,Firth-Poisson,3.0,0.04846969814157351,0.02767696091864443,1.049663564581689,0.994239510355299,1.1081772423393264,1.7512651871008775,0.07990024138769684,,,0.8451816593955073,0.48390306541035594
seg,SIDESWIPE,KAB,LU_REPAIRSTRS,135,Firth-Poisson,3.0,-0.12196031232490993,0.12560428833452122,0.8851834986805956,0.6920170274949836,1.1322695760431993,-0.9709884426883076,0.33155403382525395,,,-0.7167595867119871,0.7166505005951493
seg,SIDESWIPE,KAB,LU_SINGLESTORE,135,Firth-Poisson,3.0,0.006905803501504403,0.017091673954976516,1.0069297035471692,0.9737566257553645,1.0412328923554997,0.40404488873915523,0.686179710232635,,,-1.9212582581390052,0.9111704245588221
seg,SIDESWIPE,KAB,LU_PARKSREC,135,Firth-Poisson,3.0,-0.3084867919116331,0.1544565644583177,0.7345576542375051,0.5426874852993215,0.9942645850793872,-1.99723976118142,0.045799143661086034,,,4.205088902045986,0.4065518238308658
seg,SIDESWIPE,KAB,LU_SCHOOLS,135,Firth-Poisson,3.0,0.24372536740985742,0.12361363639804014,1.2759938528685497,1.0014436811754708,1.6258131567091525,1.9716705576482954,0.04864722678318053,,,1.2486070204488442,0.4065518238308658
seg,SIDESWIPE,KAB,LU_HOSPITALS,135,Firth-Poisson,3.0,-0.1875803878573775,0.6482098944418819,0.8289624769844937,0.2326845091438525,2.953264017345619,-0.2893821730673934,0.7722889355252485,,,-1.763707487257534,0.9173381264614626
seg,SIDESWIPE,KAB,LU_INDUSTRIAL,135,Firth-Poisson,3.0,0.012063298493233563,0.02874430974110998,1.0121363535445838,0.9566903064764298,1.070795837724698,0.4196760542132862,0.6747221203997823,,,-1.9704588021421614,0.9111704245588221
seg,SIDESWIPE,KSI,LU_MXDUSE,28,Firth-Poisson,0.0,-0.6643362536889625,1.0126565427080998,0.5146149881725377,0.07071178162942343,3.7451833336585736,-0.6560331422066946,0.5118028001306407,,,-1.110603663940708,0.802860807554623
seg,SIDESWIPE,KSI,LU_GASSTNS,28,Firth-Poisson,0.0,0.26514743527274864,0.26893668830686973,1.3036231616469316,0.7695352838417171,2.2083891190776015,0.9859102413360673,0.32417716083611936,,,-1.3699941945779983,0.7993409445274176
seg,SIDESWIPE,KSI,LU_SUPERMKTS,28,Firth-Poisson,0.0,0.4159861431978151,0.2680024969647697,1.5158648636854817,0.8964625585345163,2.5632373188151734,1.552172639841108,0.12062092080965103,,,-0.5496249417567469,0.5567119421983894
seg,SIDESWIPE,KSI,LU_REGSHOPCNTRS,28,too rare (<5 sites),,,,,,,,,,,,
seg,SIDESWIPE,KSI,LU_COMMSHOPCNTRS,28,Firth-Poisson,0.0,0.1520313071957462,0.10152321755025087,1.1641966835950406,0.9541310965545473,1.420511209610498,1.4975028457948092,0.13426246565958566,,,-0.8301370259549969,0.5894449711884248
seg,SIDESWIPE,KSI,LU_FASTFOOD,28,Firth-Poisson,0.0,0.09710976555379025,0.12873158142462465,1.101981326573233,0.8562403718373216,1.4182499261396906,0.7543585224318112,0.4506339703342125,,,-1.8467121251969445,0.802860807554623
seg,SIDESWIPE,KSI,LU_RESTOS,28,Firth-Poisson,0.0,-0.09246405149124794,0.1443664368112275,0.9116819839831679,0.6869991200349963,1.2098473137449508,-0.6404816350226422,0.5218595249105049,,,-1.5358729811761123,0.802860807554623
seg,SIDESWIPE,KSI,LU_BARS,28,Firth-Poisson,0.0,-0.05895022507923929,0.3942923434808698,0.9427536934796527,0.43528111366648997,2.041863289410964,-0.14950892669844457,0.8811520660486216,,,-2.03502464213895,0.9728688063854889
seg,SIDESWIPE,KSI,LU_HOTELS,28,Firth-Poisson,0.0,-0.15544080870762852,0.22326156956914223,0.8560377454098175,0.5526482890877917,1.3259800781721294,-0.6962273400102108,0.4862864684378222,,,-1.1929013371918131,0.802860807554623
seg,SIDESWIPE,KSI,LU_OFFBLDGS,28,Firth-Poisson,0.0,-0.1477553225256208,0.18435609246035578,0.8626421582267916,0.601040316852332,1.2381057847289227,-0.8014669900719138,0.42286134675954656,,,-0.9695814007618253,0.802860807554623
seg,SIDESWIPE,KSI,LU_DEPTSTRS,28,Firth-Poisson,0.0,-0.004286686760202382,0.42320935916973074,0.9957224879670786,0.4344054211848979,2.282345534130312,-0.010128998017936507,0.9919183670566668,,,-2.1069875856767055,0.9919183670566667
seg,SIDESWIPE,KSI,LU_BANKINS,28,Firth-Poisson,0.0,-0.2339320200314977,0.2532717984263703,0.7914156144754945,0.4817428830347956,1.3001513813549892,-0.923640221631328,0.35567366514665133,,,-0.9855863359011892,0.802860807554623
seg,SIDESWIPE,KSI,LU_AUTOSALSER,28,Firth-Poisson,0.0,0.0012052942934727812,0.06036223144105506,1.0012060209525564,0.8894920768542893,1.1269504501228509,0.019967689475657895,0.9840691474875455,,,-2.1300640720978095,0.9895667404902692
seg,SIDESWIPE,KSI,LU_REPAIRSTRS,28,Firth-Poisson,0.0,-0.21736357060541836,0.3103111957696167,0.8046373736215597,0.43798373048199213,1.4782313998652548,-0.7004696368312631,0.4836340607652474,,,-1.1921995558743959,0.802860807554623
seg,SIDESWIPE,KSI,LU_SINGLESTORE,28,Firth-Poisson,0.0,0.04818644894854499,0.034319225869494055,1.0493662903274035,0.9811016227967909,1.122380786749116,1.404065730730172,0.16029927715401904,,,-0.7641867317189224,0.651261095314515
seg,SIDESWIPE,KSI,LU_PARKSREC,28,Firth-Poisson,0.0,-0.29927880555149927,0.3262638905443778,0.7413526873738617,0.39111406663463627,1.4052263878043167,-0.9172906172734795,0.35899037273847734,,,-0.39505199990458095,0.802860807554623
seg,SIDESWIPE,KSI,LU_SCHOOLS,28,Firth-Poisson,0.0,0.17422485534735227,0.2501027866796189,1.1903231862648,0.7290765055867736,1.943375320562915,0.6966130112357921,0.48604501096225516,,,-1.909093788918824,0.802860807554623
seg,SIDESWIPE,KSI,LU_HOSPITALS,28,Firth-Poisson,0.0,-0.5072852666574583,1.3710189212764101,0.6021279789451157,0.04098773709091815,8.845526217373523,-0.3700060289358945,0.7113779982640469,,,-1.482090943239939,0.8892224978300587
seg,SIDESWIPE,KSI,LU_INDUSTRIAL,28,Firth-Poisson,0.0,0.043839769791742575,0.05257134510052611,1.0448149305616703,0.9425181838794491,1.1582145127761392,0.83390998856721,0.4043317081363179,,,-2.0143255704356022,0.802860807554623
seg,HEADON,TOT,LU_MXDUSE,222,NB2,0.0,0.3242720584107941,0.3700895457228335,1.3830235191220426,0.6695807885147742,2.856644167894184,0.8761989149881232,0.3809219062809519,0.7262106865875921,0.39411421676681135,-1.2737893134124079,0.6459110584763967
seg,HEADON,TOT,LU_GASSTNS,222,NB2,0.0,0.21139166214808744,0.13379522368532165,1.2353961182167517,0.9504240968407979,1.6058132090485782,1.5799641894935499,0.11411506765729489,2.4349849827534626,0.11865503125267754,0.43498498275346265,0.3616265015876078
seg,HEADON,TOT,LU_SUPERMKTS,222,NB2,0.0,-0.05864512848954914,0.14135509135123428,0.9430413682985227,0.7148367331997963,1.24409810103279,-0.41487807711028774,0.6782311592657633,0.17253256464732658,0.6778707759494764,-1.8274674353526734,0.8710268666564641
seg,HEADON,TOT,LU_REGSHOPCNTRS,222,too rare (<5 sites),,,,,,,,,,,,
seg,HEADON,TOT,LU_COMMSHOPCNTRS,222,NB2,0.0,0.06005217404013763,0.06208770959548208,1.0618919482932125,0.9402215530393546,1.199307233709794,0.9672151611227648,0.3334364845871811,0.9454034331320145,0.330892080193995,-1.0545965668679855,0.601242941189072
seg,HEADON,TOT,LU_FASTFOOD,222,NB2,0.0,-0.042142456174914016,0.06882828948730242,0.958733193380379,0.8377413283226333,1.0971994636217186,-0.6122839386076642,0.5403499143211886,0.3793296462571334,0.5379622168093825,-1.6206703537428666,0.7862208623208393
seg,HEADON,TOT,LU_RESTOS,222,NB2,0.0,0.003728505450825491,0.06054610551326691,1.003735464974126,0.891417968232962,1.130204819231925,0.06158125975598047,0.9508963011619079,0.003785544060065149,0.9509396913114025,-1.9962144559399349,0.9884003145761826
seg,HEADON,TOT,LU_BARS,222,NB2,0.0,0.09416178596965419,0.16909811277334985,1.0987374918489012,0.7887778828531277,1.5304993994351161,0.5568470542061204,0.5776319316187049,0.30409878913781085,0.5813241851397152,-1.6959012108621891,0.806089026916513
seg,HEADON,TOT,LU_HOTELS,222,NB2,0.0,-0.08045213152264236,0.09829633475172234,0.9226990707262162,0.7610068288522929,1.1187463014004961,-0.818465222796445,0.4130915922294084,0.6876335803485745,0.40697045591430137,-1.3123664196514255,0.6855562594445501
seg,HEADON,TOT,LU_OFFBLDGS,222,NB2,0.0,0.060854662867777944,0.07510162583170879,1.0627444467323657,0.9172781526546956,1.2312794715450377,0.8102975427475285,0.4177691872891539,0.6439625766088284,0.42227952279048453,-1.3560374233911716,0.6884365480680423
seg,HEADON,TOT,LU_DEPTSTRS,222,NB2,0.0,0.27530756100956405,0.1815111126318136,1.3169356506452932,0.9226971439239015,1.8796194605795569,1.5167532004941866,0.12932900685069154,2.21822496972959,0.13638978960902914,0.21822496972959016,0.37828734503827277
seg,HEADON,TOT,LU_BANKINS,222,NB2,0.0,-0.08130135745578941,0.10512024546677959,0.92191582337092,0.7502588200591047,1.1328474423196049,-0.7734129338718345,0.43927803788141007,0.6129209674511458,0.4336901292528732,-1.3870790325488542,0.70890386802931
seg,HEADON,TOT,LU_AUTOSALSER,222,NB2,0.0,0.07079861219530091,0.028108584868227142,1.0733650414712947,1.0158297699469954,1.134159035635262,2.5187540577800105,0.011777088666145841,6.046490046535041,0.013933968675292615,4.046490046535041,0.1312304165656251
seg,HEADON,TOT,LU_REPAIRSTRS,222,NB2,0.0,0.07728816748707604,0.21444732716899095,1.080353354251616,0.7096179206226567,1.6447771908276865,0.36040629886783637,0.7185433168809156,0.1302253595295042,0.7181984928114196,-1.8697746404704958,0.8802234399297221
seg,HEADON,TOT,LU_SINGLESTORE,222,NB2,0.0,0.021302535781480097,0.020321205754991065,1.0215310545888534,0.9816435428640616,1.063039331410264,1.0482909350124565,0.2945045848631228,1.0776690881252762,0.29921958265967874,-0.9223309118747238,0.5695377922146342
seg,HEADON,TOT,LU_PARKSREC,222,NB2,0.0,-0.17459789048347482,0.18657745536644876,0.839794642301839,0.5825794529080697,1.2105731462351488,-0.9357930739303664,0.3493797382142223,0.9032434404030028,0.3419135117799587,-1.0967565595969972,0.6240828911612826
seg,HEADON,TOT,LU_SCHOOLS,222,NB2,0.0,-0.13961071022743526,0.12531523625904742,0.869696733551201,0.6802951211344441,1.1118298292192952,-1.1140761043520417,0.2652465389753246,1.2699933490014246,0.2597679276257055,-0.7300066509985754,0.5444534221072451
seg,HEADON,TOT,LU_HOSPITALS,222,NB2,0.0,0.5256553428544015,0.4742787982939762,1.6915670415896256,0.6676901223306055,4.2855195254415674,1.1083256193303,0.2677212150189905,1.155467172142039,0.2824075965702077,-0.8445328278579609,0.544754472299511
seg,HEADON,TOT,LU_INDUSTRIAL,222,NB2,0.0,-0.03403031967599548,0.031904851962938206,0.9665421989469314,0.9079519416104562,1.0289132932390117,-1.0666189492283584,0.28614394013065536,1.157688700591848,0.28194539981017047,-0.8423112994081521,0.5579806832547779
seg,HEADON,KAB,LU_MXDUSE,39,Firth-Poisson,0.0,0.9106487808160181,0.44347360559251464,2.485934837144599,1.0423111569343346,5.929008793022517,2.0534452768599873,0.040029411931497304,,,0.09994504181446473,0.4065518238308658
seg,HEADON,KAB,LU_GASSTNS,39,Firth-Poisson,0.0,0.06693362793290192,0.2969880009485404,1.0692245091785806,0.5974032972233212,1.9136838653918753,0.22537485595082887,0.8216876705376612,,,-2.0666084936161155,0.9187536392624447
seg,HEADON,KAB,LU_SUPERMKTS,39,Firth-Poisson,0.0,0.43421710315929507,0.21105402148577476,1.5437539856050873,1.0207638514975743,2.334699024240726,2.0573742215500106,0.03965024284466615,,,1.2683592407303195,0.4065518238308658
seg,HEADON,KAB,LU_REGSHOPCNTRS,39,too rare (<5 sites),,,,,,,,,,,,
seg,HEADON,KAB,LU_COMMSHOPCNTRS,39,Firth-Poisson,0.0,0.1979664305192165,0.0675862574221598,1.2189214745738104,1.067689924984405,1.391574020143436,2.9290929557272447,0.003399527408167098,,,4.8205145608793885,0.09943617668888761
seg,HEADON,KAB,LU_FASTFOOD,39,Firth-Poisson,0.0,-0.1617955656374062,0.14934667829015413,0.8506150817184361,0.6347557148775366,1.13988106020669,-1.083355635959081,0.27865059924763524,,,-0.49411478479407833,0.6939770072309449
seg,HEADON,KAB,LU_RESTOS,39,Firth-Poisson,0.0,0.03611733364329496,0.0992433978574089,1.0367774882344305,0.853508544081685,1.2593987108426892,0.3639268145089881,0.7159126605800172,,,-2.0377221256351277,0.9111704245588221
seg,HEADON,KAB,LU_BARS,39,Firth-Poisson,0.0,0.39616400084893766,0.2184262779105164,1.4861130213641485,0.9685535520531044,2.28023727504433,1.8137195059068663,0.06972092046176707,,,-0.09133020340536291,0.48390306541035594
seg,HEADON,KAB,LU_HOTELS,39,Firth-Poisson,0.0,-0.03674469657090756,0.15517239041831454,0.9639221965797441,0.7111424043719333,1.306554067577677,-0.23679919135002697,0.8128125789262928,,,-1.9230957354409952,0.9187536392624447
seg,HEADON,KAB,LU_OFFBLDGS,39,Firth-Poisson,0.0,0.25084478541435806,0.10762916925253922,1.2851106009408009,1.0406979706554036,1.5869246440543647,2.330639427549424,0.01977238063790302,,,1.9917199393424312,0.2891710668293317
seg,HEADON,KAB,LU_DEPTSTRS,39,Firth-Poisson,0.0,-0.034145061990857026,0.3975973417627274,0.9664313020200195,0.4433322226023572,2.106748424559799,-0.0858784966707188,0.9315630055193073,,,-2.0385845643020843,0.970389622926849
seg,HEADON,KAB,LU_BANKINS,39,Firth-Poisson,0.0,-0.19568814117979674,0.22157709911224258,0.8222686264208211,0.5326028495041771,1.269474420997594,-0.8831604979207194,0.37714956107342745,,,-0.957232970111022,0.7354416440931836
seg,HEADON,KAB,LU_AUTOSALSER,39,Firth-Poisson,0.0,0.0789901011896881,0.05137378536728555,1.0821936095880322,0.9785312870746586,1.196837570860236,1.5375565694637021,0.12415707341142118,,,0.004876360875584851,0.5398870661347923
seg,HEADON,KAB,LU_REPAIRSTRS,39,Firth-Poisson,0.0,-0.046658315504698816,0.19556475844107318,0.954413450161672,0.6505317054793739,1.4002469459628635,-0.2385824310915288,0.8114293897213676,,,-1.9160062172304606,0.9187536392624447
seg,HEADON,KAB,LU_SINGLESTORE,39,Firth-Poisson,0.0,0.015409086217251216,0.03213563697632897,1.0155284183313527,0.9535372746505025,1.0815497158373568,0.47950150260290497,0.6315818995090913,,,-1.9491987070506411,0.8769438519610943
seg,HEADON,KAB,LU_PARKSREC,39,Firth-Poisson,0.0,-0.3123065479548029,0.2806457510247791,0.7317571751771221,0.42215943849437254,1.2684036281006645,-1.1128140968263878,0.2657882797836363,,,0.3842119574380263,0.6939770072309449
seg,HEADON,KAB,LU_SCHOOLS,39,Firth-Poisson,0.0,0.014567035232272565,0.276268211740316,1.0146736515555317,0.5904214590194435,1.7437757443147592,0.05272787317986895,0.9579487303252228,,,-2.104670221995036,0.970389622926849
seg,HEADON,KAB,LU_HOSPITALS,39,Firth-Poisson,0.0,0.7331924154338447,0.6553351663700444,2.0817157124027568,0.5762207122732258,7.520625716782092,1.118805235945231,0.26322323747738163,,,-1.718217972527384,0.6939770072309449
seg,HEADON,KAB,LU_INDUSTRIAL,39,Firth-Poisson,0.0,-0.009426348232626211,0.05211144478731444,0.9906179405182333,0.8944334481136372,1.0971458034649766,-0.18088825345561863,0.8564552891411854,,,-1.9862087948052363,0.9256965019524495
seg,OFFROAD,TOT,LU_MXDUSE,1192,NB2,2.0,0.28781919082880786,0.18467014186908726,1.3335161703709084,0.928546993460689,1.9151054164885173,1.5585583457928083,0.1191009483775557,2.3618052390170305,0.12433822902887467,0.36180523901703054,0.3619431418227017
seg,OFFROAD,TOT,LU_GASSTNS,1192,NB2,2.0,0.12429355664121967,0.07268918216321656,1.132348230556864,0.9819869691713229,1.305732718966008,1.7099319725751,0.08727845329325724,2.913766517016029,0.08782654314333803,0.913766517016029,0.3402203897895236
seg,OFFROAD,TOT,LU_SUPERMKTS,1192,NB2,2.0,0.07444096969669459,0.07305209003434607,1.0772817493768714,0.9335683246462422,1.2431184059080576,1.0190121824262046,0.3081971829847858,1.0341682380746988,0.30918167508497113,-0.9658317619253012,0.5863248411696514
seg,OFFROAD,TOT,LU_REGSHOPCNTRS,1192,too rare (<5 sites),,,,,,,,,,,,
seg,OFFROAD,TOT,LU_COMMSHOPCNTRS,1192,NB2,2.0,0.04915039632338919,0.03571828351453984,1.0503783118976189,0.9793585725978141,1.1265481601680667,1.3760570634191183,0.16880396721874202,1.8992933437043575,0.1681574376826685,-0.10070665629564246,0.4540244635538579
seg,OFFROAD,TOT,LU_FASTFOOD,1192,NB2,2.0,-0.0018526748980198962,0.03280532030751347,0.9981490402447548,0.9359894230761163,1.064436714751748,-0.056474830321823564,0.9549635460099761,0.003189271312976416,0.9549644991863553,-1.9968107286870236,0.9884003145761826
seg,OFFROAD,TOT,LU_RESTOS,1192,NB2,2.0,0.03302864055680842,0.02959231545459777,1.0335801411281442,0.9753369306969873,1.0953014025328287,1.1161222111018265,0.2643698259251389,1.2419822997312622,0.2650893580751084,-0.7580177002687378,0.5444534221072451
seg,OFFROAD,TOT,LU_BARS,1192,NB2,2.0,-0.09636334334265245,0.08878718899953855,0.9081339916761421,0.7630847083196703,1.0807546499702076,-1.0853293637120698,0.27777580506269506,1.1868887320306385,0.27595803540347796,-0.8131112679693615,0.5536598506572368
seg,OFFROAD,TOT,LU_HOTELS,1192,NB2,2.0,0.0725429241391411,0.03905817226343514,1.0752389588062927,0.9959969401934456,1.1607855123634132,1.8573046288459634,0.06326782624061479,3.4223641309297363,0.0643188424654176,1.4223641309297363,0.27416058037599744
seg,OFFROAD,TOT,LU_OFFBLDGS,1192,NB2,2.0,-0.020543878808948493,0.03799445979519706,0.9796657089669273,0.9093610945028511,1.0554057207058831,-0.5407072220446592,0.5887093998073757,0.2926407813811238,0.5885332042008293,-1.7073592186188762,0.806089026916513
seg,OFFROAD,TOT,LU_DEPTSTRS,1192,NB2,2.0,-0.026222915765386712,0.10268679732936975,0.9741179191627635,0.7965311526012144,1.1912976878998032,-0.25536793869689245,0.7984389312482351,0.06526338183402913,0.7983624378148897,-1.9347366181659709,0.9203680291235813
seg,OFFROAD,TOT,LU_BANKINS,1192,NB2,2.0,-0.04512150834988325,0.050366015957126475,0.9558813272136109,0.8660272541363272,1.0550581489804027,-0.8958720973342907,0.3703210781031252,0.8049805005975941,0.36960844099455237,-1.195019499402406,0.6400773763831143
seg,OFFROAD,TOT,LU_AUTOSALSER,1192,NB2,2.0,0.01979358696346842,0.01503761833880761,1.0199907789023155,0.9903665568079841,1.050501132024256,1.316271401328698,0.18808296608825892,1.7279868809200707,0.1886681957615014,-0.2720131190799293,0.4792789292114539
seg,OFFROAD,TOT,LU_REPAIRSTRS,1192,NB2,2.0,0.05420214328939589,0.08865514339039207,1.0556979828504776,0.8873090481859086,1.256042901031094,0.6113818241849464,0.5409468326224578,0.37432599142175604,0.5406556233911085,-1.625674008578244,0.7862208623208393
seg,OFFROAD,TOT,LU_SINGLESTORE,1192,NB2,2.0,0.0005280006812610733,0.010228930283585094,1.0005281400981572,0.9806685925157794,1.02078986394394,0.051618367377905,0.9588327837982626,0.002663910004457648,0.95883699707416,-1.9973360899955424,0.9884003145761826
seg,OFFROAD,TOT,LU_PARKSREC,1192,NB2,2.0,-0.030904209683727698,0.07123653828759004,0.9695684438957808,0.8432196269459319,1.1148494856592843,-0.43382525915231696,0.6644153376508111,0.18837244666792685,0.6642746820799447,-1.8116275533320731,0.8710268666564641
seg,OFFROAD,TOT,LU_SCHOOLS,1192,NB2,2.0,-0.021757004264400314,0.06378450323183815,0.9784779721400991,0.8634885593886543,1.1087803440514008,-0.341101727880829,0.7330270004920492,0.11633448826341919,0.7330445469040634,-1.8836655117365808,0.8802234399297221
seg,OFFROAD,TOT,LU_HOSPITALS,1192,NB2,2.0,0.35044714914147723,0.2211806233794582,1.4197022253163099,0.9202896029281271,2.19013058732284,1.5844387441672454,0.11309391096871413,2.499234642994452,0.11390163969013309,0.49923464299445186,0.3616265015876078
seg,OFFROAD,TOT,LU_INDUSTRIAL,1192,NB2,2.0,0.00543623575601147,0.013933840573330048,1.005451038897909,0.9783634113042444,1.0332886327721755,0.39014625776734174,0.6964283989216546,0.15192285632269886,0.696704538989833,-1.8480771436773011,0.8714665526613218
seg,OFFROAD,KAB,LU_MXDUSE,189,NB2,1.0,0.4321451314357793,0.32708301295639547,1.5405586824308986,0.8114458894168979,2.924805073223905,1.3212093392737276,0.18643157314447711,1.5701157130230285,0.2101902101714113,-0.42988428697697145,0.6513538419727775
seg,OFFROAD,KAB,LU_GASSTNS,189,NB2,1.0,0.05027589600688244,0.13496532548124882,1.0515611778879905,0.8071416157262948,1.3699961559362253,0.3725097229796807,0.7095133741679567,0.1379071271403518,0.7103705396804658,-1.8620928728596482,0.9111704245588221
seg,OFFROAD,KAB,LU_SUPERMKTS,189,NB2,1.0,0.12933008730790316,0.13674565415775225,1.138065723222876,0.8704966267603659,1.4878789308983207,0.9457710967450976,0.3442653506421902,0.8719248716862467,0.35042297345796636,-1.1280751283137533,0.7192686790202902
seg,OFFROAD,KAB,LU_REGSHOPCNTRS,189,too rare (<5 sites),,,,,,,,,,,,
seg,OFFROAD,KAB,LU_COMMSHOPCNTRS,189,NB2,1.0,-0.04249604359322788,0.06699387080168294,0.9583942573109759,0.8404615864716314,1.0928751143793776,-0.634327335989076,0.5258672202138601,0.41090244853717195,0.5215118131991483,-1.589097551462828,0.8189857430221246
seg,OFFROAD,KAB,LU_FASTFOOD,189,NB2,1.0,-0.08224999517248606,0.0730143058385591,0.9210416739403657,0.7982303734858792,1.0627480403060332,-1.1264915036561172,0.2599575348819313,1.329040230643841,0.24897603352205067,-0.6709597693561591,0.6939770072309449
seg,OFFROAD,KAB,LU_RESTOS,189,NB2,1.0,-0.01007436849460079,0.05812630186724294,0.9899762079712054,0.8833781446586937,1.1094375588471292,-0.17331858678382903,0.8624010146394614,0.03024634714381591,0.861932444922447,-1.969753652856184,0.9256965019524495
seg,OFFROAD,KAB,LU_BARS,189,NB2,1.0,-0.20516654839735998,0.205136640099804,0.8145116495043192,0.5448556602397309,1.2176238141425288,-1.0001457969553436,0.3172399558165916,1.103266745069618,0.2935503064772058,-0.8967332549303819,0.7166505005951493
seg,OFFROAD,KAB,LU_HOTELS,189,NB2,1.0,0.045614559829265135,0.07854785734973682,1.0466709041860607,0.8973231363729143,1.2208756659255289,0.580723158700114,0.5614270508776144,0.32671921771895995,0.5675973476075078,-1.67328078228104,0.8317193625032685
seg,OFFROAD,KAB,LU_OFFBLDGS,189,NB2,1.0,-0.06944318950174656,0.07012688690674004,0.9329131311389345,0.8131075520504569,1.0703712049613865,-0.9902505667205402,0.3220516620344591,1.012983075411853,0.31418924563150785,-0.987016924588147,0.7166505005951493
seg,OFFROAD,KAB,LU_DEPTSTRS,189,NB2,1.0,-0.1958918087866284,0.21505637949975542,0.822101173990402,0.5393436656705433,1.2530977617696522,-0.9108858302287711,0.36235553240914353,0.8806311823483384,0.34802886195026583,-1.1193688176516616,0.7354416440931836
seg,OFFROAD,KAB,LU_BANKINS,189,NB2,1.0,-0.11640054936757054,0.10842366301237649,0.8901186154342384,0.7197071190172463,1.1008799671517209,-1.073571452334012,0.2830147981979785,1.2078419981152138,0.2717599301517099,-0.7921580018847862,0.697110134508705
seg,OFFROAD,KAB,LU_AUTOSALSER,189,NB2,1.0,0.035542676649096626,0.027437623870265375,1.03618186795446,0.9819301866919445,1.0934309567309712,1.2953992232401303,0.19518254586943662,1.619196908641129,0.20320380356575074,-0.3808030913588709,0.6513538419727775
seg,OFFROAD,KAB,LU_REPAIRSTRS,189,NB2,1.0,0.22123442849557137,0.2285602782073186,1.2476158729964633,0.7971250458792706,1.9526991086270242,0.9679478439158083,0.33307041826669626,0.9543865874476296,0.32860523698383204,-1.0456134125523704,0.7166505005951493
seg,OFFROAD,KAB,LU_SINGLESTORE,189,NB2,1.0,-0.012522450249193384,0.020592331131316,0.9875556293750369,0.9484905817647199,1.0282296312271104,-0.6081123195493753,0.5431129819927724,0.37676073020918466,0.5393419574766801,-1.6232392697908153,0.8317193625032685
seg,OFFROAD,KAB,LU_PARKSREC,189,NB2,1.0,-0.010751228588063114,0.1599834930458864,0.9893063593050416,0.723019652755762,1.3536659326354616,-0.06720211181399477,0.9464208039428463,0.0045189062718691275,0.9464043259220029,-1.9954810937281309,0.970389622926849
seg,OFFROAD,KAB,LU_SCHOOLS,189,NB2,1.0,0.11122948801615273,0.11311524625320254,1.1176513650208038,0.8954074663555004,1.3950571339517095,0.9833288765262586,0.32544560243067866,0.9271939158678606,0.33559314738370816,-1.0728060841321394,0.7166505005951493
seg,OFFROAD,KAB,LU_HOSPITALS,189,NB2,1.0,0.09235784851896685,0.40286502822701864,1.0967572248148272,0.49794900499655664,2.4156618410992494,0.22925258349037494,0.8186726049432054,0.0514531839354504,0.820553646650094,-1.9485468160645496,0.9187536392624447
seg,OFFROAD,KAB,LU_INDUSTRIAL,189,NB2,1.0,0.024775955652079074,0.022589885352609675,1.025085430198208,0.9806886797911264,1.0714920655844131,1.0967720847337923,0.27274103602454247,1.131035801431949,0.2875545083973272,-0.868964198568051,0.6939770072309449
seg,OFFROAD,KSI,LU_MXDUSE,83,Firth-Poisson,0.0,-0.045406712397971345,0.4885319289280183,0.9556087448622403,0.36680339126615535,2.489584597636858,-0.0929452297981975,0.9259470730589258,,,-1.98483972447292,0.9737133337302168
seg,OFFROAD,KSI,LU_GASSTNS,83,Firth-Poisson,0.0,0.021566926487220413,0.18232386319713198,1.021801173612218,0.7147747324936979,1.4607086553727768,0.11828910439387656,0.9058385902221113,,,-2.0304584164941275,0.9728688063854889
seg,OFFROAD,KSI,LU_SUPERMKTS,83,Firth-Poisson,0.0,0.024467741997841345,0.20100031151998698,1.0247695335561906,0.691084712555703,1.5195714473575883,0.12172987102762939,0.9031129554965373,,,-2.059278504008887,0.9728688063854889
seg,OFFROAD,KSI,LU_REGSHOPCNTRS,83,too rare (<5 sites),,,,,,,,,,,,
seg,OFFROAD,KSI,LU_COMMSHOPCNTRS,83,Firth-Poisson,0.0,-0.15233015008408407,0.10935240672993446,0.8587047324973234,0.6930446393122622,1.0639629481082593,-1.3930205529018755,0.16361357564201073,,,0.8946302544068772,0.651261095314515
seg,OFFROAD,KSI,LU_FASTFOOD,83,Firth-Poisson,0.0,-0.1728747795854136,0.11245690436505655,0.8412429490403365,0.6748328069885793,1.0486889374393722,-1.5372535867093506,0.12423122246857148,,,1.1258410462297093,0.5590405011085716
seg,OFFROAD,KSI,LU_RESTOS,83,Firth-Poisson,0.0,0.014676477370683283,0.08602410259549882,1.0147847056866368,0.8573313773949296,1.2011551496279163,0.1706088982955717,0.8645313006871544,,,-2.055500568004561,0.9728688063854889
seg,OFFROAD,KSI,LU_BARS,83,Firth-Poisson,0.0,0.035788191045937716,0.24651753098186358,1.036436296752477,0.6392969834898473,1.6802835379608012,0.14517503442207796,0.8845726767385758,,,-2.092746338309837,0.9728688063854889
seg,OFFROAD,KSI,LU_HOTELS,83,Firth-Poisson,0.0,-0.12187237796505336,0.14783039924502625,0.8852613401473274,0.662576033284382,1.1827889947583994,-0.824406743047836,0.4097084847249509,,,-0.8444284588563278,0.802860807554623
seg,OFFROAD,KSI,LU_OFFBLDGS,83,Firth-Poisson,0.0,-0.056981364986571935,0.1025073327234712,0.9446116720537027,0.7726757893068564,1.1548067421402433,-0.5558759892844706,0.5782956333677552,,,-1.502922434007985,0.8303685649301741
seg,OFFROAD,KSI,LU_DEPTSTRS,83,Firth-Poisson,0.0,-0.13550416043284239,0.28972397508048214,0.8732755297167271,0.49491801737710595,1.5408817703659283,-0.467700888044218,0.6399985059524557,,,-1.649439336640853,0.8347806599379857
seg,OFFROAD,KSI,LU_BANKINS,83,Firth-Poisson,0.0,-0.07121874057890679,0.14252830989681117,0.9312581658964877,0.7042835542616845,1.2313815455452999,-0.49968136597191337,0.6172994553077407,,,-1.6617415282502748,0.8303685649301741
seg,OFFROAD,KSI,LU_AUTOSALSER,83,Firth-Poisson,0.0,0.06793249090755342,0.03674626272579587,1.0702930515272406,0.9959181693748382,1.1502222284653845,1.8486911557366301,0.064502421503411,,,1.1119639742575487,0.4077450417283485
seg,OFFROAD,KSI,LU_REPAIRSTRS,83,Firth-Poisson,0.0,0.09099689356740646,0.14098416997642935,1.0952656028844134,0.8308283369060027,1.4438683511073809,0.6454405028778757,0.5186417630679601,,,-1.831718499318356,0.802860807554623
seg,OFFROAD,KSI,LU_SINGLESTORE,83,Firth-Poisson,0.0,0.019433249826762547,0.024729290669858146,1.0196233045568823,0.9713813387929103,1.0702611236977209,0.7858393548849019,0.4319616072218466,,,-1.5139230919756415,0.802860807554623
seg,OFFROAD,KSI,LU_PARKSREC,83,Firth-Poisson,0.0,0.03432043360093217,0.136221568729996,1.0349161755191745,0.7924119835937551,1.3516346452684764,0.25194566411842245,0.8010830629061768,,,-2.0706770327791446,0.942450662242561
seg,OFFROAD,KSI,LU_SCHOOLS,83,Firth-Poisson,0.0,0.2882725260769584,0.1476508962941979,1.3341208373029776,0.9988773999277675,1.7818787457346692,1.9523926593887286,0.0508916038943432,,,1.169977747896894,0.4077450417283485
seg,OFFROAD,KSI,LU_HOSPITALS,83,Firth-Poisson,0.0,0.6238577401287297,0.4998543356032953,1.866113153385522,0.7005729647634947,4.970757474796457,1.2480790816303904,0.21200209799503955,,,-1.2393606983692962,0.651261095314515
seg,OFFROAD,KSI,LU_INDUSTRIAL,83,Firth-Poisson,0.0,0.06004919886680374,0.030602718174831445,1.0618887889853044,1.000067873547439,1.1275312706254903,1.9622178175071365,0.049737130404289925,,,0.7111112639617545,0.4077450417283485
seg,OFFROAD,FAT,LU_MXDUSE,25,Firth-Poisson,0.0,0.6622421815787229,0.5645558830738899,1.9391353572362782,0.6412811227024768,5.86364669185567,1.1730321150369585,0.2407829273169798,,,-1.9979460749844407,0.5673023083258004
seg,OFFROAD,FAT,LU_GASSTNS,25,Firth-Poisson,0.0,0.03247482837582124,0.2766032808551493,1.0330078903303184,0.6006952154590224,1.7764504760858875,0.11740579603908441,0.9065384912643744,,,-2.0982823494367437,0.930492810769857
seg,OFFROAD,FAT,LU_SUPERMKTS,25,Firth-Poisson,0.0,-0.5208730260179094,0.4750178896939331,0.5940017425618961,0.23412313365655754,1.5070619663076874,-1.096533493409105,0.27284537418088384,,,-0.39191853502120466,0.5824897169037042
seg,OFFROAD,FAT,LU_REGSHOPCNTRS,25,too rare (<5 sites),,,,,,,,,,,,
seg,OFFROAD,FAT,LU_COMMSHOPCNTRS,25,Firth-Poisson,0.0,-0.030595690642032533,0.1517544148806511,0.9698676203713961,0.7203382801208121,1.3058353651386034,-0.20161318315579052,0.8402191381995171,,,-2.0431104946547975,0.9191053778388222
seg,OFFROAD,FAT,LU_FASTFOOD,25,Firth-Poisson,0.0,-0.12227880329864091,0.1758221138876456,0.8849016206163626,0.6269489591555044,1.2489866467347335,-0.6954688497078354,0.4867615261817796,,,-1.4169047011379234,0.7553196095924166
seg,OFFROAD,FAT,LU_RESTOS,25,Firth-Poisson,0.0,-0.026002058178262743,0.14515340667149162,0.9743330842555109,0.7330783192533379,1.2949843613459644,-0.17913501842302673,0.8578316859829006,,,-2.061719410581759,0.9191053778388222
seg,OFFROAD,FAT,LU_BARS,25,Firth-Poisson,0.0,0.274028592820214,0.3352503980400381,1.3152524084767394,0.6817705004749405,2.5373478271629155,0.817384839577394,0.41370853671342267,,,-2.1572175811372745,0.6769776055310553
seg,OFFROAD,FAT,LU_HOTELS,25,Firth-Poisson,0.0,-0.14226527466922922,0.2670626128048113,0.8673911290689202,0.5139095530875591,1.4640073652401415,-0.5327038224298621,0.5942386197239857,,,-1.4922725279693623,0.8139652963897019
seg,OFFROAD,FAT,LU_OFFBLDGS,25,Firth-Poisson,0.0,-0.15963668581723814,0.18309155488349899,0.8524534411376019,0.5954153001972696,1.2204538060519783,-0.8718954072939893,0.38326543941795266,,,-0.7999843694096285,0.664325837387865
seg,OFFROAD,FAT,LU_DEPTSTRS,25,Firth-Poisson,0.0,-0.2007770630400597,0.47753687134101347,0.818094794791845,0.32086033921040696,2.0858891283120706,-0.42044305914272107,0.6741618178866808,,,-1.7443939122481993,0.8311584056137161
seg,OFFROAD,FAT,LU_BANKINS,25,Firth-Poisson,0.0,-0.06195152978781,0.23676003018117472,0.9399284442181256,0.5909634020593965,1.494958024763623,-0.2616638025447249,0.7935806497987159,,,-1.9800853754429397,0.9156699805369798
seg,OFFROAD,FAT,LU_AUTOSALSER,25,Firth-Poisson,0.0,0.05783472268431494,0.06065531315166112,1.0595398633335085,0.9407764904024845,1.1932958927497295,0.9534980478908148,0.3403377847859401,,,-1.599654216289366,0.6381333464736377
seg,OFFROAD,FAT,LU_REPAIRSTRS,25,Firth-Poisson,0.0,-0.07156815632555058,0.2989516806666197,0.9309328264718019,0.5181381101068065,1.6725963801893164,-0.2393970696734796,0.8107977020203585,,,-2.0278564389113853,0.9191053778388222
seg,OFFROAD,FAT,LU_SINGLESTORE,25,Firth-Poisson,0.0,-0.020419902618084063,0.04360248316540463,0.9797871717189346,0.8995318932097592,1.067202740793909,-0.46831971795326,0.6395559697544485,,,-1.8364639737857829,0.8160138671790187
seg,OFFROAD,FAT,LU_PARKSREC,25,Firth-Poisson,0.0,-0.43477428120897954,0.4431812949365311,0.6474107833661333,0.27160414573757524,1.5432044355601457,-0.9810303056026868,0.32657779701272327,,,0.12494404878586352,0.6253617389605339
seg,OFFROAD,FAT,LU_SCHOOLS,25,Firth-Poisson,0.0,0.2986232485110546,0.24894935282087333,1.3480016661572558,0.8275237402505957,2.1958385041768955,1.199534142697383,0.23032031700126965,,,-1.270511451306561,0.5673023083258004
seg,OFFROAD,FAT,LU_HOSPITALS,25,Firth-Poisson,0.0,-0.6362604078672284,1.3741079390938788,0.5292679742173505,0.03581057749392549,7.822397965507683,-0.46303524618800646,0.6433391032828042,,,-1.2693502920253081,0.8160138671790187
seg,OFFROAD,FAT,LU_INDUSTRIAL,25,Firth-Poisson,0.0,0.05434506454353816,0.05210999454843324,1.0558488753127953,0.953333465908602,1.1693881389517635,1.042891388004801,0.29699859867357903,,,-1.9334542315133945,0.5939971973471581
seg,ROLLOVER,TOT,LU_MXDUSE,107,Firth-Poisson,1.0,0.06595261830142744,0.3929407732307424,1.0681761039687525,0.49449843277796784,2.307388888332792,0.16784366193196956,0.8667062724598334,,,-2.081814041193468,0.9657584178838143
seg,ROLLOVER,TOT,LU_GASSTNS,107,Firth-Poisson,1.0,0.3016817331446266,0.14341471660179106,1.352130819796918,1.020802301903255,1.7910008141987472,2.10356189582889,0.03541668074515476,,,2.616015341226671,0.23016671979706688
seg,ROLLOVER,TOT,LU_SUPERMKTS,107,Firth-Poisson,1.0,0.4249639641486847,0.16114463054508907,1.5295353005635801,1.1152967224302754,2.09762854011828,2.6371586984387774,0.008360370877811212,,,4.612103889956813,0.11169217817614005
seg,ROLLOVER,TOT,LU_REGSHOPCNTRS,107,too rare (<5 sites),,,,,,,,,,,,
seg,ROLLOVER,TOT,LU_COMMSHOPCNTRS,107,Firth-Poisson,1.0,0.09310592546411572,0.06969243266741013,1.0975779905688292,0.95744093878199,1.2582263788653545,1.3359545922071725,0.18156411550811014,,,-0.4350248660706484,0.4792789292114539
seg,ROLLOVER,TOT,LU_FASTFOOD,107,Firth-Poisson,1.0,0.048420556225401944,0.08114618758704957,1.0496119833702,0.8952735441835034,1.2305572110243368,0.5967077156084356,0.5507025403963206,,,-1.738499344541026,0.7905791070720185
seg,ROLLOVER,TOT,LU_RESTOS,107,Firth-Poisson,1.0,0.00234554492634885,0.07385268683196529,1.0023482978688123,0.8672693154925964,1.1584661099993476,0.03175977783564726,0.9746636230795038,,,-2.050353124047149,0.990709646876253
seg,ROLLOVER,TOT,LU_BARS,107,Firth-Poisson,1.0,-0.27489541355202307,0.24960171998689046,0.759651568329687,0.46574603405042764,1.2390239810464436,-1.1013362150167119,0.2707503550210367,,,-0.0346840063223226,0.5461688196114016
seg,ROLLOVER,TOT,LU_HOTELS,107,Firth-Poisson,1.0,0.03755152566308857,0.108770281660242,1.0382654930215962,0.83892142807733,1.2849775889858557,0.34523699938909425,0.7299162052448323,,,-2.0556572469682806,0.8802234399297221
seg,ROLLOVER,TOT,LU_OFFBLDGS,107,Firth-Poisson,1.0,-0.11732962693623654,0.09924008896570054,0.8892920102448157,0.7320985072646522,1.0802375249200968,-1.1822805497160338,0.23709440057707465,,,0.11037301617255935,0.5185055115423876
seg,ROLLOVER,TOT,LU_DEPTSTRS,107,Firth-Poisson,1.0,-0.1527437611370894,0.27528764132784994,0.8583496361696398,0.5004199975093228,1.472291478317325,-0.5548515015070414,0.5789962369400024,,,-1.5119101954814482,0.806089026916513
seg,ROLLOVER,TOT,LU_BANKINS,107,Firth-Poisson,1.0,0.0870958508736601,0.12321318733929648,1.0910012481295084,0.8569274700799197,1.3890133820883763,0.7068711779512789,0.4796465366109596,,,-1.6005883982797968,0.7527533849677196
seg,ROLLOVER,TOT,LU_AUTOSALSER,107,Firth-Poisson,1.0,0.08784116912733257,0.03387327582166983,1.0918146943750306,1.0216812437030494,1.1667624654952677,2.5932292344497054,0.009507937353845296,,,5.100543462049586,0.11169217817614005
seg,ROLLOVER,TOT,LU_REPAIRSTRS,107,Firth-Poisson,1.0,0.09453816563573135,0.14983359921231318,1.0991511121334392,0.8194386971188505,1.474342341351436,0.6309543796099526,0.5280703539210162,,,-1.8447046258481805,0.7862208623208393
seg,ROLLOVER,TOT,LU_SINGLESTORE,107,Firth-Poisson,1.0,0.02500605683573629,0.02322219883925701,1.0253213307084987,0.9796994354405263,1.0730677115610792,1.076816928871683,0.2815620608043212,,,-0.8656132854542875,0.5536598506572368
seg,ROLLOVER,TOT,LU_PARKSREC,107,Firth-Poisson,1.0,-0.04419546617430852,0.14908855273406274,0.956766923623981,0.7143308636326796,1.2814831232206305,-0.2964376899757176,0.7668958456136242,,,-1.8399099717814238,0.903913034279869
seg,ROLLOVER,TOT,LU_SCHOOLS,107,Firth-Poisson,1.0,-0.3296018893022984,0.19537418211175664,0.7192100016404742,0.4903993174219316,1.0547792545450183,-1.687028888565029,0.0915977972510256,,,1.9955248664498981,0.3402203897895236
seg,ROLLOVER,TOT,LU_HOSPITALS,107,Firth-Poisson,1.0,0.2475499306235986,0.5990055112929978,1.2808833160898139,0.3959367227580298,4.14374816765835,0.413268201972372,0.6794101242214314,,,-2.075087542256256,0.8710268666564641
seg,ROLLOVER,TOT,LU_INDUSTRIAL,107,Firth-Poisson,1.0,-0.009064777514842807,0.03154019360481675,0.9909761837192583,0.9315703606781424,1.0541702893852352,-0.28740399087019086,0.7738030057746266,,,-1.8713235794992897,0.903913034279869
seg,ROLLOVER,KAB,LU_MXDUSE,20,Firth-Poisson,0.0,-0.9646510930733039,1.1617529174226526,0.38111615060907206,0.03909788868707752,3.7150220928191517,-0.8303410119368421,0.4063460065572465,,,-0.7334683064741512,0.7536139861663382
seg,ROLLOVER,KAB,LU_GASSTNS,20,Firth-Poisson,0.0,0.39214169233211904,0.31715346911714526,1.480147422084855,0.7949475771947765,2.755950774559876,1.2364414408699902,0.21629452012347283,,,-1.0336022860779508,0.6513538419727775
seg,ROLLOVER,KAB,LU_SUPERMKTS,20,Firth-Poisson,0.0,0.8691698674879094,0.2621105945271108,2.384930223427764,1.4267984700605485,3.9864720140734584,3.316042486020186,0.000913019473327288,,,5.6546976949680925,0.05341163918964635
seg,ROLLOVER,KAB,LU_REGSHOPCNTRS,20,too rare (<5 sites),,,,,,,,,,,,
seg,ROLLOVER,KAB,LU_COMMSHOPCNTRS,20,Firth-Poisson,0.0,0.1434064717342373,0.1139033172433377,1.154198855541448,0.9232603360140328,1.442902880334437,1.2590192735815624,0.2080233703972686,,,-1.3688073186400516,0.6513538419727775
seg,ROLLOVER,KAB,LU_FASTFOOD,20,Firth-Poisson,0.0,-0.3571273309767648,0.23564537779805894,0.6996834006914885,0.44087571376175483,1.1104192086837381,-1.5155286910945152,0.1296385701515565,,,1.0459802926267798,0.5515531893720768
seg,ROLLOVER,KAB,LU_RESTOS,20,Firth-Poisson,0.0,-0.3549107311461716,0.19745773953930598,0.7012360389520661,0.4761949733956007,1.0326274106145918,-1.79740096272865,0.07227198802315841,,,1.8636171733789126,0.48390306541035594
seg,ROLLOVER,KAB,LU_BARS,20,Firth-Poisson,0.0,-0.17453327646704506,0.45125143186833855,0.8398489065597512,0.3468072659338115,2.0338275899450897,-0.3867761166860265,0.6989219599131862,,,-1.7415908163717404,0.9111704245588221
seg,ROLLOVER,KAB,LU_HOTELS,20,Firth-Poisson,0.0,-0.07114813711716535,0.20030097869635874,0.9313239182679202,0.6289282772819301,1.379114713185487,-0.35520613818378083,0.7224351665803368,,,-1.8682915200145658,0.9111704245588221
seg,ROLLOVER,KAB,LU_OFFBLDGS,20,Firth-Poisson,0.0,-0.8550184631763978,0.49090997945163406,0.42527533907618487,0.1624797300898142,1.113118011252174,-1.7417011243721048,0.0815607556700411,,,4.686314245864338,0.48390306541035594
seg,ROLLOVER,KAB,LU_DEPTSTRS,20,Firth-Poisson,0.0,0.43883111524291496,0.3825918984779705,1.5508933430236302,0.732677969538609,3.282847664915718,1.146995315344302,0.2513835570677715,,,-1.4628104250315914,0.6939770072309449
seg,ROLLOVER,KAB,LU_BANKINS,20,Firth-Poisson,0.0,-0.08638849724940165,0.26263668895469505,0.917237817622589,0.548177352962349,1.534768281707609,-0.3289277579352354,0.7422102928735936,,,-1.9652089666471113,0.9111704245588221
seg,ROLLOVER,KAB,LU_AUTOSALSER,20,Firth-Poisson,0.0,0.1656933397735895,0.05593481790564249,1.1802111224137726,1.0576623014162516,1.316959384487876,2.962257605863681,0.003053921603221196,,,4.725680190841672,0.09943617668888761
seg,ROLLOVER,KAB,LU_REPAIRSTRS,20,Firth-Poisson,0.0,-0.05137273491041117,0.21907612122033027,0.9499245345008314,0.6183121001970638,1.459386968100784,-0.2344971904023458,0.8145990141264323,,,-2.0656030762936837,0.9187536392624447
seg,ROLLOVER,KAB,LU_SINGLESTORE,20,Firth-Poisson,0.0,0.00836455562847116,0.0396387476440656,1.0083996362670025,0.9330211684995143,1.0898679052038596,0.21101967457651086,0.8328719189316369,,,-2.157446640921421,0.9193020237264294
seg,ROLLOVER,KAB,LU_PARKSREC,20,Firth-Poisson,0.0,-0.06879856433352877,0.2034569406474956,0.933514704296795,0.6265202592346424,1.3909361912779905,-0.338148033262367,0.735251634910479,,,-1.9535538737212903,0.9111704245588221
seg,ROLLOVER,KAB,LU_SCHOOLS,20,Firth-Poisson,0.0,0.2806451513327514,0.28016425792107225,1.3239837067152,0.7645431644454576,2.2927846813185067,1.0017164695284388,0.3164805500222574,,,-1.682048873573251,0.7166505005951493
seg,ROLLOVER,KAB,LU_HOSPITALS,20,Firth-Poisson,0.0,-0.27383278859376936,1.372477898238701,0.7604592220862922,0.05161776054327252,11.203473811524349,-0.19951708435172516,0.8418582806186486,,,-1.8504406739134538,0.9205366246016999
seg,ROLLOVER,KAB,LU_INDUSTRIAL,20,Firth-Poisson,0.0,0.05675005572993482,0.05178610022235639,1.0583912385072116,0.9562358410406544,1.1714599742776262,1.0958549781942348,0.27314224427608336,,,-1.640946614919244,0.6939770072309449
seg,SINGLE,TOT,LU_MXDUSE,566,NB2,2.0,0.14281483153196026,0.2700159012604023,1.1535161870640587,0.6794875723661291,1.9582397794051722,0.5289126709401836,0.5968660316836194,0.2748621233383801,0.6000887100223435,-1.7251378766616199,0.8068013776954855
seg,SINGLE,TOT,LU_GASSTNS,566,NB2,2.0,-0.0011034957476150267,0.09476952196740558,0.9988971128799242,0.8295667032312753,1.2027910935109847,-0.011643994025785588,0.990709646876253,0.0001356005551542694,0.9907090316582309,-1.9998643994449594,0.990709646876253
seg,SINGLE,TOT,LU_SUPERMKTS,566,NB2,2.0,-0.06738396321445637,0.09595677990986037,0.934836189709167,0.7745606978424469,1.1282765882961405,-0.7022324350374757,0.4825342211331536,0.49644882390145995,0.48106464785358893,-1.5035511760984264,0.7527533849677196
seg,SINGLE,TOT,LU_REGSHOPCNTRS,566,too rare (<5 sites),,,,,,,,,,,,
seg,SINGLE,TOT,LU_COMMSHOPCNTRS,566,NB2,2.0,0.03257894796430707,0.041123668498004716,1.0331154522863182,0.9531114436990517,1.119834983420655,0.7922189132005033,0.4282330424290677,0.6255012708825234,0.42901029519734113,-1.3744987291174766,0.6958786939472349
seg,SINGLE,TOT,LU_FASTFOOD,566,NB2,2.0,0.02690082216256121,0.043681683539625066,1.02726591569911,0.9429752171291453,1.1190911939020827,0.6158375772801569,0.5380017237330673,0.37767255187679893,0.5388514867383258,-1.6223274481230874,0.7862208623208393
seg,SINGLE,TOT,LU_RESTOS,566,NB2,2.0,0.018737384897830122,0.042116555832781365,1.0189140312663438,0.9381822386848847,1.106592898802613,0.44489357041028277,0.6563966693210899,0.19699543129866015,0.6571570563392536,-1.8030045687014535,0.8677786475770342
seg,SINGLE,TOT,LU_BARS,566,NB2,2.0,0.05075555223480826,0.11940650034921527,1.0520656867417437,0.8325340238695894,1.329485855815012,0.42506523586545947,0.6707891195144736,0.17919943223068913,0.6720621403531764,-1.8208005677693109,0.8710268666564641
seg,SINGLE,TOT,LU_HOTELS,566,NB2,2.0,0.12443722051039029,0.05388222987196277,1.1325109197709153,1.0190064153596445,1.2586583990717028,2.3094296729382444,0.02091975002442946,5.209655929691053,0.02246177944747867,3.2096559296910527,0.16589564438778875
seg,SINGLE,TOT,LU_OFFBLDGS,566,NB2,2.0,0.04306656619057818,0.04749715034042322,1.0440073881323988,0.9512029345791494,1.1458663412947436,0.9067189480191968,0.36455544079076296,0.8177308445989411,0.3658444499294704,-1.1822691554011726,0.6400773763831143
seg,SINGLE,TOT,LU_DEPTSTRS,566,NB2,2.0,0.14292338785249772,0.12612150542372386,1.153641415334044,0.9009777082705795,1.4771603147968748,1.1332198055543776,0.25712195896316015,1.2706639209056902,0.2596421657442203,-0.7293360790943098,0.5444534221072451
seg,SINGLE,TOT,LU_BANKINS,566,NB2,2.0,0.04872401858894152,0.0662130464558105,1.0499305494374342,0.9221443070220743,1.1954247835698066,0.7358673433257468,0.46181143292378046,0.5352560129936137,0.46440546582811626,-1.4647439870063863,0.7394072035720607
seg,SINGLE,TOT,LU_AUTOSALSER,566,NB2,2.0,-0.0019179531563564935,0.020175640953796554,0.9980838849404828,0.9593855903887606,1.0383431347704732,-0.0950628116721904,0.9242649362481289,0.009039226615414009,0.9242553763953112,-1.990960773384586,0.9875707537993705
seg,SINGLE,TOT,LU_REPAIRSTRS,566,NB2,2.0,0.10040717269937552,0.15484631916857064,1.1056210051269932,0.816203463257733,1.4976630975063943,0.6484311234422633,0.5167061456203095,0.4269063232741246,0.5135108858581359,-1.5730936767258754,0.7851249225659248
seg,SINGLE,TOT,LU_SINGLESTORE,566,NB2,2.0,0.01175678769279892,0.013580049823352175,1.0118261703603864,0.9852497565901285,1.039119464052881,0.8657396582287951,0.3866329465936609,0.7470374199729122,0.38741582515441764,-1.2529625800270878,0.650878485632494
seg,SINGLE,TOT,LU_PARKSREC,566,NB2,2.0,0.10773091861053083,0.11809589770046454,1.1137480161987856,0.8836121642106629,1.403822507009984,0.9122325221133152,0.36164632715905276,0.8366256467203357,0.36036362424115,-1.163374353279778,0.6400773763831143
seg,SINGLE,TOT,LU_SCHOOLS,566,NB2,2.0,0.032632860040959104,0.08042163338009803,1.0331711511871806,0.8825026023115874,1.2095631501249209,0.40577216190979243,0.6849100148067924,0.16420505741109537,0.6853141644641514,-1.8357949425890183,0.8710268666564641
seg,SINGLE,TOT,LU_HOSPITALS,566,NB2,2.0,-0.24816110546840442,0.369234793896361,0.7802342331504148,0.3783781065225764,1.608881296475046,-0.672095668042757,0.5015227941495446,0.46649587934541614,0.4946036602653411,-1.5335041206544702,0.7771942637814134
seg,SINGLE,TOT,LU_INDUSTRIAL,566,NB2,2.0,-0.047292119124821286,0.02154426773886378,0.9538087311186686,0.9143709980771858,0.994947452917146,-2.1951137860912704,0.028155436538668036,4.918614613079853,0.02656881395589522,2.9186146130798534,0.21252813387252645
seg,SINGLE,KAB,LU_MXDUSE,160,NB2,0.0,0.4893220593509158,0.39646001348512466,1.631209981462102,0.7499568802684776,3.5479986564948014,1.2342280247873607,0.21711794732425915,1.3923434211380936,0.23800975026838328,-0.6076565788619064,0.6513538419727775
seg,SINGLE,KAB,LU_GASSTNS,160,NB2,0.0,0.026789129704526182,0.15264724424029177,1.0271511842513679,0.7615499847036427,1.385384513820923,0.175496975643764,0.8606891469901925,0.03072287564521048,0.8608600806141147,-1.9692771243547895,0.9256965019524495
seg,SINGLE,KAB,LU_SUPERMKTS,160,NB2,0.0,0.23165117999568102,0.1429848703658929,1.2606799017537735,0.9525628728469425,1.6684608018953038,1.620109731910057,0.10520870725600344,2.5297883299626847,0.11171520135559708,0.5297883299626847,0.5128489691042944
seg,SINGLE,KAB,LU_REGSHOPCNTRS,160,too rare (<5 sites),,,,,,,,,,,,
seg,SINGLE,KAB,LU_COMMSHOPCNTRS,160,NB2,0.0,0.0629177287267204,0.06487198741044528,1.0649392217214164,0.9377880016093167,1.2093304073142548,0.9698751531788246,0.3321087264554773,0.9282310947453425,0.33532299621826644,-1.0717689052546575,0.7166505005951493
seg,SINGLE,KAB,LU_FASTFOOD,160,NB2,0.0,0.12430593834607945,0.06461583603541553,1.1323622510452518,0.9976616379546865,1.2852496465845957,1.9237689392109414,0.05438355239465255,3.5542406708214003,0.05939347668569501,1.5542406708214003,0.42419170867828987
seg,SINGLE,KAB,LU_RESTOS,160,NB2,0.0,0.12117238982708027,0.060413529614735305,1.1288194925921693,1.0027656892637256,1.2707190328696232,2.0057161135893216,0.04488654502420604,3.8141881098316617,0.050820228926416945,1.8141881098316617,0.4065518238308658
seg,SINGLE,KAB,LU_BARS,160,NB2,0.0,-0.31106956593119883,0.22581905707938107,0.7326629057191688,0.47063383024143807,1.1405787236788238,-1.3775168931905073,0.16835249553811493,2.1131207376790826,0.14604122842867326,0.1131207376790826,0.630795495730218
seg,SINGLE,KAB,LU_HOTELS,160,NB2,0.0,0.22883058672162518,0.08153492395166745,1.2571290466153513,1.0714599264831526,1.4749720458806834,2.806534618923201,0.005007753120868038,7.318174590715898,0.006826071049164069,5.318174590715898,0.1171814230283121
seg,SINGLE,KAB,LU_OFFBLDGS,160,NB2,0.0,-0.0048677303670851485,0.08555928379383212,0.9951440978324335,0.8415044925686701,1.1768348050380901,-0.056893070526568126,0.954630374292573,0.003243573085001117,0.9545831322991954,-1.9967564269149989,0.970389622926849
seg,SINGLE,KAB,LU_DEPTSTRS,160,NB2,0.0,0.0656424380396851,0.20209898354812944,1.067844828205494,0.7185847906959434,1.586858770028875,0.3248034051791878,0.7453298672040438,0.10414192489963625,0.7469146659527868,-1.8958580751003637,0.9111704245588221
seg,SINGLE,KAB,LU_BANKINS,160,NB2,0.0,-0.020495672992479105,0.11288824789991316,0.9797129356905873,0.7852472529545785,1.2223378467711612,-0.1815571892890976,0.8559302483624285,0.03322030727156289,0.8553752444930367,-1.9667796927284371,0.9256965019524495
seg,SINGLE,KAB,LU_AUTOSALSER,160,NB2,0.0,-0.018404714180525722,0.03167701399113835,0.9817636182859253,0.9226625970785676,1.044650346986805,-0.5810116504565248,0.5612326015338471,0.3395274653789784,0.5601021049074347,-1.6604725346210216,0.8317193625032685
seg,SINGLE,KAB,LU_REPAIRSTRS,160,NB2,0.0,0.17317897545924343,0.23925324181177118,1.189078901983312,0.7439679087410922,1.900496807092646,0.7238312599145024,0.4691693354840101,0.5302603733059641,0.46649741372061504,-1.469739626694036,0.7823099735514575
seg,SINGLE,KAB,LU_SINGLESTORE,160,NB2,0.0,0.04336767835394475,0.02095498160024344,1.0443217987896711,1.002298552047178,1.0881069489721853,2.069564134260129,0.038493179637717895,4.135698695333986,0.041987730942596925,2.1356986953339856,0.4065518238308658
seg,SINGLE,KAB,LU_PARKSREC,160,NB2,0.0,0.26987102514685607,0.1966041962262126,1.309795509155432,0.8909444497125742,1.9255569484238801,1.3726615724739808,0.16985758069894452,1.9007388100553726,0.16799564599971734,-0.0992611899446274,0.630795495730218
seg,SINGLE,KAB,LU_SCHOOLS,160,NB2,0.0,0.039969094240910344,0.12250410977061732,1.0407786076424115,0.8186169894124331,1.323231894934851,0.3262673743415664,0.7442220702978185,0.10507063747854772,0.7458274928601789,-1.8949293625214523,0.9111704245588221
seg,SINGLE,KAB,LU_HOSPITALS,160,NB2,0.0,-1.2861114376420422,1.0308246287472154,0.27634327456869695,0.036643188888268965,2.0840327415881124,-1.2476529971980614,0.21215816124132503,2.3060865468349903,0.12886813818344406,0.30608654683499026,0.6513538419727775
seg,SINGLE,KAB,LU_INDUSTRIAL,160,NB2,0.0,-0.10029182783881896,0.03990660975180408,0.904573399813579,0.8365167097587219,0.9781669942807326,-2.51316331962489,0.011965392751973981,7.336216773280739,0.006757891853336134,5.336216773280739,0.21537706953553168
seg,SINGLE,KSI,LU_MXDUSE,45,Firth-Poisson,3.0,0.25914398079457746,0.5243047515703719,1.2958203646429418,0.463711200948526,3.621112481192275,0.4942621252590256,0.6211210698321685,,,-2.164715540452164,0.8303685649301741
seg,SINGLE,KSI,LU_GASSTNS,45,Firth-Poisson,3.0,0.13082979716340315,0.23729381577097333,1.1397737720729118,0.7158632787312585,1.8147100013395177,0.5513409472485997,0.5813999736946824,,,-1.857526024508445,0.8303685649301741
seg,SINGLE,KSI,LU_SUPERMKTS,45,Firth-Poisson,3.0,0.15868838435132365,0.22527136186615895,1.1719726847446181,0.7536377343098419,1.8225201728325546,0.7044321259335466,0.4811637052228763,,,-1.7772377681728813,0.802860807554623
seg,SINGLE,KSI,LU_REGSHOPCNTRS,45,too rare (<5 sites),,,,,,,,,,,,
seg,SINGLE,KSI,LU_COMMSHOPCNTRS,45,Firth-Poisson,3.0,-0.07407701675559947,0.11458699669933978,0.9286001733145853,0.7418059964686416,1.1624309940669637,-0.6464696596418107,0.5179752400275561,,,-1.5173621779714495,0.802860807554623
seg,SINGLE,KSI,LU_FASTFOOD,45,Firth-Poisson,3.0,0.22254428598901416,0.09011503234781618,1.2492511427480086,1.046989415615243,1.4905866233042404,2.469557855009828,0.01352801413203079,,,2.709784995366306,0.2123669995572796
seg,SINGLE,KSI,LU_RESTOS,45,Firth-Poisson,3.0,0.10057476359290994,0.08464559022568771,1.1058063126666473,0.9367577264010406,1.3053616390561842,1.1881866890496104,0.2347598667058045,,,-1.1091375011117748,0.692734032902374
seg,SINGLE,KSI,LU_BARS,45,Firth-Poisson,3.0,0.020043308564314483,0.27244988240042367,1.0202455244388788,0.5981232390235443,1.7402783610897108,0.07356695619657685,0.9413549650003773,,,-2.1474752007436564,0.9750798409014232
seg,SINGLE,KSI,LU_HOTELS,45,Firth-Poisson,3.0,0.2040846621157097,0.10699636653424231,1.2264019788473497,0.9943875924456707,1.5125508656252378,1.9073980615070323,0.05646906022525921,,,-0.023830478016634515,0.4077450417283485
seg,SINGLE,KSI,LU_OFFBLDGS,45,Firth-Poisson,3.0,0.08259840033380252,0.1192803268033452,1.0861055413288638,0.8596834488718914,1.3721623330694717,0.6924729546556377,0.4886403645238043,,,-1.8937351468254633,0.802860807554623
seg,SINGLE,KSI,LU_DEPTSTRS,45,Firth-Poisson,3.0,0.019949995900054092,0.3665091500130709,1.0201503270524237,0.49737652799279947,2.092392043478645,0.054432463416923184,0.9565906151185357,,,-2.1043137924015696,0.9750798409014232
seg,SINGLE,KSI,LU_BANKINS,45,Firth-Poisson,3.0,0.07770560195830335,0.17796574916725844,1.0808044251225017,0.7625346976588602,1.5319148216478653,0.4366323425822399,0.6623780031307076,,,-2.0262128829392623,0.8440830719200516
seg,SINGLE,KSI,LU_AUTOSALSER,45,Firth-Poisson,3.0,0.02282186299037615,0.047915198827640226,1.0230842741404036,0.9313762698342313,1.1238223110190377,0.47629694854174737,0.6338628390205114,,,-1.978606063159475,0.8328124892240296
seg,SINGLE,KSI,LU_REPAIRSTRS,45,Firth-Poisson,3.0,0.2985537182677405,0.18062203890340775,1.3479079425317713,0.9460446824773767,1.920475697598649,1.652919655211066,0.09834721634630611,,,-0.6204803468003774,0.4917360817315306
seg,SINGLE,KSI,LU_SINGLESTORE,45,Firth-Poisson,3.0,0.05950484159367855,0.029240423014797772,1.0613108994032387,1.0021960202127602,1.1239126902070393,2.0350198614966954,0.0418488745562583,,,1.2079855327380074,0.4077450417283485
seg,SINGLE,KSI,LU_PARKSREC,45,Firth-Poisson,3.0,0.02375991812109161,0.20504378223824737,1.0240444338638852,0.6851442389569263,1.5305784430503444,0.11587729148248031,0.9077497932107731,,,-2.168515341983152,0.9728688063854889
seg,SINGLE,KSI,LU_SCHOOLS,45,Firth-Poisson,3.0,0.22016377663864506,0.19626057050632303,1.2462808255583482,0.8483118683214723,1.830949152258941,1.1217932163890858,0.26195037117743847,,,-1.2887234136858297,0.7254010278759835
seg,SINGLE,KSI,LU_HOSPITALS,45,Firth-Poisson,3.0,-0.508733772187721,1.3706721681439387,0.6012564246157098,0.040956234986532024,8.826721700872772,-0.3711564180051967,0.710521031733643,,,-1.4725986076828121,0.8892224978300587
seg,SINGLE,KSI,LU_INDUSTRIAL,45,Firth-Poisson,3.0,-0.061905495753520695,0.0534055250193993,0.9399717139122878,0.8465548148653161,1.0436971208955597,-1.1591590145595203,0.24639137427746094,,,-0.11013978390542434,0.7039753550784599
seg,PED,TOT,LU_MXDUSE,424,NB2,3.0,0.5744867280643815,0.3462122948537373,1.7762186097394093,0.9011447586514326,3.501049658554306,1.6593481415993105,0.09704565963847885,2.69270901496418,0.100808293621503,0.6927090149641799,0.34407097508187956
seg,PED,TOT,LU_GASSTNS,424,NB2,3.0,0.18764122886858847,0.1423943452515519,1.206400615984419,0.9126054050395208,1.5947773684120998,1.3177575874737446,0.1875848099248546,1.7399589390446408,0.18714402951954817,-0.26004106095535917,0.4792789292114539
seg,PED,TOT,LU_SUPERMKTS,424,NB2,3.0,0.22753095091193745,0.12007478006825249,1.255496297908132,0.9922148445078677,1.58863875378003,1.8949104115169322,0.05810427159462465,3.6531319582283004,0.05596387976172444,1.6531319582283004,0.2628558719547024
seg,PED,TOT,LU_REGSHOPCNTRS,424,too rare (<5 sites),,,,,,,,,,,,
seg,PED,TOT,LU_COMMSHOPCNTRS,424,NB2,3.0,0.022175673253689476,0.06157240046151457,1.0224233811368235,0.9061900455366816,1.1535654970433458,0.36015606160344904,0.7187304306655911,0.13018130257603389,0.718244132238954,-1.8698186974239661,0.8802234399297221
seg,PED,TOT,LU_FASTFOOD,424,NB2,3.0,0.0670114681455718,0.05372980200736418,1.0693077410811194,0.9624251868503476,1.188060184582225,1.2471936549549771,0.2123264988830823,1.5680335111244403,0.21049282552020504,-0.43196648887555966,0.5002678746450636
seg,PED,TOT,LU_RESTOS,424,NB2,3.0,0.03554406849785993,0.05363883456490603,1.036183310163915,0.9327780012315858,1.151051858903865,0.6626554955225509,0.507551219012342,0.4400725472208933,0.5070874419872751,-1.5599274527791067,0.7813617450584739
seg,PED,TOT,LU_BARS,424,NB2,3.0,0.18032087687875173,0.14276162506707799,1.1976015841329988,0.905297275275634,1.584285729658454,1.2630906715584538,0.20655659606657095,1.6032764559205361,0.20543950653561677,-0.39672354407946386,0.5002678746450636
seg,PED,TOT,LU_HOTELS,424,NB2,3.0,0.11674860917572795,0.06986799384994209,1.123836871898233,0.9800098476258908,1.2887720645845457,1.6709884274976174,0.0947239636419239,2.813555408318507,0.09347100882813057,0.813555408318507,0.34407097508187956
seg,PED,TOT,LU_OFFBLDGS,424,NB2,3.0,-0.04914818193616102,0.07561712046851665,0.9520400441085562,0.8208969147134536,1.104134062804472,-0.6499610356972528,0.5157173907160503,0.42710326674455246,0.5134137650321771,-1.5728967332554475,0.7851249225659248
seg,PED,TOT,LU_DEPTSTRS,424,NB2,3.0,0.17977533784215055,0.18300842824582442,1.1969484238969608,0.8361718025905855,1.7133865612673667,0.9823336529652555,0.3259355005230954,0.9583499234538522,0.32760296380824544,-1.0416500765461478,0.5991825150983341
seg,PED,TOT,LU_BANKINS,424,NB2,3.0,0.1610369261675857,0.08047371250875514,1.1747283462287663,1.003313928610592,1.375428615193655,2.001112178713834,0.045380302182039506,3.9276954569918416,0.04749699081028493,1.9276954569918416,0.2325417481378651
seg,PED,TOT,LU_AUTOSALSER,424,NB2,3.0,0.03380972638554632,0.02710655806902135,1.0343877713024254,0.980866290952299,1.090829679120895,1.2472895414997622,0.21229135085513384,1.565625451626829,0.21084344319436502,-0.4343745483731709,0.5002678746450636
seg,PED,TOT,LU_REPAIRSTRS,424,NB2,3.0,0.23883072541819272,0.17294764291005427,1.2697635796920343,0.9047047291189401,1.7821279102658067,1.3809423557301825,0.1672966853524902,1.9667234123683102,0.16079608317584987,-0.033276587631689836,0.4540244635538579
seg,PED,TOT,LU_SINGLESTORE,424,NB2,3.0,0.04909581130461779,0.01766760738724247,1.0503209785425323,1.0145724587272376,1.0873290995405633,2.7788602173755113,0.005454999352973381,7.716533338228487,0.005471736539701657,5.716533338228487,0.09698864959204948
seg,PED,TOT,LU_PARKSREC,424,NB2,3.0,0.1478841008291082,0.1320824604377015,1.159378517566993,0.8949409669222125,1.5019521920183496,1.1196346610976387,0.2628694788343017,1.2509213718064984,0.2633765732109307,-0.7490786281935016,0.5444534221072451
seg,PED,TOT,LU_SCHOOLS,424,NB2,3.0,0.044933346276706886,0.12128765765454223,1.0459581405807379,0.824654751945333,1.3266502488057434,0.3704692393737899,0.7110328920808398,0.13760153994826396,0.7106771449951624,-1.862398460051736,0.8802234399297221
seg,PED,TOT,LU_HOSPITALS,424,NB2,3.0,0.2565721515836678,0.4729333928286815,1.2924920177814612,0.51151554739638,3.265855015613578,0.5425122342262056,0.5874656817294647,0.2901617788165822,0.590116877268596,-1.7098382211834178,0.806089026916513
seg,PED,TOT,LU_INDUSTRIAL,424,NB2,3.0,-0.02510209881812177,0.028152715176310336,0.9752103391222366,0.9228565990149243,1.0305341117418045,-0.8916404212139522,0.37258569710174283,0.7942747696752122,0.3728106509645033,-1.2057252303247878,0.6400773763831143
seg,PED,KAB,LU_MXDUSE,290,NB2,2.0,0.4383104319072222,0.3731644040697278,1.5500860289002256,0.7459536589562609,3.2210669766720157,1.1745772831679882,0.24016387613438228,1.3340856662690612,0.2480796721211121,-0.6659143337309388,0.6939770072309449
seg,PED,KAB,LU_GASSTNS,290,NB2,2.0,0.23064767467951894,0.15661425145868968,1.2594154373248851,0.9265231396979915,1.7119132548478435,1.472711918176598,0.14082873155249803,2.175297840329449,0.14024236280805133,0.17529784032944917,0.5884629139872238
seg,PED,KAB,LU_SUPERMKTS,290,NB2,2.0,0.28326479305721647,0.13201123746376717,1.3274566165795394,1.024825923697218,1.7194540342457403,2.1457627282295837,0.0318919136838569,4.644906170603349,0.03114583976867366,2.644906170603349,0.4065518238308658
seg,PED,KAB,LU_REGSHOPCNTRS,290,too rare (<5 sites),,,,,,,,,,,,
seg,PED,KAB,LU_COMMSHOPCNTRS,290,NB2,2.0,-0.04533814554637631,0.07134956787824753,0.9556742701916393,0.8309519575716522,1.099116865161929,-0.6354368624031798,0.5251435328175444,0.40331637668873555,0.5253814928337381,-1.5966836233112645,0.8189857430221246
seg,PED,KAB,LU_FASTFOOD,290,NB2,2.0,0.07681245046381753,0.059585783350301555,1.0798395339960754,0.9608128011249736,1.213611452528089,1.289107000779722,0.19736089005521085,1.6624566505905705,0.1972719580188718,-0.33754334940942954,0.6513538419727775
seg,PED,KAB,LU_RESTOS,290,NB2,2.0,-0.0200926937370758,0.060464872543530515,0.9801078192395163,0.8705728428762811,1.1034244235791706,-0.33230358209405725,0.7396600353250273,0.1104235817223298,0.7396624084837351,-1.8895764182776702,0.9111704245588221
seg,PED,KAB,LU_BARS,290,NB2,2.0,0.070836597086299,0.17396828691873717,1.0734058138997595,0.7632716782051233,1.509554296608082,0.4071810922607273,0.6838749875574242,0.16512346487604646,0.6844826115720257,-1.8348765351239535,0.9111704245588221
seg,PED,KAB,LU_HOTELS,290,NB2,2.0,0.2044432926990772,0.07197659478532813,1.22684188298129,1.0654200844911896,1.4127206983861997,2.8404135164887157,0.004505508778908452,8.054341477434605,0.004539474014628002,6.054341477434605,0.11714322825161975
seg,PED,KAB,LU_OFFBLDGS,290,NB2,2.0,-0.020150500347914962,0.08513422839942104,0.9800511641657638,0.8294324659715437,1.1580210852460433,-0.23669093767286667,0.8128965659132412,0.05628167468944412,0.8124724750030474,-1.9437183253105559,0.9187536392624447
seg,PED,KAB,LU_DEPTSTRS,290,NB2,2.0,0.15998680558694597,0.20919429757895996,1.1734953873068044,0.7787742905356816,1.7682805413146232,0.7647761312736514,0.4444048632052706,0.578688566480082,0.4468268205709005,-1.421311433519918,0.7646377793384803
seg,PED,KAB,LU_BANKINS,290,NB2,2.0,0.10656632201521943,0.09399533576630133,1.1124517040379642,0.9252747707814379,1.3374932862070825,1.1337405324044278,0.25690340223025987,1.2623014737670246,0.26121590219885177,-0.7376985262329754,0.6939770072309449
seg,PED,KAB,LU_AUTOSALSER,290,NB2,2.0,0.04704149858996217,0.029217789614730934,1.048165505567656,0.989826732294848,1.1099426709912654,1.610029342063745,0.10739145079534371,2.5679942118821373,0.10904591745397958,0.5679942118821373,0.5128489691042944
seg,PED,KAB,LU_REPAIRSTRS,290,NB2,2.0,0.34311837818708035,0.21179035716970873,1.4093355866437869,0.93053952944202,2.134489436436504,1.6200849876849577,0.10521402177789002,2.7488694118957255,0.09732322403286361,0.7488694118957255,0.5128489691042944
seg,PED,KAB,LU_SINGLESTORE,290,NB2,2.0,0.030973079343408955,0.019928475387206743,1.0314577359932606,0.9919458772439956,1.0725434578106996,1.55421218841921,0.12013381112074763,2.3893695332632205,0.12216288800788094,0.38936953326322055,0.5398870661347923
seg,PED,KAB,LU_PARKSREC,290,NB2,2.0,0.103909390356949,0.16102378185010807,1.1094999189692654,0.8092096713081183,1.521225108695085,0.645304619995045,0.5187297993595991,0.4156684564219404,0.5191063519098931,-1.5843315435780596,0.8189857430221246
seg,PED,KAB,LU_SCHOOLS,290,NB2,2.0,0.06147269865947648,0.12886835240600597,1.0634014638470082,0.8260423198765039,1.3689645749397217,0.47701935744319734,0.6333483375274569,0.22768756263951673,0.6332437923096934,-1.7723124373604833,0.8769438519610943
seg,PED,KAB,LU_HOSPITALS,290,NB2,2.0,0.12546198571616735,0.5522002629556099,1.1336720724094558,0.38410069674015207,3.3460297746624743,0.22720377756548252,0.8202652904319897,0.05099658377957894,0.8213381294102138,-1.949003416220421,0.9187536392624447
seg,PED,KAB,LU_INDUSTRIAL,290,NB2,2.0,-0.02474410701027695,0.030298669215169584,0.9755595189325945,0.9193121986775116,1.0352482827369192,-0.8166730635776029,0.41411528874524905,0.673062781266367,0.41198581578246707,-1.326937218733633,0.7536139861663382
seg,PED,KSI,LU_MXDUSE,147,Firth-Poisson,3.0,0.579865023486147,0.34175221131706535,1.785797373777964,0.9139592336142367,3.4892937703371523,1.6967411015467262,0.08974561838228845,,,1.0452109117534292,0.4656582399734294
seg,PED,KSI,LU_GASSTNS,147,Firth-Poisson,3.0,0.561013831636611,0.17093287125237694,1.7524482874847578,1.253557368198685,2.4498878776655273,3.2820710699248243,0.0010304762933142947,,,11.72204610702886,0.03164699844780336
seg,PED,KSI,LU_SUPERMKTS,147,Firth-Poisson,3.0,0.3852675281304137,0.12675382248349484,1.470007537208783,1.1466332456566406,1.8845800674592683,3.039494356713235,0.0023697564225563838,,,9.532767331714354,0.06093659372287844
seg,PED,KSI,LU_REGSHOPCNTRS,147,too rare (<5 sites),,,,,,,,,,,,
seg,PED,KSI,LU_COMMSHOPCNTRS,147,Firth-Poisson,3.0,0.03156748832377702,0.06101965565654434,1.0320710259888881,0.9157324549110473,1.1631897471507933,0.5173331115052173,0.6049236436921339,,,-1.6929514015160976,0.8303685649301741
seg,PED,KSI,LU_FASTFOOD,147,Firth-Poisson,3.0,0.034201150916090516,0.06984791034296713,1.0347927353014592,0.9023969723467922,1.1866130293499786,0.4896517411638525,0.6243803564265329,,,-1.7347336465575154,0.8303685649301741
seg,PED,KSI,LU_RESTOS,147,Firth-Poisson,3.0,-0.0416032579090909,0.07414474844483238,0.9592502800492264,0.8295043171362496,1.1092903083991774,-0.5611086257854921,0.5747234882248125,,,-1.4467988657517026,0.8303685649301741
seg,PED,KSI,LU_BARS,147,Firth-Poisson,3.0,-0.20423482240719187,0.2305015482473078,0.8152709048314911,0.5189136138503776,1.2808811149371904,-0.8860453387847353,0.3755930961906042,,,-0.40378883221376327,0.802860807554623
seg,PED,KSI,LU_HOTELS,147,Firth-Poisson,3.0,0.22720143093671802,0.06622914532537028,1.255082654954708,1.10229272496731,1.4290509545138061,3.430535451129918,0.0006023912530735895,,,11.730674469349083,0.031570286224813865
seg,PED,KSI,LU_OFFBLDGS,147,Firth-Poisson,3.0,-0.08137244965158451,0.1103758461742551,0.9218502846803707,0.7425173005645294,1.144495820796605,-0.7372305850604155,0.46098213688536016,,,-0.954819329508382,0.802860807554623
seg,PED,KSI,LU_DEPTSTRS,147,Firth-Poisson,3.0,0.1939728504699598,0.24403559862932536,1.2140633212601766,0.7525130631488649,1.9587032042495036,0.7948547325039749,0.42669800884400044,,,-1.2944238376866224,0.802860807554623
seg,PED,KSI,LU_BANKINS,147,Firth-Poisson,3.0,0.09859199687733987,0.12114014297473163,1.1036159289435943,0.8703649405826931,1.3993763556269003,0.8138672652706458,0.4157209953578226,,,-1.153849133277049,0.802860807554623
seg,PED,KSI,LU_AUTOSALSER,147,Firth-Poisson,3.0,0.09921911614727835,0.029277088337459154,1.1043082448188697,1.042723482069075,1.1695302930697282,3.3889680218073623,0.0007015619161069749,,,13.321041254484157,0.031570286224813865
seg,PED,KSI,LU_REPAIRSTRS,147,Firth-Poisson,3.0,0.09379971113750717,0.11429612356307757,1.0983397386685199,0.877901664503357,1.3741290514819604,0.8206727246155564,0.41183271100811736,,,-1.2878404509380061,0.802860807554623
seg,PED,KSI,LU_SINGLESTORE,147,Firth-Poisson,3.0,0.03496904603205291,0.019314887389612043,1.0355876527564851,0.9971160333930126,1.0755436184215728,1.8104711317581903,0.07022275718654891,,,2.39174316156857,0.4077450417283485
seg,PED,KSI,LU_PARKSREC,147,Firth-Poisson,3.0,-0.1410467994915799,0.13882167073332563,0.8684486677905023,0.6615714599483069,1.1400175706582467,-1.0160286844733968,0.30961572722957287,,,0.18235690283756867,0.7993409445274176
seg,PED,KSI,LU_SCHOOLS,147,Firth-Poisson,3.0,-0.05221009144223132,0.16109827652546083,0.9491294419215709,0.6921429888441234,1.301532648660884,-0.3240884543788385,0.7458710676808161,,,-1.8095669204186606,0.9093967454574194
seg,PED,KSI,LU_HOSPITALS,147,Firth-Poisson,3.0,-0.8403675804563627,1.0158062076374046,0.43155186423965614,0.05893337281991915,3.1601281687678253,-0.8272912432883406,0.4080720058348538,,,0.10159260240072854,0.802860807554623
seg,PED,KSI,LU_INDUSTRIAL,147,Firth-Poisson,3.0,-0.023747972151045415,0.035467008719283724,0.9765317919537854,0.9109536062118685,1.046830853068362,-0.6695792233003691,0.5031260623189738,,,-1.1534966850300634,0.802860807554623
seg,PED,FAT,LU_MXDUSE,65,Firth-Poisson,1.0,0.8231977198442465,0.3872260956065245,2.27777188070098,1.0663425040059822,4.865458069073625,2.1258838936328552,0.03351292830163898,,,1.7485062914390141,0.21544025336767916
seg,PED,FAT,LU_GASSTNS,65,Firth-Poisson,1.0,0.6786510412960463,0.23301095762129212,1.9712168477981211,1.2485084069536523,3.1122704816415445,2.9125284416840334,0.00358515549789258,,,7.707783400766061,0.06453279896206644
seg,PED,FAT,LU_SUPERMKTS,65,Firth-Poisson,1.0,0.43093637310419064,0.17166085331499956,1.538697644287486,1.0990883908330296,2.1541401585921554,2.5103939819838694,0.01205965283481639,,,4.812668928422227,0.11705781834626754
seg,PED,FAT,LU_REGSHOPCNTRS,65,too rare (<5 sites),,,,,,,,,,,,
seg,PED,FAT,LU_COMMSHOPCNTRS,65,Firth-Poisson,1.0,-0.019445026668261808,0.09568308996361807,0.9807428084065144,0.8130327535333416,1.1830476103957506,-0.20322323072609236,0.8389605561825924,,,-1.9510936651321344,0.9191053778388222
seg,PED,FAT,LU_FASTFOOD,65,Firth-Poisson,1.0,0.054663176718793206,0.09659424817914865,1.0561848071244284,0.874011671136792,1.2763288908368298,0.5659050900982435,0.571458301180874,,,-1.7317653710338163,0.8139652963897019
seg,PED,FAT,LU_RESTOS,65,Firth-Poisson,1.0,-0.037325017213309115,0.10467004103016367,0.963362974911033,0.7846807768245782,1.1827334743500577,-0.35659694833360045,0.7213935623626813,,,-1.8184527251142981,0.8656722748352176
seg,PED,FAT,LU_BARS,65,Firth-Poisson,1.0,-0.3394474847341987,0.37116939530896537,0.7121636953938651,0.3440599032068087,1.474095424401111,-0.9145352203719248,0.3604356798849456,,,-0.16538906209495963,0.6487842237929021
seg,PED,FAT,LU_HOTELS,65,Firth-Poisson,1.0,0.3111195692192719,0.0815895376705147,1.3649524177242562,1.1632340212918157,1.60165114546964,3.8132287313071282,0.00013716306122004657,,,11.46090277492516,0.004114891836601397
seg,PED,FAT,LU_OFFBLDGS,65,Firth-Poisson,1.0,-0.06976245416738613,0.1550757795210691,0.9326153324808747,0.6881757782569516,1.2638796450834346,-0.4498604126501133,0.652811093743215,,,-1.5800924575170825,0.8160138671790187
seg,PED,FAT,LU_DEPTSTRS,65,Firth-Poisson,1.0,0.34651470573594534,0.2907863022752307,1.414130289504084,0.7997737156814689,2.5004128498883595,1.191647278515779,0.233399578516444,,,-0.5974242092255508,0.5673023083258004
seg,PED,FAT,LU_BANKINS,65,Firth-Poisson,1.0,-0.09503146317746355,0.17969375470591617,0.9093443231563174,0.6393960484916525,1.293262759454505,-0.5288523428818686,0.5969078840191148,,,-1.5612064045429292,0.8139652963897019
seg,PED,FAT,LU_AUTOSALSER,65,Firth-Poisson,1.0,0.16309411171434282,0.03950073267448548,1.1771474678418572,1.0894496665566669,1.2719047089399622,4.128888267930519,3.645214767038719e-05,,,17.60710174078156,0.0016403466451674236
seg,PED,FAT,LU_REPAIRSTRS,65,Firth-Poisson,1.0,0.08313854616773744,0.14871576552398352,1.0866923551804877,0.8119273979096076,1.4544407269025124,0.5590432586270055,0.5761321976812996,,,-1.7991799014082517,0.8139652963897019
seg,PED,FAT,LU_SINGLESTORE,65,Firth-Poisson,1.0,0.043200192262906015,0.02677169487047391,1.0441469040604314,0.9907705258066255,1.1003988601410744,1.613651749428492,0.10660298529628404,,,1.0865222522489262,0.39976119486106515
seg,PED,FAT,LU_PARKSREC,65,Firth-Poisson,1.0,-0.24543914309626122,0.2114879051931031,0.7823608944074182,0.5168743673089155,1.1842114985983705,-1.1605351278701177,0.24583100027451354,,,0.9241550025230936,0.5673023083258004
seg,PED,FAT,LU_SCHOOLS,65,Firth-Poisson,1.0,0.1560013699503534,0.1964752957421503,1.168827804324836,0.7952567903893073,1.717883396498925,0.7939999243217124,0.42719547540566016,,,-1.465126109168068,0.6865641569019539
seg,PED,FAT,LU_HOSPITALS,65,Firth-Poisson,1.0,-1.0359349817653862,1.6389901803153613,0.3548944059556581,0.014287707379962853,8.815272879626042,-0.6320568568422174,0.5273497253113533,,,-0.31530058621825674,0.8044317843732508
seg,PED,FAT,LU_INDUSTRIAL,65,Firth-Poisson,1.0,0.016439881557307304,0.047985895341843554,1.0165757599973806,0.9253229444067557,1.1168276784456088,0.34259820391371915,0.7319007534561585,,,-2.0454788867709226,0.8667245764612402
seg,BIKE,TOT,LU_MXDUSE,387,NB2,3.0,0.03967031345845331,0.3082719409904252,1.0404676894461595,0.5686201224746192,1.9038598354031189,0.12868609880938028,0.8976060354864149,0.016476130329124317,0.8978645755680841,-1.9835238696708757,0.9781712715584115
seg,BIKE,TOT,LU_GASSTNS,387,NB2,3.0,0.3442288739549112,0.11709770035464302,1.410901517166892,1.1215564199140358,1.7748934033086048,2.9396723668558553,0.0032855946558470106,8.43499300025519,0.0036806829834574928,6.43499300025519,0.09698864959204948
seg,BIKE,TOT,LU_SUPERMKTS,387,NB2,3.0,0.11643997604500539,0.11486064067020356,1.1234900721257401,0.8970112459880051,1.4071506325150125,1.0137500136303135,0.3107020525856272,1.028656264790925,0.31047448148590884,-0.971343735209075,0.5863248411696514
seg,BIKE,TOT,LU_REGSHOPCNTRS,387,too rare (<5 sites),,,,,,,,,,,,
seg,BIKE,TOT,LU_COMMSHOPCNTRS,387,NB2,3.0,0.09581791311500724,0.05839182338553298,1.1005586484519634,0.9815424061769649,1.2340061224660286,1.6409474402326483,0.10080832609443542,2.7439900213302053,0.09762074117710007,0.7439900213302053,0.3473949967770567
seg,BIKE,TOT,LU_FASTFOOD,387,NB2,3.0,0.08539556423774398,0.048516397746814946,1.0891478094225981,0.9903502848572345,1.1978013930102003,1.7601381842770905,0.07838437990348585,3.0799765887637705,0.07926166697111402,1.0799765887637705,0.321788506972205
seg,BIKE,TOT,LU_RESTOS,387,NB2,3.0,0.023346514082985634,0.04603452392941298,1.0236211772537498,0.9353063532553698,1.1202749889118613,0.507152286809439,0.6120479701512729,0.25631264103469675,0.6126648131219719,-1.7436873589653032,0.8183955715165592
seg,BIKE,TOT,LU_BARS,387,NB2,3.0,0.064132988856867,0.12227399279235858,1.0662341865988234,0.8390172294603795,1.354984499428256,0.5245022869726303,0.599929229568438,0.2728661248958133,0.6014155994188966,-1.7271338751041867,0.8068013776954855
seg,BIKE,TOT,LU_HOTELS,387,NB2,3.0,-0.10674334989989386,0.0708762638147634,0.8987563092893751,0.7821874768309914,1.0326973103175794,-1.506052155611219,0.13205378534147377,2.3366286180347515,0.12636277125836748,0.3366286180347515,0.381488713208702
seg,BIKE,TOT,LU_OFFBLDGS,387,NB2,3.0,-0.12533772062061524,0.07242119561520931,0.8821989155039867,0.7654562145435575,1.0167464993154396,-1.7306773183718722,0.08350933285385154,3.195026858432925,0.07386255691015817,1.195026858432925,0.33120650657290274
seg,BIKE,TOT,LU_DEPTSTRS,387,NB2,3.0,0.18615160323663907,0.15687780571365237,1.204604868532227,0.8857425945182894,1.6382557396155357,1.1866025432330427,0.23538443228017436,1.376848336940725,0.24063872050186752,-0.623151663059275,0.5185055115423876
seg,BIKE,TOT,LU_BANKINS,387,NB2,3.0,0.09795321026502597,0.07645724430003488,1.1029111789794344,0.9494209670677227,1.2812157208563504,1.2811501534195535,0.2001409305593118,1.5965631066020478,0.2063909494559386,-0.4034368933979522,0.4982231675625422
seg,BIKE,TOT,LU_AUTOSALSER,387,NB2,3.0,0.01893870910605691,0.023627438028849305,1.0191191839773501,0.9730001239267797,1.0674242331636303,0.8015557625389848,0.42280997570100565,0.6407072429483378,0.42345481025532694,-1.3592927570516622,0.6918708693289183
seg,BIKE,TOT,LU_REPAIRSTRS,387,NB2,3.0,0.057995004623941526,0.14188033258089408,1.059709702048591,0.8024462156389642,1.3994516152359373,0.4087599991413557,0.6827157977287043,0.16746754518487705,0.6823723576910681,-1.832532454815123,0.8710268666564641
seg,BIKE,TOT,LU_SINGLESTORE,387,NB2,3.0,0.019005783802328917,0.0160063677593761,1.019187543379648,0.9877094563463122,1.051668830247623,1.187388924710657,0.23507424655336318,1.4042983157887647,0.23600521618781276,-0.5957016842112353,0.5185055115423876
seg,BIKE,TOT,LU_PARKSREC,387,NB2,3.0,0.03429822811771323,0.11777369694558418,1.0348931949605542,0.8215699320213342,1.3036065260332,0.29122146121947995,0.7708819498899049,0.08467474791848417,0.771059535539584,-1.9153252520815158,0.903913034279869
seg,BIKE,TOT,LU_SCHOOLS,387,NB2,3.0,0.013266371762891627,0.10425913191186219,1.0133547605062474,0.826065238963247,1.2431074716683024,0.12724421851226092,0.898747108483156,0.01616131523144304,0.8988397539746653,-1.983838684768557,0.9781712715584115
seg,BIKE,TOT,LU_HOSPITALS,387,NB2,3.0,-0.04010419869024346,0.4615266205200695,0.9606893313668045,0.3887976016892601,2.373790340763545,-0.08689465982493534,0.9307552443079814,0.007597024250912909,0.9305436102782325,-1.992402975749087,0.9884003145761826
seg,BIKE,TOT,LU_INDUSTRIAL,387,NB2,3.0,-0.006243544004252668,0.025050045459577928,0.9937759064157101,0.9461618525208837,1.043786060007707,-0.24924282130855127,0.8031729577202014,0.0624421514239657,0.8026768434414358,-1.9375578485760343,0.9212866279731721
seg,BIKE,KAB,LU_MXDUSE,196,NB2,1.0,-0.1588956670238213,0.43508533230004975,0.8530853592606843,0.36361381646143054,2.0014493323361533,-0.3652057544294355,0.7149578231200571,0.13663855842378325,0.7116458756323039,-1.8633614415762167,0.9111704245588221
seg,BIKE,KAB,LU_GASSTNS,196,NB2,1.0,0.1627368437310764,0.17053634949620436,1.176726985856862,0.8423881364639974,1.6437629393216835,0.9542648485899392,0.33994959643616063,0.9008048923833485,0.34256598158488816,-1.0991951076166515,0.7166505005951493
seg,BIKE,KAB,LU_SUPERMKTS,196,NB2,1.0,0.19577133746559325,0.14470484844383716,1.2162487630105447,0.9158980995908654,1.6150934849471472,1.3529010228124874,0.1760872526137991,1.8100582029660472,0.17850124804812317,-0.18994179703395275,0.6339141094096767
seg,BIKE,KAB,LU_REGSHOPCNTRS,196,too rare (<5 sites),,,,,,,,,,,,
seg,BIKE,KAB,LU_COMMSHOPCNTRS,196,NB2,1.0,0.060276794594976764,0.07271129834370359,1.0621304978423804,0.9210533205986825,1.22481638056918,0.8289880110522936,0.4071111913047737,0.6823572491655341,0.4087761938231782,-1.317642750834466,0.7536139861663382
seg,BIKE,KAB,LU_FASTFOOD,196,NB2,1.0,0.053257110252997585,0.06351858744667464,1.0547007846470633,0.9312390002758173,1.1945308828406658,0.83844922240609,0.4017784545485623,0.6943220775661985,0.4046981610288636,-1.3056779224338015,0.7536139861663382
seg,BIKE,KAB,LU_RESTOS,196,NB2,1.0,-0.0502872905149731,0.061752689934739514,0.9509561845609925,0.842549754437594,1.073310697904644,-0.8143336034125299,0.4154538641686224,0.6723216906560765,0.4122433292413382,-1.3276783093439235,0.7536139861663382
seg,BIKE,KAB,LU_BARS,196,NB2,1.0,-0.06996009177949536,0.1800512897211437,0.932431030826616,0.6551699445755094,1.327026116577579,-0.38855646015003154,0.6976042803769416,0.1538430189648352,0.6948895548264254,-1.8461569810351648,0.9111704245588221
seg,BIKE,KAB,LU_HOTELS,196,NB2,1.0,0.01286400723112037,0.08405157607077393,1.0129471045111749,0.8590938724657845,1.1943535734838318,0.15304897103045983,0.8783596568725603,0.02333495289246912,0.8785892586032893,-1.9766650471075309,0.9385212772062974
seg,BIKE,KAB,LU_OFFBLDGS,196,NB2,1.0,-0.18369397960382464,0.10309906842668992,0.8321904321096881,0.6799281462190224,1.0185501499622052,-1.7817229816624667,0.07479441727588831,3.592866212771696,0.05802807840006542,1.5928662127716962,0.48390306541035594
seg,BIKE,KAB,LU_DEPTSTRS,196,NB2,1.0,0.11770183107153012,0.22138722169766892,1.1249086485511683,0.7289011714438798,1.7360645272095638,0.5316559382648843,0.5949643142993434,0.2773973886401109,0.5984121564206211,-1.7226026113598891,0.8489124972319898
seg,BIKE,KAB,LU_BANKINS,196,NB2,1.0,0.07360679547685067,0.1022009754162946,1.0763834834212722,0.8809916628782015,1.3151105194309776,0.7202161738381515,0.4713919071399808,0.5064111282400745,0.47669659197432335,-1.4935888717599255,0.7823099735514575
seg,BIKE,KAB,LU_AUTOSALSER,196,NB2,1.0,0.06090683146656763,0.02921008078564743,1.0627998900672113,1.0036617610522827,1.1254225777642597,2.0851305381015797,0.03705745293461228,4.2298321566991035,0.03971936825314162,2.2298321566991035,0.4065518238308658
seg,BIKE,KAB,LU_REPAIRSTRS,196,NB2,1.0,0.007287825121876583,0.1851984697406671,1.0073144459493981,0.7006819698446742,1.4481354404527853,0.03935143272016073,0.968610200964534,0.0015487144769394945,0.968608385504532,-1.9984512855230605,0.9769602889038834
seg,BIKE,KAB,LU_SINGLESTORE,196,NB2,1.0,0.02620926081518105,0.01995705623135116,1.0265557438903214,0.9871763631933832,1.0675060046061635,1.3132829066246807,0.18908763621281022,1.7047739465551786,0.19166483059509173,-0.29522605344482145,0.6513538419727775
seg,BIKE,KAB,LU_PARKSREC,196,NB2,1.0,-0.07499587670250767,0.16027821843623535,0.9277473116988302,0.6776385909655458,1.2701683254756797,-0.46791059592631934,0.6398485257855807,0.22053906191365513,0.6386294868811055,-1.7794609380863449,0.880732676669564
seg,BIKE,KAB,LU_SCHOOLS,196,NB2,1.0,-0.08498973528984759,0.14224089520655275,0.9185217127122175,0.6950427740644642,1.2138564246774473,-0.5975056271013421,0.5501698512057442,0.36435522602221226,0.5460973474568214,-1.6356447739777877,0.8317193625032685
seg,BIKE,KAB,LU_HOSPITALS,196,NB2,1.0,-1.1624144179713243,1.0426702430427852,0.3127302071991844,0.04051641435205523,2.413841008857285,-1.1148437636228057,0.2649173789084486,1.7294277183652866,0.18848399970473273,-0.27057228163471336,0.6939770072309449
seg,BIKE,KAB,LU_INDUSTRIAL,196,NB2,1.0,0.023490569914367012,0.030447400367340737,1.0237686464751043,0.9644605641669765,1.0867237919787147,0.7715131548493074,0.4404028281436718,0.5785152181616695,0.44689489718877595,-1.4214847818383305,0.7646377793384803
seg,BIKE,KSI,LU_MXDUSE,66,Firth-Poisson,1.0,-0.2512656885486662,0.5819047495826187,0.7778156873822533,0.24862762153506485,2.4333468654954022,-0.43179865558562786,0.6658877567369296,,,-1.6404270687439748,0.8440830719200516
seg,BIKE,KSI,LU_GASSTNS,66,Firth-Poisson,1.0,0.2648165727609,0.24095697596784074,1.303191912959111,0.8126464782237941,2.0898499009237463,1.099020153690191,0.27175927528614985,,,-1.1250892450316314,0.7411616598713178
seg,BIKE,KSI,LU_SUPERMKTS,66,Firth-Poisson,1.0,0.2205981759325786,0.1693037877809282,1.2468223266743497,0.894726451579655,1.7374761990651173,1.3029724781941863,0.1925841577216465,,,-0.7416883586655558,0.651261095314515
seg,BIKE,KSI,LU_REGSHOPCNTRS,66,too rare (<5 sites),,,,,,,,,,,,
seg,BIKE,KSI,LU_COMMSHOPCNTRS,66,Firth-Poisson,1.0,0.08365976258190641,0.06708721245762173,1.08725890470779,0.9532947145834829,1.2400487569920964,1.247029940836391,0.21238651940028297,,,-0.8683688062212696,0.651261095314515
seg,BIKE,KSI,LU_FASTFOOD,66,Firth-Poisson,1.0,-0.09555814327447659,0.09678943261891924,0.908865515700226,0.7518146727565169,1.098723602454296,-0.9872786800053834,0.32350603943796585,,,-0.8665766114047528,0.7993409445274176
seg,BIKE,KSI,LU_RESTOS,66,Firth-Poisson,1.0,-0.1520239130601418,0.09550805918307383,0.8589677399483026,0.7123259274360144,1.0357977294574483,-1.5917391093534423,0.1114433368469553,,,0.8843069621491395,0.527889490327683
seg,BIKE,KSI,LU_BARS,66,Firth-Poisson,1.0,0.16862093166264694,0.2033903183582121,1.1836713615357042,0.7945144605765573,1.7634391337610948,0.8290509254509886,0.4070755912541627,,,-1.742625647443731,0.802860807554623
seg,BIKE,KSI,LU_HOTELS,66,Firth-Poisson,1.0,-0.01294306089402691,0.11157028347911974,0.9871403403085801,0.7932468523947905,1.2284272525289113,-0.11600813846143172,0.9076460917884481,,,-2.0128697076242474,0.9728688063854889
seg,BIKE,KSI,LU_OFFBLDGS,66,Firth-Poisson,1.0,-0.3646613598889805,0.19094266490435202,0.694431773517633,0.47763473892727887,1.0096323587222717,-1.9097950689629715,0.05615960444703343,,,3.4403237347816003,0.4077450417283485
seg,BIKE,KSI,LU_DEPTSTRS,66,Firth-Poisson,1.0,0.01599715437468627,0.309879858963998,1.0161257938886996,0.5535698326578871,1.8651876747843756,0.051623730655385475,0.9588285102197328,,,-2.0657331756083295,0.9750798409014232
seg,BIKE,KSI,LU_BANKINS,66,Firth-Poisson,1.0,-0.2161904315546542,0.16864790791501497,0.8055818790560406,0.5788335442591007,1.1211550717816885,-1.2819040225722624,0.1998763166971691,,,-0.07782660313910128,0.651261095314515
seg,BIKE,KSI,LU_AUTOSALSER,66,Firth-Poisson,1.0,0.12379964152192405,0.036449765438561516,1.1317890847421372,1.0537530252451603,1.215604132707877,3.3964454923748826,0.000682671524393906,,,7.95698088164022,0.031570286224813865
seg,BIKE,KSI,LU_REPAIRSTRS,66,Firth-Poisson,1.0,0.026466032182313675,0.13792964325648283,1.0268193678562128,0.7835847389989904,1.3455571066270993,0.19188066870512802,0.8478356802096048,,,-2.089721768665072,0.9728688063854889
seg,BIKE,KSI,LU_SINGLESTORE,66,Firth-Poisson,1.0,0.0319705874134178,0.023133322145523372,1.0324871367412072,0.986718267071706,1.0803789927794927,1.3820145335072234,0.16696723867606045,,,-0.48395347269649847,0.651261095314515
seg,BIKE,KSI,LU_PARKSREC,66,Firth-Poisson,1.0,-0.13629662725625516,0.16350364248436347,0.8725837619694257,0.6333299361235127,1.202220798708978,-0.8335999442293145,0.40450645707135013,,,-0.9423565629793416,0.802860807554623
seg,BIKE,KSI,LU_SCHOOLS,66,Firth-Poisson,1.0,0.08179770728881999,0.18398134129444665,1.0852362522391115,0.756686896818818,1.556439959678582,0.4445978418969652,0.6566104073543659,,,-1.9839235240881976,0.8440830719200516
seg,BIKE,KSI,LU_HOSPITALS,66,Firth-Poisson,1.0,-0.05386492189413087,0.8109662510600275,0.9475600924800412,0.19332960012939002,4.644245517809302,-0.0664206701866115,0.9470429141102484,,,-2.0149406285956957,0.9750798409014232
seg,BIKE,KSI,LU_INDUSTRIAL,66,Firth-Poisson,1.0,0.08496869321937006,0.03049133835366848,1.0886829830055516,1.0255260188196036,1.1557294654016532,2.7866501704129787,0.005325593634374129,,,3.312406249926994,0.1198258567734179
seg,ALCOHOL,TOT,LU_MXDUSE,435,NB2,2.0,0.4088821701452442,0.2922144796502358,1.5051343602735419,0.8488623735697484,2.668782965310573,1.3992536257431631,0.16173694071234268,1.8868403537312588,0.16955872927416946,-0.1131596462687412,0.45055290627009753
seg,ALCOHOL,TOT,LU_GASSTNS,435,NB2,2.0,0.0684573411373959,0.12217566639135338,1.070854942522744,0.8428157032485213,1.3605943784690648,0.5603189502409849,0.5752619038564717,0.3135553611480191,0.5755066244912221,-1.686444638851981,0.806089026916513
seg,ALCOHOL,TOT,LU_SUPERMKTS,435,NB2,2.0,0.008082036119961479,0.11007512456597002,1.0081147839374478,0.8124790026298064,1.250857455151129,0.07342291141462909,0.9414695861261464,0.005389838354290077,0.9414754689545407,-1.99461016164571,0.9884003145761826
seg,ALCOHOL,TOT,LU_REGSHOPCNTRS,435,too rare (<5 sites),,,,,,,,,,,,
seg,ALCOHOL,TOT,LU_COMMSHOPCNTRS,435,NB2,2.0,-0.052949291035528916,0.048961332367753546,0.9484281050700086,0.8616436417170172,1.043953470943279,-1.0814511875988464,0.2794964625549877,1.1686938980260493,0.27966977188211,-0.8313061019739507,0.5536598506572368
seg,ALCOHOL,TOT,LU_FASTFOOD,435,NB2,2.0,-0.018633808359301094,0.05253988598299168,0.9815387277175862,0.8854918860884675,1.088003503075809,-0.3546602359459491,0.722844143924386,0.1262815538623272,0.722319042452514,-1.8737184461376728,0.8802234399297221
seg,ALCOHOL,TOT,LU_RESTOS,435,NB2,2.0,0.012606219038579185,0.04801194015027025,1.0126860123626455,0.9217353057739753,1.1126111294758558,0.2625642496246473,0.7928864581106132,0.0687641839808748,0.7931446974528795,-1.9312358160191252,0.9184922336528886
seg,ALCOHOL,TOT,LU_BARS,435,NB2,2.0,0.15963307842244234,0.13119578352358702,1.1730803635178155,0.9070926743602359,1.5170638879226461,1.2167546405463765,0.2236975828375528,1.463908947381924,0.22630918902981334,-0.536091052618076,0.5137915056803004
seg,ALCOHOL,TOT,LU_HOTELS,435,NB2,2.0,0.05956761151462575,0.06621051513655532,1.0613775198953543,0.9322027004852111,1.2084520235275644,0.8996699601531726,0.36829591424846564,0.8052529639226123,0.3695274456947043,-1.1947470360773877,0.6400773763831143
seg,ALCOHOL,TOT,LU_OFFBLDGS,435,NB2,2.0,-0.06336073428301622,0.06466894615926047,0.9386048256730062,0.8268666282288203,1.0654427070829364,-0.9797706325224087,0.32719935152075796,0.9741088963307902,0.3236575654770715,-1.0258911036692098,0.5991825150983341
seg,ALCOHOL,TOT,LU_DEPTSTRS,435,NB2,2.0,0.08071914673840914,0.15081984223412362,1.0840663902264864,0.8066319843425581,1.4569220675975627,0.5352024345251973,0.5925098830326505,0.2851895287589059,0.593319814607895,-1.714810471241094,0.806089026916513
seg,ALCOHOL,TOT,LU_BANKINS,435,NB2,2.0,-0.010414809054907558,0.08100765794497579,0.9896392372787736,0.844348615078788,1.1599306287371882,-0.1285657346368634,0.8977012810324064,0.016550970134971976,0.8976341466917492,-1.983449029865028,0.9781712715584115
seg,ALCOHOL,TOT,LU_AUTOSALSER,435,NB2,2.0,0.06617426927825135,0.02279974095395145,1.0684128924868508,1.02171928006271,1.1172404505884013,2.9024132077598277,0.00370299752805272,8.411647996950933,0.0037282454854180324,6.411647996950933,0.09698864959204948
seg,ALCOHOL,TOT,LU_REPAIRSTRS,435,NB2,2.0,-0.0036668211607453318,0.1374954369682829,0.9963398934184062,0.7609726375968552,1.3045057524695203,-0.026668675278228943,0.978723997748475,0.0007111176361149774,0.9787255022375387,-1.999288882363885,0.990709646876253
seg,ALCOHOL,TOT,LU_SINGLESTORE,435,NB2,2.0,0.024954955268946824,0.015668664724753097,1.0252689365207608,0.9942609043005721,1.057244016784385,1.5926663635557534,0.11123505719156597,2.5352310200637476,0.11133059103837611,0.5352310200637476,0.3616265015876078
seg,ALCOHOL,TOT,LU_PARKSREC,435,NB2,2.0,-0.019615372575122015,0.11542157171635636,0.9805757571120758,0.7820460496585694,1.2295040884813766,-0.16994546412282416,0.8650530259364873,0.02890252514146141,0.865004295995088,-1.9710974748585386,0.9657584178838143
seg,ALCOHOL,TOT,LU_SCHOOLS,435,NB2,2.0,0.013208461211834508,0.09975838503589453,1.0132960782728266,0.8333363194515466,1.2321183155905768,0.132404521254849,0.8946643387190868,0.01751556911483476,0.8947103096621112,-1.9824844308851652,0.9781712715584115
seg,ALCOHOL,TOT,LU_HOSPITALS,435,NB2,2.0,0.05945494136953128,0.41715999591374664,1.061257941072796,0.46851898713537343,2.4038906606033605,0.14252311331843137,0.8866668239352811,0.020227251439223437,0.8869042268717686,-1.9797727485607766,0.9781712715584115
seg,ALCOHOL,TOT,LU_INDUSTRIAL,435,NB2,2.0,-0.029835315818057474,0.02453432270451047,0.9706053637377111,0.9250360323662854,1.0184195416761694,-1.216064375503321,0.22396039991192584,1.463783111338671,0.22632914612341032,-0.536216888661329,0.5137915056803004
seg,ALCOHOL,KAB,LU_MXDUSE,123,Firth-Poisson,1.0,0.6396668075147565,0.3060451913073683,1.895849091386897,1.0406216058672826,3.4539392196426504,2.0901057284455886,0.036608303214480456,,,1.3506020919342063,0.4065518238308658
seg,ALCOHOL,KAB,LU_GASSTNS,123,Firth-Poisson,1.0,0.10346020449921353,0.17566084573411922,1.1090016592105019,0.7859712591883105,1.5647959969958378,0.5889770373519162,0.5558766775563292,,,-1.681383311061495,0.8317193625032685
seg,ALCOHOL,KAB,LU_SUPERMKTS,123,Firth-Poisson,1.0,0.2409049180697346,0.14109919491367137,1.2724000473038664,0.9649784553437241,1.6777596136093993,1.7073443843327902,0.08775806100891342,,,1.0048879276499747,0.48390306541035594
seg,ALCOHOL,KAB,LU_REGSHOPCNTRS,123,too rare (<5 sites),,,,,,,,,,,,
seg,ALCOHOL,KAB,LU_COMMSHOPCNTRS,123,Firth-Poisson,1.0,0.005631666791660344,0.06252818170112724,1.0056475544377272,0.8896531873429703,1.1367654476313418,0.09006605723125989,0.928234721968591,,,-2.039690727161428,0.970389622926849
seg,ALCOHOL,KAB,LU_FASTFOOD,123,Firth-Poisson,1.0,-0.02184074166296167,0.08087265290707248,0.978396040370587,0.83497696498107,1.1464493656235721,-0.2700633759109892,0.7871114973279345,,,-1.8966083840208512,0.9187536392624447
seg,ALCOHOL,KAB,LU_RESTOS,123,Firth-Poisson,1.0,0.03626488123744948,0.06896586007643073,1.0369304735445226,0.9058258549333098,1.1870105066104897,0.5258381639445849,0.5990006556635306,,,-1.7893005000983067,0.849491838941007
seg,ALCOHOL,KAB,LU_BARS,123,Firth-Poisson,1.0,0.2192970556168357,0.16886602585030347,1.2452011157389482,0.8943300799109706,1.7337288026719107,1.2986452100864765,0.1940657150504509,,,-0.5936771754799111,0.6513538419727775
seg,ALCOHOL,KAB,LU_HOTELS,123,Firth-Poisson,1.0,-0.02059051384327675,0.09575787470527079,0.9796200232882443,0.8119829405097453,1.181866443431446,-0.21502684668651473,0.8297463874684818,,,-1.914968036807295,0.9193020237264294
seg,ALCOHOL,KAB,LU_OFFBLDGS,123,Firth-Poisson,1.0,-0.02312151668696551,0.0925570408191182,0.9771437372889391,0.815027587441704,1.1715062140657777,-0.24980829640125687,0.8027356035248613,,,-1.8901767666793603,0.9187536392624447
seg,ALCOHOL,KAB,LU_DEPTSTRS,123,Firth-Poisson,1.0,-0.01339924851156068,0.2219736052898615,0.9866901218084235,0.6386060563972987,1.5245038576155285,-0.060364152278661404,0.9518656089079437,,,-2.0132357542968293,0.970389622926849
seg,ALCOHOL,KAB,LU_BANKINS,123,Firth-Poisson,1.0,-0.23854348008022783,0.1377927609974416,0.7877744350168437,0.6013264633752453,1.0320326781940443,-1.7311757043946372,0.08342043123990552,,,2.2954847408707337,0.48390306541035594
seg,ALCOHOL,KAB,LU_AUTOSALSER,123,Firth-Poisson,1.0,0.09151326051025953,0.029594268772988628,1.0958313078784965,1.0340762268379455,1.1612744052715618,3.0922629382140974,0.001986368182765383,,,8.248692583009756,0.07746835912784995
seg,ALCOHOL,KAB,LU_REPAIRSTRS,123,Firth-Poisson,1.0,-0.07912879728291283,0.12050188165515995,0.9239209182775153,0.7295608615811857,1.1700598376133902,-0.6566602628609203,0.5113993906632774,,,-1.2937220509575127,0.8189857430221246
seg,ALCOHOL,KAB,LU_SINGLESTORE,123,Firth-Poisson,1.0,0.03265560049997855,0.019443860820207635,1.0331946462405472,0.9945604813426261,1.0733295732593855,1.6794812924211124,0.09305828180968383,,,1.0328171421361958,0.48390306541035594
seg,ALCOHOL,KAB,LU_PARKSREC,123,Firth-Poisson,1.0,-0.19055840682951594,0.1356382415071894,0.8264974832216916,0.6335544320484936,1.0781995282758983,-1.404901779262713,0.16005048743659378,,,1.3194297752796729,0.6279159756377437
seg,ALCOHOL,KAB,LU_SCHOOLS,123,Firth-Poisson,1.0,0.09676683008491672,0.14949010764092133,1.1016034828820196,0.8218200863864875,1.4766373487336424,0.6473125988868298,0.517429649115819,,,-1.6608581933320465,0.8189857430221246
seg,ALCOHOL,KAB,LU_HOSPITALS,123,Firth-Poisson,1.0,0.5974901790380692,0.4824599670478287,1.8175513425784515,0.7060061317165607,4.679127750458378,1.2384243664694299,0.21555875036069982,,,-1.0355520764221637,0.6513538419727775
seg,ALCOHOL,KAB,LU_INDUSTRIAL,123,Firth-Poisson,1.0,-0.006851559474659791,0.033427757188040856,0.9931718589442041,0.930186696959748,1.060421896617782,-0.20496617335460995,0.8375985536693549,,,-1.9344509422824103,0.9201786927635166
seg,ALCOHOL,KSI,LU_MXDUSE,54,Firth-Poisson,0.0,0.7806854444030354,0.41695703838957654,2.1829680560350253,0.9641095489480378,4.942746951183007,1.872340247374876,0.061159545972103393,,,0.15882816634285746,0.4077450417283485
seg,ALCOHOL,KSI,LU_GASSTNS,54,Firth-Poisson,0.0,0.27793008057794133,0.21888914771575707,1.3203938728050222,0.8597680383673915,2.027802734620902,1.2697298311876706,0.20418088286571634,,,-0.38882915126629314,0.651261095314515
seg,ALCOHOL,KSI,LU_SUPERMKTS,54,Firth-Poisson,0.0,0.4001531340417165,0.21305817153700965,1.492053164279316,0.9827103296492604,2.265390499996557,1.8781402804454612,0.06036197721291141,,,1.2207344591384413,0.4077450417283485
seg,ALCOHOL,KSI,LU_REGSHOPCNTRS,54,too rare (<5 sites),,,,,,,,,,,,
seg,ALCOHOL,KSI,LU_COMMSHOPCNTRS,54,Firth-Poisson,0.0,-0.16051160488290275,0.13691654701765413,0.851707939543694,0.651245863844317,1.1138748889700065,-1.1723316748720392,0.24106391931330584,,,0.31263253254735446,0.699862991554759
seg,ALCOHOL,KSI,LU_FASTFOOD,54,Firth-Poisson,0.0,0.019257714990495285,0.12082840951721115,1.0194443408547043,0.8044745338642264,1.2918578778481042,0.15938068760023,0.8733689534779154,,,-2.0738351087752562,0.9728688063854889
seg,ALCOHOL,KSI,LU_RESTOS,54,Firth-Poisson,0.0,0.07952098877227877,0.09631059767149043,1.0827682852679155,0.8965082507723074,1.3077260120830518,0.8256722592826182,0.40899003269045353,,,-1.5250500186487557,0.802860807554623
seg,ALCOHOL,KSI,LU_BARS,54,Firth-Poisson,0.0,0.3095769451621101,0.24648413072716355,1.3628484325341146,0.8406902897842367,2.209322354059048,1.2559711014612327,0.20912644779193512,,,-1.088865472945372,0.651261095314515
seg,ALCOHOL,KSI,LU_HOTELS,54,Firth-Poisson,0.0,-0.18192442996785946,0.2006877625678848,0.8336643380761606,0.5625515837853279,1.23543555579994,-0.9065048493244403,0.36466869933176616,,,-0.38216280839554884,0.802860807554623
seg,ALCOHOL,KSI,LU_OFFBLDGS,54,Firth-Poisson,0.0,-0.19208771406108713,0.15308773164493658,0.8252344806493661,0.6113169783977974,1.1140079077101628,-1.254755766494764,0.20956743462476013,,,0.7736051625133769,0.651261095314515
seg,ALCOHOL,KSI,LU_DEPTSTRS,54,Firth-Poisson,0.0,0.18676537073087746,0.31474520312149923,1.2053444427840339,0.6504211340255293,2.2337146653868234,0.5933859162224675,0.5529229120948799,,,-1.8492169195245083,0.8225299518766808
seg,ALCOHOL,KSI,LU_BANKINS,54,Firth-Poisson,0.0,-0.49665387673238565,0.2513605562605883,0.6085635853787448,0.37182923827154263,0.9960207518123432,-1.9758624189926564,0.04817036158789311,,,4.177498325888735,0.4077450417283485
seg,ALCOHOL,KSI,LU_AUTOSALSER,54,Firth-Poisson,0.0,0.16192955272066906,0.04408916729613283,1.1757774080838475,1.0784391721294926,1.2819012412453188,3.672774122338035,0.0002399315515696042,,,12.830814264242747,0.031570286224813865
seg,ALCOHOL,KSI,LU_REPAIRSTRS,54,Firth-Poisson,0.0,0.009374583086260707,0.1777429905888872,1.0094186621234744,0.7124812532112338,1.430109256700762,0.05274235037455718,0.957937195245736,,,-2.1066375077772364,0.9750798409014232
seg,ALCOHOL,KSI,LU_SINGLESTORE,54,Firth-Poisson,0.0,0.056695561655898015,0.02915722419256197,1.0583335640281735,0.9995475046453931,1.1205769886304104,1.9444773371246051,0.05183791574183821,,,1.726352023316565,0.4077450417283485
seg,ALCOHOL,KSI,LU_PARKSREC,54,Firth-Poisson,0.0,-0.2116596449531025,0.22049939943797378,0.8092400796452602,0.5252723085794718,1.2467238341104894,-0.9599103013096509,0.33710036121303755,,,-0.22248568534314472,0.802860807554623
seg,ALCOHOL,KSI,LU_SCHOOLS,54,Firth-Poisson,0.0,0.021209990210149555,0.23720972952787206,1.0214365207881844,0.6416443635319412,1.6260293478724426,0.08941450358029007,0.9287524974495902,,,-2.0758686282743497,0.9737133337302168
seg,ALCOHOL,KSI,LU_HOSPITALS,54,Firth-Poisson,0.0,1.1721811776971345,0.4732126764031735,3.229028046960704,1.2772180726208,8.163541020574387,2.477070535402237,0.013246572038876572,,,1.8503652442183807,0.2123669995572796
seg,ALCOHOL,KSI,LU_INDUSTRIAL,54,Firth-Poisson,0.0,0.05180609493047435,0.03923982528458787,1.0531715074185262,0.9752085215179322,1.1373672394820384,1.32024275222301,0.18675398229571405,,,-0.7127194569889639,0.651261095314515
seg,ALCOHOL,FAT,LU_MXDUSE,20,Firth-Poisson,0.0,1.2412847053594656,0.6754466024413112,3.4600557628121646,0.9207279835023426,13.002739241431136,1.8377244046724175,0.066103025835748,,,0.2682379435244684,0.297463616260866
seg,ALCOHOL,FAT,LU_GASSTNS,20,Firth-Poisson,0.0,0.21844158883191084,0.42883909681248394,1.244136343047653,0.5368250435946922,2.8833886543874563,0.5093789033126044,0.6104866609409397,,,-1.8637741709109434,0.8160138671790187
seg,ALCOHOL,FAT,LU_SUPERMKTS,20,Firth-Poisson,0.0,0.6010078785594164,0.38743601301842173,1.8239562006447538,0.853536726716743,3.8976837407659572,1.5512442270843825,0.12084316696634546,,,0.02941827589037871,0.4196553661455818
seg,ALCOHOL,FAT,LU_REGSHOPCNTRS,20,too rare (<5 sites),,,,,,,,,,,,
seg,ALCOHOL,FAT,LU_COMMSHOPCNTRS,20,Firth-Poisson,0.0,-0.1519141281996932,0.2609418011230302,0.859062046778399,0.5151175981820405,1.4326584896722756,-0.5821762843127917,0.5604479459548422,,,-1.1842371770497095,0.8139652963897019
seg,ALCOHOL,FAT,LU_FASTFOOD,20,Firth-Poisson,0.0,-0.245263081271112,0.2989761271903169,0.7824986504208447,0.43550182567445866,1.4059737567395318,-0.8203433617794733,0.41202039354647146,,,-0.44945247761361884,0.6769776055310553
seg,ALCOHOL,FAT,LU_RESTOS,20,Firth-Poisson,0.0,-0.02071109420666243,0.18923188374748462,0.9795019074712235,0.6759706734492574,1.4193278265226184,-0.10944822720414173,0.912846983690648,,,-2.104788867996149,0.930492810769857
seg,ALCOHOL,FAT,LU_BARS,20,Firth-Poisson,0.0,0.46494098970095854,0.40718029916400955,1.5919202464255504,0.7166753024574573,3.536064466418555,1.1418553173017916,0.25351416432120677,,,-1.3951826277180714,0.5704068697227151
seg,ALCOHOL,FAT,LU_HOTELS,20,Firth-Poisson,0.0,-0.3886995227055535,0.4741376921854125,0.6779379443720062,0.2676675912731176,1.7170545534979746,-0.8198030426856504,0.41232839622959805,,,0.10028184730811063,0.6769776055310553
seg,ALCOHOL,FAT,LU_OFFBLDGS,20,Firth-Poisson,0.0,-0.3022949402530708,0.30739316281888096,0.739120036487825,0.40462865271107673,1.3501229452671648,-0.9834146520402144,0.3254034019245482,,,0.551116985949875,0.6253617389605339
seg,ALCOHOL,FAT,LU_DEPTSTRS,20,Firth-Poisson,0.0,-0.07186321098818171,0.7099854728559652,0.9306581909189976,0.2314399723494908,3.7423296396558134,-0.1012178611191959,0.9193775184104955,,,-2.05348395428868,0.930492810769857
seg,ALCOHOL,FAT,LU_BANKINS,20,Firth-Poisson,0.0,-1.3197787607424538,0.70095242702174,0.2671944093199141,0.06763392871985782,1.0555774848971082,-1.8828364235074129,0.05972253926594363,,,5.38678043257292,0.28289623862815405
seg,ALCOHOL,FAT,LU_AUTOSALSER,20,Firth-Poisson,0.0,0.18432081295119965,0.07256136552151764,1.202401507202818,1.0429993330125498,1.3861652052525448,2.5402059570742286,0.01107872075135245,,,5.87269530792355,0.11705781834626754
seg,ALCOHOL,FAT,LU_REPAIRSTRS,20,Firth-Poisson,0.0,-0.026555856609108235,0.37496920716755044,0.9737936495051752,0.466967553339459,2.0307065555950237,-0.070821433071015,0.9435398735300551,,,-2.168605658619242,0.9435398735300551
seg,ALCOHOL,FAT,LU_SINGLESTORE,20,Firth-Poisson,0.0,0.07508730131851722,0.046500357257465236,1.07797825569989,0.9840747701359832,1.1808423049004728,1.6147682673225612,0.1063608874777582,,,0.5040992473809638,0.39976119486106515
seg,ALCOHOL,FAT,LU_PARKSREC,20,Firth-Poisson,0.0,-1.0963865205668764,1.184346800557168,0.33407608232061176,0.03278755521846607,3.4039387211105887,-0.9257309768144674,0.3545858054067341,,,2.040988685147596,0.6487842237929021
seg,ALCOHOL,FAT,LU_SCHOOLS,20,Firth-Poisson,0.0,0.1956231439591465,0.36841961423726416,1.2160685361961943,0.5906809234879515,2.503589714721029,0.5309791780878533,0.5954332081569,,,-2.0019660474023055,0.8139652963897019
seg,ALCOHOL,FAT,LU_HOSPITALS,20,Firth-Poisson,0.0,1.7890522439253134,0.6066457119078473,5.98377861556205,1.8221673579269326,19.650009843658644,2.949089079190722,0.00318712097034677,,,2.5392277176788696,0.06453279896206644
seg,ALCOHOL,FAT,LU_INDUSTRIAL,20,Firth-Poisson,0.0,0.08642023940905681,0.06481340562372347,1.0902644041165348,0.9601996613104957,1.2379471882558863,1.3333698264641822,0.18241046926072924,,,-0.26384584673164113,0.49748309798380697
