facility,lu,type,sev,I_bv,z_bv,p_bv,r_insitu
int,LU_MXDUSE,ALL,TOT,0.022380691981309084,0.7283848154079876,0.236,-0.03920822117771011
int,LU_MXDUSE,ALL,KAB,0.04404358881281467,1.3049586925178742,0.118,-0.02701293994392393
int,LU_MXDUSE,ALL,KSI,-0.0349434745620626,-1.1254338619472726,0.13,-0.053625409717067654
int,LU_MXDUSE,ALL,FAT,0.03314194067489105,1.0062087096111776,0.15,-0.02447006949645715
int,LU_MXDUSE,ANGLE,TOT,0.04542139059245863,1.1290284663907206,0.08,-0.006830388072254275
int,LU_MXDUSE,ANGLE,KAB,0.07176827395140169,2.4311292698608677,0.018,-0.0028901342478605055
int,LU_MXDUSE,ANGLE,KSI,-0.02633836315879533,-0.8583845802916084,0.188,-0.004239063073040592
int,LU_MXDUSE,ANGLE,FAT,-0.020237179918785313,-0.6883042622070372,0.24,-0.006532547952945469
int,LU_MXDUSE,LEFTTURN,TOT,-0.03482668775855136,-1.152057120148884,0.112,-0.018585426582217995
int,LU_MXDUSE,LEFTTURN,KAB,-0.053417053462157596,-1.598974650737209,0.034,0.005665570556080766
int,LU_MXDUSE,LEFTTURN,KSI,-0.06355292992111986,-2.095000946609491,0.01,-0.020803722058284638
int,LU_MXDUSE,LEFTTURN,FAT,0.033553374486255054,1.0372255030727786,0.106,0.03047159924910256
int,LU_MXDUSE,RIGHTTURN,TOT,-0.08912838541509611,-2.675231669865815,0.002,-0.02571112053990006
int,LU_MXDUSE,RIGHTTURN,KAB,-0.029983015800993326,-0.995314545877826,0.142,-0.04172346228609786
int,LU_MXDUSE,RIGHTTURN,KSI,0.03385164867311771,1.112982763756798,0.058,0.021819287666355866
int,LU_MXDUSE,REAREND,TOT,0.03132231671064979,0.9479649973626753,0.17,-0.04759408636906924
int,LU_MXDUSE,REAREND,KAB,0.05029552397025487,1.6118209170920663,0.066,-0.06786018138830578
int,LU_MXDUSE,REAREND,KSI,-0.042829871682716174,-1.2890588374167815,0.076,-0.06575319458124643
int,LU_MXDUSE,SIDESWIPE,TOT,0.02594365349840079,0.8307299700539658,0.19,-0.019364942796786105
int,LU_MXDUSE,SIDESWIPE,KAB,0.059942640762674256,1.9590946233634148,0.044,0.019104996180030767
int,LU_MXDUSE,SIDESWIPE,KSI,0.008350083334890575,0.27227740612343954,0.456,0.042331481612910955
int,LU_MXDUSE,HEADON,TOT,0.035057690643282735,1.0728904542168058,0.108,0.049196283616566215
int,LU_MXDUSE,HEADON,KAB,0.07552519930886763,2.608738203782484,0.022,0.09625510576977593
int,LU_MXDUSE,HEADON,KSI,-0.012060821523410184,-0.4060263295689462,0.438,0.05529819549435484
int,LU_MXDUSE,OFFROAD,TOT,-0.08440732043354256,-2.83460280778771,0.004,-0.08531974895138644
int,LU_MXDUSE,OFFROAD,KAB,-0.04385632612514777,-1.425583325240034,0.046,-0.03572175178073671
int,LU_MXDUSE,OFFROAD,KSI,-0.028665764573480895,-0.8899747279992575,0.18,-0.07199610460811394
int,LU_MXDUSE,ROLLOVER,TOT,0.06956152460656682,2.168980819086507,0.036,0.09438930821124356
int,LU_MXDUSE,ROLLOVER,KAB,0.093879081061783,3.0864224824918756,0.01,-0.036715546933736125
int,LU_MXDUSE,ROLLOVER,KSI,-0.1657698444910632,-5.505277214892696,0.002,-0.03265772023911032
int,LU_MXDUSE,SINGLE,TOT,0.10473960845455887,3.189067972441308,0.008,0.04638310656854661
int,LU_MXDUSE,SINGLE,KAB,0.09315239384490312,2.9253095085443093,0.012,0.05817121342658281
int,LU_MXDUSE,SINGLE,KSI,0.11127917714836412,3.389743214000283,0.004,0.04731562444097457
int,LU_MXDUSE,PED,TOT,-0.0006415534939163073,-0.02976830640906174,0.462,-0.040665524302338385
int,LU_MXDUSE,PED,KAB,0.005365179382649967,0.19345386309221344,0.412,-0.023820648313338962
int,LU_MXDUSE,PED,KSI,-0.006306137783428052,-0.1401886705584325,0.49,0.020630721506949667
int,LU_MXDUSE,PED,FAT,-0.00024210235047900005,0.04051113288552148,0.38,0.01633806074264231
int,LU_MXDUSE,BIKE,TOT,-0.035643861470622214,-1.1958033449523338,0.104,-0.05774865183208853
int,LU_MXDUSE,BIKE,KAB,-0.0194483059516619,-0.5981704818380512,0.298,-0.03306075068210544
int,LU_MXDUSE,BIKE,KSI,-0.03792925536677889,-1.2547507319786106,0.086,-0.043928456830441644
int,LU_MXDUSE,ALCOHOL,TOT,-0.005342058612355186,-0.19669582669530297,0.464,-0.053993264723281746
int,LU_MXDUSE,ALCOHOL,KAB,0.039738576051759844,1.2140546412655553,0.118,-0.04530963656152711
int,LU_MXDUSE,ALCOHOL,KSI,-0.03618072288055407,-1.2405997764396066,0.074,-0.05126682017777998
int,LU_MXDUSE,ALCOHOL,FAT,-0.022178235066781116,-0.6934591943454125,0.23,-0.04455586409784827
int,LU_GASSTNS,ALL,TOT,0.10937265677798023,3.7369647354737503,0.002,0.37957739745881414
int,LU_GASSTNS,ALL,KAB,0.06496398103074447,2.0620036037092393,0.026,0.2665995632544077
int,LU_GASSTNS,ALL,KSI,0.05551483702806624,1.7501278370717326,0.04,0.21658759552908347
int,LU_GASSTNS,ALL,FAT,0.09520498392233893,3.048561232021425,0.002,0.15013650429604442
int,LU_GASSTNS,ANGLE,TOT,0.02968565553808686,0.9829786609019718,0.166,0.23550559815726066
int,LU_GASSTNS,ANGLE,KAB,-0.015525186384596988,-0.4634408915190177,0.34,0.09244685805994575
int,LU_GASSTNS,ANGLE,KSI,0.019492653684510492,0.6097149140936831,0.262,0.1733225608513853
int,LU_GASSTNS,ANGLE,FAT,0.08241483222952227,2.6176533806672055,0.018,0.16032597519736283
int,LU_GASSTNS,LEFTTURN,TOT,0.054121173854589,1.7758777804846382,0.04,0.18918279057551354
int,LU_GASSTNS,LEFTTURN,KAB,0.03589138398802231,1.2947319874354264,0.106,0.139297644050026
int,LU_GASSTNS,LEFTTURN,KSI,0.009611416074083029,0.3212132611710249,0.38,0.06167370052252205
int,LU_GASSTNS,LEFTTURN,FAT,-0.028674040006995846,-0.8966632903896845,0.18,-0.037813832209962234
int,LU_GASSTNS,RIGHTTURN,TOT,0.09146381427208067,3.0066585824070327,0.006,0.369552016438955
int,LU_GASSTNS,RIGHTTURN,KAB,0.037002579148431546,1.2048275579482284,0.13,0.0529735907721899
int,LU_GASSTNS,RIGHTTURN,KSI,-0.07934531270244001,-2.725465729380113,0.01,-0.002488582733194787
int,LU_GASSTNS,REAREND,TOT,0.09497652077114602,2.8843595408389464,0.004,0.34274175752177194
int,LU_GASSTNS,REAREND,KAB,0.05331521107465703,1.989107671877948,0.028,0.22670453275840163
int,LU_GASSTNS,REAREND,KSI,0.02247875073508239,0.6896214003049602,0.246,0.11375773003637264
int,LU_GASSTNS,SIDESWIPE,TOT,0.1189419713898699,4.238398941800453,0.002,0.3840363807507661
int,LU_GASSTNS,SIDESWIPE,KAB,0.02835540474699612,0.9727653717375891,0.174,0.20314285454999692
int,LU_GASSTNS,SIDESWIPE,KSI,-0.0381622257338113,-1.3577894082859545,0.094,-0.15782797991826142
int,LU_GASSTNS,HEADON,TOT,0.1674109504737901,5.760529801540096,0.002,0.28754843263596375
int,LU_GASSTNS,HEADON,KAB,-0.014986439103376287,-0.427901116836947,0.326,-0.027349402345628843
int,LU_GASSTNS,HEADON,KSI,-0.006475500087887154,-0.2373306413426835,0.432,-0.02073478021224517
int,LU_GASSTNS,OFFROAD,TOT,0.07358820571945593,2.47549030620994,0.014,0.12135274627657737
int,LU_GASSTNS,OFFROAD,KAB,0.05092536181588007,1.6728759286368193,0.056,0.06404706342898195
int,LU_GASSTNS,OFFROAD,KSI,0.04149754805220291,1.3231466098205178,0.116,-0.03203612656207717
int,LU_GASSTNS,ROLLOVER,TOT,0.08490579151883357,2.7007798595160772,0.01,0.23999483516964587
int,LU_GASSTNS,ROLLOVER,KAB,0.0207350791264978,0.7906096494761556,0.214,0.09130373621927215
int,LU_GASSTNS,ROLLOVER,KSI,0.010151161911704301,0.42044096530639424,0.38,0.01641955320725576
int,LU_GASSTNS,SINGLE,TOT,0.10413446352011668,3.3295260336302834,0.002,0.20490634055043508
int,LU_GASSTNS,SINGLE,KAB,0.07010431638357426,2.347007600782575,0.02,0.1947764886541925
int,LU_GASSTNS,SINGLE,KSI,0.023431252512514347,0.7030541437891505,0.244,0.0835891086669794
int,LU_GASSTNS,PED,TOT,0.03995767561386564,1.2850153922972474,0.096,0.24359476430948362
int,LU_GASSTNS,PED,KAB,0.07038918405602944,2.2613782244537246,0.02,0.26833626519730785
int,LU_GASSTNS,PED,KSI,0.057246618535222026,1.8002896525638477,0.05,0.21273134592010248
int,LU_GASSTNS,PED,FAT,0.055703255394388015,1.8743550950751862,0.038,0.06550260762021227
int,LU_GASSTNS,BIKE,TOT,0.006494469410382007,0.2257213957190423,0.386,0.10640208565934346
int,LU_GASSTNS,BIKE,KAB,-0.010909935875398723,-0.35983523901266484,0.384,0.05107335481577808
int,LU_GASSTNS,BIKE,KSI,-0.01122702659102252,-0.33137795504046297,0.406,0.014219709214016949
int,LU_GASSTNS,ALCOHOL,TOT,0.12805080350218628,4.446618901735518,0.002,0.24040962538949262
int,LU_GASSTNS,ALCOHOL,KAB,0.04034955367993966,1.3844987534484494,0.084,0.19314606828643907
int,LU_GASSTNS,ALCOHOL,KSI,0.07416829337158329,2.3085793149155105,0.014,0.08121670448210294
int,LU_GASSTNS,ALCOHOL,FAT,0.034562167517861925,1.0279232984103384,0.148,0.06817916189300187
int,LU_SUPERMKTS,ALL,TOT,-0.016441876092250438,-0.7162378473235316,0.248,0.08474500706101
int,LU_SUPERMKTS,ALL,KAB,0.005345169571178211,0.2546310260988698,0.39,0.0972344063235016
int,LU_SUPERMKTS,ALL,KSI,-0.01446447138918468,-0.5808167259115249,0.308,0.087623701489075
int,LU_SUPERMKTS,ALL,FAT,-0.0010909714895304661,-0.07304145031494563,0.478,-0.02702033861545666
int,LU_SUPERMKTS,ANGLE,TOT,-0.015874219918210492,-0.5929471067133388,0.286,0.04016645568200624
int,LU_SUPERMKTS,ANGLE,KAB,-0.014631731959659939,-0.5253903826995902,0.306,0.030179749689896666
int,LU_SUPERMKTS,ANGLE,KSI,-0.027004445224899486,-1.0897836414365452,0.14,0.01872695660753202
int,LU_SUPERMKTS,ANGLE,FAT,0.007297084413067814,0.3226347612180968,0.338,-0.06456864092141122
int,LU_SUPERMKTS,LEFTTURN,TOT,0.033952126560543965,1.4167348365760593,0.094,0.061962652619255765
int,LU_SUPERMKTS,LEFTTURN,KAB,0.05763367267886018,2.2920440903928223,0.014,0.08828383523187272
int,LU_SUPERMKTS,LEFTTURN,KSI,0.03258122431231085,1.2244571062514873,0.13,0.07186884100101538
int,LU_SUPERMKTS,LEFTTURN,FAT,0.033614746818910864,1.3990699072085842,0.072,-0.03886865286938951
int,LU_SUPERMKTS,RIGHTTURN,TOT,-0.05557095923819267,-2.245534525753929,0.006,0.09110608711979766
int,LU_SUPERMKTS,RIGHTTURN,KAB,-0.03311355161544953,-1.3861293996019064,0.086,-0.02498049379212663
int,LU_SUPERMKTS,RIGHTTURN,KSI,0.029158761825631097,1.1375702719226484,0.138,0.073662007996038
int,LU_SUPERMKTS,REAREND,TOT,-0.011902121782790176,-0.44083549330730554,0.344,0.07222561723386842
int,LU_SUPERMKTS,REAREND,KAB,0.011019479086551352,0.4804585065462803,0.3,0.07410655544642494
int,LU_SUPERMKTS,REAREND,KSI,-0.003961091236705449,-0.15965063527346085,0.484,0.04832990530011508
int,LU_SUPERMKTS,SIDESWIPE,TOT,0.004778243927187942,0.21578065350372322,0.398,0.09130762200150154
int,LU_SUPERMKTS,SIDESWIPE,KAB,-0.004340363957694507,-0.15318775351016162,0.476,0.06005981801915636
int,LU_SUPERMKTS,SIDESWIPE,KSI,0.01598719410166536,0.6972688469153909,0.27,0.01390371931782428
int,LU_SUPERMKTS,HEADON,TOT,-0.0015280494864279785,-0.06273667553155617,0.488,0.033584629705594234
int,LU_SUPERMKTS,HEADON,KAB,-0.015233578785289057,-0.5527822781924641,0.304,0.007564985634773615
int,LU_SUPERMKTS,HEADON,KSI,-0.044181840590739464,-1.8168435614956608,0.022,0.12377392355326183
int,LU_SUPERMKTS,OFFROAD,TOT,-0.04391296078742769,-1.6147821233555646,0.052,0.03504173770111086
int,LU_SUPERMKTS,OFFROAD,KAB,-0.02171688995069523,-0.8070300985448012,0.212,-0.015031843953344823
int,LU_SUPERMKTS,OFFROAD,KSI,0.026365382511516496,1.0304101924237814,0.148,-0.0037901976547802807
int,LU_SUPERMKTS,ROLLOVER,TOT,-0.09202228791225543,-3.5948363385424114,0.002,-0.03048304997439123
int,LU_SUPERMKTS,ROLLOVER,KAB,-0.01192305466813527,-0.48851638331856273,0.338,0.005708706652077511
int,LU_SUPERMKTS,ROLLOVER,KSI,-0.013635676038671659,-0.453330619118594,0.3,-0.03644650042795557
int,LU_SUPERMKTS,SINGLE,TOT,-0.002494619347932872,-0.07922676318395272,0.494,0.027994146403968103
int,LU_SUPERMKTS,SINGLE,KAB,-0.019366274547043604,-0.7754517198608688,0.226,0.07131799293553154
int,LU_SUPERMKTS,SINGLE,KSI,0.006274579192610482,0.2344244639690008,0.378,0.026217549288491925
int,LU_SUPERMKTS,PED,TOT,-0.004473233480731299,-0.17927509635915365,0.452,0.07658205884679464
int,LU_SUPERMKTS,PED,KAB,-0.00755986369699139,-0.3030494248191196,0.392,0.06744445361534238
int,LU_SUPERMKTS,PED,KSI,-0.03388013918136115,-1.2873717230563466,0.096,0.035753653260718055
int,LU_SUPERMKTS,PED,FAT,0.019580027771894014,0.8131852806668348,0.188,-0.003290298903610588
int,LU_SUPERMKTS,BIKE,TOT,-0.045690289073378396,-1.7919571343449314,0.036,0.00636910995307121
int,LU_SUPERMKTS,BIKE,KAB,-0.018104597064020327,-0.7310875699329288,0.246,0.05067696846791012
int,LU_SUPERMKTS,BIKE,KSI,-0.040958336967767114,-1.692873047736948,0.05,0.038110276803748816
int,LU_SUPERMKTS,ALCOHOL,TOT,0.07231058100311742,2.7729238040301016,0.02,0.12716869839335904
int,LU_SUPERMKTS,ALCOHOL,KAB,0.029900818254691285,1.2294687094678132,0.112,0.09160756317579684
int,LU_SUPERMKTS,ALCOHOL,KSI,0.038518358760648276,1.602304918596186,0.068,0.05053104530709857
int,LU_SUPERMKTS,ALCOHOL,FAT,0.017453398677686388,0.6892847487638849,0.238,-0.014973981458572497
int,LU_REGSHOPCNTRS,ALL,TOT,-0.004796309281276819,-0.11885112960004686,0.482,0.012336556497875517
int,LU_REGSHOPCNTRS,ALL,KAB,-0.02067193404172223,-0.7450320085920565,0.234,-0.02155335908714678
int,LU_REGSHOPCNTRS,ALL,KSI,-0.017689720119149772,-0.7686933235113443,0.242,-0.02287793957547964
int,LU_REGSHOPCNTRS,ALL,FAT,-0.044143879156548174,-1.8169394345021188,0.022,-0.05109574280302814
int,LU_REGSHOPCNTRS,ANGLE,TOT,-0.023845916889372203,-0.9427975987906295,0.144,-0.0036948655017706427
int,LU_REGSHOPCNTRS,ANGLE,KAB,-0.022200974518167688,-0.8386267136236586,0.182,-0.02135009350039991
int,LU_REGSHOPCNTRS,ANGLE,KSI,-0.012579179739194616,-0.5166348263737082,0.324,-0.017256651255866184
int,LU_REGSHOPCNTRS,ANGLE,FAT,-0.019364388663781214,-0.7393685518126016,0.334,-0.01952090741285928
int,LU_REGSHOPCNTRS,LEFTTURN,TOT,-0.02080282416207407,-0.7888385398249139,0.222,-0.01680399445353515
int,LU_REGSHOPCNTRS,LEFTTURN,KAB,-0.05046625046058073,-2.0816666919472206,0.012,-0.04350323216715674
int,LU_REGSHOPCNTRS,LEFTTURN,KSI,-0.026707319778191446,-1.1473901198472871,0.134,-0.03996447890493085
int,LU_REGSHOPCNTRS,LEFTTURN,FAT,0.025636695041786093,1.018053062574474,0.172,0.02317936164836303
int,LU_REGSHOPCNTRS,RIGHTTURN,TOT,-0.032041108126176214,-1.265705459021208,0.092,-0.02153102219465989
int,LU_REGSHOPCNTRS,RIGHTTURN,KAB,-0.019685121142299596,-0.8191994164291191,0.226,0.002024697468692661
int,LU_REGSHOPCNTRS,RIGHTTURN,KSI,0.006066729376386785,0.27699314141861797,0.496,0.02047113185494382
int,LU_REGSHOPCNTRS,REAREND,TOT,0.0026207429479365744,0.07298609810871086,0.44,0.020996543884983943
int,LU_REGSHOPCNTRS,REAREND,KAB,0.009470077946584108,0.4432864244685211,0.284,0.0024353783977769075
int,LU_REGSHOPCNTRS,REAREND,KSI,-0.020270376544391996,-0.8119699386009488,0.21,-0.024087028523967137
int,LU_REGSHOPCNTRS,SIDESWIPE,TOT,0.00031581990667036537,0.06756964058382284,0.444,0.004072880545590146
int,LU_REGSHOPCNTRS,SIDESWIPE,KAB,0.0034468818149597184,0.06335728557306897,0.428,-0.05717332688970216
int,LU_REGSHOPCNTRS,SIDESWIPE,KSI,-0.04947207232760403,-1.9908891631192593,0.038,0.029796835428428932
int,LU_REGSHOPCNTRS,HEADON,TOT,-0.02811569786190288,-1.1684250145542152,0.086,-0.048392033824659744
int,LU_REGSHOPCNTRS,HEADON,KAB,0.021621185407288124,0.9043829614881426,0.17,-0.03850349388025147
int,LU_REGSHOPCNTRS,HEADON,KSI,-0.020367612493220177,-0.8075157001712344,0.244,-0.017977673209630365
int,LU_REGSHOPCNTRS,OFFROAD,TOT,-0.04817277720489575,-1.9238325028704766,0.01,-0.06490869070940965
int,LU_REGSHOPCNTRS,OFFROAD,KAB,-0.035838995165831285,-1.456235034869823,0.056,-0.059163738552451973
int,LU_REGSHOPCNTRS,OFFROAD,KSI,-0.01319848368264231,-0.4642385658295437,0.36,-0.035373377028223234
int,LU_REGSHOPCNTRS,ROLLOVER,TOT,0.010786950867341763,0.3958919069241703,0.31,0.060714858108439906
int,LU_REGSHOPCNTRS,ROLLOVER,KAB,-0.014525731058835705,-0.6135294222041191,0.302,-0.03792261635939229
int,LU_REGSHOPCNTRS,ROLLOVER,KSI,0.0032302467619947624,0.0619213163987935,0.442,0.01694565081972005
int,LU_REGSHOPCNTRS,SINGLE,TOT,0.016901980785561137,0.64218008986312,0.218,0.04703098412502075
int,LU_REGSHOPCNTRS,SINGLE,KAB,0.013572418192449316,0.498346609083526,0.286,0.024360825503837648
int,LU_REGSHOPCNTRS,SINGLE,KSI,0.019545462686362373,0.8265823092936044,0.188,0.05008900790514229
int,LU_REGSHOPCNTRS,PED,TOT,0.015647590411133862,0.6643115232259538,0.248,0.036066065868509745
int,LU_REGSHOPCNTRS,PED,KAB,0.0021924483282805096,0.0397778625991944,0.444,0.019780450077312255
int,LU_REGSHOPCNTRS,PED,KSI,0.00027075592570205463,-0.07286475823131755,0.496,0.00400783329306452
int,LU_REGSHOPCNTRS,PED,FAT,-0.029162088138384935,-1.1450481526202405,0.114,-0.02915515221186092
int,LU_REGSHOPCNTRS,BIKE,TOT,-0.02142411478299227,-0.829954507309678,0.21,-0.025845907813798582
int,LU_REGSHOPCNTRS,BIKE,KAB,0.009133757136039216,0.33200599043607054,0.352,0.02467147389666632
int,LU_REGSHOPCNTRS,BIKE,KSI,0.01579527560751579,0.6348696253835832,0.23,0.05906752566835564
int,LU_REGSHOPCNTRS,ALCOHOL,TOT,-0.02951379877827938,-1.1039623923569737,0.118,-0.01962231842186534
int,LU_REGSHOPCNTRS,ALCOHOL,KAB,-0.024971833812636,-1.0185910624284382,0.146,-0.02060207575386118
int,LU_REGSHOPCNTRS,ALCOHOL,KSI,-0.018308964991381883,-0.7137378075016387,0.26,0.007133206855731325
int,LU_REGSHOPCNTRS,ALCOHOL,FAT,-0.018982741526192788,-0.8206998454871626,0.312,-0.020032007683880693
int,LU_COMMSHOPCNTRS,ALL,TOT,-0.03869790867535528,-1.5450153567606066,0.062,0.20051391740083957
int,LU_COMMSHOPCNTRS,ALL,KAB,-0.007946785950011468,-0.337630290248082,0.372,0.17242522212198452
int,LU_COMMSHOPCNTRS,ALL,KSI,0.0010467096374080717,0.021506645867004695,0.49,0.13565317837302895
int,LU_COMMSHOPCNTRS,ALL,FAT,0.0018404777061108786,0.09496712150863455,0.448,0.05341083671560572
int,LU_COMMSHOPCNTRS,ANGLE,TOT,-0.03686785957201942,-1.4586108453780022,0.056,0.11422559713191964
int,LU_COMMSHOPCNTRS,ANGLE,KAB,-0.028492329065140133,-1.0756444058222325,0.136,0.033004092022378716
int,LU_COMMSHOPCNTRS,ANGLE,KSI,0.0035428228553456673,0.1407201022769213,0.432,0.015556362165920457
int,LU_COMMSHOPCNTRS,ANGLE,FAT,0.012908545374009454,0.5695727766907236,0.262,-0.08615427667472973
int,LU_COMMSHOPCNTRS,LEFTTURN,TOT,0.01308056926308531,0.5459071921501311,0.276,0.16734871208658902
int,LU_COMMSHOPCNTRS,LEFTTURN,KAB,0.04887484805371815,1.8884386638172108,0.036,0.14362586118531814
int,LU_COMMSHOPCNTRS,LEFTTURN,KSI,0.04481884392631771,1.7077251015257306,0.032,0.18655403284871225
int,LU_COMMSHOPCNTRS,LEFTTURN,FAT,0.0025820552429974175,0.07327901668761405,0.5,-0.09587042726576357
int,LU_COMMSHOPCNTRS,RIGHTTURN,TOT,-0.018825004929820914,-0.8000240803145121,0.238,0.2069833541545252
int,LU_COMMSHOPCNTRS,RIGHTTURN,KAB,-0.002386617423862415,-0.13301563302063968,0.452,0.022749401987907897
int,LU_COMMSHOPCNTRS,RIGHTTURN,KSI,0.028482088791246144,1.143366479302179,0.112,-0.006095207972896982
int,LU_COMMSHOPCNTRS,REAREND,TOT,-0.036832415339375035,-1.4114248325313576,0.084,0.1690382791148449
int,LU_COMMSHOPCNTRS,REAREND,KAB,0.015000876865955354,0.6100596204009027,0.266,0.1423133711390362
int,LU_COMMSHOPCNTRS,REAREND,KSI,0.025174441750850075,1.0423374154559197,0.162,0.01822219912033273
int,LU_COMMSHOPCNTRS,SIDESWIPE,TOT,-0.02566915050400684,-1.1228156561928024,0.128,0.2025122781832946
int,LU_COMMSHOPCNTRS,SIDESWIPE,KAB,-0.025492944059301553,-1.0859105529125166,0.144,0.10149864851924009
int,LU_COMMSHOPCNTRS,SIDESWIPE,KSI,0.0386242594087664,1.4941456577321734,0.068,-0.014229583990229696
int,LU_COMMSHOPCNTRS,HEADON,TOT,0.0013525955954330263,0.09323837020192421,0.454,0.149638531050031
int,LU_COMMSHOPCNTRS,HEADON,KAB,0.01949593580671129,0.9156601543337622,0.186,0.08966581858760153
int,LU_COMMSHOPCNTRS,HEADON,KSI,0.011674017407318955,0.44495639894043537,0.306,0.07830044780384755
int,LU_COMMSHOPCNTRS,OFFROAD,TOT,-0.03872902756421881,-1.4413624113962704,0.066,0.11430718582074115
int,LU_COMMSHOPCNTRS,OFFROAD,KAB,-0.019748746519364674,-0.7631710459735783,0.232,0.019704343500300127
int,LU_COMMSHOPCNTRS,OFFROAD,KSI,0.001693126761359572,0.05360525269020563,0.474,0.0684459913463557
int,LU_COMMSHOPCNTRS,ROLLOVER,TOT,-0.0749298275815228,-3.121879154379104,0.002,0.009372680060709584
int,LU_COMMSHOPCNTRS,ROLLOVER,KAB,0.013744374147601702,0.5115929798893246,0.274,0.03874208330486138
int,LU_COMMSHOPCNTRS,ROLLOVER,KSI,0.004454808003058325,0.19770463458136722,0.446,-0.08870987256089428
int,LU_COMMSHOPCNTRS,SINGLE,TOT,-0.05170039770717658,-2.1305731590813783,0.014,0.0824994458218388
int,LU_COMMSHOPCNTRS,SINGLE,KAB,-0.0443552378595166,-1.6652713163606736,0.046,0.015006800660983637
int,LU_COMMSHOPCNTRS,SINGLE,KSI,-0.01573928551068426,-0.628344920279965,0.278,-0.02965753224088634
int,LU_COMMSHOPCNTRS,PED,TOT,-0.04896786035376637,-1.9661049911933486,0.022,0.13465160698505102
int,LU_COMMSHOPCNTRS,PED,KAB,-0.058323114147445225,-2.372775027668843,0.012,0.14224401860125938
int,LU_COMMSHOPCNTRS,PED,KSI,-0.05808490588283497,-2.2979189701196225,0.008,0.05424495927493295
int,LU_COMMSHOPCNTRS,PED,FAT,0.009535077721033935,0.365450205141259,0.34,0.038486414719728496
int,LU_COMMSHOPCNTRS,BIKE,TOT,-0.06209697687396362,-2.5678119730819717,0.006,0.017571364956522815
int,LU_COMMSHOPCNTRS,BIKE,KAB,-0.04365089054280634,-1.7782486338743577,0.03,0.036242393192369424
int,LU_COMMSHOPCNTRS,BIKE,KSI,-0.04453837734415107,-1.8253535458504029,0.032,0.03460887948689356
int,LU_COMMSHOPCNTRS,ALCOHOL,TOT,0.05045289573479874,1.80660976696011,0.044,0.17493104076272206
int,LU_COMMSHOPCNTRS,ALCOHOL,KAB,0.04882197910095603,2.1253647005557137,0.02,0.07597958522820344
int,LU_COMMSHOPCNTRS,ALCOHOL,KSI,0.05512789346182343,2.2474581290702393,0.022,0.07128847211389214
int,LU_COMMSHOPCNTRS,ALCOHOL,FAT,0.05106103771019937,2.050973643289861,0.028,0.03270661009109875
int,LU_FASTFOOD,ALL,TOT,-0.0246197698888185,-1.1616814215727946,0.12,0.14884758366903916
int,LU_FASTFOOD,ALL,KAB,-0.012254177175801566,-0.6019698283187789,0.27,0.1179622934633606
int,LU_FASTFOOD,ALL,KSI,-0.014932065103651563,-0.7037462963301887,0.25,0.09994100120857304
int,LU_FASTFOOD,ALL,FAT,0.012677739018267015,0.5600231369926143,0.28,0.1135490629632383
int,LU_FASTFOOD,ANGLE,TOT,-0.019690411260835646,-0.9502438900647693,0.176,0.03035959517447584
int,LU_FASTFOOD,ANGLE,KAB,-0.01944891937798219,-0.9158517099322665,0.184,0.006686716257645777
int,LU_FASTFOOD,ANGLE,KSI,-0.02808362499359559,-1.3437618063205055,0.094,-0.04463031751417027
int,LU_FASTFOOD,ANGLE,FAT,-0.006590102987351999,-0.2926698458691654,0.384,0.03807117838402353
int,LU_FASTFOOD,LEFTTURN,TOT,-0.005004604781870572,-0.21552615666662572,0.422,0.09944675305192743
int,LU_FASTFOOD,LEFTTURN,KAB,-0.01533100974322452,-0.798158656606634,0.23,0.06741545128350694
int,LU_FASTFOOD,LEFTTURN,KSI,-0.02416531183395862,-1.05008190036865,0.156,-0.016848401598827303
int,LU_FASTFOOD,LEFTTURN,FAT,0.022312029440652238,1.0467335939260025,0.158,-0.002264060594281499
int,LU_FASTFOOD,RIGHTTURN,TOT,-0.0633758053918503,-2.8913338315512145,0.002,0.02421239199104142
int,LU_FASTFOOD,RIGHTTURN,KAB,-0.024424669780781283,-1.205805707894462,0.128,-0.024088550696860937
int,LU_FASTFOOD,RIGHTTURN,KSI,0.034002346387087934,1.6531235277186604,0.036,0.04527669791656138
int,LU_FASTFOOD,REAREND,TOT,-0.033193206624426666,-1.4881542974165696,0.066,0.1507381282352314
int,LU_FASTFOOD,REAREND,KAB,-0.013559385969022876,-0.6554749301262592,0.252,0.10941215080296472
int,LU_FASTFOOD,REAREND,KSI,-0.029765017087790734,-1.4283901983487766,0.086,0.05178425023563227
int,LU_FASTFOOD,SIDESWIPE,TOT,-0.003923115931253824,-0.25565001436570356,0.408,0.16280798781745282
int,LU_FASTFOOD,SIDESWIPE,KAB,0.02168010608081518,1.0877779714101512,0.146,0.0744504145490913
int,LU_FASTFOOD,SIDESWIPE,KSI,-0.014169985256930777,-0.7712532991464655,0.224,-0.02840461678409304
int,LU_FASTFOOD,HEADON,TOT,-0.01817181583676243,-0.8795034511354675,0.19,0.010568720456384422
int,LU_FASTFOOD,HEADON,KAB,-0.0028834307902937412,-0.124973756389399,0.442,0.008218611497744633
int,LU_FASTFOOD,HEADON,KSI,0.003922067828916672,0.09647076038264052,0.46,-0.0018185563833932885
int,LU_FASTFOOD,OFFROAD,TOT,-0.04293273966398451,-2.1486417489457432,0.014,0.11182483560210463
int,LU_FASTFOOD,OFFROAD,KAB,-0.0456504067135403,-2.20387844706335,0.012,0.032779028044692814
int,LU_FASTFOOD,OFFROAD,KSI,-0.04618584122393542,-2.326616502103846,0.006,0.056795310852116504
int,LU_FASTFOOD,ROLLOVER,TOT,-0.002779745926313902,-0.11966745039197266,0.462,0.042791524314520754
int,LU_FASTFOOD,ROLLOVER,KAB,0.006050785476359512,0.2424885807664911,0.386,0.12002973996673993
int,LU_FASTFOOD,ROLLOVER,KSI,-0.008099412258754964,-0.5100375975232666,0.294,-0.11207803748728083
int,LU_FASTFOOD,SINGLE,TOT,-0.005298648266303916,-0.24656599606183466,0.426,0.07121401380429083
int,LU_FASTFOOD,SINGLE,KAB,-0.00113709856581412,-0.013219446915355074,0.496,0.09400117560496764
int,LU_FASTFOOD,SINGLE,KSI,0.0071634438743457,0.34647217001195496,0.362,0.12250831425858229
int,LU_FASTFOOD,PED,TOT,0.03513787523848727,1.8130910177901665,0.034,0.1757539393241593
int,LU_FASTFOOD,PED,KAB,0.047113359915428255,2.3881210008847744,0.008,0.15761156785204922
int,LU_FASTFOOD,PED,KSI,0.05693556314153932,2.7186145724785145,0.006,0.1508380122237768
int,LU_FASTFOOD,PED,FAT,0.01988182037153217,1.0631275243887919,0.148,0.13983722206250832
int,LU_FASTFOOD,BIKE,TOT,0.014066596902068164,0.7267822926698586,0.216,0.12309342016166835
int,LU_FASTFOOD,BIKE,KAB,0.018914148136150014,0.8511971126831945,0.194,0.03410523669744222
int,LU_FASTFOOD,BIKE,KSI,0.006947252013947594,0.33630492673582635,0.352,0.12228795975054166
int,LU_FASTFOOD,ALCOHOL,TOT,-0.014111183220769598,-0.6425658786414684,0.252,0.08390647804021914
int,LU_FASTFOOD,ALCOHOL,KAB,-0.03838227214884751,-1.7833928849034741,0.038,0.0803159724671475
int,LU_FASTFOOD,ALCOHOL,KSI,-0.013358246813234925,-0.6094391582110784,0.274,0.04951915149922964
int,LU_FASTFOOD,ALCOHOL,FAT,0.010714275694883466,0.6472368516194418,0.266,-0.002553921653865194
int,LU_RESTOS,ALL,TOT,-0.029171461675834433,-1.2953811665747783,0.102,-0.03494531090954575
int,LU_RESTOS,ALL,KAB,-0.04959335813076648,-2.026981750434496,0.028,-0.05041458412565991
int,LU_RESTOS,ALL,KSI,-0.08115031834508842,-3.381770723574103,0.002,-0.10826014393815363
int,LU_RESTOS,ALL,FAT,-0.02234698160981572,-0.9814898477066727,0.164,-0.06518266313268296
int,LU_RESTOS,ANGLE,TOT,-0.013907869111109217,-0.5954922299058618,0.276,0.005169142965641704
int,LU_RESTOS,ANGLE,KAB,-0.011163106563472969,-0.40931424132177063,0.346,0.022915243619080036
int,LU_RESTOS,ANGLE,KSI,-0.04343837085409072,-1.8401833862237782,0.03,-0.10405988933534897
int,LU_RESTOS,ANGLE,FAT,-0.01057922203504895,-0.4605297684057707,0.336,-0.05585067192457039
int,LU_RESTOS,LEFTTURN,TOT,-0.03841981929421148,-1.5940434695468344,0.058,-0.058648049634660485
int,LU_RESTOS,LEFTTURN,KAB,-0.04821381170403998,-1.9623354413373466,0.026,-0.15897276560026982
int,LU_RESTOS,LEFTTURN,KSI,-0.04655014507195416,-1.9841828969195303,0.018,-0.06553272740369176
int,LU_RESTOS,LEFTTURN,FAT,0.024309961101048935,1.033202787480726,0.142,0.04115285708171379
int,LU_RESTOS,RIGHTTURN,TOT,-0.05139209525736458,-2.223327344641406,0.018,-0.08573079116214066
int,LU_RESTOS,RIGHTTURN,KAB,-0.0241598824299559,-1.114639306968754,0.12,-0.04138269489664663
int,LU_RESTOS,RIGHTTURN,KSI,0.013193584043666702,0.5806753345160361,0.298,0.0030252043277778375
int,LU_RESTOS,REAREND,TOT,-0.02368838896144123,-1.043842713891503,0.14,-0.04538170650779395
int,LU_RESTOS,REAREND,KAB,-0.023669671760881562,-1.0465940249056225,0.136,-0.05147868791146345
int,LU_RESTOS,REAREND,KSI,-0.05290893140264683,-2.054632733107478,0.01,-0.06595002473163515
int,LU_RESTOS,SIDESWIPE,TOT,-0.010721012424490204,-0.5443939489574255,0.284,-0.005068000446797471
int,LU_RESTOS,SIDESWIPE,KAB,-0.011483552053586619,-0.5123407114352571,0.302,0.04509554503597599
int,LU_RESTOS,SIDESWIPE,KSI,0.03666920327971056,1.4827243337312244,0.064,-0.06299118214513688
int,LU_RESTOS,HEADON,TOT,-0.0267997206527963,-1.2133522634914085,0.104,0.012911095856785033
int,LU_RESTOS,HEADON,KAB,0.036426545396825584,1.5476998397020956,0.06,0.01957874633269983
int,LU_RESTOS,HEADON,KSI,-0.0024087613225324722,-0.09424968968519874,0.494,0.023147753109367477
int,LU_RESTOS,OFFROAD,TOT,-0.04885404161960306,-2.0935303421030644,0.018,-0.09028695343082188
int,LU_RESTOS,OFFROAD,KAB,-0.060509939941280386,-2.577139264380965,0.002,-0.07884609641041743
int,LU_RESTOS,OFFROAD,KSI,-0.024745750133801245,-1.04734344775138,0.132,-0.04220321228719431
int,LU_RESTOS,ROLLOVER,TOT,-0.03541839054554392,-1.5378146440868636,0.058,-0.07301669017810875
int,LU_RESTOS,ROLLOVER,KAB,-0.024636773321305126,-1.1121581246232444,0.146,-0.04886971227965838
int,LU_RESTOS,ROLLOVER,KSI,-0.03146691134085511,-1.3791155406606324,0.1,-0.05467348084601914
int,LU_RESTOS,SINGLE,TOT,-0.013677059431708436,-0.5379147322390206,0.3,0.02189392807830307
int,LU_RESTOS,SINGLE,KAB,-0.022439718512206802,-0.9266242752659014,0.184,-0.007748321002939767
int,LU_RESTOS,SINGLE,KSI,0.0014928071162237573,0.0776476762100105,0.454,-0.08782972357093811
int,LU_RESTOS,PED,TOT,-0.021306752955847302,-0.9609174529729693,0.176,0.042640297258382066
int,LU_RESTOS,PED,KAB,-0.042960146136436436,-1.8158184154752273,0.034,0.05713440632662995
int,LU_RESTOS,PED,KSI,-0.044379221402804106,-1.9757584391905674,0.026,-0.04526532962870995
int,LU_RESTOS,PED,FAT,0.0016348852981016293,0.06626683660632343,0.462,-0.0554788278144722
int,LU_RESTOS,BIKE,TOT,-0.038314217330155304,-1.672916475749732,0.044,0.0031224377445104616
int,LU_RESTOS,BIKE,KAB,-0.027364244413174456,-1.31906865371529,0.092,0.030747011670766954
int,LU_RESTOS,BIKE,KSI,-0.034241755598621346,-1.3741625469326664,0.084,-0.04772350706465706
int,LU_RESTOS,ALCOHOL,TOT,0.013055466520832223,0.6054118556940327,0.274,-0.0027859865413390962
int,LU_RESTOS,ALCOHOL,KAB,0.028878726224215865,1.2918377907522829,0.1,-0.041392775013082174
int,LU_RESTOS,ALCOHOL,KSI,-0.01648521098656399,-0.6545825915845196,0.268,-0.015084985417583106
int,LU_RESTOS,ALCOHOL,FAT,-0.0018643230171827318,-0.19820311820227016,0.42,-0.06342949047850678
int,LU_BARS,ALL,TOT,0.029535384754049803,1.693996410775742,0.062,-0.0022908374606909828
int,LU_BARS,ALL,KAB,0.027589728694264026,1.8098534605038727,0.038,-0.015998694596569173
int,LU_BARS,ALL,KSI,0.02867762343837494,1.5044548809909404,0.076,-0.012002081101028754
int,LU_BARS,ALL,FAT,0.019135125857495293,1.1135378051778395,0.14,-0.03234806055478071
int,LU_BARS,ANGLE,TOT,0.04915895452592215,2.84199699229543,0.006,0.01978545344547527
int,LU_BARS,ANGLE,KAB,0.03846692629699146,2.0123473822077282,0.048,-0.0030378485053282845
int,LU_BARS,ANGLE,KSI,0.023013460944116156,1.2988388302772051,0.096,0.02912623838294446
int,LU_BARS,ANGLE,FAT,0.0145361968337384,0.8512093300274871,0.194,-0.02253679963958839
int,LU_BARS,LEFTTURN,TOT,0.027179350585705038,1.5707705303367547,0.064,0.04350585821248443
int,LU_BARS,LEFTTURN,KAB,0.0067565831862234195,0.314859976361835,0.344,-0.012437103737898917
int,LU_BARS,LEFTTURN,KSI,0.014391388595761943,0.7695315126403693,0.198,0.0056825504204402015
int,LU_BARS,LEFTTURN,FAT,0.02946690146661947,1.6787593044940619,0.026,-0.047697242054316594
int,LU_BARS,RIGHTTURN,TOT,-0.027457062568991386,-1.555939909632265,0.052,-0.020557334542076495
int,LU_BARS,RIGHTTURN,KAB,-0.019911618538555446,-1.1371996841612704,0.126,0.03647643767900573
int,LU_BARS,RIGHTTURN,KSI,0.024850251488217387,1.441986280132792,0.074,0.026091392523812335
int,LU_BARS,REAREND,TOT,0.017257852623608367,1.0098920203298307,0.16,-0.036071048703832626
int,LU_BARS,REAREND,KAB,0.0025305145273366806,0.20663652934926685,0.412,-0.026263273686226538
int,LU_BARS,REAREND,KSI,0.0031100609340711607,0.14205059186838487,0.412,-0.004993556853617794
int,LU_BARS,SIDESWIPE,TOT,0.039518348993260434,2.17386209187371,0.018,0.005249300680716552
int,LU_BARS,SIDESWIPE,KAB,0.015933488040506896,0.9706039148328766,0.172,-0.02463509635842261
int,LU_BARS,SIDESWIPE,KSI,-0.030285917258523923,-1.8257075578280304,0.044,0.037503803558235224
int,LU_BARS,HEADON,TOT,0.01926308441225134,1.1996858087942357,0.116,-0.015059077260242724
int,LU_BARS,HEADON,KAB,-0.011327512123693434,-0.576378721920119,0.31,-0.002608342068370157
int,LU_BARS,HEADON,KSI,-0.006769926611331747,-0.4414632562847052,0.292,-0.02223507165482433
int,LU_BARS,OFFROAD,TOT,-0.007000158715169594,-0.3477484975866636,0.372,0.001612238549156188
int,LU_BARS,OFFROAD,KAB,-0.012367721784901024,-0.7903609080206843,0.232,-0.03004578605692307
int,LU_BARS,OFFROAD,KSI,-0.006569214591512907,-0.4091588965625364,0.36,0.004235356821195297
int,LU_BARS,ROLLOVER,TOT,0.015023309178092695,0.9018491272096214,0.19,-0.009489809312686755
int,LU_BARS,ROLLOVER,KAB,-0.00015920314653457916,-0.004594771363830733,0.482,0.040175171710739366
int,LU_BARS,ROLLOVER,KSI,0.006947326264314214,0.3561498591180883,0.322,-0.0809561355032987
int,LU_BARS,SINGLE,TOT,0.03997613096201854,2.3687705767574494,0.018,-0.008638196622518232
int,LU_BARS,SINGLE,KAB,0.025889405301490597,1.5015685578202742,0.078,0.018866348171635832
int,LU_BARS,SINGLE,KSI,0.019845189202513613,1.1921889124277367,0.114,-0.004755286480010359
int,LU_BARS,PED,TOT,0.05450244684736217,3.2278389056810166,0.004,-0.0276310441329573
int,LU_BARS,PED,KAB,0.044256148254447514,2.604538938639293,0.006,-0.03400671231062478
int,LU_BARS,PED,KSI,0.051603256618075515,2.9811816449593143,0.002,-0.06106836175192826
int,LU_BARS,PED,FAT,0.03498038025463574,2.0804351460847217,0.022,-0.03559681841384357
int,LU_BARS,BIKE,TOT,0.021125136607761726,1.1762823801221944,0.124,0.033104250308093094
int,LU_BARS,BIKE,KAB,0.022035381603094158,1.2383849787557426,0.112,0.005918707036973336
int,LU_BARS,BIKE,KSI,0.0003095675130695883,-0.03686228327983163,0.482,0.007903566456064978
int,LU_BARS,ALCOHOL,TOT,0.05207868363372664,3.110665556341867,0.006,-0.005813385560362656
int,LU_BARS,ALCOHOL,KAB,0.02750718007309242,1.6046090456089335,0.07,-0.050042438353151954
int,LU_BARS,ALCOHOL,KSI,0.0367657520323167,2.0887311487725735,0.03,-0.047031815172010036
int,LU_BARS,ALCOHOL,FAT,-0.022046629139837536,-1.329557840467281,0.116,-0.025012868474060465
int,LU_HOTELS,ALL,TOT,-0.010858977444460476,-0.44495837881101197,0.328,-0.013507460269435759
int,LU_HOTELS,ALL,KAB,-0.0078081929124181534,-0.27476975067920084,0.384,-0.0019300757214209456
int,LU_HOTELS,ALL,KSI,0.00630685435064712,0.20962650940754865,0.428,0.006982167590548844
int,LU_HOTELS,ALL,FAT,-0.036254433369295264,-1.6379810674422275,0.056,-0.03625177586364545
int,LU_HOTELS,ANGLE,TOT,0.011628533746737226,0.4930643227319829,0.258,-0.007857635952858572
int,LU_HOTELS,ANGLE,KAB,-0.00046097956405867843,0.008888288640984997,0.456,0.011274053883164482
int,LU_HOTELS,ANGLE,KSI,-0.024067786627627392,-1.071105458306887,0.136,-0.062494747305147286
int,LU_HOTELS,ANGLE,FAT,-0.023949377429434697,-1.004967887337136,0.152,-0.04421297136001595
int,LU_HOTELS,LEFTTURN,TOT,0.036588626446700266,1.5910562664227175,0.066,0.018122524060439762
int,LU_HOTELS,LEFTTURN,KAB,0.006903517501581602,0.2110319539947706,0.396,-0.024557245640871434
int,LU_HOTELS,LEFTTURN,KSI,-0.011952123681258335,-0.5261644829602904,0.3,-0.0038602459132524953
int,LU_HOTELS,LEFTTURN,FAT,0.03090302540866258,1.3322515019916221,0.08,0.02544398710140906
int,LU_HOTELS,RIGHTTURN,TOT,-0.06434487928332255,-2.6513514659382404,0.004,-0.02244709940465541
int,LU_HOTELS,RIGHTTURN,KAB,-0.021192753386888107,-1.0018564634343856,0.162,-0.0610525187881117
int,LU_HOTELS,RIGHTTURN,KSI,0.013119769798395312,0.5856693888770742,0.32,0.04973378541753398
int,LU_HOTELS,REAREND,TOT,-0.021061489474958294,-0.8710935910834233,0.196,-0.04330024336923917
int,LU_HOTELS,REAREND,KAB,-0.04073766792216254,-1.6881127622068526,0.052,-0.06848946299754598
int,LU_HOTELS,REAREND,KSI,-0.02279771426693277,-0.9738329123254281,0.176,-0.02414202204889528
int,LU_HOTELS,SIDESWIPE,TOT,0.006500530730284326,0.2211914773653007,0.394,0.004677309784705121
int,LU_HOTELS,SIDESWIPE,KAB,0.008183892425039887,0.34264024888884564,0.376,0.06439034179303554
int,LU_HOTELS,SIDESWIPE,KSI,-0.04696418168471304,-2.001533775604593,0.03,-0.11159752978020739
int,LU_HOTELS,HEADON,TOT,-0.03934405558446339,-1.7184057117327787,0.036,0.02909305668241663
int,LU_HOTELS,HEADON,KAB,-0.009751166359665069,-0.3775582150585721,0.34,-0.037998504723305945
int,LU_HOTELS,HEADON,KSI,0.0267960727481091,0.9913787110585894,0.15,-0.0037214496192910745
int,LU_HOTELS,OFFROAD,TOT,-0.04507697237241904,-1.8685056532175708,0.028,-0.039849291430789205
int,LU_HOTELS,OFFROAD,KAB,-0.03999389726713133,-1.6601958938635006,0.046,-0.018998053419488282
int,LU_HOTELS,OFFROAD,KSI,-0.021350071079047437,-0.8803210740088229,0.196,-0.029985871840115055
int,LU_HOTELS,ROLLOVER,TOT,-0.05033106659967134,-2.2043526407462237,0.006,0.024081954987732863
int,LU_HOTELS,ROLLOVER,KAB,-0.039621322453083196,-1.7737798759413073,0.026,0.030839474007444044
int,LU_HOTELS,ROLLOVER,KSI,0.019538194191814687,0.806475641347844,0.242,0.0006809549318575781
int,LU_HOTELS,SINGLE,TOT,-0.0025245300312018064,0.0037877870032331316,0.476,0.0009262798025791328
int,LU_HOTELS,SINGLE,KAB,0.021069245272172778,0.9795331205493589,0.168,0.06582099187295018
int,LU_HOTELS,SINGLE,KSI,0.017444556371299415,0.7493602176337744,0.234,0.06743502732652472
int,LU_HOTELS,PED,TOT,0.05787035068148208,2.591597046036784,0.01,0.16279705793030558
int,LU_HOTELS,PED,KAB,0.037076963982373375,1.6848860709959748,0.04,0.14157713629850982
int,LU_HOTELS,PED,KSI,0.049497197318558186,1.9796597453763267,0.032,0.11276577263003096
int,LU_HOTELS,PED,FAT,0.0027647010135293747,0.151055541359143,0.408,0.058322497745389126
int,LU_HOTELS,BIKE,TOT,0.06037945628877346,2.5497240937426904,0.014,0.1038570351542869
int,LU_HOTELS,BIKE,KAB,0.049599595436420875,1.9676639022115254,0.034,0.06123513346665412
int,LU_HOTELS,BIKE,KSI,0.027638136593255282,1.1831629552662806,0.148,-0.03339422722934298
int,LU_HOTELS,ALCOHOL,TOT,-0.026463383760549526,-1.1407434707464872,0.13,-0.03941163775359125
int,LU_HOTELS,ALCOHOL,KAB,-0.00915710871048049,-0.38176725715524074,0.34,-0.028520628265190813
int,LU_HOTELS,ALCOHOL,KSI,-0.009026909300603183,-0.32787782358481804,0.376,-0.008731942952203524
int,LU_HOTELS,ALCOHOL,FAT,-0.01857827779128249,-0.6926780150834178,0.278,0.02153091736518823
int,LU_OFFBLDGS,ALL,TOT,0.010282515382448442,0.5740336526163715,0.288,-0.0717331683310353
int,LU_OFFBLDGS,ALL,KAB,-0.011730079434725472,-0.5697232192942108,0.28,-0.08438327409949394
int,LU_OFFBLDGS,ALL,KSI,-0.017163605734384847,-0.9049368820903035,0.192,-0.12865992522812286
int,LU_OFFBLDGS,ALL,FAT,0.0231380444201956,1.1249544243790373,0.14,-0.08650142854473643
int,LU_OFFBLDGS,ANGLE,TOT,0.04286444694306051,2.172817747328417,0.03,0.02305169204926375
int,LU_OFFBLDGS,ANGLE,KAB,0.02282213359355965,1.1960623601587186,0.11,-0.018029548162390347
int,LU_OFFBLDGS,ANGLE,KSI,0.025019667739278436,1.1802109324147394,0.132,-0.06518135348405896
int,LU_OFFBLDGS,ANGLE,FAT,-0.017428506541954703,-0.82674965242249,0.218,-0.04462063144507207
int,LU_OFFBLDGS,LEFTTURN,TOT,0.01336882555926838,0.6986769914472027,0.242,0.023157520318013863
int,LU_OFFBLDGS,LEFTTURN,KAB,-0.01987148059496009,-0.8660930714382495,0.188,0.019582683699649255
int,LU_OFFBLDGS,LEFTTURN,KSI,-0.018032090475875943,-0.8660528414407201,0.196,-0.04756773599291425
int,LU_OFFBLDGS,LEFTTURN,FAT,-0.000545927496418403,0.05131166698606296,0.486,0.07249996712001966
int,LU_OFFBLDGS,RIGHTTURN,TOT,-0.024816046557500738,-1.2101732077255505,0.12,-0.07993831626880135
int,LU_OFFBLDGS,RIGHTTURN,KAB,-0.029462243125776194,-1.4113529894982026,0.076,-0.026695093373308696
int,LU_OFFBLDGS,RIGHTTURN,KSI,0.038631854691630226,1.8313455580106561,0.02,-0.03432790898438581
int,LU_OFFBLDGS,REAREND,TOT,0.003038763735902126,0.14699694665013488,0.422,-0.08358133822519916
int,LU_OFFBLDGS,REAREND,KAB,-0.02206216074960162,-1.1168873790937892,0.134,-0.11897487222859641
int,LU_OFFBLDGS,REAREND,KSI,-0.04018306268870896,-1.9457757220911238,0.03,-0.0795923220948005
int,LU_OFFBLDGS,SIDESWIPE,TOT,0.013821653795560175,0.666582501886901,0.27,-0.07844285223843778
int,LU_OFFBLDGS,SIDESWIPE,KAB,0.004894904194215732,0.20944250125695815,0.404,-0.061469590149333536
int,LU_OFFBLDGS,SIDESWIPE,KSI,-0.016262073981104023,-0.7510212171048591,0.236,0.05451019550446088
int,LU_OFFBLDGS,HEADON,TOT,0.013163337118586204,0.6542731733742883,0.248,0.019207384307149925
int,LU_OFFBLDGS,HEADON,KAB,0.018776021671032334,0.8259813643092861,0.2,-0.010436881412171636
int,LU_OFFBLDGS,HEADON,KSI,-0.01301137316313265,-0.6304889416085052,0.288,-0.028988441066537144
int,LU_OFFBLDGS,OFFROAD,TOT,-0.03707936245206677,-1.778512597430915,0.036,-0.11158504603217026
int,LU_OFFBLDGS,OFFROAD,KAB,-0.028516497395920923,-1.2934665151859994,0.088,-0.046775394549804714
int,LU_OFFBLDGS,OFFROAD,KSI,-0.015156270872146162,-0.723993898029415,0.232,-0.08635929385201335
int,LU_OFFBLDGS,ROLLOVER,TOT,0.07197415300420337,3.1543578498847737,0.002,-0.0009389539410587534
int,LU_OFFBLDGS,ROLLOVER,KAB,0.07880600628672974,3.5870726532953503,0.004,0.0005178407636772964
int,LU_OFFBLDGS,ROLLOVER,KSI,-0.0392659911315948,-1.9433313605916176,0.034,0.024592758969002034
int,LU_OFFBLDGS,SINGLE,TOT,0.027797236797177813,1.3253355949324424,0.102,-0.05753027991187658
int,LU_OFFBLDGS,SINGLE,KAB,0.01274778708534219,0.8402452601356856,0.214,-0.06908783977181135
int,LU_OFFBLDGS,SINGLE,KSI,0.019124875984103347,0.8771035282910344,0.19,-0.03857650954120645
int,LU_OFFBLDGS,PED,TOT,0.010497994441027506,0.4931879595618665,0.306,-0.10912378445645833
int,LU_OFFBLDGS,PED,KAB,-0.016376805740491548,-0.8147388091128699,0.21,-0.09800699647818564
int,LU_OFFBLDGS,PED,KSI,-0.002308207941705791,-0.08482462050830113,0.474,-0.07368969000047783
int,LU_OFFBLDGS,PED,FAT,0.028000517630865245,1.2465569857614416,0.096,-0.01694860234578372
int,LU_OFFBLDGS,BIKE,TOT,-0.0011898587762280272,-0.016373816964067794,0.5,-0.052364110566719
int,LU_OFFBLDGS,BIKE,KAB,-0.03390421217598854,-1.6033661525180107,0.046,-0.07129658198175626
int,LU_OFFBLDGS,BIKE,KSI,-0.04292854522936704,-2.035655423481542,0.014,-0.04785306171723672
int,LU_OFFBLDGS,ALCOHOL,TOT,-0.005518269639663048,-0.30637796105348597,0.37,-0.030633282323491096
int,LU_OFFBLDGS,ALCOHOL,KAB,-0.0005458823122019822,-0.1096106339497859,0.452,-0.045179512591621084
int,LU_OFFBLDGS,ALCOHOL,KSI,-0.04062661105160027,-1.9230676074796684,0.028,-0.02713885861449478
int,LU_OFFBLDGS,ALCOHOL,FAT,-0.04082031113801979,-2.013843962421592,0.02,-0.05516727665376695
int,LU_DEPTSTRS,ALL,TOT,0.002716303403784019,0.16587990394876648,0.398,0.07643142317056897
int,LU_DEPTSTRS,ALL,KAB,0.003969870610739561,0.24033971901452147,0.39,0.010765331350384722
int,LU_DEPTSTRS,ALL,KSI,0.021233257586488613,0.8277484139285776,0.202,0.046166265478489614
int,LU_DEPTSTRS,ALL,FAT,0.010168454570668999,0.35635983787155867,0.344,0.01552998707794857
int,LU_DEPTSTRS,ANGLE,TOT,-0.015284490125968168,-0.6643705943306569,0.246,0.022482026006859113
int,LU_DEPTSTRS,ANGLE,KAB,-0.04935942092775374,-2.055484605014517,0.008,-0.02448777941519403
int,LU_DEPTSTRS,ANGLE,KSI,-0.033282036503336145,-1.412354483640041,0.08,0.045403694749997704
int,LU_DEPTSTRS,ANGLE,FAT,-0.010352964106521397,-0.4529175765929092,0.386,0.12669256561196943
int,LU_DEPTSTRS,LEFTTURN,TOT,0.01851831022774507,0.7878578895577351,0.204,-0.002966765688890387
int,LU_DEPTSTRS,LEFTTURN,KAB,0.01756129911181549,0.7692229952349166,0.228,0.014059358138590716
int,LU_DEPTSTRS,LEFTTURN,KSI,0.017265643268769414,0.7605097124650338,0.234,-0.02249702136398794
int,LU_DEPTSTRS,LEFTTURN,FAT,0.0132892180276271,0.49928515143803487,0.34,0.0040653047340953145
int,LU_DEPTSTRS,RIGHTTURN,TOT,0.010361019613559777,0.4459623340146322,0.324,0.07423268748151597
int,LU_DEPTSTRS,RIGHTTURN,KAB,-0.02204750475231779,-0.8911188090662453,0.182,-0.014041890406451261
int,LU_DEPTSTRS,RIGHTTURN,KSI,0.018696385422910407,0.7345503826307646,0.268,-0.007474287698653373
int,LU_DEPTSTRS,REAREND,TOT,0.0004203199139176952,-0.052275277346938404,0.49,0.09028871018668548
int,LU_DEPTSTRS,REAREND,KAB,0.024984896520341176,1.1153388553418888,0.142,0.021808752779436554
int,LU_DEPTSTRS,REAREND,KSI,-0.002718240261381991,-0.09929201825887113,0.488,0.018984394054553357
int,LU_DEPTSTRS,SIDESWIPE,TOT,-8.9919097527439e-05,-0.024748014319714826,0.49,0.07850003129491723
int,LU_DEPTSTRS,SIDESWIPE,KAB,0.00696018067326814,0.27264506107084385,0.388,-0.04876060254962837
int,LU_DEPTSTRS,SIDESWIPE,KSI,-0.022660600643228748,-0.9405031729957635,0.17,-0.005583049013755138
int,LU_DEPTSTRS,HEADON,TOT,0.02039922734505109,0.8719481155826373,0.186,0.012419478054980199
int,LU_DEPTSTRS,HEADON,KAB,-0.008278959702427525,-0.2966990150073336,0.39,-0.05683367826733108
int,LU_DEPTSTRS,HEADON,KSI,-0.0010079657308190416,0.0030986629033536934,0.472,-0.03960326235967947
int,LU_DEPTSTRS,OFFROAD,TOT,-0.022176670576279194,-0.9677669844403505,0.164,0.025288041274298713
int,LU_DEPTSTRS,OFFROAD,KAB,0.010309302227368207,0.5494950303426656,0.272,0.022529866799662443
int,LU_DEPTSTRS,OFFROAD,KSI,0.00653067040694077,0.2768183067892062,0.35,0.03560530403392481
int,LU_DEPTSTRS,ROLLOVER,TOT,-0.004071108253306812,-0.1733748245790402,0.44,0.07493564560202054
int,LU_DEPTSTRS,ROLLOVER,KAB,-0.0019404898487695053,-0.1137797421400157,0.488,0.02339236171867709
int,LU_DEPTSTRS,ROLLOVER,KSI,-0.010479249717686835,-0.4260526228969929,0.312,-0.09133157745463354
int,LU_DEPTSTRS,SINGLE,TOT,-0.0014974179405399192,-0.12161013044173681,0.476,0.020053178954866174
int,LU_DEPTSTRS,SINGLE,KAB,-0.01213576852095118,-0.4518608057418525,0.342,0.008255354534393225
int,LU_DEPTSTRS,SINGLE,KSI,0.0230057739525656,0.9937041154877271,0.164,0.04414450096754552
int,LU_DEPTSTRS,PED,TOT,-0.01212675598183857,-0.5002689532745715,0.316,0.014922530616004702
int,LU_DEPTSTRS,PED,KAB,-0.004086079536452125,-0.21415865883789273,0.422,0.0239278178687616
int,LU_DEPTSTRS,PED,KSI,0.027222713088547165,1.0473628277433567,0.152,0.06085472289688042
int,LU_DEPTSTRS,PED,FAT,2.443565003187648e-06,0.01574215412218112,0.438,-0.06338456442197443
int,LU_DEPTSTRS,BIKE,TOT,-0.017149678292027744,-0.6935076333664777,0.236,0.041900605279809655
int,LU_DEPTSTRS,BIKE,KAB,-0.020279420354183515,-0.736174546324771,0.238,0.017468536071809204
int,LU_DEPTSTRS,BIKE,KSI,0.009309592161925031,0.3569144719971285,0.328,0.0547674469263153
int,LU_DEPTSTRS,ALCOHOL,TOT,0.022392126964802903,0.8437843576360964,0.208,0.04542930051757493
int,LU_DEPTSTRS,ALCOHOL,KAB,0.00119875298540003,0.05007591899313215,0.476,0.0022316825797348704
int,LU_DEPTSTRS,ALCOHOL,KSI,-0.014186756684363812,-0.5763108306078798,0.31,0.046473458031928885
int,LU_DEPTSTRS,ALCOHOL,FAT,-0.030970417879590074,-1.173506647770689,0.092,0.06517871169173
int,LU_BANKINS,ALL,TOT,-0.03648782822159202,-1.6534013391244518,0.062,0.10052412708134248
int,LU_BANKINS,ALL,KAB,-0.07433890912890156,-3.3354771450544964,0.002,0.051399578611395415
int,LU_BANKINS,ALL,KSI,-0.07625949534483281,-3.3567908378309794,0.002,0.018964155309774522
int,LU_BANKINS,ALL,FAT,-0.040717910138485344,-1.789366100682676,0.034,-0.025163670565745012
int,LU_BANKINS,ANGLE,TOT,-0.030500922435956108,-1.4711570448345896,0.076,0.047363762264095395
int,LU_BANKINS,ANGLE,KAB,-0.05166206639630248,-2.3174233204692296,0.008,-0.006282566834887484
int,LU_BANKINS,ANGLE,KSI,-0.027994413465157807,-1.240509471121377,0.112,0.02266027707682677
int,LU_BANKINS,ANGLE,FAT,-0.004404415777392344,-0.19371321844906894,0.428,0.003540037611553974
int,LU_BANKINS,LEFTTURN,TOT,-0.031869454933974736,-1.31459442908215,0.096,0.08055853238309396
int,LU_BANKINS,LEFTTURN,KAB,-0.0548419504850766,-2.4734004109036185,0.008,0.050464576324215
int,LU_BANKINS,LEFTTURN,KSI,-0.040183347525677836,-1.8655413872722222,0.02,0.028034205363659012
int,LU_BANKINS,LEFTTURN,FAT,0.03190774795571572,1.4063481216013507,0.068,-0.042514796795507355
int,LU_BANKINS,RIGHTTURN,TOT,-0.004985837114113251,-0.10414982645902715,0.474,0.15866219533875706
int,LU_BANKINS,RIGHTTURN,KAB,-0.03789935536942588,-1.6559949587438585,0.04,0.039407541691207436
int,LU_BANKINS,RIGHTTURN,KSI,0.03123867662810244,1.294056389419319,0.104,-0.030070105243897464
int,LU_BANKINS,REAREND,TOT,-0.02743376038870564,-1.2595955199697533,0.116,0.09017939549740131
int,LU_BANKINS,REAREND,KAB,-0.029220067366339676,-1.2089147544503336,0.114,0.06802434736234246
int,LU_BANKINS,REAREND,KSI,-0.058266860526585126,-2.481930650334327,0.006,-4.2144149823741916e-05
int,LU_BANKINS,SIDESWIPE,TOT,-0.042015217408946516,-1.974009646202573,0.022,0.07317892808042599
int,LU_BANKINS,SIDESWIPE,KAB,-0.07063566625959347,-3.180580847832946,0.002,0.02451594974824441
int,LU_BANKINS,SIDESWIPE,KSI,0.037118775343290014,1.587562699305683,0.056,0.02329782444782091
int,LU_BANKINS,HEADON,TOT,-0.05766605555719533,-2.608039793391204,0.004,0.005069380400566069
int,LU_BANKINS,HEADON,KAB,-0.01437734485864699,-0.6707786859330431,0.254,0.011658207155147055
int,LU_BANKINS,HEADON,KSI,-0.027937359181785856,-1.246252988284358,0.106,-0.009582721309447859
int,LU_BANKINS,OFFROAD,TOT,-0.013274316318262072,-0.6456668090912493,0.282,0.0792358297163931
int,LU_BANKINS,OFFROAD,KAB,-0.012402091613723236,-0.5145663848397263,0.29,0.01001757672287342
int,LU_BANKINS,OFFROAD,KSI,0.0018876297449559212,0.1089064364898188,0.464,-0.04089222896022307
int,LU_BANKINS,ROLLOVER,TOT,-0.020516934636717884,-0.9644713913639162,0.17,0.01517936504672677
int,LU_BANKINS,ROLLOVER,KAB,0.027154413148310384,1.1406854786763383,0.14,0.10032931291798629
int,LU_BANKINS,ROLLOVER,KSI,-0.024323068654044103,-1.1319541136809326,0.134,-0.046503138774986186
int,LU_BANKINS,SINGLE,TOT,-0.07378497690123409,-3.1879159066434863,0.002,-0.0273330677259314
int,LU_BANKINS,SINGLE,KAB,-0.07580597717544421,-3.395750944775565,0.002,-0.051120925473465834
int,LU_BANKINS,SINGLE,KSI,-0.040295795665680804,-1.7542045471533914,0.032,-0.035334652694988915
int,LU_BANKINS,PED,TOT,-0.042236522177406526,-1.9287296811683647,0.036,0.039953679505822584
int,LU_BANKINS,PED,KAB,-0.06180885044951697,-2.890242079395023,0.006,0.03287344716557274
int,LU_BANKINS,PED,KSI,-0.05325489054332015,-2.386121263546914,0.008,0.004529253656630375
int,LU_BANKINS,PED,FAT,-0.02972828747104409,-1.302959035362739,0.088,0.010446332554853449
int,LU_BANKINS,BIKE,TOT,0.002018040237821394,0.11662664269936528,0.446,0.01836680126347436
int,LU_BANKINS,BIKE,KAB,-0.02678616771308307,-1.1934814088905177,0.11,0.0057056478382720936
int,LU_BANKINS,BIKE,KSI,-0.0328162298586698,-1.4589252136522795,0.072,0.0052549949530797625
int,LU_BANKINS,ALCOHOL,TOT,-0.04150546825827417,-1.8861837168308515,0.028,0.06311306209849371
int,LU_BANKINS,ALCOHOL,KAB,-0.05064552948933688,-2.2957156071981224,0.01,0.06677910230477814
int,LU_BANKINS,ALCOHOL,KSI,-0.028826338984040575,-1.3073353317904108,0.1,-0.0005935266196838944
int,LU_BANKINS,ALCOHOL,FAT,-0.005249675042863014,-0.1558972444794575,0.464,-0.026494518346543088
int,LU_AUTOSALSER,ALL,TOT,0.007892207366328308,0.28690173138759817,0.364,-0.027299048512338556
int,LU_AUTOSALSER,ALL,KAB,0.06091595885265836,2.4771611727254332,0.008,0.005004920185023205
int,LU_AUTOSALSER,ALL,KSI,0.05223769583483083,2.1412636927629842,0.018,-0.029771183968730425
int,LU_AUTOSALSER,ALL,FAT,0.00930842024277151,0.3075222085536337,0.366,-0.003927974177816115
int,LU_AUTOSALSER,ANGLE,TOT,0.02104601379264076,0.8735609131109913,0.176,-0.023725466628915334
int,LU_AUTOSALSER,ANGLE,KAB,0.03316187819601378,1.395362608155224,0.082,-0.014594848141739168
int,LU_AUTOSALSER,ANGLE,KSI,0.010481704735350338,0.4730735731591488,0.306,-0.03081484356801709
int,LU_AUTOSALSER,ANGLE,FAT,0.02348602957859314,0.9855910005216184,0.174,-0.03892757668458917
int,LU_AUTOSALSER,LEFTTURN,TOT,0.05335693868246508,2.0542400674081924,0.03,0.05213030951710593
int,LU_AUTOSALSER,LEFTTURN,KAB,0.04331844964263158,1.6002907084660722,0.05,-0.020328550626518557
int,LU_AUTOSALSER,LEFTTURN,KSI,-0.012049603421765274,-0.5268680770202331,0.32,-0.021555475176546286
int,LU_AUTOSALSER,LEFTTURN,FAT,0.05277104639700733,2.109908614794301,0.01,0.016952532675728462
int,LU_AUTOSALSER,RIGHTTURN,TOT,-0.07467572287599406,-3.1137702762959223,0.002,-0.13786392652463111
int,LU_AUTOSALSER,RIGHTTURN,KAB,-0.01427489892400453,-0.6387358062661184,0.258,-0.03471325465834107
int,LU_AUTOSALSER,RIGHTTURN,KSI,0.026874933972111322,1.1449664464639386,0.122,0.029362654932309273
int,LU_AUTOSALSER,REAREND,TOT,-0.012941100166502493,-0.5038408726375518,0.316,-0.03535108970853018
int,LU_AUTOSALSER,REAREND,KAB,0.005530228960819211,0.15657828422240222,0.396,0.0020786524196120377
int,LU_AUTOSALSER,REAREND,KSI,0.01635204044012113,0.6662799493704354,0.256,-0.006174822272090351
int,LU_AUTOSALSER,SIDESWIPE,TOT,0.030567836052212912,1.1863776397535477,0.132,-0.015534212031829
int,LU_AUTOSALSER,SIDESWIPE,KAB,0.06676073001454216,2.6418689709593095,0.008,0.026721759090877786
int,LU_AUTOSALSER,SIDESWIPE,KSI,0.0195437374862928,0.7415578138708766,0.222,-0.07427757447334392
int,LU_AUTOSALSER,HEADON,TOT,-0.04145791514036026,-1.563622628966228,0.058,0.003518320946512833
int,LU_AUTOSALSER,HEADON,KAB,-0.019636586518562277,-0.72801991991794,0.244,-0.003989833111661216
int,LU_AUTOSALSER,HEADON,KSI,0.014539186092610032,0.49366830291579095,0.32,0.03615467965386934
int,LU_AUTOSALSER,OFFROAD,TOT,-0.01303373065769655,-0.49488660644674554,0.32,-0.029172281249258386
int,LU_AUTOSALSER,OFFROAD,KAB,-0.010128563730952072,-0.4379054967440242,0.352,-0.04871743244464636
int,LU_AUTOSALSER,OFFROAD,KSI,-0.0036230257625373195,-0.1809564937671686,0.426,0.014373453791996926
int,LU_AUTOSALSER,ROLLOVER,TOT,-0.031113762136857247,-1.1814146836819872,0.108,-0.07070580748270253
int,LU_AUTOSALSER,ROLLOVER,KAB,-0.016244042982241927,-0.6143653851716981,0.294,-0.020776460102020694
int,LU_AUTOSALSER,ROLLOVER,KSI,0.006437388283459822,0.1920470244898586,0.46,0.04036318686145665
int,LU_AUTOSALSER,SINGLE,TOT,0.04461566641858908,1.6989070220839129,0.046,0.005009068172822327
int,LU_AUTOSALSER,SINGLE,KAB,0.06446072073584956,2.574095513606454,0.008,0.006133059974481099
int,LU_AUTOSALSER,SINGLE,KSI,0.043630582312613506,1.619321496061126,0.064,-0.045823709683025064
int,LU_AUTOSALSER,PED,TOT,0.12052114147081895,4.596413619421391,0.002,0.04792176375217619
int,LU_AUTOSALSER,PED,KAB,0.12268675133852806,5.092021052751008,0.002,0.029190182012256045
int,LU_AUTOSALSER,PED,KSI,0.12327474776074623,4.696780290886116,0.002,-0.004136320634169047
int,LU_AUTOSALSER,PED,FAT,0.048449207256762786,2.0050262535244245,0.038,0.06590276650803721
int,LU_AUTOSALSER,BIKE,TOT,0.09323668774112723,3.534682583434507,0.004,0.12521448640621677
int,LU_AUTOSALSER,BIKE,KAB,0.09071990104926624,3.642278589980388,0.002,0.1200306574166058
int,LU_AUTOSALSER,BIKE,KSI,0.06802032477355054,2.6891823491269213,0.006,0.0018097804746372503
int,LU_AUTOSALSER,ALCOHOL,TOT,0.035905515471932534,1.354426662131273,0.098,0.04425020004937838
int,LU_AUTOSALSER,ALCOHOL,KAB,0.06064055307224365,2.446663347910396,0.018,-0.0052772172667495745
int,LU_AUTOSALSER,ALCOHOL,KSI,0.02740157374130615,1.0591489673995058,0.154,0.035502261477393555
int,LU_AUTOSALSER,ALCOHOL,FAT,0.006249692959818969,0.3174718831166944,0.35,-0.036091765723981595
int,LU_REPAIRSTRS,ALL,TOT,-0.06987181366072787,-3.5311626646300356,0.002,-0.06974784482946592
int,LU_REPAIRSTRS,ALL,KAB,-0.06134894737141595,-3.1503590956698786,0.002,-0.08774358370103018
int,LU_REPAIRSTRS,ALL,KSI,-0.03276791549369197,-1.6513705470079951,0.044,-0.02699443203436109
int,LU_REPAIRSTRS,ALL,FAT,-0.03139612563362685,-1.6902006077642422,0.03,0.008904608477060042
int,LU_REPAIRSTRS,ANGLE,TOT,-0.035174359303398836,-1.950615883280935,0.004,-0.01580605043513486
int,LU_REPAIRSTRS,ANGLE,KAB,-0.018734677192912545,-0.9440350075608122,0.134,-0.054166579603720254
int,LU_REPAIRSTRS,ANGLE,KSI,-0.03031237161306752,-1.5067300085118602,0.064,-0.06395624151813903
int,LU_REPAIRSTRS,ANGLE,FAT,-0.024489835728972675,-1.2563389926028372,0.072,-0.024928060459134867
int,LU_REPAIRSTRS,LEFTTURN,TOT,-0.0396717759720814,-2.1024348129969206,0.018,-0.05948745952243688
int,LU_REPAIRSTRS,LEFTTURN,KAB,-0.04470319850974645,-2.1895309750239504,0.014,-0.08088988536841274
int,LU_REPAIRSTRS,LEFTTURN,KSI,-0.015131584487442866,-0.7467684554494507,0.26,0.010216099294328481
int,LU_REPAIRSTRS,LEFTTURN,FAT,0.03517816817513362,1.7979575971852735,0.002,-0.04025421559561239
int,LU_REPAIRSTRS,RIGHTTURN,TOT,-0.06812720180977432,-3.4970420863951017,0.002,-0.055533975537518813
int,LU_REPAIRSTRS,RIGHTTURN,KAB,-0.029185712227064942,-1.4766001861221782,0.054,-0.020811833160808195
int,LU_REPAIRSTRS,RIGHTTURN,KSI,0.03023369219791346,1.6689570554359032,0.012,0.029779211405908113
int,LU_REPAIRSTRS,REAREND,TOT,-0.06755105337685342,-3.3764845291462082,0.002,-0.07508249825034387
int,LU_REPAIRSTRS,REAREND,KAB,-0.05734294302773639,-2.898354483278056,0.002,-0.07244725450301809
int,LU_REPAIRSTRS,REAREND,KSI,-0.015420282039520457,-0.7781142902966726,0.222,-0.004592395425909977
int,LU_REPAIRSTRS,SIDESWIPE,TOT,-0.057759957289018816,-2.98621916408601,0.002,-0.06427922627576312
int,LU_REPAIRSTRS,SIDESWIPE,KAB,-0.018647869812730977,-1.0073802997898722,0.176,-0.03707183358138616
int,LU_REPAIRSTRS,SIDESWIPE,KSI,-0.028973290233836217,-1.6895089642011554,0.05,0.042618779197304675
int,LU_REPAIRSTRS,HEADON,TOT,-0.06451241726543104,-3.7811090526487448,0.002,-0.049185018614711376
int,LU_REPAIRSTRS,HEADON,KAB,-0.015504061849285353,-0.8355084173428934,0.222,-0.05380726125267169
int,LU_REPAIRSTRS,HEADON,KSI,0.0028990285341261414,0.18210051724263787,0.406,-0.025118580595862014
int,LU_REPAIRSTRS,OFFROAD,TOT,-0.05156925655339103,-2.8423931607426263,0.002,-0.021242427698781943
int,LU_REPAIRSTRS,OFFROAD,KAB,-0.017683950080698365,-0.8452884162096191,0.21,-0.03857431670772875
int,LU_REPAIRSTRS,OFFROAD,KSI,0.006333186802248129,0.29738245596617957,0.38,-0.006690411066966465
int,LU_REPAIRSTRS,ROLLOVER,TOT,-0.05113929996329765,-2.6739682716258666,0.002,-0.06244099168649746
int,LU_REPAIRSTRS,ROLLOVER,KAB,-0.03274859077481045,-1.7246639977796436,0.036,-0.012053877081022677
int,LU_REPAIRSTRS,ROLLOVER,KSI,0.012320285234424017,0.5593117703147538,0.31,-0.07398905183251091
int,LU_REPAIRSTRS,SINGLE,TOT,-0.03843913983049229,-1.9838577007796456,0.014,-0.056130427242432855
int,LU_REPAIRSTRS,SINGLE,KAB,-0.03241702797698974,-1.7388465688403092,0.022,-0.06221252136667476
int,LU_REPAIRSTRS,SINGLE,KSI,-0.0191409814095313,-1.0079181731046258,0.166,-0.04704166915643937
int,LU_REPAIRSTRS,PED,TOT,-0.033622853805108634,-1.849800853895606,0.02,0.0301087187073292
int,LU_REPAIRSTRS,PED,KAB,-0.04235401316264559,-2.172163524910117,0.014,0.029341930108330062
int,LU_REPAIRSTRS,PED,KSI,-0.02344973716756151,-1.2766452869875928,0.086,-0.006840477475441969
int,LU_REPAIRSTRS,PED,FAT,0.001156646025161663,0.08117308384570493,0.454,0.008714695311651125
int,LU_REPAIRSTRS,BIKE,TOT,-0.051371176545288874,-2.802391204066747,0.002,-0.03041310204219621
int,LU_REPAIRSTRS,BIKE,KAB,-0.027953977258631257,-1.4051133552075652,0.064,-0.031482825851622175
int,LU_REPAIRSTRS,BIKE,KSI,-0.00948870116623476,-0.5159736031977431,0.32,-0.01142003497515889
int,LU_REPAIRSTRS,ALCOHOL,TOT,-0.029017108722785356,-1.4926175853515105,0.05,-0.03521443903327016
int,LU_REPAIRSTRS,ALCOHOL,KAB,-0.0118348318036363,-0.6523523878831551,0.26,-0.06324614862552942
int,LU_REPAIRSTRS,ALCOHOL,KSI,0.0040531645849971295,0.29155268591120526,0.386,-0.05284299756045915
int,LU_REPAIRSTRS,ALCOHOL,FAT,0.0011814457445085786,0.04925178921864793,0.474,-0.028347223079446794
int,LU_SINGLESTORE,ALL,TOT,-0.033981847115156436,-1.0661837567206474,0.14,0.08459863379526672
int,LU_SINGLESTORE,ALL,KAB,-0.01866437163882175,-0.5986395666287619,0.298,0.048577388201336495
int,LU_SINGLESTORE,ALL,KSI,-0.032959803166260716,-1.0758352356305168,0.152,0.027331026916782408
int,LU_SINGLESTORE,ALL,FAT,0.005220794591250184,0.10388019267062873,0.46,0.06355240846208776
int,LU_SINGLESTORE,ANGLE,TOT,0.014649762962349619,0.5150466088801362,0.278,0.04359684427112087
int,LU_SINGLESTORE,ANGLE,KAB,0.023948420839563764,0.785085135219568,0.206,0.015222680926048535
int,LU_SINGLESTORE,ANGLE,KSI,-0.036183460910886686,-1.2155776049229674,0.124,-0.0016645648053218549
int,LU_SINGLESTORE,ANGLE,FAT,-0.009415053849228576,-0.38265053236989754,0.378,-0.04763403269489356
int,LU_SINGLESTORE,LEFTTURN,TOT,-0.03822160840215428,-1.2372380931133737,0.11,-0.013975257087927092
int,LU_SINGLESTORE,LEFTTURN,KAB,-0.11478236566505648,-3.9229007055377947,0.002,-0.1267869134483533
int,LU_SINGLESTORE,LEFTTURN,KSI,-0.12358251987381151,-3.99035392853143,0.002,-0.10939001126958771
int,LU_SINGLESTORE,LEFTTURN,FAT,0.04968325921121094,1.7043520175164213,0.054,-0.028139139980193763
int,LU_SINGLESTORE,RIGHTTURN,TOT,-0.10182198642426482,-3.3857577715518254,0.002,0.008909776163856555
int,LU_SINGLESTORE,RIGHTTURN,KAB,-0.021637570392992363,-0.7406839372066428,0.242,0.00031587901722288325
int,LU_SINGLESTORE,RIGHTTURN,KSI,0.05896816749624244,1.9839258141291634,0.018,0.08037398255351075
int,LU_SINGLESTORE,REAREND,TOT,-0.03757464142216982,-1.2854334153742177,0.112,0.07660632653996709
int,LU_SINGLESTORE,REAREND,KAB,-0.015154133844148236,-0.5763284568414883,0.288,0.0813844616028413
int,LU_SINGLESTORE,REAREND,KSI,0.002701234522888309,0.05032522176010118,0.498,0.03432820342859522
int,LU_SINGLESTORE,SIDESWIPE,TOT,-0.03252583152056851,-1.1701043379947018,0.126,0.1107789193682868
int,LU_SINGLESTORE,SIDESWIPE,KAB,0.022452156261482847,0.8057017731544137,0.198,0.10148315654407639
int,LU_SINGLESTORE,SIDESWIPE,KSI,-0.011162209470582812,-0.3783104664873322,0.362,-0.012266327307807346
int,LU_SINGLESTORE,HEADON,TOT,-0.08150715283128714,-2.738881525839586,0.004,-0.022159654593478035
int,LU_SINGLESTORE,HEADON,KAB,0.03740565160343325,1.2055937984958174,0.12,0.014299259550562996
int,LU_SINGLESTORE,HEADON,KSI,0.027359312372420654,0.8846584129733446,0.198,-0.023922503504493684
int,LU_SINGLESTORE,OFFROAD,TOT,-0.030894699125325765,-1.0755865233726838,0.138,0.052528992664172956
int,LU_SINGLESTORE,OFFROAD,KAB,-0.04254521775304249,-1.4748664110912924,0.058,0.01456792926097662
int,LU_SINGLESTORE,OFFROAD,KSI,-0.04467047158824482,-1.469755826409781,0.066,0.003872430293771286
int,LU_SINGLESTORE,ROLLOVER,TOT,-0.04716747796816002,-1.5042098692438017,0.052,-0.018878601648930186
int,LU_SINGLESTORE,ROLLOVER,KAB,-0.00703856363107127,-0.2769174892661445,0.392,0.0029955608979584623
int,LU_SINGLESTORE,ROLLOVER,KSI,-0.05781338263788211,-2.1051940337203843,0.03,-0.07916204082847031
int,LU_SINGLESTORE,SINGLE,TOT,-0.03940901374705938,-1.368754881853817,0.094,0.037359848307707506
int,LU_SINGLESTORE,SINGLE,KAB,0.0020432198228737533,0.04090677706904718,0.494,0.058673663599547815
int,LU_SINGLESTORE,SINGLE,KSI,0.010191454614905804,0.32339238233092604,0.378,0.050094833371642195
int,LU_SINGLESTORE,PED,TOT,0.08545357112709791,3.0637229517589235,0.002,0.18413767157098418
int,LU_SINGLESTORE,PED,KAB,0.08212749975585365,3.020948634377968,0.002,0.174055204754738
int,LU_SINGLESTORE,PED,KSI,0.0631769906727737,2.0390172868775767,0.02,0.1331270343579559
int,LU_SINGLESTORE,PED,FAT,0.03103508957196754,1.111431317867938,0.14,0.0641233202905207
int,LU_SINGLESTORE,BIKE,TOT,0.07254861730464411,2.472973837833689,0.01,0.08432881987629902
int,LU_SINGLESTORE,BIKE,KAB,0.06575091838135264,2.132763144759838,0.016,0.03188711019478284
int,LU_SINGLESTORE,BIKE,KSI,0.04541691093216404,1.5592962176962903,0.06,-0.00294492269801247
int,LU_SINGLESTORE,ALCOHOL,TOT,-0.031587547698327605,-1.0028099018686238,0.17,0.04710482981320551
int,LU_SINGLESTORE,ALCOHOL,KAB,-0.025412986680925512,-0.7842911898663314,0.22,0.038372734087440775
int,LU_SINGLESTORE,ALCOHOL,KSI,-0.031905848491594835,-1.0167980107272558,0.15,0.035298460943757194
int,LU_SINGLESTORE,ALCOHOL,FAT,-0.029779481045095636,-1.0491407764558962,0.128,0.047223923421954576
int,LU_PARKSREC,ALL,TOT,-0.08455222862926526,-2.6057655530826973,0.006,-0.07689071805879129
int,LU_PARKSREC,ALL,KAB,-0.08160625472237067,-2.662394561458657,0.002,-0.05603566348770002
int,LU_PARKSREC,ALL,KSI,0.002621466845304248,0.13317789691278897,0.438,0.027853533489729944
int,LU_PARKSREC,ALL,FAT,-0.015095055610156418,-0.5113854650886406,0.336,-0.01990192175417454
int,LU_PARKSREC,ANGLE,TOT,-0.04874101570202998,-1.5200641975581133,0.036,-0.07996008720560772
int,LU_PARKSREC,ANGLE,KAB,-0.060102580598683834,-1.8997993136679305,0.01,-0.06939396052317484
int,LU_PARKSREC,ANGLE,KSI,-0.036621473586001284,-1.1420096357817269,0.14,-0.0767131011712577
int,LU_PARKSREC,ANGLE,FAT,-0.027658300001294493,-0.9033892019623897,0.19,-0.010960794932052851
int,LU_PARKSREC,LEFTTURN,TOT,-0.09359867389812336,-2.9373516119625367,0.002,-0.095607140070694
int,LU_PARKSREC,LEFTTURN,KAB,-0.08116637065118128,-2.5742741831402713,0.002,-0.0878405298464481
int,LU_PARKSREC,LEFTTURN,KSI,0.011868412652807392,0.3272498879633051,0.358,-0.025177320270935905
int,LU_PARKSREC,LEFTTURN,FAT,0.00870188235345913,0.24053179071862252,0.464,0.0318999446907853
int,LU_PARKSREC,RIGHTTURN,TOT,-0.05026854070913666,-1.6400933628905126,0.034,-0.03804571593253721
int,LU_PARKSREC,RIGHTTURN,KAB,-0.020238022738024154,-0.5868076764299985,0.314,0.02717659431007534
int,LU_PARKSREC,RIGHTTURN,KSI,0.02730203440742552,0.8325059622518479,0.232,-0.013133859917571817
int,LU_PARKSREC,REAREND,TOT,-0.08284576103239394,-2.6948342187027334,0.002,-0.06906140948747716
int,LU_PARKSREC,REAREND,KAB,-0.06798729907460706,-2.07600200233935,0.012,-0.03443421896066921
int,LU_PARKSREC,REAREND,KSI,0.02963675913039174,0.9279826888243016,0.198,0.0818835389597958
int,LU_PARKSREC,SIDESWIPE,TOT,-0.07225530430118747,-2.2916947802549203,0.008,-0.06721337420922137
int,LU_PARKSREC,SIDESWIPE,KAB,-0.030913450540508893,-1.02366525783313,0.152,0.0032512125910525267
int,LU_PARKSREC,SIDESWIPE,KSI,-0.021559784104164526,-0.8420357142618093,0.192,-0.08250679129572724
int,LU_PARKSREC,HEADON,TOT,-0.04991232246370716,-1.6758747313927318,0.028,-0.051364498309405676
int,LU_PARKSREC,HEADON,KAB,-0.05291500242251075,-1.583782759542042,0.028,0.00448847355655942
int,LU_PARKSREC,HEADON,KSI,-0.01830170599571457,-0.5842912516961899,0.34,0.028745562357018462
int,LU_PARKSREC,OFFROAD,TOT,-0.02669929510909784,-0.7747272644987836,0.224,0.019395939931955142
int,LU_PARKSREC,OFFROAD,KAB,-0.00024519393755929213,0.021420300854942963,0.44,0.07871101967932143
int,LU_PARKSREC,OFFROAD,KSI,0.036656293900472106,1.1983008076635806,0.13,0.1088870573957853
int,LU_PARKSREC,ROLLOVER,TOT,-0.03527865440267978,-1.1605672964190998,0.108,-0.023825282377489584
int,LU_PARKSREC,ROLLOVER,KAB,-0.016681040478825522,-0.5441423345345787,0.336,0.01777507576527442
int,LU_PARKSREC,ROLLOVER,KSI,-0.06458384726021352,-2.178709832255958,0.044,-0.03667938148044686
int,LU_PARKSREC,SINGLE,TOT,-0.05254585037569235,-1.7252334998823984,0.02,-0.026786710506292038
int,LU_PARKSREC,SINGLE,KAB,-0.03268440492337744,-1.0377654812960544,0.128,-0.02927433380436053
int,LU_PARKSREC,SINGLE,KSI,-0.01661257530151472,-0.5463101980045206,0.336,0.024001576569815983
int,LU_PARKSREC,PED,TOT,-0.015847176331962726,-0.5180094220329893,0.312,-0.04913674629622112
int,LU_PARKSREC,PED,KAB,-0.02236745404065827,-0.7045270580433604,0.262,-0.030241338841717435
int,LU_PARKSREC,PED,KSI,-0.017107843183942078,-0.5565974830257571,0.326,-0.0022944320526341994
int,LU_PARKSREC,PED,FAT,-0.018185196112510505,-0.5740889204570115,0.3,0.006004599288306902
int,LU_PARKSREC,BIKE,TOT,-0.06305036356185367,-1.8457356121050472,0.028,-0.014799887204572006
int,LU_PARKSREC,BIKE,KAB,-0.055990709273397624,-1.5685126971989014,0.032,0.014256566086380918
int,LU_PARKSREC,BIKE,KSI,-0.02190733507497727,-0.6802311622430023,0.274,0.0028178349451629743
int,LU_PARKSREC,ALCOHOL,TOT,-0.060006628348719546,-1.9745009668747202,0.014,-0.06620129401388337
int,LU_PARKSREC,ALCOHOL,KAB,-0.042642124542998115,-1.2958864077608319,0.066,-0.04952697844848813
int,LU_PARKSREC,ALCOHOL,KSI,-0.005401998638996617,-0.19122510568711487,0.444,0.05056468541798648
int,LU_PARKSREC,ALCOHOL,FAT,0.009035504622393506,0.3174411338572658,0.344,-0.01876372992023647
int,LU_SCHOOLS,ALL,TOT,0.015882765955383467,0.7466126142160742,0.23,-0.07918340045597176
int,LU_SCHOOLS,ALL,KAB,0.016766490026185923,0.8651675932596095,0.196,-0.052345196604941
int,LU_SCHOOLS,ALL,KSI,0.02854522905786142,1.5029556529434698,0.068,-0.030365576952782053
int,LU_SCHOOLS,ALL,FAT,0.051464017027835214,2.670449722071015,0.01,-0.06717649125347887
int,LU_SCHOOLS,ANGLE,TOT,0.020742011026628367,1.0378518361632938,0.15,-0.04646893659397739
int,LU_SCHOOLS,ANGLE,KAB,0.019073786524220867,0.9046662894987141,0.184,-0.03475013363193605
int,LU_SCHOOLS,ANGLE,KSI,0.020675729470605607,0.9463179066586305,0.18,-0.014288165320281763
int,LU_SCHOOLS,ANGLE,FAT,0.023523128026421893,1.2431054170970248,0.116,0.021881713385044275
int,LU_SCHOOLS,LEFTTURN,TOT,0.025240438047288167,1.1476299651646324,0.144,0.02200202100642302
int,LU_SCHOOLS,LEFTTURN,KAB,0.02545927628150695,1.2634723609077056,0.11,0.05973199467400905
int,LU_SCHOOLS,LEFTTURN,KSI,0.02881438183325837,1.3722628016764424,0.092,0.06857782805436444
int,LU_SCHOOLS,LEFTTURN,FAT,-0.037922131767473055,-1.8929472221126311,0.028,0.02747156281979145
int,LU_SCHOOLS,RIGHTTURN,TOT,0.007968112300946658,0.39364831410203033,0.348,-0.08218724202927115
int,LU_SCHOOLS,RIGHTTURN,KAB,-0.004318839163971442,-0.2085337445419632,0.44,-0.08225352716983546
int,LU_SCHOOLS,RIGHTTURN,KSI,-0.009804069124028836,-0.518954171852431,0.258,0.01713534095658327
int,LU_SCHOOLS,REAREND,TOT,0.015022937939922638,0.7951582471251393,0.224,-0.07700382741844565
int,LU_SCHOOLS,REAREND,KAB,0.015584401291163518,0.7691399030215094,0.222,-0.06910758039935648
int,LU_SCHOOLS,REAREND,KSI,0.026398620138984807,1.247211726939114,0.122,-0.01571777463498956
int,LU_SCHOOLS,SIDESWIPE,TOT,0.02131856692225473,1.0881475400892884,0.146,-0.07369354825769098
int,LU_SCHOOLS,SIDESWIPE,KAB,-0.009046048531701805,-0.4832206138749278,0.34,0.000647511646862816
int,LU_SCHOOLS,SIDESWIPE,KSI,-0.02347045101754444,-1.0876307261490616,0.15,0.028393966219169165
int,LU_SCHOOLS,HEADON,TOT,0.015677715648242687,0.7459795254483236,0.218,-0.07598845008103927
int,LU_SCHOOLS,HEADON,KAB,-0.035093037293324574,-1.7192542293078739,0.046,-0.042446287587182586
int,LU_SCHOOLS,HEADON,KSI,-0.023303806023172134,-1.1645525518226263,0.126,-0.04421272217496546
int,LU_SCHOOLS,OFFROAD,TOT,0.014477868941168448,0.7996025214752422,0.22,-0.05527334249103157
int,LU_SCHOOLS,OFFROAD,KAB,0.027698084465684635,1.4118613282717916,0.076,-0.05328450655503705
int,LU_SCHOOLS,OFFROAD,KSI,0.02439124143406605,1.2284246983786506,0.104,-0.031222081922775542
int,LU_SCHOOLS,ROLLOVER,TOT,0.0019219724342445068,0.12910998672371712,0.452,-0.06227385497297116
int,LU_SCHOOLS,ROLLOVER,KAB,-0.014838034552097371,-0.7323330126046121,0.228,-0.02558964359469033
int,LU_SCHOOLS,ROLLOVER,KSI,0.03103831537535791,1.5967285431316296,0.054,0.002118108845565368
int,LU_SCHOOLS,SINGLE,TOT,0.008720272357349783,0.3915436857561384,0.352,-0.02779765916791185
int,LU_SCHOOLS,SINGLE,KAB,-0.007612299725670225,-0.3169689969193661,0.384,-0.021865855156665583
int,LU_SCHOOLS,SINGLE,KSI,-0.007850922934390546,-0.3137158265687634,0.41,-0.0406320136537138
int,LU_SCHOOLS,PED,TOT,-0.00037882143816442737,-0.024291121199979008,0.498,-0.06012851130944261
int,LU_SCHOOLS,PED,KAB,0.0015941462447007198,0.01103723068173193,0.496,-0.0922152970140493
int,LU_SCHOOLS,PED,KSI,-0.0007626273824514933,-0.010696000521103817,0.498,-0.05124007552023703
int,LU_SCHOOLS,PED,FAT,0.028773370074181563,1.419442266034119,0.096,-0.05095997028689318
int,LU_SCHOOLS,BIKE,TOT,-0.010918067737890117,-0.5361212923222539,0.314,0.001588740528188957
int,LU_SCHOOLS,BIKE,KAB,-5.0719082545642976e-05,0.044849078262538714,0.46,-0.02610148680392824
int,LU_SCHOOLS,BIKE,KSI,0.0003620996687443132,-0.020889038761988575,0.464,-0.024371489538716293
int,LU_SCHOOLS,ALCOHOL,TOT,0.043558482236796855,2.121813166397984,0.028,-0.026153334526562204
int,LU_SCHOOLS,ALCOHOL,KAB,0.01851165534564537,0.9166555987696522,0.178,-0.06421640952763776
int,LU_SCHOOLS,ALCOHOL,KSI,0.015577663993467246,0.7893324209455043,0.206,-0.061334198169679735
int,LU_SCHOOLS,ALCOHOL,FAT,0.017141473010127053,0.8585704979411881,0.214,-0.015092270793132247
int,LU_HOSPITALS,ALL,TOT,0.030472264410215204,1.7179918249437263,0.044,0.00873411970313413
int,LU_HOSPITALS,ALL,KAB,0.015774076994264905,0.7798139660730817,0.224,-0.011274286846700711
int,LU_HOSPITALS,ALL,KSI,-0.00424673661127499,-0.13203489840771765,0.486,-0.0013046264169801396
int,LU_HOSPITALS,ALL,FAT,0.0013182041647138924,0.08374788441980226,0.438,0.15556163850024718
int,LU_HOSPITALS,ANGLE,TOT,-0.003798215811882109,-0.2235870368284644,0.484,-0.010796962887187065
int,LU_HOSPITALS,ANGLE,KAB,-0.005099654904083108,-0.2607324509267409,0.446,0.028419192730534452
int,LU_HOSPITALS,ANGLE,KSI,-0.005762160267288232,-0.31634561819019696,0.396,-0.0062726457089249295
int,LU_HOSPITALS,ANGLE,FAT,-0.01617903487161274,-0.9046453229928012,0.104,-0.017741046210345245
int,LU_HOSPITALS,LEFTTURN,TOT,0.002352351559820236,0.1343025039942439,0.404,-0.052281664455097035
int,LU_HOSPITALS,LEFTTURN,KAB,-0.0010485503226494142,-0.08527171477824062,0.498,-0.056005150395549506
int,LU_HOSPITALS,LEFTTURN,KSI,-0.012680090752805427,-0.650746112902109,0.27,-0.059961095589589584
int,LU_HOSPITALS,LEFTTURN,FAT,0.0038201137724036623,0.21569328788102685,0.342,0.02437422656590554
int,LU_HOSPITALS,RIGHTTURN,TOT,0.03268902902134949,1.9146824902081272,0.042,0.008140334009592503
int,LU_HOSPITALS,RIGHTTURN,KAB,0.01942488448694029,1.0827030666801307,0.148,-0.03793111948554384
int,LU_HOSPITALS,RIGHTTURN,KSI,-0.022934895696087105,-1.3944394912667482,0.156,0.022064820530212418
int,LU_HOSPITALS,REAREND,TOT,0.030863259109614988,1.656098070830577,0.046,0.022784618407035048
int,LU_HOSPITALS,REAREND,KAB,0.030083100788897588,1.6874908678146125,0.06,0.030936300131048956
int,LU_HOSPITALS,REAREND,KSI,0.03233539698316182,1.8442765478550485,0.044,0.020494117576066798
int,LU_HOSPITALS,SIDESWIPE,TOT,0.059402916290121295,3.0548503022446174,0.004,0.017096366531848085
int,LU_HOSPITALS,SIDESWIPE,KAB,0.02675818481619681,1.5214950563181897,0.082,-0.021301928914613383
int,LU_HOSPITALS,SIDESWIPE,KSI,0.0003881948587084406,0.051437865675006106,0.494,0.03148586107780103
int,LU_HOSPITALS,HEADON,TOT,0.02827841121810448,1.6545911479339659,0.072,-0.01322159582490542
int,LU_HOSPITALS,HEADON,KAB,0.02901928081665728,1.5556348914122504,0.076,-0.039545941308664095
int,LU_HOSPITALS,HEADON,KSI,0.006075224154453711,0.32487465970731794,0.448,-0.018456627678051396
int,LU_HOSPITALS,OFFROAD,TOT,0.0023434196150706717,0.19131792007354864,0.394,0.06058427929597902
int,LU_HOSPITALS,OFFROAD,KAB,0.017947762612090017,0.9613429420798693,0.158,0.0032936680967922687
int,LU_HOSPITALS,OFFROAD,KSI,-0.01114411338632957,-0.6770219327289907,0.276,0.031513121658644706
int,LU_HOSPITALS,ROLLOVER,TOT,0.008087326029552313,0.41149721750789026,0.316,-0.020056192635827228
int,LU_HOSPITALS,ROLLOVER,KAB,-0.017737543392786607,-0.9763571554908483,0.194,0.024417166599621416
int,LU_HOSPITALS,ROLLOVER,KSI,0.018654050011609007,1.005828361460081,0.002,0.01806506375668781
int,LU_HOSPITALS,SINGLE,TOT,0.006528474886142121,0.32035153329200367,0.36,-0.024529237190169823
int,LU_HOSPITALS,SINGLE,KAB,0.020804547514993076,1.0173639030912074,0.152,-0.028897427323652
int,LU_HOSPITALS,SINGLE,KSI,-0.01375589615613749,-0.6958381451063526,0.278,-0.03394242721446011
int,LU_HOSPITALS,PED,TOT,0.03140951272566267,1.6389002958701737,0.058,0.036617521193532176
int,LU_HOSPITALS,PED,KAB,0.019255701221807586,1.0662784590326368,0.146,0.03521388640939096
int,LU_HOSPITALS,PED,KSI,-0.00428649179676856,-0.2502169878984462,0.434,0.11469133125476358
int,LU_HOSPITALS,PED,FAT,-0.0010277196233809086,-0.13124707930170676,0.456,0.27587750268325933
int,LU_HOSPITALS,BIKE,TOT,-0.013713795654520931,-0.8063972004795713,0.22,-0.02622244592183126
int,LU_HOSPITALS,BIKE,KAB,-0.014656588592761833,-0.8788691469098114,0.21,-0.05807068063438411
int,LU_HOSPITALS,BIKE,KSI,-0.03101117968956392,-1.661787472602172,0.01,-0.03440257471164124
int,LU_HOSPITALS,ALCOHOL,TOT,0.007963613704141101,0.49799633870574206,0.294,0.019764332149805667
int,LU_HOSPITALS,ALCOHOL,KAB,-0.000978333750420657,-0.06107761311521167,0.486,0.026896244840580785
int,LU_HOSPITALS,ALCOHOL,KSI,0.00469523226144696,0.21942025017712286,0.374,-0.03860354182566259
int,LU_HOSPITALS,ALCOHOL,FAT,0.004399308533715534,0.20838401484593316,0.466,-0.020895020509505983
int,LU_INDUSTRIAL,ALL,TOT,-0.022624484553727432,-0.8238091507696917,0.184,-0.06244542945777372
int,LU_INDUSTRIAL,ALL,KAB,0.0015594475892133355,0.09320907428634882,0.448,-0.014908574412418983
int,LU_INDUSTRIAL,ALL,KSI,-0.0173094057549184,-0.6681236079446958,0.27,-0.015576053443297924
int,LU_INDUSTRIAL,ALL,FAT,-0.02367326035111802,-0.9885399982241088,0.174,-0.03714739328049049
int,LU_INDUSTRIAL,ANGLE,TOT,0.037449795728707644,1.382370976226596,0.092,0.007665992122875325
int,LU_INDUSTRIAL,ANGLE,KAB,0.0472978447593609,1.804829828398444,0.054,0.02702774170930258
int,LU_INDUSTRIAL,ANGLE,KSI,-0.010967073519688042,-0.4265065801167577,0.348,0.01809758932458537
int,LU_INDUSTRIAL,ANGLE,FAT,0.023160190169694717,0.9535001221907531,0.154,-0.00992658871292507
int,LU_INDUSTRIAL,LEFTTURN,TOT,0.011333629776958176,0.3781298124469654,0.352,0.055352289328118844
int,LU_INDUSTRIAL,LEFTTURN,KAB,-0.03817583269852218,-1.616891094713117,0.052,0.020419019300783853
int,LU_INDUSTRIAL,LEFTTURN,KSI,-0.06540488774648386,-2.5636563746330956,0.004,-0.009302981203898586
int,LU_INDUSTRIAL,LEFTTURN,FAT,0.04509005937330098,1.812975552463644,0.02,0.030400229334788302
int,LU_INDUSTRIAL,RIGHTTURN,TOT,-0.06530206160019207,-2.582949569038726,0.002,-0.09555689854760331
int,LU_INDUSTRIAL,RIGHTTURN,KAB,-0.010774968938316788,-0.4422916614003009,0.34,-0.011417053206132807
int,LU_INDUSTRIAL,RIGHTTURN,KSI,0.008101390366812506,0.40770787268124586,0.392,-0.0028734314444394844
int,LU_INDUSTRIAL,REAREND,TOT,-0.04152636198177342,-1.7200553910885505,0.036,-0.0944425023155713
int,LU_INDUSTRIAL,REAREND,KAB,-0.03383945891026159,-1.3914949350148567,0.076,-0.05051736722528537
int,LU_INDUSTRIAL,REAREND,KSI,-0.005333951285988127,-0.238186376941823,0.438,-0.03744692020007291
int,LU_INDUSTRIAL,SIDESWIPE,TOT,-0.019603980166922417,-0.7132242529554894,0.236,-0.07745886193278781
int,LU_INDUSTRIAL,SIDESWIPE,KAB,0.013909421933350798,0.5648946439163105,0.278,0.003875130594463228
int,LU_INDUSTRIAL,SIDESWIPE,KSI,0.00622970640982863,0.20827290466270518,0.448,-0.009479625202063684
int,LU_INDUSTRIAL,HEADON,TOT,-0.03352266784702379,-1.4200472187452582,0.064,-0.049353480333402006
int,LU_INDUSTRIAL,HEADON,KAB,-0.029150336461040264,-1.0970895376078955,0.15,-0.08293284964372064
int,LU_INDUSTRIAL,HEADON,KSI,-0.012342751816918626,-0.5116118673735465,0.336,0.0019348530310589885
int,LU_INDUSTRIAL,OFFROAD,TOT,-0.02052545932892582,-0.7510499557937947,0.248,-0.016973466142952573
int,LU_INDUSTRIAL,OFFROAD,KAB,-0.015402047094837846,-0.5749780323645047,0.272,0.0061770343932012525
int,LU_INDUSTRIAL,OFFROAD,KSI,-0.024644252573737098,-0.9590230538618889,0.178,0.01865683388299289
int,LU_INDUSTRIAL,ROLLOVER,TOT,-0.026208396371537306,-1.0382287069921354,0.148,-0.039146884889010206
int,LU_INDUSTRIAL,ROLLOVER,KAB,-0.032498313848998865,-1.2783131848328144,0.086,-0.04696305861485545
int,LU_INDUSTRIAL,ROLLOVER,KSI,0.038577605678062135,1.487354298657788,0.052,0.03615012455236322
int,LU_INDUSTRIAL,SINGLE,TOT,0.05499062726338241,2.388192089722803,0.01,0.01768690739908063
int,LU_INDUSTRIAL,SINGLE,KAB,0.053517352923939325,2.015266010264908,0.038,0.006457754817526144
int,LU_INDUSTRIAL,SINGLE,KSI,0.018009396380970134,0.7157344283142676,0.23,-0.0028414736476255927
int,LU_INDUSTRIAL,PED,TOT,0.043885637708160834,1.6776907953732376,0.06,0.05918147379839702
int,LU_INDUSTRIAL,PED,KAB,0.06730488978968793,2.8277484729210025,0.006,0.03219059134947915
int,LU_INDUSTRIAL,PED,KSI,0.07083543325598167,2.7535976188297577,0.006,0.017005527911457766
int,LU_INDUSTRIAL,PED,FAT,-0.0044384596626249944,-0.058936729533512554,0.492,-0.030937045394905376
int,LU_INDUSTRIAL,BIKE,TOT,0.0071783167906269854,0.2854851192269388,0.366,0.0013074371328610107
int,LU_INDUSTRIAL,BIKE,KAB,-0.001562022408107655,-0.09884525892400291,0.48,0.008960086426224778
int,LU_INDUSTRIAL,BIKE,KSI,-0.004126863393510316,-0.18840009401642518,0.438,0.054097882371259565
int,LU_INDUSTRIAL,ALCOHOL,TOT,-0.02006446386824897,-0.6837561033282278,0.248,-0.07646729041408176
int,LU_INDUSTRIAL,ALCOHOL,KAB,0.002159591352498545,0.1526696526414382,0.432,-0.0926644568805081
int,LU_INDUSTRIAL,ALCOHOL,KSI,0.0019704978050253466,0.089599284337897,0.442,-0.08594170812582211
int,LU_INDUSTRIAL,ALCOHOL,FAT,0.005151973610797728,0.19595170885966917,0.398,-0.06842194236575136
seg,LU_MXDUSE,ALL,TOT,-0.012506336591257907,-0.454300319092835,0.34,0.035543987256877026
seg,LU_MXDUSE,ALL,KAB,-0.010012898918835816,-0.4025113984736239,0.36,0.040648143536091884
seg,LU_MXDUSE,ALL,KSI,-0.026381228661660875,-0.9318636200068807,0.178,0.0037287328121034372
seg,LU_MXDUSE,ALL,FAT,-0.024779265242232732,-0.8339391125835346,0.19,0.10329821492295366
seg,LU_MXDUSE,ANGLE,TOT,-0.04436322463050607,-1.728186804535981,0.03,0.10962771208869572
seg,LU_MXDUSE,ANGLE,KAB,-0.04171425192713014,-1.6130324024294027,0.042,0.0619249108003733
seg,LU_MXDUSE,ANGLE,KSI,-0.009587645468566938,-0.3329943534933443,0.386,0.03525372867333943
seg,LU_MXDUSE,LEFTTURN,TOT,-0.04201703953624845,-1.5277954983518993,0.058,0.07160052533777352
seg,LU_MXDUSE,LEFTTURN,KAB,-0.06285807994218073,-2.1600692914526873,0.018,0.025117828620186813
seg,LU_MXDUSE,LEFTTURN,KSI,-0.058677130481112595,-2.038633461712435,0.016,0.05672091325255881
seg,LU_MXDUSE,LEFTTURN,FAT,-0.016632286474684496,-0.6606634698658014,0.288,0.08057843673212414
seg,LU_MXDUSE,RIGHTTURN,TOT,-0.04568871308963866,-1.637742976840948,0.032,0.004122594871959942
seg,LU_MXDUSE,RIGHTTURN,KAB,-0.04510363852583722,-1.600145957849574,0.044,0.036077014830245516
seg,LU_MXDUSE,RIGHTTURN,KSI,-0.02843239102249385,-1.0898405707065335,0.126,0.023261953303358
seg,LU_MXDUSE,REAREND,TOT,-0.008728593740646839,-0.3740807288060501,0.362,0.0020997462140424695
seg,LU_MXDUSE,REAREND,KAB,-0.014750652863747708,-0.5174594080867795,0.306,-0.026534706834075168
seg,LU_MXDUSE,REAREND,KSI,-0.033734598824480454,-1.2390531011348986,0.104,-0.0431573553815024
seg,LU_MXDUSE,SIDESWIPE,TOT,-0.014201138012297708,-0.5544543010582198,0.29,0.031709431398448
seg,LU_MXDUSE,SIDESWIPE,KAB,-0.01337100594840326,-0.44243585001032876,0.328,0.00745770957449491
seg,LU_MXDUSE,SIDESWIPE,KSI,-0.03934949172637601,-1.3644372287077604,0.086,-0.05451488664558658
seg,LU_MXDUSE,HEADON,TOT,0.050277037539579815,1.9226734980914335,0.032,0.06461933875672124
seg,LU_MXDUSE,HEADON,KAB,0.05421429289339636,1.9894644677969295,0.028,0.11035044378747193
seg,LU_MXDUSE,HEADON,KSI,0.04681343689346172,1.7044251631838487,0.06,0.06303078370674331
seg,LU_MXDUSE,OFFROAD,TOT,-0.05599146402872829,-2.0091097760786614,0.018,0.011469675897829087
seg,LU_MXDUSE,OFFROAD,KAB,-0.057300436344752424,-2.1434871295228,0.022,-0.009607655056934668
seg,LU_MXDUSE,OFFROAD,KSI,-0.014825187193576672,-0.47480200370521924,0.338,-0.04038044388276552
seg,LU_MXDUSE,OFFROAD,FAT,-0.04014424647262488,-1.3945132187690545,0.08,0.01392739602860075
seg,LU_MXDUSE,ROLLOVER,TOT,0.054157783215025415,1.9824189181189824,0.032,0.055057087245644766
seg,LU_MXDUSE,ROLLOVER,KAB,0.0029466371216865244,0.1164006019839047,0.42,-0.04019784531381949
seg,LU_MXDUSE,SINGLE,TOT,0.06943469039300856,2.487407438877128,0.01,0.03817427822789558
seg,LU_MXDUSE,SINGLE,KAB,0.047594552482223905,1.6792997857443606,0.052,0.05894154999168596
seg,LU_MXDUSE,SINGLE,KSI,0.032136524679699845,1.1149309738870508,0.128,0.00795536733094224
seg,LU_MXDUSE,PED,TOT,0.0074574843946157154,0.3106286391334087,0.338,0.05520581036452579
seg,LU_MXDUSE,PED,KAB,0.007789774517331276,0.30961888371957647,0.346,0.04064974782172416
seg,LU_MXDUSE,PED,KSI,-0.017354070255602053,-0.61393505362173,0.28,0.042495250204449074
seg,LU_MXDUSE,PED,FAT,-0.02138234476667483,-0.7662662965096975,0.232,0.07002783004340311
seg,LU_MXDUSE,BIKE,TOT,0.02907632811233589,1.0274006177662067,0.156,0.021172801210505573
seg,LU_MXDUSE,BIKE,KAB,0.013478242801241798,0.43705924335215696,0.322,-0.00127269295954349
seg,LU_MXDUSE,BIKE,KSI,0.013572486984161886,0.4533873829317024,0.298,-0.028895040535704637
seg,LU_MXDUSE,BIKE,FAT,0.03140396264406229,1.1651685528959328,0.124,0.007114647471608676
seg,LU_MXDUSE,ALCOHOL,TOT,-0.011216946461881254,-0.44691440731958887,0.35,0.07071649431436128
seg,LU_MXDUSE,ALCOHOL,KAB,-0.01954667717803361,-0.7677818096815143,0.21,0.1313980938813547
seg,LU_MXDUSE,ALCOHOL,KSI,-0.03858953863667034,-1.425312281037225,0.078,0.08673743416845796
seg,LU_MXDUSE,ALCOHOL,FAT,-0.025277645561659436,-0.8614076767280568,0.218,0.1089132781698468
seg,LU_GASSTNS,ALL,TOT,0.1293363974618233,3.252413116067488,0.002,0.20642472863801692
seg,LU_GASSTNS,ALL,KAB,0.06563043910918498,1.5287976019142475,0.064,0.12138576214598483
seg,LU_GASSTNS,ALL,KSI,0.10188568680628902,2.577139736047426,0.006,0.1311545607470298
seg,LU_GASSTNS,ALL,FAT,0.10869118438333122,2.6326513526597237,0.004,0.13713133394900062
seg,LU_GASSTNS,ANGLE,TOT,-0.025867641076672814,-0.5837304150966078,0.292,0.07271957053000012
seg,LU_GASSTNS,ANGLE,KAB,-0.05019653062514625,-1.150244916149027,0.112,-0.002777966509352694
seg,LU_GASSTNS,ANGLE,KSI,-0.05103385191289807,-1.2585363882788583,0.102,-0.025972153697604625
seg,LU_GASSTNS,LEFTTURN,TOT,-0.00898496143693676,-0.17934128413655273,0.428,0.07680937782145421
seg,LU_GASSTNS,LEFTTURN,KAB,-0.020088734285459296,-0.4072451624948592,0.356,0.025427316482131427
seg,LU_GASSTNS,LEFTTURN,KSI,0.06649583179790385,1.7172023448732125,0.054,0.033932210212114754
seg,LU_GASSTNS,LEFTTURN,FAT,0.0718411427691892,1.750054587661646,0.052,0.07697782809965514
seg,LU_GASSTNS,RIGHTTURN,TOT,0.1351108411360105,3.3633847015202782,0.004,0.2172185262876248
seg,LU_GASSTNS,RIGHTTURN,KAB,0.04656793225802257,1.18990147778299,0.118,0.06305861334260683
seg,LU_GASSTNS,RIGHTTURN,KSI,0.0684734560675146,1.686520818399916,0.056,0.06707422885427762
seg,LU_GASSTNS,REAREND,TOT,0.11456037555297546,2.980164344427926,0.006,0.17207558782518614
seg,LU_GASSTNS,REAREND,KAB,0.04535826292364159,1.1283974826670828,0.132,0.05812840454999701
seg,LU_GASSTNS,REAREND,KSI,0.03728722553501711,0.9389087272004748,0.172,0.048384600091467216
seg,LU_GASSTNS,SIDESWIPE,TOT,0.1445263099170652,3.407327109650839,0.002,0.18823883518431025
seg,LU_GASSTNS,SIDESWIPE,KAB,0.07739140720636538,1.9144096912252433,0.036,0.1400688977398559
seg,LU_GASSTNS,SIDESWIPE,KSI,0.1124391306040471,2.6916284086795845,0.01,0.0900069410878438
seg,LU_GASSTNS,HEADON,TOT,0.15743633382021463,3.655262778091276,0.004,0.22687359521548
seg,LU_GASSTNS,HEADON,KAB,-0.005565340694722337,-0.10279681394904967,0.496,0.025456648696438773
seg,LU_GASSTNS,HEADON,KSI,0.010911055222623355,0.2813366010475989,0.376,0.035542423359020116
seg,LU_GASSTNS,OFFROAD,TOT,0.15228663309025578,3.7322943955049253,0.002,0.17989778541121326
seg,LU_GASSTNS,OFFROAD,KAB,0.1428607941595496,3.2899836247804792,0.002,0.13481372767336844
seg,LU_GASSTNS,OFFROAD,KSI,0.09972559810672976,2.503545181731377,0.018,0.08428873350062387
seg,LU_GASSTNS,OFFROAD,FAT,0.06851132106061852,1.6187506741929552,0.062,0.099672286213091
seg,LU_GASSTNS,ROLLOVER,TOT,0.10475453093201256,2.6682532113291297,0.014,0.23756516099968034
seg,LU_GASSTNS,ROLLOVER,KAB,0.036977069290083216,0.9231519291770581,0.18,0.0760106245071075
seg,LU_GASSTNS,SINGLE,TOT,0.16909076741685564,4.1006989239537885,0.002,0.23944706338865906
seg,LU_GASSTNS,SINGLE,KAB,0.16005347932060124,4.017891439953109,0.002,0.16684219709787299
seg,LU_GASSTNS,SINGLE,KSI,0.04596606794998152,1.1780000983892793,0.114,0.07056389769517002
seg,LU_GASSTNS,PED,TOT,-0.0076167430256337265,-0.1430532716545645,0.444,0.01770049911790782
seg,LU_GASSTNS,PED,KAB,-0.005909181580197072,-0.14438571447472473,0.478,0.022313028056115312
seg,LU_GASSTNS,PED,KSI,0.02607188146969551,0.5770930409142201,0.284,0.11406112507960751
seg,LU_GASSTNS,PED,FAT,0.03491323848583652,0.8921560379274879,0.186,0.09649622122374826
seg,LU_GASSTNS,BIKE,TOT,-0.014024037354713508,-0.35886741372682696,0.366,0.08405367370817186
seg,LU_GASSTNS,BIKE,KAB,-0.05490188258645225,-1.2952506903692536,0.09,-0.0035213049619047176
seg,LU_GASSTNS,BIKE,KSI,-0.014926981574577829,-0.33633288024071983,0.41,-0.010271529119985877
seg,LU_GASSTNS,BIKE,FAT,0.14703988387858472,3.7905547882143376,0.002,0.0946233339090646
seg,LU_GASSTNS,ALCOHOL,TOT,0.11112841777433163,2.5393415853084194,0.01,0.10785643061819966
seg,LU_GASSTNS,ALCOHOL,KAB,0.19353754879894858,4.679353641289499,0.002,0.14828212491539133
seg,LU_GASSTNS,ALCOHOL,KSI,0.15696454626507714,4.0318622184586985,0.002,0.13141598354895725
seg,LU_GASSTNS,ALCOHOL,FAT,0.06558327996312296,1.8325247621497118,0.046,0.06116102363047948
seg,LU_SUPERMKTS,ALL,TOT,0.07466309182097705,2.2580266947597067,0.012,0.14636988846614765
seg,LU_SUPERMKTS,ALL,KAB,0.12679078973527724,4.005858425784127,0.002,0.24098990618298755
seg,LU_SUPERMKTS,ALL,KSI,0.035781599914411114,1.1312283237356258,0.136,0.1053631713081908
seg,LU_SUPERMKTS,ALL,FAT,0.028522650182649534,0.9452292749964278,0.164,0.07683112886172157
seg,LU_SUPERMKTS,ANGLE,TOT,0.20766187190815674,6.7718460041858854,0.002,0.3319523249418218
seg,LU_SUPERMKTS,ANGLE,KAB,0.19195503061464986,5.987288034107417,0.002,0.2799408973369511
seg,LU_SUPERMKTS,ANGLE,KSI,0.07353662119994492,2.5306568843970436,0.014,0.13385056178528348
seg,LU_SUPERMKTS,LEFTTURN,TOT,0.12829381622442207,3.9668151529447786,0.002,0.2178752928616797
seg,LU_SUPERMKTS,LEFTTURN,KAB,0.13650716907653132,4.321073740988432,0.002,0.2579799938711885
seg,LU_SUPERMKTS,LEFTTURN,KSI,0.018440510964215544,0.6380866987871043,0.23,0.05987274484369691
seg,LU_SUPERMKTS,LEFTTURN,FAT,-0.0532780783261546,-1.6197483645770254,0.044,-0.0065079321447326305
seg,LU_SUPERMKTS,RIGHTTURN,TOT,-0.03497787140683075,-1.123987905261068,0.126,0.0858238988944623
seg,LU_SUPERMKTS,RIGHTTURN,KAB,-0.009810472597356838,-0.24365817926310657,0.418,0.16888862115345177
seg,LU_SUPERMKTS,RIGHTTURN,KSI,-0.03408997110946965,-1.1791451628843597,0.1,0.011030028066892822
seg,LU_SUPERMKTS,REAREND,TOT,0.05189093048261099,1.6840176276178005,0.052,0.09809871463565072
seg,LU_SUPERMKTS,REAREND,KAB,0.06571558449418186,1.9936955306056638,0.036,0.14445764237897574
seg,LU_SUPERMKTS,REAREND,KSI,-0.00200000625382161,-0.022977574469696265,0.49,0.03416396271610702
seg,LU_SUPERMKTS,SIDESWIPE,TOT,0.07009588031551314,2.2974257594905922,0.018,0.110983313660779
seg,LU_SUPERMKTS,SIDESWIPE,KAB,0.09833391890226549,3.0735540964641,0.004,0.1594115727065328
seg,LU_SUPERMKTS,SIDESWIPE,KSI,0.012971058512710848,0.3455945967761229,0.346,0.03028975642801251
seg,LU_SUPERMKTS,HEADON,TOT,0.08414670428412681,2.5314228693491976,0.016,0.0443772950523299
seg,LU_SUPERMKTS,HEADON,KAB,0.06892471134086571,2.053130879773849,0.028,0.05745213333105726
seg,LU_SUPERMKTS,HEADON,KSI,0.018100719486761268,0.5559867369918864,0.258,-0.007666542017096392
seg,LU_SUPERMKTS,OFFROAD,TOT,-0.020105371955610466,-0.5654658130429229,0.304,-0.0010268824104105376
seg,LU_SUPERMKTS,OFFROAD,KAB,-0.04411976138501163,-1.35889727005313,0.082,0.005110091293693027
seg,LU_SUPERMKTS,OFFROAD,KSI,-0.029535776712499847,-0.9819265828060864,0.17,-0.04397117009338457
seg,LU_SUPERMKTS,OFFROAD,FAT,0.008690225399346585,0.23292716886051926,0.386,-0.10295077435682298
seg,LU_SUPERMKTS,ROLLOVER,TOT,-0.0512464530423861,-1.6724432413173724,0.032,0.01568369125230356
seg,LU_SUPERMKTS,ROLLOVER,KAB,-0.00876835167367425,-0.2632013960786326,0.44,0.12051493404662264
seg,LU_SUPERMKTS,SINGLE,TOT,0.054362624375274726,1.7419679917630388,0.048,0.034601433264574336
seg,LU_SUPERMKTS,SINGLE,KAB,0.07254987358710632,2.262250876225641,0.02,0.15688235575988563
seg,LU_SUPERMKTS,SINGLE,KSI,0.006293286847415874,0.24511398878556154,0.38,0.02197770627954346
seg,LU_SUPERMKTS,PED,TOT,0.11359102511376407,3.2626345989751506,0.002,0.16514467107798936
seg,LU_SUPERMKTS,PED,KAB,0.08572994339789078,2.6429211572156235,0.01,0.1550211174034601
seg,LU_SUPERMKTS,PED,KSI,0.06381056470001902,1.9215517268280202,0.044,0.14590012174965802
seg,LU_SUPERMKTS,PED,FAT,0.07822173211408295,2.527780770938909,0.016,0.14048952935971173
seg,LU_SUPERMKTS,BIKE,TOT,0.05914371265882359,1.8094441380953505,0.044,0.07631382161112381
seg,LU_SUPERMKTS,BIKE,KAB,0.08982007534455858,2.842018466283271,0.01,0.0899784080665169
seg,LU_SUPERMKTS,BIKE,KSI,0.06640878338715923,1.9464574527504372,0.028,0.05442682712158326
seg,LU_SUPERMKTS,BIKE,FAT,-0.0018231725553175223,-0.09809051537208764,0.494,0.004611469319492348
seg,LU_SUPERMKTS,ALCOHOL,TOT,0.04803346392765111,1.4971335522546134,0.08,0.05765898214099153
seg,LU_SUPERMKTS,ALCOHOL,KAB,0.047952707698190065,1.4095622775926506,0.078,0.063411441848771
seg,LU_SUPERMKTS,ALCOHOL,KSI,-0.004274869171736185,-0.16185761859629683,0.44,0.03777857620370926
seg,LU_SUPERMKTS,ALCOHOL,FAT,-0.030511899551740086,-0.9990984241428957,0.154,0.025602304531440963
seg,LU_REGSHOPCNTRS,ALL,TOT,0.023415796329065652,1.068431775863538,0.154,0.07850166613942201
seg,LU_REGSHOPCNTRS,ALL,KAB,0.02290369391194741,0.9078976999103867,0.164,0.06579129236745679
seg,LU_REGSHOPCNTRS,ALL,KSI,0.014593552795111264,0.6530745416406953,0.242,0.0702588773790801
seg,LU_REGSHOPCNTRS,ALL,FAT,0.0015246282494151126,0.06657643153523084,0.444,-0.038731897362242196
seg,LU_REGSHOPCNTRS,ANGLE,TOT,0.014581987509239695,0.5651092493636793,0.258,0.006023778100387827
seg,LU_REGSHOPCNTRS,ANGLE,KAB,0.05122970399651879,2.3561459678438306,0.024,0.0450684785071107
seg,LU_REGSHOPCNTRS,ANGLE,KSI,0.037736962917593264,1.819662856926316,0.05,-0.0422018212925747
seg,LU_REGSHOPCNTRS,LEFTTURN,TOT,-0.0060121359301620065,-0.2612411922885137,0.42,0.04831721655154002
seg,LU_REGSHOPCNTRS,LEFTTURN,KAB,0.01857302907737662,0.8152856728733952,0.202,0.057450004167281084
seg,LU_REGSHOPCNTRS,LEFTTURN,KSI,0.0636827668400618,2.8953236109978615,0.006,0.031479267193930294
seg,LU_REGSHOPCNTRS,LEFTTURN,FAT,0.023538117482482263,1.0880500530152015,0.136,0.045169742348962864
seg,LU_REGSHOPCNTRS,RIGHTTURN,TOT,0.009315992911978078,0.46961685379637347,0.264,0.04617089140038739
seg,LU_REGSHOPCNTRS,RIGHTTURN,KAB,0.008808261961888974,0.3367257833685634,0.314,0.037531138958409045
seg,LU_REGSHOPCNTRS,RIGHTTURN,KSI,-0.014770555830927136,-0.6896844212025561,0.248,0.14442184912606712
seg,LU_REGSHOPCNTRS,REAREND,TOT,0.04329519890689441,2.080067911129265,0.024,0.13241790550097418
seg,LU_REGSHOPCNTRS,REAREND,KAB,0.036272789008369326,1.67866006105441,0.052,0.14457828844152845
seg,LU_REGSHOPCNTRS,REAREND,KSI,0.021767040712303613,1.03919759838095,0.146,0.18798996265820325
seg,LU_REGSHOPCNTRS,SIDESWIPE,TOT,0.036289202793476846,1.629788058524475,0.074,0.009446538487108727
seg,LU_REGSHOPCNTRS,SIDESWIPE,KAB,0.0038014159595387573,0.19122993092367196,0.404,-0.06469288925173672
seg,LU_REGSHOPCNTRS,SIDESWIPE,KSI,-0.008124779352158986,-0.3884753108739187,0.422,-0.032027038358734015
seg,LU_REGSHOPCNTRS,HEADON,TOT,-0.02981613819729427,-1.3933947303113576,0.068,0.07346002540533655
seg,LU_REGSHOPCNTRS,HEADON,KAB,0.008553878497254332,0.33407840658737614,0.274,0.01729563473528421
seg,LU_REGSHOPCNTRS,HEADON,KSI,-0.017261177322783094,-0.8112239010484412,0.366,-0.023541474235725345
seg,LU_REGSHOPCNTRS,OFFROAD,TOT,0.0061647454695046644,0.25743757936135014,0.36,-0.030769226700454615
seg,LU_REGSHOPCNTRS,OFFROAD,KAB,0.04455978899384006,1.8763223083326965,0.04,-0.007447912386156701
seg,LU_REGSHOPCNTRS,OFFROAD,KSI,0.02584227221341122,1.2092292643962603,0.124,0.011535847689867462
seg,LU_REGSHOPCNTRS,OFFROAD,FAT,0.03726835196386843,1.8449972096161105,0.052,-0.033818747326164675
seg,LU_REGSHOPCNTRS,ROLLOVER,TOT,-0.024983577450801216,-1.1326635307234307,0.138,-0.047113258216445734
seg,LU_REGSHOPCNTRS,ROLLOVER,KAB,-0.017007111013373835,-0.7878439800861671,0.322,-0.02594911745356163
seg,LU_REGSHOPCNTRS,SINGLE,TOT,-0.033905928457167556,-1.4843706037064728,0.05,-0.003218902760151052
seg,LU_REGSHOPCNTRS,SINGLE,KAB,-0.011966472997669161,-0.5669249747110601,0.29,-0.06057701410209258
seg,LU_REGSHOPCNTRS,SINGLE,KSI,-0.016641389924728606,-0.7488007528315921,0.256,-0.04052959653888695
seg,LU_REGSHOPCNTRS,PED,TOT,-0.028840041175620876,-1.3219534115643672,0.066,-0.01379549028507067
seg,LU_REGSHOPCNTRS,PED,KAB,-0.02095305387457344,-0.8931193063162363,0.162,-0.024083570087154303
seg,LU_REGSHOPCNTRS,PED,KSI,-0.03478684881408592,-1.6668418180817943,0.034,-0.05102816931911562
seg,LU_REGSHOPCNTRS,PED,FAT,-0.025994495843669172,-1.219454376957413,0.094,-0.03946724713536912
seg,LU_REGSHOPCNTRS,BIKE,TOT,-0.02347693426994324,-1.1716845987563196,0.122,-0.011247961646392142
seg,LU_REGSHOPCNTRS,BIKE,KAB,-0.024814153105084114,-1.0808560264490261,0.146,-0.008938114883086667
seg,LU_REGSHOPCNTRS,BIKE,KSI,-0.0022817825791453276,-0.13122058142585682,0.496,0.0034430217724407026
seg,LU_REGSHOPCNTRS,BIKE,FAT,-0.01924401869549574,-0.8856171094844761,0.2,-0.022706151258108917
seg,LU_REGSHOPCNTRS,ALCOHOL,TOT,0.02830800339587404,1.4586381378224973,0.072,-0.026156830254832886
seg,LU_REGSHOPCNTRS,ALCOHOL,KAB,0.03280240588276598,1.5011910479404587,0.074,-0.025160243625431775
seg,LU_REGSHOPCNTRS,ALCOHOL,KSI,0.02911028872287502,1.3597505601917295,0.098,0.013704286673111993
seg,LU_REGSHOPCNTRS,ALCOHOL,FAT,0.0021022879757590022,0.15003493733891488,0.38,0.0650530299270964
seg,LU_COMMSHOPCNTRS,ALL,TOT,0.057918290347124285,1.4798591362966882,0.07,0.1174661537348358
seg,LU_COMMSHOPCNTRS,ALL,KAB,0.11505563377894934,2.9643976456323036,0.004,0.18253824115958292
seg,LU_COMMSHOPCNTRS,ALL,KSI,-0.011223643999942527,-0.23524287545160358,0.434,-0.008835270864158655
seg,LU_COMMSHOPCNTRS,ALL,FAT,-0.041008719903046234,-1.0626055821947502,0.144,-0.02964407742412756
seg,LU_COMMSHOPCNTRS,ANGLE,TOT,0.21682642170675476,5.906569021846351,0.002,0.3027814840533068
seg,LU_COMMSHOPCNTRS,ANGLE,KAB,0.18994769209268345,4.937900790788401,0.002,0.2472473472641432
seg,LU_COMMSHOPCNTRS,ANGLE,KSI,0.051075184102501885,1.3579231281190225,0.092,0.08730818446142362
seg,LU_COMMSHOPCNTRS,LEFTTURN,TOT,0.11076802730089316,2.7815227856095985,0.006,0.19495437479910327
seg,LU_COMMSHOPCNTRS,LEFTTURN,KAB,0.12283879418651467,3.1517043094888018,0.006,0.21496050641334788
seg,LU_COMMSHOPCNTRS,LEFTTURN,KSI,0.009932582365370694,0.31387951700123246,0.352,0.060550531850195
seg,LU_COMMSHOPCNTRS,LEFTTURN,FAT,-0.08219917975986532,-2.112580146962758,0.002,0.005976705855728223
seg,LU_COMMSHOPCNTRS,RIGHTTURN,TOT,-0.06136505244374956,-1.545454223336981,0.06,0.037820037599384064
seg,LU_COMMSHOPCNTRS,RIGHTTURN,KAB,-0.02208965380846247,-0.5621150905392268,0.31,0.05573831759032397
seg,LU_COMMSHOPCNTRS,RIGHTTURN,KSI,-0.03088026694450877,-0.8675016361361174,0.188,-0.07540614439292116
seg,LU_COMMSHOPCNTRS,REAREND,TOT,0.05153291819496634,1.3779338549682059,0.102,0.06408032622470473
seg,LU_COMMSHOPCNTRS,REAREND,KAB,0.09514966135712298,2.307437551240207,0.018,0.09916139066813891
seg,LU_COMMSHOPCNTRS,REAREND,KSI,-0.0020861091133879237,-0.02625161906491063,0.47,-0.061234371202326957
seg,LU_COMMSHOPCNTRS,SIDESWIPE,TOT,0.02854572889745385,0.7267376626948204,0.24,0.07183704815976481
seg,LU_COMMSHOPCNTRS,SIDESWIPE,KAB,0.10790777215508637,2.6778896592416896,0.01,0.187333771381185
seg,LU_COMMSHOPCNTRS,SIDESWIPE,KSI,-0.004778743127929637,-0.17679604232173923,0.462,0.03174085703010141
seg,LU_COMMSHOPCNTRS,HEADON,TOT,0.09164639802858754,2.2193077493618496,0.024,0.15578881808469067
seg,LU_COMMSHOPCNTRS,HEADON,KAB,0.09484723504719783,2.4629721450937163,0.022,0.14294522260223777
seg,LU_COMMSHOPCNTRS,HEADON,KSI,0.053995948963141735,1.3859710304446127,0.114,0.08155769154739886
seg,LU_COMMSHOPCNTRS,OFFROAD,TOT,-0.08387537094762798,-2.056616236505675,0.012,-0.03771788550901132
seg,LU_COMMSHOPCNTRS,OFFROAD,KAB,-0.07010219951718821,-1.8564071070928003,0.014,-0.06614374609527647
seg,LU_COMMSHOPCNTRS,OFFROAD,KSI,-0.053855389018348965,-1.3691210019233915,0.084,-0.11060370215444229
seg,LU_COMMSHOPCNTRS,OFFROAD,FAT,-0.01590453086106396,-0.4443833723861607,0.366,-0.0594671844148286
seg,LU_COMMSHOPCNTRS,ROLLOVER,TOT,-0.06096678069026321,-1.602641887637178,0.048,-0.022290314565429476
seg,LU_COMMSHOPCNTRS,ROLLOVER,KAB,-0.009943141999064401,-0.26278279996735104,0.466,0.03327618397091068
seg,LU_COMMSHOPCNTRS,SINGLE,TOT,0.06197235418204636,1.6470661075954003,0.058,0.15331800195028922
seg,LU_COMMSHOPCNTRS,SINGLE,KAB,0.0717749030204348,1.9188347846257587,0.046,0.16893587184994865
seg,LU_COMMSHOPCNTRS,SINGLE,KSI,-0.051224865486056995,-1.2684396105233542,0.1,-0.07526358479567372
seg,LU_COMMSHOPCNTRS,PED,TOT,0.04585990882768675,1.1369369006750714,0.124,0.09001449540972412
seg,LU_COMMSHOPCNTRS,PED,KAB,0.01680656322891489,0.3857141241495088,0.308,0.034302490829586564
seg,LU_COMMSHOPCNTRS,PED,KSI,0.009262236375317527,0.21015193695147688,0.39,0.020148454753753358
seg,LU_COMMSHOPCNTRS,PED,FAT,0.0018262890995425056,0.01223239375525354,0.444,-0.011718237628256516
seg,LU_COMMSHOPCNTRS,BIKE,TOT,0.023529564018116608,0.6085256252303154,0.266,0.060447925422755525
seg,LU_COMMSHOPCNTRS,BIKE,KAB,0.08814977674482292,2.17519444823454,0.022,0.10191872422316917
seg,LU_COMMSHOPCNTRS,BIKE,KSI,0.047620312932257054,1.1180236518886453,0.144,0.060391243429869734
seg,LU_COMMSHOPCNTRS,BIKE,FAT,0.0052430053829111275,0.08041052481532651,0.418,-0.024919266070746023
seg,LU_COMMSHOPCNTRS,ALCOHOL,TOT,0.022391862697591282,0.5556278689824492,0.262,0.01972897678770996
seg,LU_COMMSHOPCNTRS,ALCOHOL,KAB,0.041929848154358705,0.9821747475219399,0.152,0.003966882967488133
seg,LU_COMMSHOPCNTRS,ALCOHOL,KSI,-0.024956232399417085,-0.65072457778065,0.278,-0.09254610983469014
seg,LU_COMMSHOPCNTRS,ALCOHOL,FAT,-0.0385406785147799,-0.9723560873562199,0.156,-0.07188684992833351
seg,LU_FASTFOOD,ALL,TOT,0.02579818711676268,1.0997494845103117,0.144,0.14605307693145422
seg,LU_FASTFOOD,ALL,KAB,0.041615782538396984,1.7787378828285596,0.05,0.09074580252324324
seg,LU_FASTFOOD,ALL,KSI,0.04369974363311356,1.8872600935713562,0.032,0.030271372055793607
seg,LU_FASTFOOD,ALL,FAT,0.010326875942214384,0.4034499628685298,0.338,0.061709253968056106
seg,LU_FASTFOOD,ANGLE,TOT,0.042088174565462474,1.7784360572154916,0.04,0.11003696955420215
seg,LU_FASTFOOD,ANGLE,KAB,0.02945818759232759,1.15302842024019,0.126,-0.0044169920293499945
seg,LU_FASTFOOD,ANGLE,KSI,0.011960677975741832,0.4228582814969163,0.324,-0.02321564601777567
seg,LU_FASTFOOD,LEFTTURN,TOT,0.007801844043570542,0.2830078250294394,0.396,0.16323628154268602
seg,LU_FASTFOOD,LEFTTURN,KAB,0.030028640516582404,1.3083873686058225,0.12,0.03308548381710493
seg,LU_FASTFOOD,LEFTTURN,KSI,0.01090334918841736,0.4553115128001523,0.316,0.018574569757300294
seg,LU_FASTFOOD,LEFTTURN,FAT,-0.0046941609221685205,-0.2970033298383266,0.394,0.0048015370137566155
seg,LU_FASTFOOD,RIGHTTURN,TOT,0.020935454923652844,0.7961776499850675,0.212,0.11291810686791612
seg,LU_FASTFOOD,RIGHTTURN,KAB,0.01498717006042127,0.5959953891832371,0.268,-0.05055639136248757
seg,LU_FASTFOOD,RIGHTTURN,KSI,0.000616195150029366,0.033063277305683945,0.46,-0.044982259372968625
seg,LU_FASTFOOD,REAREND,TOT,0.03910082769629787,1.4892589359755126,0.082,0.15226103335993443
seg,LU_FASTFOOD,REAREND,KAB,0.0482660739987363,2.045184693816851,0.026,0.17436187538289524
seg,LU_FASTFOOD,REAREND,KSI,0.040404068447914124,1.7246562077280418,0.05,0.036410080819669954
seg,LU_FASTFOOD,SIDESWIPE,TOT,0.013854503098963526,0.6247013526829476,0.272,0.12483202873594754
seg,LU_FASTFOOD,SIDESWIPE,KAB,0.03479684885093126,1.3791019857353335,0.078,0.03163911689772117
seg,LU_FASTFOOD,SIDESWIPE,KSI,-0.003910457795843508,-0.14800317472665522,0.404,0.021715633648496203
seg,LU_FASTFOOD,HEADON,TOT,-0.017851979486608605,-0.8402184384352082,0.206,0.006229142135731982
seg,LU_FASTFOOD,HEADON,KAB,-0.01065736021590155,-0.39334322005074573,0.364,-0.0701922614088805
seg,LU_FASTFOOD,HEADON,KSI,0.010242817504344965,0.427986077641266,0.336,-0.04557789588557795
seg,LU_FASTFOOD,OFFROAD,TOT,-0.026329733738982335,-1.2941392938865441,0.104,-0.07357138648274923
seg,LU_FASTFOOD,OFFROAD,KAB,-0.041989509775105946,-1.8020070444504612,0.036,-0.115622332340339
seg,LU_FASTFOOD,OFFROAD,KSI,-0.008305964741605849,-0.40131392662349075,0.342,-0.11014665424651356
seg,LU_FASTFOOD,OFFROAD,FAT,-0.02621462194735873,-1.1091114968506806,0.126,-0.06226741288588712
seg,LU_FASTFOOD,ROLLOVER,TOT,0.00823110562402162,0.27437609573709804,0.378,0.011742346309630064
seg,LU_FASTFOOD,ROLLOVER,KAB,0.03473766435592507,1.4317420570601436,0.08,-0.07275657770267889
seg,LU_FASTFOOD,SINGLE,TOT,-0.007039127967674805,-0.2613935273621971,0.42,0.053300762872176846
seg,LU_FASTFOOD,SINGLE,KAB,0.021953114118017647,1.0421795615796283,0.152,0.10314619695330142
seg,LU_FASTFOOD,SINGLE,KSI,0.029205579095110568,1.375627269060003,0.082,0.15424658827597085
seg,LU_FASTFOOD,PED,TOT,0.017336186335808742,0.7015830868062096,0.246,0.0865616577558061
seg,LU_FASTFOOD,PED,KAB,0.004343120717644402,0.18066212186569452,0.444,0.08771673202435691
seg,LU_FASTFOOD,PED,KSI,0.020276636706336084,0.8170897499342439,0.196,0.08545367035608648
seg,LU_FASTFOOD,PED,FAT,0.007108115159969964,0.2355966845255686,0.41,0.08685391939791792
seg,LU_FASTFOOD,BIKE,TOT,0.06009848338192414,2.62179279587465,0.006,0.14448311132062083
seg,LU_FASTFOOD,BIKE,KAB,0.07840868665032617,3.4042241261587134,0.002,0.11537731345643527
seg,LU_FASTFOOD,BIKE,KSI,0.05967773427008282,2.401895721380125,0.014,-0.02038098650340253
seg,LU_FASTFOOD,BIKE,FAT,0.01581678357420422,0.6927933831773054,0.226,-0.00426391178489361
seg,LU_FASTFOOD,ALCOHOL,TOT,0.015856558989008184,0.6519124355561893,0.258,0.009028306146849276
seg,LU_FASTFOOD,ALCOHOL,KAB,-0.0027868523824740483,-0.1853517916156172,0.424,-0.014519797671908845
seg,LU_FASTFOOD,ALCOHOL,KSI,0.008392071250021706,0.3499196569510506,0.374,-0.01562594338575263
seg,LU_FASTFOOD,ALCOHOL,FAT,0.02538329086351537,1.1190535357924485,0.13,-0.0645192114242613
seg,LU_RESTOS,ALL,TOT,0.02122053118766081,0.8247868704302435,0.22,0.06226080455911396
seg,LU_RESTOS,ALL,KAB,0.024624175928266632,0.8911234647075739,0.182,0.06791580557800975
seg,LU_RESTOS,ALL,KSI,0.012547548660203566,0.45016138917725973,0.314,0.027125256765520536
seg,LU_RESTOS,ALL,FAT,-0.026699479120031556,-1.0136075574450347,0.164,-0.037442826876276654
seg,LU_RESTOS,ANGLE,TOT,0.04628937894232125,1.617823734921193,0.076,0.06421934564504836
seg,LU_RESTOS,ANGLE,KAB,0.029196376846912134,1.0386401390689044,0.148,0.04567365369364895
seg,LU_RESTOS,ANGLE,KSI,0.00226718745927793,0.05902420923268232,0.456,-0.013748108890297452
seg,LU_RESTOS,LEFTTURN,TOT,0.01058154655775126,0.3576794466846716,0.358,0.0849184480902599
seg,LU_RESTOS,LEFTTURN,KAB,-0.011773153206057877,-0.4448567764804789,0.316,0.07990855351567165
seg,LU_RESTOS,LEFTTURN,KSI,-0.014700820029630284,-0.584202356150971,0.278,0.03171399218096864
seg,LU_RESTOS,LEFTTURN,FAT,-0.0010217430274851124,-0.1051450506254186,0.47,-0.048605391736427514
seg,LU_RESTOS,RIGHTTURN,TOT,-0.027406917900122774,-0.9881040765244992,0.152,0.03823975065074744
seg,LU_RESTOS,RIGHTTURN,KAB,-0.006582532459152873,-0.2493308328171807,0.44,0.018751047433189047
seg,LU_RESTOS,RIGHTTURN,KSI,-0.01879441748920402,-0.6806950717676798,0.268,-0.018034057267101417
seg,LU_RESTOS,REAREND,TOT,0.033721105097375574,1.155735640040545,0.13,0.05605188973107482
seg,LU_RESTOS,REAREND,KAB,0.04291767051089337,1.5906574222412047,0.058,0.0688531981000066
seg,LU_RESTOS,REAREND,KSI,0.02931711752118055,1.027783483569683,0.16,0.09508575190604399
seg,LU_RESTOS,SIDESWIPE,TOT,0.006760568115400542,0.2630209669486035,0.396,0.008939022908606837
seg,LU_RESTOS,SIDESWIPE,KAB,-0.004907150838306016,-0.1859033450797007,0.416,0.01159677776213927
seg,LU_RESTOS,SIDESWIPE,KSI,-0.036709822366010225,-1.263191999213955,0.108,-0.047949648473891576
seg,LU_RESTOS,HEADON,TOT,-0.02527057172363889,-0.9032796045831749,0.174,0.012364189941091222
seg,LU_RESTOS,HEADON,KAB,0.005473675515291037,0.24615278275446995,0.382,0.051082709706469824
seg,LU_RESTOS,HEADON,KSI,0.004788878350743007,0.19419471463170943,0.414,0.009436411426265895
seg,LU_RESTOS,OFFROAD,TOT,-0.058289477316519185,-2.208543492518105,0.012,-0.019602122758088772
seg,LU_RESTOS,OFFROAD,KAB,-0.06532264763909926,-2.2643679028395676,0.012,-0.08023814628815173
seg,LU_RESTOS,OFFROAD,KSI,-0.0192935874163742,-0.8103414392705599,0.202,-0.05008963161104148
seg,LU_RESTOS,OFFROAD,FAT,-0.033370467970817386,-1.2752162922587302,0.102,-0.060305346592587794
seg,LU_RESTOS,ROLLOVER,TOT,-0.039831006428513296,-1.3353142326173497,0.076,-0.014094694037967365
seg,LU_RESTOS,ROLLOVER,KAB,-0.010868581279503855,-0.430679276839356,0.348,-0.07537983081944769
seg,LU_RESTOS,SINGLE,TOT,-0.01914126613553456,-0.6336263489393742,0.266,-0.007642805510872968
seg,LU_RESTOS,SINGLE,KAB,-0.012396086607826862,-0.3998040348105912,0.364,0.08080633612156504
seg,LU_RESTOS,SINGLE,KSI,0.0034517253700713686,0.18260829091006298,0.416,0.05812404039813602
seg,LU_RESTOS,PED,TOT,0.01141490572173623,0.3497129635130242,0.332,0.07650492790972237
seg,LU_RESTOS,PED,KAB,0.005091670837751264,0.19194154174887762,0.43,0.03877298618305372
seg,LU_RESTOS,PED,KSI,-0.017825551542511826,-0.6672066481106288,0.264,0.00782641690676762
seg,LU_RESTOS,PED,FAT,-0.025848754920580613,-0.9714726126472105,0.166,0.0264740427033976
seg,LU_RESTOS,BIKE,TOT,0.08215056691456692,2.847746710712654,0.004,0.07996446634870469
seg,LU_RESTOS,BIKE,KAB,0.08128028571147482,2.8570616699837195,0.008,0.026908382509253023
seg,LU_RESTOS,BIKE,KSI,0.07137291234994324,2.5079975547137425,0.004,-0.03239993173515279
seg,LU_RESTOS,BIKE,FAT,-0.006515231382749757,-0.20961428652516173,0.42,-0.06128839368055283
seg,LU_RESTOS,ALCOHOL,TOT,-0.016420284079879176,-0.6397830380035164,0.258,0.03643245479316573
seg,LU_RESTOS,ALCOHOL,KAB,-0.027538514371366358,-1.0603725078744661,0.13,0.022915486266694738
seg,LU_RESTOS,ALCOHOL,KSI,-0.02145944203129731,-0.8023331651426379,0.212,0.008721440926659647
seg,LU_RESTOS,ALCOHOL,FAT,-0.004732980580345361,-0.17829919840402084,0.412,-0.03179032044192578
seg,LU_BARS,ALL,TOT,0.02632396137541682,1.099119015393518,0.128,0.003780161000727648
seg,LU_BARS,ALL,KAB,0.019085933977609694,0.8455312470071727,0.188,-0.014547456772069157
seg,LU_BARS,ALL,KSI,0.005688885170068528,0.18173748840386011,0.43,0.003187204582257946
seg,LU_BARS,ALL,FAT,-0.008693698884842322,-0.36639716804222683,0.38,-0.012069278616169663
seg,LU_BARS,ANGLE,TOT,-0.008370493656123915,-0.29964584526714066,0.394,0.02759693777552577
seg,LU_BARS,ANGLE,KAB,-0.037005538796996425,-1.4420658784423106,0.062,-0.022802229798393515
seg,LU_BARS,ANGLE,KSI,-0.027073084298480495,-0.9796417195103357,0.15,0.008175731249559802
seg,LU_BARS,LEFTTURN,TOT,0.0009262848565807769,-0.00123688612509093,0.48,0.0210812880183683
seg,LU_BARS,LEFTTURN,KAB,-0.026102671832845876,-0.9330976242628761,0.17,-0.0397613366923552
seg,LU_BARS,LEFTTURN,KSI,-0.020326213996713995,-0.8228597354120334,0.204,-0.03778543865860162
seg,LU_BARS,LEFTTURN,FAT,-0.016378337783926136,-0.6228885134327,0.298,-0.03361600186483034
seg,LU_BARS,RIGHTTURN,TOT,-0.03011110993290479,-1.0369390538461858,0.152,-0.05297371085240618
seg,LU_BARS,RIGHTTURN,KAB,-0.020494869495123864,-0.7343158691399724,0.244,-0.030055217757457092
seg,LU_BARS,RIGHTTURN,KSI,-0.02469803608280958,-0.8745228341125837,0.18,-0.03158708133676765
seg,LU_BARS,REAREND,TOT,0.014526859232046102,0.36156590629185,0.358,-0.02326134630064569
seg,LU_BARS,REAREND,KAB,-0.0028072648462580756,-0.10314576020261972,0.48,0.007454879455228142
seg,LU_BARS,REAREND,KSI,-0.04309941432036863,-1.5794866085692432,0.044,0.03526511902026794
seg,LU_BARS,SIDESWIPE,TOT,0.02750051249716267,1.0004588213440742,0.166,-0.004559706257609163
seg,LU_BARS,SIDESWIPE,KAB,-0.010877470558135625,-0.4339552222296333,0.33,-0.101362819436281
seg,LU_BARS,SIDESWIPE,KSI,-0.04910554245802394,-1.7281336734843982,0.032,-0.034174234443458976
seg,LU_BARS,HEADON,TOT,0.026497723839370293,0.8123443477847756,0.216,0.04073541147853542
seg,LU_BARS,HEADON,KAB,0.026676788167295965,0.9715272895233725,0.146,0.12784245576961217
seg,LU_BARS,HEADON,KSI,0.029210704020760314,1.0486775892834501,0.148,0.07708735967534579
seg,LU_BARS,OFFROAD,TOT,0.01132884425610908,0.45428850994852676,0.32,-0.049181280441108984
seg,LU_BARS,OFFROAD,KAB,-0.03287760568016002,-1.1556422969958418,0.104,-0.08685879581954892
seg,LU_BARS,OFFROAD,KSI,-0.007745666520227791,-0.3179525495457669,0.392,-0.04319798054392276
seg,LU_BARS,OFFROAD,FAT,-0.05683468616957783,-2.2123733526993457,0.006,-0.0060929487925367384
seg,LU_BARS,ROLLOVER,TOT,0.07819934478005733,2.6647750533464576,0.01,-0.017575536915696285
seg,LU_BARS,ROLLOVER,KAB,-0.007314438955504496,-0.27434252903488,0.426,-0.03358198585695421
seg,LU_BARS,SINGLE,TOT,0.05979907806181697,2.2062818147104544,0.028,0.04759074147922295
seg,LU_BARS,SINGLE,KAB,0.04170448917778173,1.4845818130913313,0.078,-0.029678413899391035
seg,LU_BARS,SINGLE,KSI,0.010533980314056399,0.3217263027862148,0.366,0.03559679001801527
seg,LU_BARS,PED,TOT,0.035475410277468804,1.1925251979922664,0.128,0.037664906173369754
seg,LU_BARS,PED,KAB,0.03795682554652306,1.395028550628635,0.076,0.016017006514778546
seg,LU_BARS,PED,KSI,0.024335507466627486,0.9167806384439755,0.172,-0.006599155532168129
seg,LU_BARS,PED,FAT,0.007735227818550747,0.20879994624525872,0.406,-0.016658347118517648
seg,LU_BARS,BIKE,TOT,0.005414676879399687,0.21325224809655352,0.406,0.06706694265528271
seg,LU_BARS,BIKE,KAB,-0.010719409484855249,-0.36824213063029304,0.336,-0.003309776893595257
seg,LU_BARS,BIKE,KSI,0.013888850824412964,0.4766262901158749,0.32,0.03845356412981172
seg,LU_BARS,BIKE,FAT,0.06173182030626131,2.3606046315732576,0.026,0.029970455588516593
seg,LU_BARS,ALCOHOL,TOT,0.010519574379915386,0.326137907840275,0.348,0.06573579000614344
seg,LU_BARS,ALCOHOL,KAB,-0.002625314434119178,-0.2144135631284032,0.43,0.059422349310061864
seg,LU_BARS,ALCOHOL,KSI,-0.006943815301822275,-0.21712633498260053,0.426,0.032674389282254857
seg,LU_BARS,ALCOHOL,FAT,-0.017107148033104265,-0.6316323057756283,0.26,0.04225534636346375
seg,LU_HOTELS,ALL,TOT,0.023574641964906294,0.7698515254351683,0.224,0.05593488471615843
seg,LU_HOTELS,ALL,KAB,0.028242360229376557,0.9078036591120541,0.204,0.07797910119247226
seg,LU_HOTELS,ALL,KSI,-0.004406870667937954,-0.18219210033956457,0.452,0.05491570995370208
seg,LU_HOTELS,ALL,FAT,0.0011149837519688938,0.15988610336266715,0.408,0.06714401587894615
seg,LU_HOTELS,ANGLE,TOT,0.09298883216079269,2.934170576457686,0.004,0.07114431391079369
seg,LU_HOTELS,ANGLE,KAB,0.05508743078576577,1.6762553619458722,0.05,0.04755377185686389
seg,LU_HOTELS,ANGLE,KSI,0.05861201391447951,1.8939597507791448,0.034,0.004520527515583903
seg,LU_HOTELS,LEFTTURN,TOT,0.05443030189532554,1.7718203626139504,0.044,0.014976109967660411
seg,LU_HOTELS,LEFTTURN,KAB,0.01749936508931614,0.5322332713617497,0.252,-0.026269232441148836
seg,LU_HOTELS,LEFTTURN,KSI,-0.058239876879150235,-1.9651925656046185,0.012,-0.06969857647628909
seg,LU_HOTELS,LEFTTURN,FAT,-0.0406609689151515,-1.2787767854476844,0.092,-0.10170189856786926
seg,LU_HOTELS,RIGHTTURN,TOT,-0.0255338604400997,-0.8807112309673779,0.186,-0.01812531331263596
seg,LU_HOTELS,RIGHTTURN,KAB,0.008836681646085833,0.30827103891171886,0.354,-0.05249739794533034
seg,LU_HOTELS,RIGHTTURN,KSI,-0.01631251286586897,-0.5401191967704639,0.332,-0.04778326702533712
seg,LU_HOTELS,REAREND,TOT,-0.004544432711367747,-0.1919695446500225,0.442,0.0032855470309358543
seg,LU_HOTELS,REAREND,KAB,-0.0006897077429090589,-0.011448307077462246,0.482,0.007083350975614567
seg,LU_HOTELS,REAREND,KSI,0.0003809239299627204,0.02036324094657501,0.486,0.004023479631451008
seg,LU_HOTELS,SIDESWIPE,TOT,0.02211633386356627,0.8269490060152751,0.22,0.08522606657801765
seg,LU_HOTELS,SIDESWIPE,KAB,-0.03379310948679347,-1.06716405821657,0.146,0.03641295253229348
seg,LU_HOTELS,SIDESWIPE,KSI,-0.028627790144283037,-0.9031588326656741,0.184,-0.05513620098613135
seg,LU_HOTELS,HEADON,TOT,-0.026451484578705605,-0.8459392646750125,0.21,-0.040295646111030925
seg,LU_HOTELS,HEADON,KAB,0.014178961227679296,0.5345642416592596,0.26,-0.025105918941567527
seg,LU_HOTELS,HEADON,KSI,-0.027601452977223537,-0.9071526731801984,0.182,0.02531116930993687
seg,LU_HOTELS,OFFROAD,TOT,0.007320691302921513,0.27121207783350415,0.376,0.07292029478396474
seg,LU_HOTELS,OFFROAD,KAB,-0.0593954137470065,-1.862930518420352,0.032,-0.03915096828580126
seg,LU_HOTELS,OFFROAD,KSI,-0.047058579440892354,-1.5766329211067394,0.05,-0.09282657517592795
seg,LU_HOTELS,OFFROAD,FAT,-0.066920921333059,-2.0583754978143483,0.008,-0.09367450079873665
seg,LU_HOTELS,ROLLOVER,TOT,-0.003256355451145188,-0.17588784883791092,0.446,-0.003279855273392378
seg,LU_HOTELS,ROLLOVER,KAB,0.0116915752739866,0.30745475826146096,0.342,-0.03362029531195652
seg,LU_HOTELS,SINGLE,TOT,5.977591846711099e-05,-0.028540313299869162,0.484,0.06782887265317734
seg,LU_HOTELS,SINGLE,KAB,-0.003606978311739405,-0.12914611010534602,0.484,0.09014425807579272
seg,LU_HOTELS,SINGLE,KSI,0.027042537367062785,0.8990955171035967,0.19,0.03380080200774921
seg,LU_HOTELS,PED,TOT,0.10104064876397108,3.4874130181673193,0.004,0.2021011082589519
seg,LU_HOTELS,PED,KAB,0.08748669639566702,2.636359658718896,0.012,0.25049794634578926
seg,LU_HOTELS,PED,KSI,0.0479127155603444,1.5309038173536031,0.072,0.25317912362654454
seg,LU_HOTELS,PED,FAT,0.046966645843996895,1.5463493796078083,0.076,0.2570691209278816
seg,LU_HOTELS,BIKE,TOT,0.08271756050715906,2.6744433416126894,0.01,0.06742720038146693
seg,LU_HOTELS,BIKE,KAB,0.059033951336711465,1.8975581818099232,0.034,0.028893742204967574
seg,LU_HOTELS,BIKE,KSI,0.01965130993509235,0.7055371804279207,0.244,0.0036987031619237125
seg,LU_HOTELS,BIKE,FAT,-0.032858732319677265,-1.0653941241902334,0.134,-0.052166932097309444
seg,LU_HOTELS,ALCOHOL,TOT,-0.0006418947181531886,-0.03824913149333277,0.49,0.036696527305233505
seg,LU_HOTELS,ALCOHOL,KAB,-0.05756434366708889,-1.8325452540144662,0.026,-0.029267244274178615
seg,LU_HOTELS,ALCOHOL,KSI,-0.06758850183668405,-2.2288828525132884,0.008,-0.08017035437247623
seg,LU_HOTELS,ALCOHOL,FAT,-0.02338347926597876,-0.7975896706244462,0.226,-0.0696121612409656
seg,LU_OFFBLDGS,ALL,TOT,0.006638480126511645,0.24441318484820526,0.394,-0.03780184171149216
seg,LU_OFFBLDGS,ALL,KAB,-0.02108736669628527,-0.8368139310857385,0.214,-0.05562873463003195
seg,LU_OFFBLDGS,ALL,KSI,-0.022919935650284048,-0.9446811326257366,0.164,-0.0511299651015238
seg,LU_OFFBLDGS,ALL,FAT,0.0005323602646850714,-0.040608056828125634,0.492,-0.038002093841677374
seg,LU_OFFBLDGS,ANGLE,TOT,-0.01613138569092816,-0.7330435698948156,0.246,-0.024429779858364156
seg,LU_OFFBLDGS,ANGLE,KAB,-0.03458982515998336,-1.3959118445193457,0.07,-0.038425422251511715
seg,LU_OFFBLDGS,ANGLE,KSI,-0.0589847699696971,-2.4189442894862316,0.006,-0.037778678783665684
seg,LU_OFFBLDGS,LEFTTURN,TOT,0.016119556625220997,0.5816396515961738,0.302,0.004682680118626556
seg,LU_OFFBLDGS,LEFTTURN,KAB,-0.02622400743820598,-1.01577704972508,0.174,-0.023938166845215908
seg,LU_OFFBLDGS,LEFTTURN,KSI,-0.01431210054851765,-0.6053325886006332,0.276,-0.026685314599010974
seg,LU_OFFBLDGS,LEFTTURN,FAT,0.007673110607164312,0.32541120006919894,0.356,0.07807816124415637
seg,LU_OFFBLDGS,RIGHTTURN,TOT,-0.00520082550964125,-0.2538682867224123,0.388,0.04205882312411785
seg,LU_OFFBLDGS,RIGHTTURN,KAB,-0.016052005843781747,-0.6760134129914092,0.264,0.035397630650979825
seg,LU_OFFBLDGS,RIGHTTURN,KSI,0.0012611045111063162,0.010899390699178902,0.462,0.002257278311087004
seg,LU_OFFBLDGS,REAREND,TOT,-0.0049956653298037805,-0.20410541987761793,0.438,-0.07663154475140663
seg,LU_OFFBLDGS,REAREND,KAB,-0.04627270831675747,-1.8597838158492024,0.028,-0.12194239959244678
seg,LU_OFFBLDGS,REAREND,KSI,-0.04927407471339584,-1.9551909775310161,0.028,-0.06218474628218749
seg,LU_OFFBLDGS,SIDESWIPE,TOT,-0.008082065313829698,-0.3737168096539725,0.352,-0.02050431881733113
seg,LU_OFFBLDGS,SIDESWIPE,KAB,-0.03706847369188828,-1.4988263908087383,0.066,-0.018845477617287307
seg,LU_OFFBLDGS,SIDESWIPE,KSI,-0.04432552227431721,-1.7695945623378957,0.044,-0.05604975216681362
seg,LU_OFFBLDGS,HEADON,TOT,0.01427381040851816,0.6212435135350601,0.276,0.04971449552247132
seg,LU_OFFBLDGS,HEADON,KAB,0.03715342122744291,1.5255739554336412,0.06,0.13783333630221178
seg,LU_OFFBLDGS,HEADON,KSI,0.03635370649830431,1.6005629112069324,0.062,0.15673981085762506
seg,LU_OFFBLDGS,OFFROAD,TOT,-0.031231796364844588,-1.231929938046559,0.106,0.03325322030454528
seg,LU_OFFBLDGS,OFFROAD,KAB,-0.012574394448399457,-0.43118778909044636,0.34,0.015757567099818494
seg,LU_OFFBLDGS,OFFROAD,KSI,-0.01588751235923044,-0.6343116842175955,0.268,-0.01548693861376506
seg,LU_OFFBLDGS,OFFROAD,FAT,-0.034601591645857584,-1.4146455139194452,0.07,-0.058365229335245544
seg,LU_OFFBLDGS,ROLLOVER,TOT,0.05016757775916257,2.0971274342233484,0.022,0.010458390214946538
seg,LU_OFFBLDGS,ROLLOVER,KAB,-0.02451102270216413,-0.9846359090047181,0.16,-0.08500423972001568
seg,LU_OFFBLDGS,SINGLE,TOT,0.030519554333012986,1.1702765284050876,0.126,0.0770139125354575
seg,LU_OFFBLDGS,SINGLE,KAB,0.016216586421288443,0.5809723057978782,0.28,0.009613530571311922
seg,LU_OFFBLDGS,SINGLE,KSI,0.03030078259702131,1.252520903738435,0.11,0.06253235187555228
seg,LU_OFFBLDGS,PED,TOT,-0.017174999966942883,-0.6428435024638693,0.262,-0.025380980084595578
seg,LU_OFFBLDGS,PED,KAB,-0.015126351478198779,-0.5315144448059324,0.312,-0.020845230470607493
seg,LU_OFFBLDGS,PED,KSI,-0.014528501829149046,-0.5123582483758686,0.328,-0.04130568739972453
seg,LU_OFFBLDGS,PED,FAT,-0.012754090822860956,-0.5811692267869905,0.288,-0.024855318674600918
seg,LU_OFFBLDGS,BIKE,TOT,0.02045725054191367,0.8115362764331567,0.22,-0.08135232386607412
seg,LU_OFFBLDGS,BIKE,KAB,-0.00028053606035737466,-0.026391879041793544,0.5,-0.08480364836996278
seg,LU_OFFBLDGS,BIKE,KSI,0.0058172769087785105,0.2443196961327653,0.41,-0.10023314302667712
seg,LU_OFFBLDGS,BIKE,FAT,0.045796154411955746,1.8218061427651073,0.046,-0.05264627677475399
seg,LU_OFFBLDGS,ALCOHOL,TOT,-0.0066637098864579134,-0.19038613756858433,0.436,-0.010648517329078401
seg,LU_OFFBLDGS,ALCOHOL,KAB,0.008024476202655591,0.3266850729670615,0.362,0.006935421607927777
seg,LU_OFFBLDGS,ALCOHOL,KSI,-0.012090418494203373,-0.47969045042343017,0.314,-0.04677413798080803
seg,LU_OFFBLDGS,ALCOHOL,FAT,-0.016948802661322357,-0.730351491898356,0.23,-0.04552407239368946
seg,LU_DEPTSTRS,ALL,TOT,-0.018411060857461484,-0.6463348380781846,0.244,0.08362524951026086
seg,LU_DEPTSTRS,ALL,KAB,-0.03243235810799946,-1.05263557377372,0.16,0.034582436965626656
seg,LU_DEPTSTRS,ALL,KSI,-0.040745005670307054,-1.325722254123731,0.08,-0.003142282418013908
seg,LU_DEPTSTRS,ALL,FAT,-0.014622906287797496,-0.6103232356468155,0.266,0.07860006279102144
seg,LU_DEPTSTRS,ANGLE,TOT,-0.01815570539200117,-0.6172058666559069,0.286,0.0623419305606549
seg,LU_DEPTSTRS,ANGLE,KAB,-0.021303830863915067,-0.6532687435149878,0.272,0.050247914687724084
seg,LU_DEPTSTRS,ANGLE,KSI,-0.0152718955636018,-0.462423497437571,0.33,0.00808462013235423
seg,LU_DEPTSTRS,LEFTTURN,TOT,-0.056707943336579976,-1.8587873757115905,0.022,0.021798639534440493
seg,LU_DEPTSTRS,LEFTTURN,KAB,-0.04479466422540168,-1.4245682060720994,0.06,-0.029834999247706502
seg,LU_DEPTSTRS,LEFTTURN,KSI,-0.023687825084170794,-0.7731511414074508,0.224,-0.033387558807430696
seg,LU_DEPTSTRS,LEFTTURN,FAT,-0.009383903342480307,-0.33733239123863534,0.368,0.07186289589696102
seg,LU_DEPTSTRS,RIGHTTURN,TOT,-0.03243461921011188,-1.0331491058031348,0.16,0.043262159977204
seg,LU_DEPTSTRS,RIGHTTURN,KAB,-0.052693296800989095,-1.71549825796203,0.026,-0.008711641167498459
seg,LU_DEPTSTRS,RIGHTTURN,KSI,-0.04088086280260516,-1.3162091232855346,0.046,0.05075927275216618
seg,LU_DEPTSTRS,REAREND,TOT,-0.016112022737664784,-0.5531425307747817,0.306,0.09034590146736415
seg,LU_DEPTSTRS,REAREND,KAB,-0.048792641843571495,-1.7091761278603683,0.046,0.03304026349645621
seg,LU_DEPTSTRS,REAREND,KSI,-0.03600877610963398,-1.1275762389784265,0.124,0.04052531359374904
seg,LU_DEPTSTRS,SIDESWIPE,TOT,-0.02144321544712419,-0.7401947922930281,0.248,0.013189307289327119
seg,LU_DEPTSTRS,SIDESWIPE,KAB,0.022946384732804588,0.6642364962691765,0.242,0.016298333309451442
seg,LU_DEPTSTRS,SIDESWIPE,KSI,0.014757832422482964,0.5638482187764658,0.272,-0.0066220516382602705
seg,LU_DEPTSTRS,HEADON,TOT,0.03799555229637307,1.0825488319195138,0.154,0.16386258296530964
seg,LU_DEPTSTRS,HEADON,KAB,0.0008627346285645154,0.07034445230203185,0.44,-0.0060011497375306285
seg,LU_DEPTSTRS,HEADON,KSI,0.01193422287343849,0.4467293779573425,0.312,-0.039979476591902895
seg,LU_DEPTSTRS,OFFROAD,TOT,-0.036651629173373675,-1.18691714599436,0.114,-0.022710066007503086
seg,LU_DEPTSTRS,OFFROAD,KAB,-0.02771569007903916,-0.9082060248257631,0.18,-0.06520510178009606
seg,LU_DEPTSTRS,OFFROAD,KSI,-0.023842395943886194,-0.8116619430352351,0.21,-0.0332891641165209
seg,LU_DEPTSTRS,OFFROAD,FAT,-0.02416080456827226,-0.8516796609191155,0.222,-0.023076290249991204
seg,LU_DEPTSTRS,ROLLOVER,TOT,0.026381065807028377,0.929580781109086,0.174,-0.024522171355190057
seg,LU_DEPTSTRS,ROLLOVER,KAB,0.026677425129388588,0.9688654151342816,0.172,0.04871899761653403
seg,LU_DEPTSTRS,SINGLE,TOT,0.051342363196761685,1.7094510379276064,0.054,0.17393944594373328
seg,LU_DEPTSTRS,SINGLE,KAB,0.06181223875472672,2.105456291127336,0.028,0.12094156690215363
seg,LU_DEPTSTRS,SINGLE,KSI,-0.02121771540558299,-0.6617455789826763,0.262,-0.018425806576410495
seg,LU_DEPTSTRS,PED,TOT,-0.02485706229864054,-0.79440757002705,0.23,0.04102746971160494
seg,LU_DEPTSTRS,PED,KAB,-0.036309075782444036,-1.3127391024084085,0.092,0.0009525444116543951
seg,LU_DEPTSTRS,PED,KSI,-0.01810615112359305,-0.5925988598548941,0.288,0.014778038758177315
seg,LU_DEPTSTRS,PED,FAT,-0.002358278813807826,-0.13680277090600346,0.49,0.06719284350254576
seg,LU_DEPTSTRS,BIKE,TOT,-0.020914922743218555,-0.667690165799125,0.262,0.029161310877019835
seg,LU_DEPTSTRS,BIKE,KAB,-0.029796704431391027,-0.9669495426737881,0.16,0.004274863118729279
seg,LU_DEPTSTRS,BIKE,KSI,-0.03620683628531143,-1.1977505273690738,0.112,-0.02861094202839219
seg,LU_DEPTSTRS,BIKE,FAT,0.023465930657633437,0.7944222791358868,0.21,0.11574198084215594
seg,LU_DEPTSTRS,ALCOHOL,TOT,0.04814021376993832,1.5216895635339442,0.068,0.08926447566625922
seg,LU_DEPTSTRS,ALCOHOL,KAB,0.1021205945772695,3.377041249164641,0.002,0.07203929505728483
seg,LU_DEPTSTRS,ALCOHOL,KSI,0.0708777381444011,2.3599100814378176,0.022,0.02591297804094915
seg,LU_DEPTSTRS,ALCOHOL,FAT,0.022389727999002726,0.7886950840638293,0.196,-0.024509488805070912
seg,LU_BANKINS,ALL,TOT,-0.09262172809982226,-3.734732827208967,0.002,0.047868700104913425
seg,LU_BANKINS,ALL,KAB,-0.1035364677262815,-4.062170551057379,0.002,0.0004011918094077081
seg,LU_BANKINS,ALL,KSI,-0.11183673360939993,-4.17504220309046,0.002,-0.09767424743667617
seg,LU_BANKINS,ALL,FAT,-0.09492037214392604,-3.5295341071319632,0.002,-0.06236830459085127
seg,LU_BANKINS,ANGLE,TOT,-0.017637190676046754,-0.734423512146362,0.242,0.08679187043908483
seg,LU_BANKINS,ANGLE,KAB,-0.027237266518782072,-1.108891632190282,0.13,0.010249664726952459
seg,LU_BANKINS,ANGLE,KSI,-0.04353111742613573,-1.5868255450657485,0.05,-0.10275853906840181
seg,LU_BANKINS,LEFTTURN,TOT,-0.0282525680967324,-1.0217529672413543,0.16,0.1425801450858356
seg,LU_BANKINS,LEFTTURN,KAB,-0.03567693552353372,-1.2852192223937267,0.102,0.1104769048191116
seg,LU_BANKINS,LEFTTURN,KSI,-0.03528949648157942,-1.396069045643884,0.076,0.022742013773996685
seg,LU_BANKINS,LEFTTURN,FAT,-0.04659549407066143,-1.7408228654176263,0.038,0.03329404535314547
seg,LU_BANKINS,RIGHTTURN,TOT,-0.07982947041852576,-2.90195681201554,0.002,0.057695877492103774
seg,LU_BANKINS,RIGHTTURN,KAB,-0.08569991040068399,-3.371674176004909,0.002,0.024888590592250338
seg,LU_BANKINS,RIGHTTURN,KSI,-0.05153907192703404,-1.9530943694777054,0.01,0.003647567098066615
seg,LU_BANKINS,REAREND,TOT,-0.07240254828508119,-2.621196040391701,0.006,-0.022966785934379712
seg,LU_BANKINS,REAREND,KAB,-0.09819984546095778,-3.5594784441073752,0.002,-0.04143596777424594
seg,LU_BANKINS,REAREND,KSI,-0.077949525526572,-2.9114854591479586,0.002,-0.12473892006590317
seg,LU_BANKINS,SIDESWIPE,TOT,-0.12539400631782427,-4.888443187794088,0.002,0.05693155259130577
seg,LU_BANKINS,SIDESWIPE,KAB,-0.051844262521630706,-1.8622904721931164,0.032,0.020722151707432284
seg,LU_BANKINS,SIDESWIPE,KSI,-0.03697053849097607,-1.3728791961831959,0.068,-0.07811900097103595
seg,LU_BANKINS,HEADON,TOT,-0.0686002443423558,-2.6803026480247043,0.004,-0.0759734588049258
seg,LU_BANKINS,HEADON,KAB,-0.028457466190055097,-0.9726381870271174,0.154,-0.06998038087493151
seg,LU_BANKINS,HEADON,KSI,-0.04335009555676033,-1.654420826608719,0.036,-0.056673008067944064
seg,LU_BANKINS,OFFROAD,TOT,-0.08591983654992509,-3.1165707815552777,0.002,-0.11727286839683959
seg,LU_BANKINS,OFFROAD,KAB,-0.09367594416774797,-3.631838209190251,0.002,-0.13928641694981245
seg,LU_BANKINS,OFFROAD,KSI,-0.07288101317347967,-2.8854005681596093,0.006,-0.06388137831222604
seg,LU_BANKINS,OFFROAD,FAT,-0.07259585475360575,-2.7704754135838594,0.002,-0.06872116265489588
seg,LU_BANKINS,ROLLOVER,TOT,-0.08353046151290111,-3.0298962187937923,0.002,-0.04852128139463591
seg,LU_BANKINS,ROLLOVER,KAB,-0.06108127449753026,-2.285328342761652,0.008,-0.04282033841168274
seg,LU_BANKINS,SINGLE,TOT,-0.12468051800389257,-4.688525818992843,0.002,-0.025219480162142243
seg,LU_BANKINS,SINGLE,KAB,-0.09777221946525043,-3.602824793921055,0.002,-0.054814028572321316
seg,LU_BANKINS,SINGLE,KSI,-0.08783861101595286,-3.396375254920927,0.002,-0.05133533014262097
seg,LU_BANKINS,PED,TOT,-0.06935965514809626,-2.576769914197866,0.004,0.04998516669171772
seg,LU_BANKINS,PED,KAB,-0.06975088547091512,-2.702969076811985,0.006,0.02112486566352617
seg,LU_BANKINS,PED,KSI,-0.06827528659355696,-2.6021968741790316,0.006,0.0008265046857110389
seg,LU_BANKINS,PED,FAT,-0.05712913315851295,-2.3706473907005177,0.006,-0.028190407230503617
seg,LU_BANKINS,BIKE,TOT,-0.0446992615153564,-1.6114440025139458,0.05,-0.0020184751395048977
seg,LU_BANKINS,BIKE,KAB,-0.026361279738838627,-0.9425789069889626,0.166,0.004699765043748859
seg,LU_BANKINS,BIKE,KSI,-0.045983847486267646,-1.7147375276655075,0.038,-0.1048463149034581
seg,LU_BANKINS,BIKE,FAT,-0.04196106630434655,-1.5588985867280536,0.05,-0.11839361097734528
seg,LU_BANKINS,ALCOHOL,TOT,-0.078260094271338,-2.877546591550969,0.002,-0.052082411884768365
seg,LU_BANKINS,ALCOHOL,KAB,-0.05634473478568832,-2.074344946108471,0.012,-0.1044669178959412
seg,LU_BANKINS,ALCOHOL,KSI,-0.04431207151092377,-1.7409109498797521,0.038,-0.13595583045824508
seg,LU_BANKINS,ALCOHOL,FAT,-0.030292310770248163,-1.143887356636806,0.128,-0.13501303539191878
seg,LU_AUTOSALSER,ALL,TOT,0.006937556556033337,0.2318388244135104,0.4,0.031216681412490736
seg,LU_AUTOSALSER,ALL,KAB,0.03887500430973132,1.1295178118364229,0.124,0.09569861203051232
seg,LU_AUTOSALSER,ALL,KSI,0.005287480678860171,0.18230997070401478,0.444,0.12955401950801063
seg,LU_AUTOSALSER,ALL,FAT,0.017738670698470668,0.5235931758652886,0.314,0.20641177547395323
seg,LU_AUTOSALSER,ANGLE,TOT,0.030824172942591255,0.9571202561058834,0.164,0.08884010500935696
seg,LU_AUTOSALSER,ANGLE,KAB,0.01006429138765871,0.2512341376950747,0.402,0.062343185867024024
seg,LU_AUTOSALSER,ANGLE,KSI,0.041622197926670615,1.3244262641265299,0.094,0.11326738916999438
seg,LU_AUTOSALSER,LEFTTURN,TOT,-0.042899864130693535,-1.270023192278513,0.102,-0.019004692007192323
seg,LU_AUTOSALSER,LEFTTURN,KAB,-0.04180212822274823,-1.3031263678943792,0.106,0.019721699176410857
seg,LU_AUTOSALSER,LEFTTURN,KSI,-0.06551982970526173,-2.050755821998979,0.022,0.041979679927361145
seg,LU_AUTOSALSER,LEFTTURN,FAT,-0.04900465928935128,-1.5395713777390987,0.06,0.10481406660724715
seg,LU_AUTOSALSER,RIGHTTURN,TOT,-0.053996425047221686,-1.6471200981492107,0.042,-0.02689861047093032
seg,LU_AUTOSALSER,RIGHTTURN,KAB,-0.015358859316310406,-0.3989192005016363,0.362,0.005640179677318766
seg,LU_AUTOSALSER,RIGHTTURN,KSI,-0.04827137685168617,-1.4102801635427922,0.072,-6.481065822918092e-05
seg,LU_AUTOSALSER,REAREND,TOT,-0.002909825537657615,-0.1616568573788822,0.456,-0.006898170413170579
seg,LU_AUTOSALSER,REAREND,KAB,0.016783561525555366,0.5103676146797921,0.298,0.04857037851576372
seg,LU_AUTOSALSER,REAREND,KSI,-0.017737978417236993,-0.5027752549485714,0.306,0.03121431882540106
seg,LU_AUTOSALSER,SIDESWIPE,TOT,0.00014209362700338528,-0.0018936519445513027,0.492,0.009699852740234756
seg,LU_AUTOSALSER,SIDESWIPE,KAB,0.07638473867785844,2.2353800251737614,0.02,0.10662480323738471
seg,LU_AUTOSALSER,SIDESWIPE,KSI,-0.0067112979255492455,-0.2053345491483334,0.426,-0.03357242002418172
seg,LU_AUTOSALSER,HEADON,TOT,0.050816796683856476,1.4233186835568938,0.082,0.13679883415817373
seg,LU_AUTOSALSER,HEADON,KAB,0.00279443127642725,0.15793637735033683,0.414,0.012089498167174162
seg,LU_AUTOSALSER,HEADON,KSI,0.0070493318363606785,0.16312002119569743,0.442,0.06806056045513792
seg,LU_AUTOSALSER,OFFROAD,TOT,-0.002099127526887953,-0.016143653546776965,0.496,0.04071381367766709
seg,LU_AUTOSALSER,OFFROAD,KAB,-0.06851846936769543,-2.061307915768376,0.012,-0.05411441856872044
seg,LU_AUTOSALSER,OFFROAD,KSI,-0.043150470248335904,-1.3579615248174,0.098,-0.01726808204023929
seg,LU_AUTOSALSER,OFFROAD,FAT,-0.04079856819464835,-1.22241044192512,0.118,-0.031107165968387532
seg,LU_AUTOSALSER,ROLLOVER,TOT,-0.031747612237099376,-0.8389133200442358,0.214,0.012930238404432201
seg,LU_AUTOSALSER,ROLLOVER,KAB,0.01971350441912471,0.535281470371547,0.298,0.1540970084484567
seg,LU_AUTOSALSER,SINGLE,TOT,0.08960775138229815,2.7545153284207164,0.004,0.12601943821737344
seg,LU_AUTOSALSER,SINGLE,KAB,0.08218849337688193,2.4692772649296195,0.01,0.05799436064490091
seg,LU_AUTOSALSER,SINGLE,KSI,0.04278674089261096,1.3763712814892506,0.09,-0.011457643016534772
seg,LU_AUTOSALSER,PED,TOT,0.09407731873633055,2.7913921449499535,0.004,0.11608318038104722
seg,LU_AUTOSALSER,PED,KAB,0.06959643976223741,2.0866078394134746,0.022,0.13170794944134184
seg,LU_AUTOSALSER,PED,KSI,0.048917971133434136,1.4874736044878913,0.064,0.17004102063987053
seg,LU_AUTOSALSER,PED,FAT,0.04870506809922036,1.4355869859557657,0.078,0.23059025820244958
seg,LU_AUTOSALSER,BIKE,TOT,0.09197164528358609,2.736050427172106,0.008,0.10484479634068004
seg,LU_AUTOSALSER,BIKE,KAB,0.05834354500208696,1.8694181490572581,0.036,0.14477360570869835
seg,LU_AUTOSALSER,BIKE,KSI,0.042107633466591035,1.227737736315928,0.114,0.15662174933288125
seg,LU_AUTOSALSER,BIKE,FAT,0.028366603783796424,0.7781840368514692,0.218,0.09497662696727502
seg,LU_AUTOSALSER,ALCOHOL,TOT,0.0650698748232875,1.8370171544515426,0.04,0.20771229494282417
seg,LU_AUTOSALSER,ALCOHOL,KAB,0.0405930316061519,1.1261657266789236,0.142,0.1743696479127872
seg,LU_AUTOSALSER,ALCOHOL,KSI,0.007274642500412611,0.2237536347883038,0.396,0.12707451090125058
seg,LU_AUTOSALSER,ALCOHOL,FAT,-0.005231013181632698,-0.13537647577284959,0.462,0.11046513614421619
seg,LU_REPAIRSTRS,ALL,TOT,-0.17457834357479637,-3.855653673710296,0.002,-0.1524568843543869
seg,LU_REPAIRSTRS,ALL,KAB,-0.1700334527937772,-3.6092353072567875,0.002,-0.13113891277355563
seg,LU_REPAIRSTRS,ALL,KSI,-0.1328114095113986,-2.7693055495668544,0.002,-0.09136396813549241
seg,LU_REPAIRSTRS,ALL,FAT,-0.13198906348914444,-3.0860981879340414,0.002,-0.0923659359593315
seg,LU_REPAIRSTRS,ANGLE,TOT,-0.09900247783968837,-2.2139072391413275,0.002,-0.0648815082325521
seg,LU_REPAIRSTRS,ANGLE,KAB,-0.08409538470662786,-1.8968516003777098,0.014,-0.05276858005556108
seg,LU_REPAIRSTRS,ANGLE,KSI,-0.03256454717429896,-0.7233875004191732,0.254,0.03195529763649234
seg,LU_REPAIRSTRS,LEFTTURN,TOT,-0.1395586435402379,-2.9745274692400616,0.002,-0.11795567083381195
seg,LU_REPAIRSTRS,LEFTTURN,KAB,-0.14302136425885162,-2.989921721034404,0.002,-0.10261648436192498
seg,LU_REPAIRSTRS,LEFTTURN,KSI,-0.11252329478844673,-2.531177717252461,0.002,-0.05309436396033172
seg,LU_REPAIRSTRS,LEFTTURN,FAT,-0.10118231088187413,-2.205395257869681,0.002,-0.07069730143174563
seg,LU_REPAIRSTRS,RIGHTTURN,TOT,-0.13914448355274828,-2.905600866339221,0.002,-0.12174795643298411
seg,LU_REPAIRSTRS,RIGHTTURN,KAB,-0.10199860770588012,-2.4148524905508397,0.002,-0.10477339227264616
seg,LU_REPAIRSTRS,RIGHTTURN,KSI,-0.050764333205266535,-1.0598761278278157,0.006,-0.03470075250199298
seg,LU_REPAIRSTRS,REAREND,TOT,-0.17631898107233324,-3.683022166845345,0.002,-0.1603243892365304
seg,LU_REPAIRSTRS,REAREND,KAB,-0.1948382040239478,-4.13027604694498,0.002,-0.17822729132333076
seg,LU_REPAIRSTRS,REAREND,KSI,-0.11795741671898331,-2.4574938049137587,0.002,-0.12589207608002112
seg,LU_REPAIRSTRS,SIDESWIPE,TOT,-0.1663659235021021,-3.4458099301667087,0.002,-0.15334376523317447
seg,LU_REPAIRSTRS,SIDESWIPE,KAB,-0.15189538565360286,-3.176135291465985,0.002,-0.12708769190600452
seg,LU_REPAIRSTRS,SIDESWIPE,KSI,-0.10002396750830063,-2.3186074302223223,0.002,-0.09656443246032016
seg,LU_REPAIRSTRS,HEADON,TOT,-0.08839508740257428,-1.8973528572029525,0.014,-0.06095548531177193
seg,LU_REPAIRSTRS,HEADON,KAB,-0.062264908512437295,-1.3366680862740878,0.028,-0.022173174393973445
seg,LU_REPAIRSTRS,HEADON,KSI,-0.05405045855735217,-1.1974220869828274,0.014,-0.031074563365487418
seg,LU_REPAIRSTRS,OFFROAD,TOT,-0.10863831542927885,-2.233122134646041,0.006,-0.07685207285301943
seg,LU_REPAIRSTRS,OFFROAD,KAB,-0.12581727612843477,-2.7714603124749577,0.002,-0.1287663303026822
seg,LU_REPAIRSTRS,OFFROAD,KSI,-0.049085420801952544,-1.1443693789811356,0.122,-0.05851233489370649
seg,LU_REPAIRSTRS,OFFROAD,FAT,-0.10625510745881905,-2.334949978052399,0.002,-0.10799729316823273
seg,LU_REPAIRSTRS,ROLLOVER,TOT,-0.08695468244255612,-1.824829577815537,0.006,-0.05722862808981382
seg,LU_REPAIRSTRS,ROLLOVER,KAB,-0.03513111066350936,-0.7392197874931059,0.288,-0.0277477462841919
seg,LU_REPAIRSTRS,SINGLE,TOT,-0.11138626017544974,-2.4791705411647027,0.002,-0.11820292903148012
seg,LU_REPAIRSTRS,SINGLE,KAB,-0.0971308620489273,-2.069758200853518,0.008,-0.08025664401079516
seg,LU_REPAIRSTRS,SINGLE,KSI,-0.06264106135394477,-1.4209067473134986,0.068,-0.0704539429404323
seg,LU_REPAIRSTRS,PED,TOT,-0.0539275635408239,-1.1587305479687857,0.11,-0.022341063060914775
seg,LU_REPAIRSTRS,PED,KAB,-0.07063033315838556,-1.5953207757003853,0.026,-0.026684397828793165
seg,LU_REPAIRSTRS,PED,KSI,-0.076872279880425,-1.7079980994622297,0.024,-0.034562472917522576
seg,LU_REPAIRSTRS,PED,FAT,-0.07443205722429999,-1.6626960503472141,0.012,-0.01962649581149363
seg,LU_REPAIRSTRS,BIKE,TOT,-0.07677896162718424,-1.6827824966786271,0.028,-0.020111653951282994
seg,LU_REPAIRSTRS,BIKE,KAB,-0.06950779593770172,-1.4296672373540389,0.074,-0.03751286633317159
seg,LU_REPAIRSTRS,BIKE,KSI,-0.08761113379309854,-1.921861710187591,0.006,-0.03600494259417175
seg,LU_REPAIRSTRS,BIKE,FAT,-0.04371329451007897,-0.969158162513109,0.106,-0.04198261810320498
seg,LU_REPAIRSTRS,ALCOHOL,TOT,-0.06549214768453526,-1.4243365367605674,0.054,-0.021746174696690164
seg,LU_REPAIRSTRS,ALCOHOL,KAB,-0.10309908676950524,-2.286093281872944,0.002,-0.026110581910452454
seg,LU_REPAIRSTRS,ALCOHOL,KSI,-0.09869324902930086,-2.071946381470782,0.002,-0.030663349543479303
seg,LU_REPAIRSTRS,ALCOHOL,FAT,-0.0626459238639137,-1.4054734857159776,0.002,-0.05681397508689644
seg,LU_SINGLESTORE,ALL,TOT,0.0035896921464061405,0.13524662324822503,0.438,0.09590716453756146
seg,LU_SINGLESTORE,ALL,KAB,0.03385519990235925,0.8833237605300763,0.184,0.12084615673145818
seg,LU_SINGLESTORE,ALL,KSI,0.04200913357374245,1.12789991291598,0.138,0.14299829068640987
seg,LU_SINGLESTORE,ALL,FAT,0.029553121118007737,0.7532785902810508,0.236,0.13580718449220044
seg,LU_SINGLESTORE,ANGLE,TOT,0.0033310750482665992,0.10378792760269157,0.446,0.10772007244206977
seg,LU_SINGLESTORE,ANGLE,KAB,-0.02729109536547451,-0.7649391848313862,0.244,0.0541163865058589
seg,LU_SINGLESTORE,ANGLE,KSI,-0.002869640486768845,-0.1277768594335206,0.452,0.06578216042624005
seg,LU_SINGLESTORE,LEFTTURN,TOT,-0.04584955267140466,-1.250587826766889,0.11,0.03813343856329877
seg,LU_SINGLESTORE,LEFTTURN,KAB,-0.05653586034373778,-1.533502795143604,0.052,0.005794759586137089
seg,LU_SINGLESTORE,LEFTTURN,KSI,-0.04995607080651332,-1.4105332164065676,0.078,0.016896538258738297
seg,LU_SINGLESTORE,LEFTTURN,FAT,-0.002001755518533511,-0.1025782096321811,0.456,0.05364449472586025
seg,LU_SINGLESTORE,RIGHTTURN,TOT,-0.030125798238532057,-0.8034808276358508,0.21,0.05725722528208273
seg,LU_SINGLESTORE,RIGHTTURN,KAB,-0.02256076104755498,-0.5819804120855273,0.294,0.024277626033894537
seg,LU_SINGLESTORE,RIGHTTURN,KSI,-0.02154897699388982,-0.5310589000929046,0.324,0.022847517301280575
seg,LU_SINGLESTORE,REAREND,TOT,0.004288609678126448,-0.02422360214884967,0.488,0.07449133579766341
seg,LU_SINGLESTORE,REAREND,KAB,0.04002445133247839,1.0963058246937005,0.132,0.11995767486987031
seg,LU_SINGLESTORE,REAREND,KSI,0.013073815397804205,0.35976778220533834,0.356,0.09061258382950335
seg,LU_SINGLESTORE,SIDESWIPE,TOT,0.0006348653625337683,0.026435681673684805,0.498,0.06134291899514816
seg,LU_SINGLESTORE,SIDESWIPE,KAB,0.06136811699790075,1.578580119458843,0.066,0.10179569611183814
seg,LU_SINGLESTORE,SIDESWIPE,KSI,-0.03191345295972016,-0.7904718000144716,0.214,0.02599592629616275
seg,LU_SINGLESTORE,HEADON,TOT,-0.015297926986038315,-0.4896578696526051,0.342,0.04864927006808286
seg,LU_SINGLESTORE,HEADON,KAB,-0.012670729920200232,-0.2627338700542685,0.414,-0.006939533147238802
seg,LU_SINGLESTORE,HEADON,KSI,0.0073061864507214,0.1833131924100344,0.412,0.012979823103811761
seg,LU_SINGLESTORE,OFFROAD,TOT,-0.047185799741284076,-1.3000224938322729,0.092,-0.053993022500290214
seg,LU_SINGLESTORE,OFFROAD,KAB,-0.10545284325393518,-2.6728716699060744,0.004,-0.14768250917887013
seg,LU_SINGLESTORE,OFFROAD,KSI,-0.056189463129616715,-1.6123398420664021,0.046,-0.0761769173714377
seg,LU_SINGLESTORE,OFFROAD,FAT,-0.08458410831364463,-2.2455991177310293,0.012,-0.1031090842593796
seg,LU_SINGLESTORE,ROLLOVER,TOT,0.0005826027211900875,0.01590582585418808,0.48,0.018663084592363433
seg,LU_SINGLESTORE,ROLLOVER,KAB,-0.010216824481382392,-0.2995348495967082,0.404,0.024460574174704264
seg,LU_SINGLESTORE,SINGLE,TOT,0.03429351192284387,0.9645907746242602,0.172,0.05304836749737638
seg,LU_SINGLESTORE,SINGLE,KAB,0.05567392722466602,1.5337120295589948,0.078,0.09000825019956274
seg,LU_SINGLESTORE,SINGLE,KSI,0.09688067432361111,2.6784707958517346,0.006,0.1265282595315028
seg,LU_SINGLESTORE,PED,TOT,0.04971137837533135,1.3014265642593972,0.098,0.15089733577880166
seg,LU_SINGLESTORE,PED,KAB,0.04658890655907126,1.1815387235045478,0.126,0.13251235359048796
seg,LU_SINGLESTORE,PED,KSI,0.05338570055530188,1.4876689170872048,0.072,0.13644301587840565
seg,LU_SINGLESTORE,PED,FAT,0.034869126329119024,0.8683873865662628,0.202,0.136336679967837
seg,LU_SINGLESTORE,BIKE,TOT,0.13632471082059783,3.4397464397777426,0.002,0.170526753265082
seg,LU_SINGLESTORE,BIKE,KAB,0.1063224035930721,2.9653279232773295,0.008,0.17445860051875517
seg,LU_SINGLESTORE,BIKE,KSI,0.09639011905179451,2.5387090838519466,0.012,0.11033550165090197
seg,LU_SINGLESTORE,BIKE,FAT,0.039159855150807533,0.9521105000873762,0.166,0.05390521268713738
seg,LU_SINGLESTORE,ALCOHOL,TOT,0.013841895148779405,0.3519700560671758,0.356,0.09764324611200538
seg,LU_SINGLESTORE,ALCOHOL,KAB,-0.007775264791860498,-0.28877046409792617,0.378,0.07585195243528703
seg,LU_SINGLESTORE,ALCOHOL,KSI,-0.012918270935302534,-0.34426886649738286,0.39,0.039191841533518575
seg,LU_SINGLESTORE,ALCOHOL,FAT,0.013009273037160863,0.4102357264103089,0.338,0.05740350029334018
seg,LU_PARKSREC,ALL,TOT,-0.14281188117965873,-3.1142242749881843,0.002,-0.1462481959050469
seg,LU_PARKSREC,ALL,KAB,-0.15786994972258217,-3.2786565084825487,0.002,-0.15278890219294453
seg,LU_PARKSREC,ALL,KSI,-0.10813431684146742,-2.196313873925894,0.006,-0.12047115946835983
seg,LU_PARKSREC,ALL,FAT,-0.10117687280744368,-2.2893886964597914,0.004,-0.14147233188181021
seg,LU_PARKSREC,ANGLE,TOT,-0.11263008783503302,-2.404014553600617,0.002,-0.10866472068346758
seg,LU_PARKSREC,ANGLE,KAB,-0.10622434332532564,-2.2814638977431505,0.002,-0.09454459636550887
seg,LU_PARKSREC,ANGLE,KSI,-0.0477390116333212,-1.0343126343467035,0.138,0.01284398902865663
seg,LU_PARKSREC,LEFTTURN,TOT,-0.13774006123723517,-2.8967390609893235,0.002,-0.14789828371358577
seg,LU_PARKSREC,LEFTTURN,KAB,-0.15240737158581846,-3.2083093182919806,0.002,-0.1442232092507027
seg,LU_PARKSREC,LEFTTURN,KSI,-0.10803805332267473,-2.4045318189568667,0.002,-0.10046208002675283
seg,LU_PARKSREC,LEFTTURN,FAT,-0.08146173286273713,-1.7763980339054959,0.002,-0.10609967772252644
seg,LU_PARKSREC,RIGHTTURN,TOT,-0.11503830193877983,-2.432249866184099,0.002,-0.12880685963992547
seg,LU_PARKSREC,RIGHTTURN,KAB,-0.09208293680975164,-2.2380579595828056,0.002,-0.11791739739964462
seg,LU_PARKSREC,RIGHTTURN,KSI,-0.035432363145736785,-0.7284499549262317,0.17,-0.04806272284272421
seg,LU_PARKSREC,REAREND,TOT,-0.1335172565184287,-2.8016483608609044,0.002,-0.12530173381988136
seg,LU_PARKSREC,REAREND,KAB,-0.1631301281890839,-3.4740673801744544,0.002,-0.14764173551075319
seg,LU_PARKSREC,REAREND,KSI,-0.10913010328494313,-2.2416028848972,0.002,-0.10553821161986354
seg,LU_PARKSREC,SIDESWIPE,TOT,-0.13776463377828904,-2.8110721220700263,0.002,-0.14115007553749206
seg,LU_PARKSREC,SIDESWIPE,KAB,-0.14101475765249727,-2.902054132318654,0.002,-0.15827401942418465
seg,LU_PARKSREC,SIDESWIPE,KSI,-0.09088860114702235,-2.0863981623491727,0.002,-0.10227018548536936
seg,LU_PARKSREC,HEADON,TOT,-0.09894924063137242,-2.1094914239723535,0.006,-0.1430532514041341
seg,LU_PARKSREC,HEADON,KAB,-0.06513741867700376,-1.3831539137883828,0.012,-0.07163713338611323
seg,LU_PARKSREC,HEADON,KSI,-0.05212842949747008,-1.12603891074201,0.044,-0.08785584030829283
seg,LU_PARKSREC,OFFROAD,TOT,-0.07532960657833829,-1.53711382122589,0.044,-0.11549452340819123
seg,LU_PARKSREC,OFFROAD,KAB,-0.09466937327715964,-2.0386609228724986,0.01,-0.13757059694622206
seg,LU_PARKSREC,OFFROAD,KSI,-0.019631002614733748,-0.47281727178824556,0.342,-0.06892063520555576
seg,LU_PARKSREC,OFFROAD,FAT,-0.09399862675868276,-2.0589307316973,0.002,-0.13093937928741484
seg,LU_PARKSREC,ROLLOVER,TOT,-0.05192644202057712,-1.0478759115537086,0.136,-0.059649858215744166
seg,LU_PARKSREC,ROLLOVER,KAB,-0.04651742007139385,-0.9436496661692966,0.104,-0.0367244235437524
seg,LU_PARKSREC,SINGLE,TOT,-0.11067699560184062,-2.4066051633497136,0.002,-0.135159896177769
seg,LU_PARKSREC,SINGLE,KAB,-0.10160912825915139,-2.204257533346327,0.002,-0.11101364676853033
seg,LU_PARKSREC,SINGLE,KSI,-0.04179296793558727,-0.9221841324885971,0.188,-0.08387632420117698
seg,LU_PARKSREC,PED,TOT,-0.07015229555340857,-1.4413397453861825,0.024,-0.0655166700315434
seg,LU_PARKSREC,PED,KAB,-0.0732604374162128,-1.5693433783089112,0.016,-0.06071198313250043
seg,LU_PARKSREC,PED,KSI,-0.055331999330756214,-1.202521239741374,0.102,-0.05580452134408282
seg,LU_PARKSREC,PED,FAT,-0.06549480704306611,-1.4164469528695665,0.04,-0.07210730051617843
seg,LU_PARKSREC,BIKE,TOT,-0.06546958852974018,-1.3972554442080465,0.068,-0.051322660229005106
seg,LU_PARKSREC,BIKE,KAB,-0.05875154652463306,-1.172921239156434,0.106,-0.08938012801374727
seg,LU_PARKSREC,BIKE,KSI,-0.074048871230486,-1.5499081388486822,0.032,-0.0865146471825725
seg,LU_PARKSREC,BIKE,FAT,-0.030495141698955668,-0.6569489654995013,0.324,-0.06509512966374917
seg,LU_PARKSREC,ALCOHOL,TOT,-0.07963857122961056,-1.6944820365784063,0.024,-0.08732001105830874
seg,LU_PARKSREC,ALCOHOL,KAB,-0.11392743270787305,-2.3936657133247787,0.002,-0.1008228084749475
seg,LU_PARKSREC,ALCOHOL,KSI,-0.09565003453628682,-1.9976310840474114,0.004,-0.082799735669078
seg,LU_PARKSREC,ALCOHOL,FAT,-0.04929379616271271,-1.0934800460788374,0.086,-0.09421024682897407
seg,LU_SCHOOLS,ALL,TOT,0.06537728800822992,2.353765941922033,0.012,-0.025010300209011883
seg,LU_SCHOOLS,ALL,KAB,0.07199492425410196,2.6448653751421936,0.004,0.06043272283647079
seg,LU_SCHOOLS,ALL,KSI,0.05192909877860482,2.006921823383094,0.032,0.07281595738442252
seg,LU_SCHOOLS,ALL,FAT,0.09685076827948672,3.7332201744734146,0.002,0.12731471472417302
seg,LU_SCHOOLS,ANGLE,TOT,0.08074456649312728,3.151706815453475,0.004,0.025301501095946956
seg,LU_SCHOOLS,ANGLE,KAB,0.06110031347104362,2.387897285964605,0.012,0.051312486895504224
seg,LU_SCHOOLS,ANGLE,KSI,0.025969287991040375,0.9694642793314933,0.166,0.1345954805364683
seg,LU_SCHOOLS,LEFTTURN,TOT,0.04866815667318845,1.926343294901745,0.036,0.0037500829664632736
seg,LU_SCHOOLS,LEFTTURN,KAB,0.03817889897694438,1.4912109615787952,0.076,0.05930586516601741
seg,LU_SCHOOLS,LEFTTURN,KSI,0.02101407876167912,0.9634285867379626,0.178,0.015058092578919182
seg,LU_SCHOOLS,LEFTTURN,FAT,0.025127861822358027,1.0367478915750457,0.138,0.10046143615930009
seg,LU_SCHOOLS,RIGHTTURN,TOT,0.03859562622993902,1.5513198420672842,0.07,-0.040126417153729915
seg,LU_SCHOOLS,RIGHTTURN,KAB,0.025305424114237713,1.0634127306783128,0.156,-0.054136146792042754
seg,LU_SCHOOLS,RIGHTTURN,KSI,-0.013753563292075673,-0.5254632221513277,0.326,-0.042967875442877036
seg,LU_SCHOOLS,REAREND,TOT,0.030808588033630808,1.2209668291336673,0.112,-0.08421524752794961
seg,LU_SCHOOLS,REAREND,KAB,0.03216073634929694,1.3010924712882026,0.106,-0.026312903167920933
seg,LU_SCHOOLS,REAREND,KSI,0.005429664443978129,0.27300021293991666,0.39,0.005828464332568009
seg,LU_SCHOOLS,SIDESWIPE,TOT,0.08801174887530795,3.3205210228023696,0.004,-0.05667732010021996
seg,LU_SCHOOLS,SIDESWIPE,KAB,0.03314055968788443,1.2505618791974056,0.114,0.11300589914689647
seg,LU_SCHOOLS,SIDESWIPE,KSI,0.0410788656977594,1.4858893022346822,0.078,0.034169831870511536
seg,LU_SCHOOLS,HEADON,TOT,0.08347017627831382,2.9643152634317715,0.002,0.003456658713768908
seg,LU_SCHOOLS,HEADON,KAB,-0.00447125400873094,-0.17792208424621364,0.44,-0.012767055679965517
seg,LU_SCHOOLS,HEADON,KSI,-0.0009132454106243757,-0.05045963102536989,0.496,-0.0006433761268223957
seg,LU_SCHOOLS,OFFROAD,TOT,0.08399042531494294,3.2589710906858604,0.002,0.11080063505396708
seg,LU_SCHOOLS,OFFROAD,KAB,0.04913139662793202,1.8031005108513931,0.046,0.10578019208396827
seg,LU_SCHOOLS,OFFROAD,KSI,0.00741900105726329,0.26033568630335513,0.384,0.11767793119702423
seg,LU_SCHOOLS,OFFROAD,FAT,0.027078019619141813,0.9810291672364575,0.156,0.08449052260771517
seg,LU_SCHOOLS,ROLLOVER,TOT,-0.01044606660242484,-0.35205428115816423,0.382,-0.061440586988822966
seg,LU_SCHOOLS,ROLLOVER,KAB,0.01416423818526316,0.5049556801372431,0.298,0.05448640989334187
seg,LU_SCHOOLS,SINGLE,TOT,0.07213158552273467,2.6584053651122668,0.004,0.1487313674064383
seg,LU_SCHOOLS,SINGLE,KAB,0.08885080932798387,3.411850617820787,0.002,0.13464231230911938
seg,LU_SCHOOLS,SINGLE,KSI,0.026033348945011647,1.094824033597604,0.134,0.0974716004209438
seg,LU_SCHOOLS,PED,TOT,0.11306601045114043,4.361526466192802,0.002,0.10786018233397736
seg,LU_SCHOOLS,PED,KAB,0.09348986452039879,3.617413815609174,0.002,0.08415872692682379
seg,LU_SCHOOLS,PED,KSI,0.12119474778569478,4.595372308221636,0.002,0.015930479144386774
seg,LU_SCHOOLS,PED,FAT,0.09941144433305933,3.839973357520107,0.002,0.07972511893544737
seg,LU_SCHOOLS,BIKE,TOT,0.06408276707430774,2.4016459693731607,0.012,0.08426590787725234
seg,LU_SCHOOLS,BIKE,KAB,0.016407278886945733,0.5701411122517467,0.258,0.007698866759642348
seg,LU_SCHOOLS,BIKE,KSI,-0.017463431529278914,-0.6204068765800482,0.274,0.036836982491766326
seg,LU_SCHOOLS,BIKE,FAT,0.03895841291900871,1.549256626934892,0.072,0.012993756934704679
seg,LU_SCHOOLS,ALCOHOL,TOT,0.07428810731584812,2.767254937408794,0.006,0.032251468007552186
seg,LU_SCHOOLS,ALCOHOL,KAB,0.06933990883893315,2.63774014408989,0.002,0.05934268624468036
seg,LU_SCHOOLS,ALCOHOL,KSI,0.044704258157697976,1.7014457678276322,0.056,0.014907205303545914
seg,LU_SCHOOLS,ALCOHOL,FAT,0.02630381889926141,0.9375365821160364,0.184,0.041045383770497705
seg,LU_HOSPITALS,ALL,TOT,0.031379772647362816,1.4574364888149514,0.066,-0.0034630326455040474
seg,LU_HOSPITALS,ALL,KAB,-0.0012332193825583667,-0.11243326804716129,0.458,-0.013554571704108955
seg,LU_HOSPITALS,ALL,KSI,0.008526188471419213,0.3665166295203011,0.366,-0.034184165634885105
seg,LU_HOSPITALS,ALL,FAT,0.0010600385989590882,0.04850728552889691,0.496,-0.03093036712713525
seg,LU_HOSPITALS,ANGLE,TOT,0.00896221988281144,0.4131062202503466,0.326,-0.056690235051675676
seg,LU_HOSPITALS,ANGLE,KAB,-0.023837923026949225,-1.0693534895354304,0.156,-0.06709287479191592
seg,LU_HOSPITALS,ANGLE,KSI,-0.014515938563514566,-0.748932000712355,0.224,-0.054815565302531545
seg,LU_HOSPITALS,LEFTTURN,TOT,0.014113893132299452,0.6625436386685069,0.252,0.004040925745075347
seg,LU_HOSPITALS,LEFTTURN,KAB,0.00012111457322719436,0.0005634946712785259,0.464,-0.031105981867004574
seg,LU_HOSPITALS,LEFTTURN,KSI,0.005826453999878232,0.19598854147721845,0.43,-0.03998322008497609
seg,LU_HOSPITALS,LEFTTURN,FAT,0.025945347319771887,1.1762845185176685,0.142,-0.04159985566706113
seg,LU_HOSPITALS,RIGHTTURN,TOT,0.0348680554638385,1.6047136135015048,0.078,0.0593889127875678
seg,LU_HOSPITALS,RIGHTTURN,KAB,-0.003313036797115877,-0.14118520678925892,0.5,0.01611975706814456
seg,LU_HOSPITALS,RIGHTTURN,KSI,-0.025885286426067664,-1.2772643425177816,0.058,-0.02518174193462974
seg,LU_HOSPITALS,REAREND,TOT,0.021017178174694354,1.0214158102047293,0.17,-0.05260921149048405
seg,LU_HOSPITALS,REAREND,KAB,0.005487168798262684,0.24709432962050454,0.402,-0.005868347435975703
seg,LU_HOSPITALS,REAREND,KSI,-0.00491534623707278,-0.20891450800361777,0.398,0.01071563028368909
seg,LU_HOSPITALS,SIDESWIPE,TOT,0.043468165083003975,2.052238208775567,0.028,-0.042195389816015706
seg,LU_HOSPITALS,SIDESWIPE,KAB,-0.0002773249339019653,-0.017612185187277397,0.49,-0.03942020599161318
seg,LU_HOSPITALS,SIDESWIPE,KSI,0.014174611648392552,0.5867581434176684,0.268,-0.04338945968561784
seg,LU_HOSPITALS,HEADON,TOT,-0.015427312813049512,-0.7001936189942707,0.26,0.036702262564353355
seg,LU_HOSPITALS,HEADON,KAB,-0.005542159530313577,-0.21159152337060375,0.458,0.0677232609990858
seg,LU_HOSPITALS,HEADON,KSI,0.0022999228224113957,0.1299038970428735,0.374,0.08566962486558737
seg,LU_HOSPITALS,OFFROAD,TOT,0.06377073926571639,3.0973384875813403,0.004,0.18154508855032886
seg,LU_HOSPITALS,OFFROAD,KAB,0.05199331965548706,2.5073351297764948,0.012,0.08342146329573731
seg,LU_HOSPITALS,OFFROAD,KSI,0.04234853954778774,2.042514855363569,0.024,0.08282882071013162
seg,LU_HOSPITALS,OFFROAD,FAT,0.004182132958988346,0.21734973836301244,0.404,-0.043717464813425554
seg,LU_HOSPITALS,ROLLOVER,TOT,-0.020737892790691364,-0.9103077828557179,0.17,0.004855730670310881
seg,LU_HOSPITALS,ROLLOVER,KAB,-0.010166776850673272,-0.5340611672552905,0.314,-0.032743806565064815
seg,LU_HOSPITALS,SINGLE,TOT,-0.019231649386195506,-0.9793158152241722,0.176,-0.041854222641410935
seg,LU_HOSPITALS,SINGLE,KAB,-0.012578292030910427,-0.6450846520553905,0.264,-0.07138195363923333
seg,LU_HOSPITALS,SINGLE,KSI,-0.014287502276634377,-0.7701796193992133,0.216,-0.0569981761540965
seg,LU_HOSPITALS,PED,TOT,0.009219896140599789,0.5081995931698079,0.296,0.07154514463297491
seg,LU_HOSPITALS,PED,KAB,0.010553048521477974,0.49996817670341137,0.31,0.03401083056635482
seg,LU_HOSPITALS,PED,KSI,0.03051005985710608,1.3831291392945089,0.096,-0.055771680644195014
seg,LU_HOSPITALS,PED,FAT,-0.01447890499191868,-0.6371943118760433,0.26,-0.05699230827144157
seg,LU_HOSPITALS,BIKE,TOT,-0.035164897371461744,-1.708006456171462,0.05,0.01231266529987171
seg,LU_HOSPITALS,BIKE,KAB,-0.04631505695599026,-2.2087567982244325,0.01,-0.08627538015290291
seg,LU_HOSPITALS,BIKE,KSI,-0.04930201984281754,-2.5960650009128545,0.002,-0.035036731833335014
seg,LU_HOSPITALS,BIKE,FAT,-0.03426330443158898,-1.629202439065652,0.022,0.04112407531177522
seg,LU_HOSPITALS,ALCOHOL,TOT,-0.006950491137249394,-0.3121732602161145,0.396,-0.00919089398818277
seg,LU_HOSPITALS,ALCOHOL,KAB,-0.014623467043205964,-0.7716274691981546,0.242,0.0308057435234578
seg,LU_HOSPITALS,ALCOHOL,KSI,-0.01658363275924855,-0.7614649407243443,0.22,0.12796567028278005
seg,LU_HOSPITALS,ALCOHOL,FAT,-0.00898334527996597,-0.48675476980920995,0.362,0.1679579277478024
seg,LU_INDUSTRIAL,ALL,TOT,-0.028404138408946768,-1.0246770007703967,0.156,-0.09543633994912842
seg,LU_INDUSTRIAL,ALL,KAB,-0.020644005811182663,-0.8007500940087279,0.202,-0.04059800866495902
seg,LU_INDUSTRIAL,ALL,KSI,-0.0034109424812328562,-0.12317054093300274,0.452,0.027329679178219924
seg,LU_INDUSTRIAL,ALL,FAT,-0.023868524673864123,-0.8531534863899167,0.198,0.05189168003251913
seg,LU_INDUSTRIAL,ANGLE,TOT,-0.018150799258632788,-0.667759121453402,0.256,-0.06364798591144978
seg,LU_INDUSTRIAL,ANGLE,KAB,-0.012824716100387783,-0.47050725980514735,0.326,-0.04252002670606799
seg,LU_INDUSTRIAL,ANGLE,KSI,0.016801827109186068,0.5996053837034538,0.28,0.03504655240805194
seg,LU_INDUSTRIAL,LEFTTURN,TOT,-0.04905348706919766,-1.8856081183422149,0.028,-0.06540903936824206
seg,LU_INDUSTRIAL,LEFTTURN,KAB,-0.06091821933352958,-2.558267471018589,0.008,-0.03243244170503968
seg,LU_INDUSTRIAL,LEFTTURN,KSI,-0.041890870919231604,-1.6143494634434625,0.056,0.03844820338123516
seg,LU_INDUSTRIAL,LEFTTURN,FAT,-0.024940015216360627,-0.9129334063524694,0.182,0.07638168766292897
seg,LU_INDUSTRIAL,RIGHTTURN,TOT,-0.028127971531454916,-1.0552485913718448,0.14,-0.08184297767690224
seg,LU_INDUSTRIAL,RIGHTTURN,KAB,-0.02777938621440613,-0.9916189669974363,0.166,-0.026152536901061195
seg,LU_INDUSTRIAL,RIGHTTURN,KSI,-0.03449169467485251,-1.2429428539946568,0.084,-0.009223289945423352
seg,LU_INDUSTRIAL,REAREND,TOT,-0.027598278722306864,-1.1344884965232804,0.138,-0.11413233409192185
seg,LU_INDUSTRIAL,REAREND,KAB,-0.026723688742236587,-0.9582475479337235,0.166,-0.07112389280671813
seg,LU_INDUSTRIAL,REAREND,KSI,-0.020078627757757025,-0.7366312171852175,0.258,-0.0597208390964294
seg,LU_INDUSTRIAL,SIDESWIPE,TOT,-0.012102224507917767,-0.4438759641855597,0.326,-0.11303977172951836
seg,LU_INDUSTRIAL,SIDESWIPE,KAB,-0.025529606189235065,-0.9731815367342955,0.15,-0.021309142452514595
seg,LU_INDUSTRIAL,SIDESWIPE,KSI,-0.05280444727159273,-2.041775845846998,0.022,-0.00046820637629978304
seg,LU_INDUSTRIAL,HEADON,TOT,-0.017831195805518223,-0.7554774251507944,0.224,-0.05406748365969006
seg,LU_INDUSTRIAL,HEADON,KAB,-0.026330238646568527,-0.9431586944669286,0.172,-0.040325096653961376
seg,LU_INDUSTRIAL,HEADON,KSI,-0.00708422962997065,-0.26854487193814486,0.416,0.0030941580720388003
seg,LU_INDUSTRIAL,OFFROAD,TOT,0.02351247945107022,0.8788387569411638,0.182,0.06919668441163906
seg,LU_INDUSTRIAL,OFFROAD,KAB,-0.004074526009078152,-0.11627144563880404,0.448,0.05797258076124871
seg,LU_INDUSTRIAL,OFFROAD,KSI,0.010200620120432656,0.32307585535658845,0.358,0.04283301665418698
seg,LU_INDUSTRIAL,OFFROAD,FAT,-0.04297276701019533,-1.5220963052837058,0.064,-0.014123569042832169
seg,LU_INDUSTRIAL,ROLLOVER,TOT,-0.04388593981881906,-1.5472933677507192,0.066,-0.0004541116958865995
seg,LU_INDUSTRIAL,ROLLOVER,KAB,-0.04198880544260381,-1.5439162424015835,0.06,0.06069195725544838
seg,LU_INDUSTRIAL,SINGLE,TOT,0.015656464419465277,0.574390199215089,0.282,-0.03448817837217974
seg,LU_INDUSTRIAL,SINGLE,KAB,0.024280978718819752,0.9878546697125985,0.182,-0.09282285059433061
seg,LU_INDUSTRIAL,SINGLE,KSI,0.05527477857489017,2.0548839580398357,0.028,-0.052965755557725556
seg,LU_INDUSTRIAL,PED,TOT,0.013379099562950492,0.49672892256563056,0.318,-0.01152581864869644
seg,LU_INDUSTRIAL,PED,KAB,0.003373376417621656,0.08103845253215311,0.434,-0.010434901772950667
seg,LU_INDUSTRIAL,PED,KSI,0.0064891687779299115,0.2653110197402931,0.398,-0.01297520032438718
seg,LU_INDUSTRIAL,PED,FAT,-0.01022818370497764,-0.329480894020292,0.386,-0.003327639657590605
seg,LU_INDUSTRIAL,BIKE,TOT,0.0020816341521284905,0.05019115725633778,0.464,0.01960545709748227
seg,LU_INDUSTRIAL,BIKE,KAB,-0.016643541167942488,-0.5584014566996637,0.284,0.03808721205507717
seg,LU_INDUSTRIAL,BIKE,KSI,-0.01579564458450314,-0.6566916599861666,0.248,0.1313755355654806
seg,LU_INDUSTRIAL,BIKE,FAT,-0.011377099769577645,-0.4853674480377554,0.332,0.11567040011116518
seg,LU_INDUSTRIAL,ALCOHOL,TOT,0.026868088218873636,0.9812570528843444,0.17,-0.013528158626144671
seg,LU_INDUSTRIAL,ALCOHOL,KAB,-0.028965403436569396,-1.128373521928428,0.134,-0.012773969022486318
seg,LU_INDUSTRIAL,ALCOHOL,KSI,-0.06775326558529202,-2.3617199871657815,0.016,0.04803936817508648
seg,LU_INDUSTRIAL,ALCOHOL,FAT,-0.027684018217695887,-0.9953985125526238,0.162,0.07744775502868467
